Country Name,Country ISO3,Year,Indicator Name,Indicator Code,Value
#country+name,#country+code,#date+year,#indicator+name,#indicator+code,#indicator+value+num
Czech Republic,CZE,2019,Firms with female top manager (% of firms),IC.FRM.FEMM.ZS,16.1
Czech Republic,CZE,2013,Firms with female top manager (% of firms),IC.FRM.FEMM.ZS,11.3
Czech Republic,CZE,2009,Firms with female top manager (% of firms),IC.FRM.FEMM.ZS,18.4
Czech Republic,CZE,2019,Firms with female participation in ownership (% of firms),IC.FRM.FEMO.ZS,29.9
Czech Republic,CZE,2013,Firms with female participation in ownership (% of firms),IC.FRM.FEMO.ZS,30.4
Czech Republic,CZE,2009,Firms with female participation in ownership (% of firms),IC.FRM.FEMO.ZS,25
Czech Republic,CZE,2005,Firms with female participation in ownership (% of firms),IC.FRM.FEMO.ZS,17.8
Czech Republic,CZE,2019,"School enrollment, primary (gross), gender parity index (GPI)",SE.ENR.PRIM.FM.ZS,1.00461995601654
Czech Republic,CZE,2018,"School enrollment, primary (gross), gender parity index (GPI)",SE.ENR.PRIM.FM.ZS,1.00601994991302
Czech Republic,CZE,2017,"School enrollment, primary (gross), gender parity index (GPI)",SE.ENR.PRIM.FM.ZS,1.00559997558594
Czech Republic,CZE,2016,"School enrollment, primary (gross), gender parity index (GPI)",SE.ENR.PRIM.FM.ZS,1.00551998615265
Czech Republic,CZE,2015,"School enrollment, primary (gross), gender parity index (GPI)",SE.ENR.PRIM.FM.ZS,1.0035799741745
Czech Republic,CZE,2014,"School enrollment, primary (gross), gender parity index (GPI)",SE.ENR.PRIM.FM.ZS,1.0001699924469
Czech Republic,CZE,2013,"School enrollment, primary (gross), gender parity index (GPI)",SE.ENR.PRIM.FM.ZS,1.00066995620728
Czech Republic,CZE,2012,"School enrollment, primary (gross), gender parity index (GPI)",SE.ENR.PRIM.FM.ZS,0.999080002307892
Czech Republic,CZE,2011,"School enrollment, primary (gross), gender parity index (GPI)",SE.ENR.PRIM.FM.ZS,0.994490027427673
Czech Republic,CZE,2010,"School enrollment, primary (gross), gender parity index (GPI)",SE.ENR.PRIM.FM.ZS,0.995999991893768
Czech Republic,CZE,2009,"School enrollment, primary (gross), gender parity index (GPI)",SE.ENR.PRIM.FM.ZS,0.99550998210907
Czech Republic,CZE,2008,"School enrollment, primary (gross), gender parity index (GPI)",SE.ENR.PRIM.FM.ZS,0.99278998374939
Czech Republic,CZE,2007,"School enrollment, primary (gross), gender parity index (GPI)",SE.ENR.PRIM.FM.ZS,0.992519974708557
Czech Republic,CZE,2006,"School enrollment, primary (gross), gender parity index (GPI)",SE.ENR.PRIM.FM.ZS,0.992070019245148
Czech Republic,CZE,2005,"School enrollment, primary (gross), gender parity index (GPI)",SE.ENR.PRIM.FM.ZS,0.985809981822968
Czech Republic,CZE,2004,"School enrollment, primary (gross), gender parity index (GPI)",SE.ENR.PRIM.FM.ZS,0.986199975013733
Czech Republic,CZE,2003,"School enrollment, primary (gross), gender parity index (GPI)",SE.ENR.PRIM.FM.ZS,0.984189987182617
Czech Republic,CZE,2002,"School enrollment, primary (gross), gender parity index (GPI)",SE.ENR.PRIM.FM.ZS,0.987299978733063
Czech Republic,CZE,2001,"School enrollment, primary (gross), gender parity index (GPI)",SE.ENR.PRIM.FM.ZS,0.990970015525818
Czech Republic,CZE,2000,"School enrollment, primary (gross), gender parity index (GPI)",SE.ENR.PRIM.FM.ZS,0.995630025863647
Czech Republic,CZE,1999,"School enrollment, primary (gross), gender parity index (GPI)",SE.ENR.PRIM.FM.ZS,0.993179976940155
Czech Republic,CZE,1998,"School enrollment, primary (gross), gender parity index (GPI)",SE.ENR.PRIM.FM.ZS,0.998120009899139
Czech Republic,CZE,1997,"School enrollment, primary (gross), gender parity index (GPI)",SE.ENR.PRIM.FM.ZS,0.999620020389557
Czech Republic,CZE,1996,"School enrollment, primary (gross), gender parity index (GPI)",SE.ENR.PRIM.FM.ZS,0.992150008678436
Czech Republic,CZE,1995,"School enrollment, primary (gross), gender parity index (GPI)",SE.ENR.PRIM.FM.ZS,0.998969972133636
Czech Republic,CZE,1994,"School enrollment, primary (gross), gender parity index (GPI)",SE.ENR.PRIM.FM.ZS,1.00281000137329
Czech Republic,CZE,1993,"School enrollment, primary (gross), gender parity index (GPI)",SE.ENR.PRIM.FM.ZS,1.01095998287201
Czech Republic,CZE,1992,"School enrollment, primary (gross), gender parity index (GPI)",SE.ENR.PRIM.FM.ZS,1.16701996326447
Czech Republic,CZE,1991,"School enrollment, primary (gross), gender parity index (GPI)",SE.ENR.PRIM.FM.ZS,1.00603997707367
Czech Republic,CZE,1990,"School enrollment, primary (gross), gender parity index (GPI)",SE.ENR.PRIM.FM.ZS,1.00349998474121
Czech Republic,CZE,1989,"School enrollment, primary (gross), gender parity index (GPI)",SE.ENR.PRIM.FM.ZS,1.00484001636505
Czech Republic,CZE,1988,"School enrollment, primary (gross), gender parity index (GPI)",SE.ENR.PRIM.FM.ZS,0.970340013504028
Czech Republic,CZE,1987,"School enrollment, primary (gross), gender parity index (GPI)",SE.ENR.PRIM.FM.ZS,0.970359981060028
Czech Republic,CZE,1986,"School enrollment, primary (gross), gender parity index (GPI)",SE.ENR.PRIM.FM.ZS,0.970130026340485
Czech Republic,CZE,1985,"School enrollment, primary (gross), gender parity index (GPI)",SE.ENR.PRIM.FM.ZS,0.970080018043518
Czech Republic,CZE,1984,"School enrollment, primary (gross), gender parity index (GPI)",SE.ENR.PRIM.FM.ZS,0.969900012016296
Czech Republic,CZE,1983,"School enrollment, primary (gross), gender parity index (GPI)",SE.ENR.PRIM.FM.ZS,1.00929999351501
Czech Republic,CZE,1982,"School enrollment, primary (gross), gender parity index (GPI)",SE.ENR.PRIM.FM.ZS,1.00916004180908
Czech Republic,CZE,1981,"School enrollment, primary (gross), gender parity index (GPI)",SE.ENR.PRIM.FM.ZS,1.00907003879547
Czech Republic,CZE,1979,"School enrollment, primary (gross), gender parity index (GPI)",SE.ENR.PRIM.FM.ZS,1.00847005844116
Czech Republic,CZE,1978,"School enrollment, primary (gross), gender parity index (GPI)",SE.ENR.PRIM.FM.ZS,1.00820004940033
Czech Republic,CZE,1977,"School enrollment, primary (gross), gender parity index (GPI)",SE.ENR.PRIM.FM.ZS,1.00805997848511
Czech Republic,CZE,1976,"School enrollment, primary (gross), gender parity index (GPI)",SE.ENR.PRIM.FM.ZS,1.00814998149872
Czech Republic,CZE,1975,"School enrollment, primary (gross), gender parity index (GPI)",SE.ENR.PRIM.FM.ZS,1.00756001472473
Czech Republic,CZE,1974,"School enrollment, primary (gross), gender parity index (GPI)",SE.ENR.PRIM.FM.ZS,1.00703001022339
Czech Republic,CZE,1973,"School enrollment, primary (gross), gender parity index (GPI)",SE.ENR.PRIM.FM.ZS,1.0068199634552
Czech Republic,CZE,1972,"School enrollment, primary (gross), gender parity index (GPI)",SE.ENR.PRIM.FM.ZS,1.00718998908997
Czech Republic,CZE,1971,"School enrollment, primary (gross), gender parity index (GPI)",SE.ENR.PRIM.FM.ZS,1.00824999809265
Czech Republic,CZE,2019,"School enrollment, primary and secondary (gross), gender parity index (GPI)",SE.ENR.PRSC.FM.ZS,1.00761997699738
Czech Republic,CZE,2018,"School enrollment, primary and secondary (gross), gender parity index (GPI)",SE.ENR.PRSC.FM.ZS,1.00498998165131
Czech Republic,CZE,2017,"School enrollment, primary and secondary (gross), gender parity index (GPI)",SE.ENR.PRSC.FM.ZS,1.00648999214172
Czech Republic,CZE,2016,"School enrollment, primary and secondary (gross), gender parity index (GPI)",SE.ENR.PRSC.FM.ZS,1.00721001625061
Czech Republic,CZE,2015,"School enrollment, primary and secondary (gross), gender parity index (GPI)",SE.ENR.PRSC.FM.ZS,1.00706005096436
Czech Republic,CZE,2014,"School enrollment, primary and secondary (gross), gender parity index (GPI)",SE.ENR.PRSC.FM.ZS,1.00285995006561
Czech Republic,CZE,2013,"School enrollment, primary and secondary (gross), gender parity index (GPI)",SE.ENR.PRSC.FM.ZS,1.00463998317719
Czech Republic,CZE,2012,"School enrollment, primary and secondary (gross), gender parity index (GPI)",SE.ENR.PRSC.FM.ZS,1.00086998939514
Czech Republic,CZE,2011,"School enrollment, primary and secondary (gross), gender parity index (GPI)",SE.ENR.PRSC.FM.ZS,0.999260008335114
Czech Republic,CZE,2010,"School enrollment, primary and secondary (gross), gender parity index (GPI)",SE.ENR.PRSC.FM.ZS,1.00234997272491
Czech Republic,CZE,2009,"School enrollment, primary and secondary (gross), gender parity index (GPI)",SE.ENR.PRSC.FM.ZS,1.00645995140076
Czech Republic,CZE,2008,"School enrollment, primary and secondary (gross), gender parity index (GPI)",SE.ENR.PRSC.FM.ZS,1.00634002685547
Czech Republic,CZE,2007,"School enrollment, primary and secondary (gross), gender parity index (GPI)",SE.ENR.PRSC.FM.ZS,1.00705003738403
Czech Republic,CZE,2006,"School enrollment, primary and secondary (gross), gender parity index (GPI)",SE.ENR.PRSC.FM.ZS,1.00880002975464
Czech Republic,CZE,2005,"School enrollment, primary and secondary (gross), gender parity index (GPI)",SE.ENR.PRSC.FM.ZS,1.00723004341125
Czech Republic,CZE,2004,"School enrollment, primary and secondary (gross), gender parity index (GPI)",SE.ENR.PRSC.FM.ZS,1.00547003746033
Czech Republic,CZE,2003,"School enrollment, primary and secondary (gross), gender parity index (GPI)",SE.ENR.PRSC.FM.ZS,1.01259994506836
Czech Republic,CZE,2002,"School enrollment, primary and secondary (gross), gender parity index (GPI)",SE.ENR.PRSC.FM.ZS,1.01429998874664
Czech Republic,CZE,2001,"School enrollment, primary and secondary (gross), gender parity index (GPI)",SE.ENR.PRSC.FM.ZS,1.01726996898651
Czech Republic,CZE,2000,"School enrollment, primary and secondary (gross), gender parity index (GPI)",SE.ENR.PRSC.FM.ZS,1.01072001457214
Czech Republic,CZE,1999,"School enrollment, primary and secondary (gross), gender parity index (GPI)",SE.ENR.PRSC.FM.ZS,1.02321994304657
Czech Republic,CZE,1998,"School enrollment, primary and secondary (gross), gender parity index (GPI)",SE.ENR.PRSC.FM.ZS,1.0283499956131
Czech Republic,CZE,1997,"School enrollment, primary and secondary (gross), gender parity index (GPI)",SE.ENR.PRSC.FM.ZS,1.02149999141693
Czech Republic,CZE,1996,"School enrollment, primary and secondary (gross), gender parity index (GPI)",SE.ENR.PRSC.FM.ZS,1.0215699672699
Czech Republic,CZE,1995,"School enrollment, primary and secondary (gross), gender parity index (GPI)",SE.ENR.PRSC.FM.ZS,1.02107000350952
Czech Republic,CZE,1994,"School enrollment, primary and secondary (gross), gender parity index (GPI)",SE.ENR.PRSC.FM.ZS,1.00961995124817
Czech Republic,CZE,1993,"School enrollment, primary and secondary (gross), gender parity index (GPI)",SE.ENR.PRSC.FM.ZS,1.05032002925873
Czech Republic,CZE,1992,"School enrollment, primary and secondary (gross), gender parity index (GPI)",SE.ENR.PRSC.FM.ZS,1.07976996898651
Czech Republic,CZE,1991,"School enrollment, primary and secondary (gross), gender parity index (GPI)",SE.ENR.PRSC.FM.ZS,0.981480002403259
Czech Republic,CZE,1990,"School enrollment, primary and secondary (gross), gender parity index (GPI)",SE.ENR.PRSC.FM.ZS,0.941680014133453
Czech Republic,CZE,1989,"School enrollment, primary and secondary (gross), gender parity index (GPI)",SE.ENR.PRSC.FM.ZS,0.965160012245178
Czech Republic,CZE,1988,"School enrollment, primary and secondary (gross), gender parity index (GPI)",SE.ENR.PRSC.FM.ZS,1.1045800447464
Czech Republic,CZE,1987,"School enrollment, primary and secondary (gross), gender parity index (GPI)",SE.ENR.PRSC.FM.ZS,1.10223996639252
Czech Republic,CZE,1986,"School enrollment, primary and secondary (gross), gender parity index (GPI)",SE.ENR.PRSC.FM.ZS,1.02705001831055
Czech Republic,CZE,1985,"School enrollment, primary and secondary (gross), gender parity index (GPI)",SE.ENR.PRSC.FM.ZS,1.02763998508453
Czech Republic,CZE,1984,"School enrollment, primary and secondary (gross), gender parity index (GPI)",SE.ENR.PRSC.FM.ZS,1.02847003936768
Czech Republic,CZE,1983,"School enrollment, primary and secondary (gross), gender parity index (GPI)",SE.ENR.PRSC.FM.ZS,1.04663002490997
Czech Republic,CZE,1982,"School enrollment, primary and secondary (gross), gender parity index (GPI)",SE.ENR.PRSC.FM.ZS,1.04683005809784
Czech Republic,CZE,1979,"School enrollment, primary and secondary (gross), gender parity index (GPI)",SE.ENR.PRSC.FM.ZS,1.03155994415283
Czech Republic,CZE,1978,"School enrollment, primary and secondary (gross), gender parity index (GPI)",SE.ENR.PRSC.FM.ZS,1.03061997890472
Czech Republic,CZE,1977,"School enrollment, primary and secondary (gross), gender parity index (GPI)",SE.ENR.PRSC.FM.ZS,1.03042995929718
Czech Republic,CZE,1976,"School enrollment, primary and secondary (gross), gender parity index (GPI)",SE.ENR.PRSC.FM.ZS,1.0306099653244
Czech Republic,CZE,1975,"School enrollment, primary and secondary (gross), gender parity index (GPI)",SE.ENR.PRSC.FM.ZS,1.03024005889893
Czech Republic,CZE,1974,"School enrollment, primary and secondary (gross), gender parity index (GPI)",SE.ENR.PRSC.FM.ZS,1.03006994724274
Czech Republic,CZE,1973,"School enrollment, primary and secondary (gross), gender parity index (GPI)",SE.ENR.PRSC.FM.ZS,1.02983999252319
Czech Republic,CZE,1972,"School enrollment, primary and secondary (gross), gender parity index (GPI)",SE.ENR.PRSC.FM.ZS,1.02989995479584
Czech Republic,CZE,1971,"School enrollment, primary and secondary (gross), gender parity index (GPI)",SE.ENR.PRSC.FM.ZS,1.03027999401093
Czech Republic,CZE,2019,"School enrollment, secondary (gross), gender parity index (GPI)",SE.ENR.SECO.FM.ZS,1.00978004932404
Czech Republic,CZE,2018,"School enrollment, secondary (gross), gender parity index (GPI)",SE.ENR.SECO.FM.ZS,1.00420999526978
Czech Republic,CZE,2017,"School enrollment, secondary (gross), gender parity index (GPI)",SE.ENR.SECO.FM.ZS,1.00715005397797
Czech Republic,CZE,2016,"School enrollment, secondary (gross), gender parity index (GPI)",SE.ENR.SECO.FM.ZS,1.00845003128052
Czech Republic,CZE,2015,"School enrollment, secondary (gross), gender parity index (GPI)",SE.ENR.SECO.FM.ZS,1.00950002670288
Czech Republic,CZE,2014,"School enrollment, secondary (gross), gender parity index (GPI)",SE.ENR.SECO.FM.ZS,1.00463998317719
Czech Republic,CZE,2013,"School enrollment, secondary (gross), gender parity index (GPI)",SE.ENR.SECO.FM.ZS,1.00707995891571
Czech Republic,CZE,2012,"School enrollment, secondary (gross), gender parity index (GPI)",SE.ENR.SECO.FM.ZS,1.00197005271912
Czech Republic,CZE,2011,"School enrollment, secondary (gross), gender parity index (GPI)",SE.ENR.SECO.FM.ZS,1.00206995010376
Czech Republic,CZE,2010,"School enrollment, secondary (gross), gender parity index (GPI)",SE.ENR.SECO.FM.ZS,1.00594997406006
Czech Republic,CZE,2009,"School enrollment, secondary (gross), gender parity index (GPI)",SE.ENR.SECO.FM.ZS,1.01242995262146
Czech Republic,CZE,2008,"School enrollment, secondary (gross), gender parity index (GPI)",SE.ENR.SECO.FM.ZS,1.01339995861053
Czech Republic,CZE,2007,"School enrollment, secondary (gross), gender parity index (GPI)",SE.ENR.SECO.FM.ZS,1.01436996459961
Czech Republic,CZE,2006,"School enrollment, secondary (gross), gender parity index (GPI)",SE.ENR.SECO.FM.ZS,1.01713001728058
Czech Republic,CZE,2005,"School enrollment, secondary (gross), gender parity index (GPI)",SE.ENR.SECO.FM.ZS,1.01847994327545
Czech Republic,CZE,2004,"School enrollment, secondary (gross), gender parity index (GPI)",SE.ENR.SECO.FM.ZS,1.01613998413086
Czech Republic,CZE,2003,"School enrollment, secondary (gross), gender parity index (GPI)",SE.ENR.SECO.FM.ZS,1.02906000614166
Czech Republic,CZE,2002,"School enrollment, secondary (gross), gender parity index (GPI)",SE.ENR.SECO.FM.ZS,1.03104996681213
Czech Republic,CZE,2001,"School enrollment, secondary (gross), gender parity index (GPI)",SE.ENR.SECO.FM.ZS,1.03424000740051
Czech Republic,CZE,2000,"School enrollment, secondary (gross), gender parity index (GPI)",SE.ENR.SECO.FM.ZS,1.02119994163513
Czech Republic,CZE,1999,"School enrollment, secondary (gross), gender parity index (GPI)",SE.ENR.SECO.FM.ZS,1.04525005817413
Czech Republic,CZE,1998,"School enrollment, secondary (gross), gender parity index (GPI)",SE.ENR.SECO.FM.ZS,1.05016005039215
Czech Republic,CZE,1997,"School enrollment, secondary (gross), gender parity index (GPI)",SE.ENR.SECO.FM.ZS,1.03545999526978
Czech Republic,CZE,1996,"School enrollment, secondary (gross), gender parity index (GPI)",SE.ENR.SECO.FM.ZS,1.0353000164032
Czech Republic,CZE,1995,"School enrollment, secondary (gross), gender parity index (GPI)",SE.ENR.SECO.FM.ZS,1.03132998943329
Czech Republic,CZE,1994,"School enrollment, secondary (gross), gender parity index (GPI)",SE.ENR.SECO.FM.ZS,1.01288998126984
Czech Republic,CZE,1993,"School enrollment, secondary (gross), gender parity index (GPI)",SE.ENR.SECO.FM.ZS,1.06833004951477
Czech Republic,CZE,1992,"School enrollment, secondary (gross), gender parity index (GPI)",SE.ENR.SECO.FM.ZS,1.04304003715515
Czech Republic,CZE,1991,"School enrollment, secondary (gross), gender parity index (GPI)",SE.ENR.SECO.FM.ZS,0.971149981021881
Czech Republic,CZE,1990,"School enrollment, secondary (gross), gender parity index (GPI)",SE.ENR.SECO.FM.ZS,0.915650010108948
Czech Republic,CZE,1989,"School enrollment, secondary (gross), gender parity index (GPI)",SE.ENR.SECO.FM.ZS,0.94717001914978
Czech Republic,CZE,1988,"School enrollment, secondary (gross), gender parity index (GPI)",SE.ENR.SECO.FM.ZS,1.18043005466461
Czech Republic,CZE,1987,"School enrollment, secondary (gross), gender parity index (GPI)",SE.ENR.SECO.FM.ZS,1.18163001537323
Czech Republic,CZE,1986,"School enrollment, secondary (gross), gender parity index (GPI)",SE.ENR.SECO.FM.ZS,1.06268000602722
Czech Republic,CZE,1985,"School enrollment, secondary (gross), gender parity index (GPI)",SE.ENR.SECO.FM.ZS,1.06514000892639
Czech Republic,CZE,1984,"School enrollment, secondary (gross), gender parity index (GPI)",SE.ENR.SECO.FM.ZS,1.0681300163269
Czech Republic,CZE,1983,"School enrollment, secondary (gross), gender parity index (GPI)",SE.ENR.SECO.FM.ZS,1.07071995735168
Czech Republic,CZE,1982,"School enrollment, secondary (gross), gender parity index (GPI)",SE.ENR.SECO.FM.ZS,1.06985998153687
Czech Republic,CZE,1980,"School enrollment, secondary (gross), gender parity index (GPI)",SE.ENR.SECO.FM.ZS,1.05069005489349
Czech Republic,CZE,1979,"School enrollment, secondary (gross), gender parity index (GPI)",SE.ENR.SECO.FM.ZS,1.04785001277924
Czech Republic,CZE,1978,"School enrollment, secondary (gross), gender parity index (GPI)",SE.ENR.SECO.FM.ZS,1.04618000984192
Czech Republic,CZE,1977,"School enrollment, secondary (gross), gender parity index (GPI)",SE.ENR.SECO.FM.ZS,1.04588997364044
Czech Republic,CZE,1976,"School enrollment, secondary (gross), gender parity index (GPI)",SE.ENR.SECO.FM.ZS,1.04655003547668
Czech Republic,CZE,1975,"School enrollment, secondary (gross), gender parity index (GPI)",SE.ENR.SECO.FM.ZS,1.04707002639771
Czech Republic,CZE,1974,"School enrollment, secondary (gross), gender parity index (GPI)",SE.ENR.SECO.FM.ZS,1.04745995998383
Czech Republic,CZE,1973,"School enrollment, secondary (gross), gender parity index (GPI)",SE.ENR.SECO.FM.ZS,1.04685997962952
Czech Republic,CZE,1972,"School enrollment, secondary (gross), gender parity index (GPI)",SE.ENR.SECO.FM.ZS,1.04611003398895
Czech Republic,CZE,1971,"School enrollment, secondary (gross), gender parity index (GPI)",SE.ENR.SECO.FM.ZS,1.04531002044678
Czech Republic,CZE,2019,"School enrollment, tertiary (gross), gender parity index (GPI)",SE.ENR.TERT.FM.ZS,1.28033995628357
Czech Republic,CZE,2018,"School enrollment, tertiary (gross), gender parity index (GPI)",SE.ENR.TERT.FM.ZS,1.28218996524811
Czech Republic,CZE,2017,"School enrollment, tertiary (gross), gender parity index (GPI)",SE.ENR.TERT.FM.ZS,1.29075002670288
Czech Republic,CZE,2016,"School enrollment, tertiary (gross), gender parity index (GPI)",SE.ENR.TERT.FM.ZS,1.28910994529724
Czech Republic,CZE,2015,"School enrollment, tertiary (gross), gender parity index (GPI)",SE.ENR.TERT.FM.ZS,1.28910005092621
Czech Republic,CZE,2014,"School enrollment, tertiary (gross), gender parity index (GPI)",SE.ENR.TERT.FM.ZS,1.28648996353149
Czech Republic,CZE,2013,"School enrollment, tertiary (gross), gender parity index (GPI)",SE.ENR.TERT.FM.ZS,1.29642999172211
Czech Republic,CZE,2012,"School enrollment, tertiary (gross), gender parity index (GPI)",SE.ENR.TERT.FM.ZS,1.29385995864868
Czech Republic,CZE,2011,"School enrollment, tertiary (gross), gender parity index (GPI)",SE.ENR.TERT.FM.ZS,1.29422998428345
Czech Republic,CZE,2010,"School enrollment, tertiary (gross), gender parity index (GPI)",SE.ENR.TERT.FM.ZS,1.28382003307343
Czech Republic,CZE,2009,"School enrollment, tertiary (gross), gender parity index (GPI)",SE.ENR.TERT.FM.ZS,1.27279996871948
Czech Republic,CZE,2008,"School enrollment, tertiary (gross), gender parity index (GPI)",SE.ENR.TERT.FM.ZS,1.23967003822327
Czech Republic,CZE,2007,"School enrollment, tertiary (gross), gender parity index (GPI)",SE.ENR.TERT.FM.ZS,1.21131002902985
Czech Republic,CZE,2006,"School enrollment, tertiary (gross), gender parity index (GPI)",SE.ENR.TERT.FM.ZS,1.17993998527527
Czech Republic,CZE,2005,"School enrollment, tertiary (gross), gender parity index (GPI)",SE.ENR.TERT.FM.ZS,1.1384299993515
Czech Republic,CZE,2004,"School enrollment, tertiary (gross), gender parity index (GPI)",SE.ENR.TERT.FM.ZS,1.08970999717712
Czech Republic,CZE,2003,"School enrollment, tertiary (gross), gender parity index (GPI)",SE.ENR.TERT.FM.ZS,1.06939005851746
Czech Republic,CZE,2002,"School enrollment, tertiary (gross), gender parity index (GPI)",SE.ENR.TERT.FM.ZS,1.09037005901337
Czech Republic,CZE,2001,"School enrollment, tertiary (gross), gender parity index (GPI)",SE.ENR.TERT.FM.ZS,1.04862999916077
Czech Republic,CZE,2000,"School enrollment, tertiary (gross), gender parity index (GPI)",SE.ENR.TERT.FM.ZS,1.03579998016357
Czech Republic,CZE,1999,"School enrollment, tertiary (gross), gender parity index (GPI)",SE.ENR.TERT.FM.ZS,1.03334999084473
Czech Republic,CZE,1998,"School enrollment, tertiary (gross), gender parity index (GPI)",SE.ENR.TERT.FM.ZS,0.969739973545074
Czech Republic,CZE,1997,"School enrollment, tertiary (gross), gender parity index (GPI)",SE.ENR.TERT.FM.ZS,0.979460000991821
Czech Republic,CZE,1996,"School enrollment, tertiary (gross), gender parity index (GPI)",SE.ENR.TERT.FM.ZS,0.918349981307983
Czech Republic,CZE,1995,"School enrollment, tertiary (gross), gender parity index (GPI)",SE.ENR.TERT.FM.ZS,0.961160004138947
Czech Republic,CZE,1994,"School enrollment, tertiary (gross), gender parity index (GPI)",SE.ENR.TERT.FM.ZS,0.965740025043488
Czech Republic,CZE,1993,"School enrollment, tertiary (gross), gender parity index (GPI)",SE.ENR.TERT.FM.ZS,0.8264399766922
Czech Republic,CZE,1992,"School enrollment, tertiary (gross), gender parity index (GPI)",SE.ENR.TERT.FM.ZS,0.825739979743958
Czech Republic,CZE,1991,"School enrollment, tertiary (gross), gender parity index (GPI)",SE.ENR.TERT.FM.ZS,0.809509992599487
Czech Republic,CZE,1990,"School enrollment, tertiary (gross), gender parity index (GPI)",SE.ENR.TERT.FM.ZS,0.786979973316193
Czech Republic,CZE,1989,"School enrollment, tertiary (gross), gender parity index (GPI)",SE.ENR.TERT.FM.ZS,0.79993999004364
Czech Republic,CZE,1988,"School enrollment, tertiary (gross), gender parity index (GPI)",SE.ENR.TERT.FM.ZS,0.764410018920898
Czech Republic,CZE,1987,"School enrollment, tertiary (gross), gender parity index (GPI)",SE.ENR.TERT.FM.ZS,0.751230001449585
Czech Republic,CZE,1986,"School enrollment, tertiary (gross), gender parity index (GPI)",SE.ENR.TERT.FM.ZS,0.755039989948273
Czech Republic,CZE,1985,"School enrollment, tertiary (gross), gender parity index (GPI)",SE.ENR.TERT.FM.ZS,0.743830025196075
Czech Republic,CZE,1984,"School enrollment, tertiary (gross), gender parity index (GPI)",SE.ENR.TERT.FM.ZS,0.753090023994446
Czech Republic,CZE,1983,"School enrollment, tertiary (gross), gender parity index (GPI)",SE.ENR.TERT.FM.ZS,0.745140016078949
Czech Republic,CZE,1982,"School enrollment, tertiary (gross), gender parity index (GPI)",SE.ENR.TERT.FM.ZS,0.721610009670258
Czech Republic,CZE,1981,"School enrollment, tertiary (gross), gender parity index (GPI)",SE.ENR.TERT.FM.ZS,0.707660019397736
Czech Republic,CZE,1980,"School enrollment, tertiary (gross), gender parity index (GPI)",SE.ENR.TERT.FM.ZS,0.688780009746552
Czech Republic,CZE,1979,"School enrollment, tertiary (gross), gender parity index (GPI)",SE.ENR.TERT.FM.ZS,0.67739999294281
Czech Republic,CZE,1978,"School enrollment, tertiary (gross), gender parity index (GPI)",SE.ENR.TERT.FM.ZS,0.677489995956421
Czech Republic,CZE,1977,"School enrollment, tertiary (gross), gender parity index (GPI)",SE.ENR.TERT.FM.ZS,0.677909970283508
Czech Republic,CZE,1976,"School enrollment, tertiary (gross), gender parity index (GPI)",SE.ENR.TERT.FM.ZS,0.654910027980804
Czech Republic,CZE,1975,"School enrollment, tertiary (gross), gender parity index (GPI)",SE.ENR.TERT.FM.ZS,0.640990018844604
Czech Republic,CZE,1974,"School enrollment, tertiary (gross), gender parity index (GPI)",SE.ENR.TERT.FM.ZS,0.616659998893738
Czech Republic,CZE,1973,"School enrollment, tertiary (gross), gender parity index (GPI)",SE.ENR.TERT.FM.ZS,0.595809996128082
Czech Republic,CZE,1972,"School enrollment, tertiary (gross), gender parity index (GPI)",SE.ENR.TERT.FM.ZS,0.576789975166321
Czech Republic,CZE,1971,"School enrollment, tertiary (gross), gender parity index (GPI)",SE.ENR.TERT.FM.ZS,0.582840025424957
Czech Republic,CZE,2019,"School enrollment, preprimary, female (% gross)",SE.PRE.ENRR.FE,111.77131652832
Czech Republic,CZE,2018,"School enrollment, preprimary, female (% gross)",SE.PRE.ENRR.FE,108.099960327148
Czech Republic,CZE,2017,"School enrollment, preprimary, female (% gross)",SE.PRE.ENRR.FE,104.731231689453
Czech Republic,CZE,2016,"School enrollment, preprimary, female (% gross)",SE.PRE.ENRR.FE,103.700691223145
Czech Republic,CZE,2015,"School enrollment, preprimary, female (% gross)",SE.PRE.ENRR.FE,103.655151367188
Czech Republic,CZE,2014,"School enrollment, preprimary, female (% gross)",SE.PRE.ENRR.FE,103.211418151855
Czech Republic,CZE,2013,"School enrollment, preprimary, female (% gross)",SE.PRE.ENRR.FE,102.975738525391
Czech Republic,CZE,2012,"School enrollment, preprimary, female (% gross)",SE.PRE.ENRR.FE,102.339088439941
Czech Republic,CZE,2011,"School enrollment, preprimary, female (% gross)",SE.PRE.ENRR.FE,102.049789428711
Czech Republic,CZE,2010,"School enrollment, preprimary, female (% gross)",SE.PRE.ENRR.FE,100.687561035156
Czech Republic,CZE,2009,"School enrollment, preprimary, female (% gross)",SE.PRE.ENRR.FE,100.016510009766
Czech Republic,CZE,2008,"School enrollment, preprimary, female (% gross)",SE.PRE.ENRR.FE,103.695098876953
Czech Republic,CZE,2007,"School enrollment, preprimary, female (% gross)",SE.PRE.ENRR.FE,108.240119934082
Czech Republic,CZE,2006,"School enrollment, preprimary, female (% gross)",SE.PRE.ENRR.FE,111.721870422363
Czech Republic,CZE,2005,"School enrollment, preprimary, female (% gross)",SE.PRE.ENRR.FE,114.432403564453
Czech Republic,CZE,2004,"School enrollment, preprimary, female (% gross)",SE.PRE.ENRR.FE,113.418632507324
Czech Republic,CZE,2003,"School enrollment, preprimary, female (% gross)",SE.PRE.ENRR.FE,106.53800201416
Czech Republic,CZE,2002,"School enrollment, preprimary, female (% gross)",SE.PRE.ENRR.FE,97.1854934692383
Czech Republic,CZE,2001,"School enrollment, preprimary, female (% gross)",SE.PRE.ENRR.FE,91.223991394043
Czech Republic,CZE,2000,"School enrollment, preprimary, female (% gross)",SE.PRE.ENRR.FE,90.2519836425781
Czech Republic,CZE,1999,"School enrollment, preprimary, female (% gross)",SE.PRE.ENRR.FE,93.1581802368164
Czech Republic,CZE,1998,"School enrollment, preprimary, female (% gross)",SE.PRE.ENRR.FE,88.005126953125
Czech Republic,CZE,1997,"School enrollment, preprimary, female (% gross)",SE.PRE.ENRR.FE,87.9489822387695
Czech Republic,CZE,1996,"School enrollment, preprimary, female (% gross)",SE.PRE.ENRR.FE,90.5739517211914
Czech Republic,CZE,1995,"School enrollment, preprimary, female (% gross)",SE.PRE.ENRR.FE,90.8410568237305
Czech Republic,CZE,1994,"School enrollment, preprimary, female (% gross)",SE.PRE.ENRR.FE,86.2397537231445
Czech Republic,CZE,1993,"School enrollment, preprimary, female (% gross)",SE.PRE.ENRR.FE,87.8151626586914
Czech Republic,CZE,1992,"School enrollment, preprimary, female (% gross)",SE.PRE.ENRR.FE,103.853637695313
Czech Republic,CZE,1991,"School enrollment, preprimary, female (% gross)",SE.PRE.ENRR.FE,95.1565933227539
Czech Republic,CZE,1990,"School enrollment, preprimary, female (% gross)",SE.PRE.ENRR.FE,109.361213684082
Czech Republic,CZE,1989,"School enrollment, preprimary, female (% gross)",SE.PRE.ENRR.FE,109.511627197266
Czech Republic,CZE,1988,"School enrollment, preprimary, female (% gross)",SE.PRE.ENRR.FE,101.127151489258
Czech Republic,CZE,1987,"School enrollment, preprimary, female (% gross)",SE.PRE.ENRR.FE,94.5065765380859
Czech Republic,CZE,1986,"School enrollment, preprimary, female (% gross)",SE.PRE.ENRR.FE,90.089241027832
Czech Republic,CZE,1985,"School enrollment, preprimary, female (% gross)",SE.PRE.ENRR.FE,90.2709579467773
Czech Republic,CZE,1984,"School enrollment, preprimary, female (% gross)",SE.PRE.ENRR.FE,90.309440612793
Czech Republic,CZE,1983,"School enrollment, preprimary, female (% gross)",SE.PRE.ENRR.FE,89.2841567993164
Czech Republic,CZE,1982,"School enrollment, preprimary, female (% gross)",SE.PRE.ENRR.FE,87.8659820556641
Czech Republic,CZE,1981,"School enrollment, preprimary, female (% gross)",SE.PRE.ENRR.FE,86.7509765625
Czech Republic,CZE,1980,"School enrollment, preprimary, female (% gross)",SE.PRE.ENRR.FE,84.3004684448242
Czech Republic,CZE,1979,"School enrollment, preprimary, female (% gross)",SE.PRE.ENRR.FE,81.5137786865234
Czech Republic,CZE,1978,"School enrollment, preprimary, female (% gross)",SE.PRE.ENRR.FE,79.5019836425781
Czech Republic,CZE,1977,"School enrollment, preprimary, female (% gross)",SE.PRE.ENRR.FE,77.163932800293
Czech Republic,CZE,1976,"School enrollment, preprimary, female (% gross)",SE.PRE.ENRR.FE,73.8776626586914
Czech Republic,CZE,1975,"School enrollment, preprimary, female (% gross)",SE.PRE.ENRR.FE,71.7129592895508
Czech Republic,CZE,1974,"School enrollment, preprimary, female (% gross)",SE.PRE.ENRR.FE,70.9307174682617
Czech Republic,CZE,1973,"School enrollment, preprimary, female (% gross)",SE.PRE.ENRR.FE,68.8812408447266
Czech Republic,CZE,1972,"School enrollment, preprimary, female (% gross)",SE.PRE.ENRR.FE,67.2488708496094
Czech Republic,CZE,1971,"School enrollment, preprimary, female (% gross)",SE.PRE.ENRR.FE,66.1421890258789
Czech Republic,CZE,2019,"School enrollment, preprimary, male (% gross)",SE.PRE.ENRR.MA,114.929847717285
Czech Republic,CZE,2018,"School enrollment, preprimary, male (% gross)",SE.PRE.ENRR.MA,111.133697509766
Czech Republic,CZE,2017,"School enrollment, preprimary, male (% gross)",SE.PRE.ENRR.MA,108.017318725586
Czech Republic,CZE,2016,"School enrollment, preprimary, male (% gross)",SE.PRE.ENRR.MA,106.803871154785
Czech Republic,CZE,2015,"School enrollment, preprimary, male (% gross)",SE.PRE.ENRR.MA,106.604362487793
Czech Republic,CZE,2014,"School enrollment, preprimary, male (% gross)",SE.PRE.ENRR.MA,105.574989318848
Czech Republic,CZE,2013,"School enrollment, preprimary, male (% gross)",SE.PRE.ENRR.MA,105.342819213867
Czech Republic,CZE,2012,"School enrollment, preprimary, male (% gross)",SE.PRE.ENRR.MA,105.446212768555
Czech Republic,CZE,2011,"School enrollment, preprimary, male (% gross)",SE.PRE.ENRR.MA,105.042869567871
Czech Republic,CZE,2010,"School enrollment, preprimary, male (% gross)",SE.PRE.ENRR.MA,103.802688598633
Czech Republic,CZE,2009,"School enrollment, preprimary, male (% gross)",SE.PRE.ENRR.MA,103.312080383301
Czech Republic,CZE,2008,"School enrollment, preprimary, male (% gross)",SE.PRE.ENRR.MA,106.648040771484
Czech Republic,CZE,2007,"School enrollment, preprimary, male (% gross)",SE.PRE.ENRR.MA,111.913383483887
Czech Republic,CZE,2006,"School enrollment, preprimary, male (% gross)",SE.PRE.ENRR.MA,115.886291503906
Czech Republic,CZE,2005,"School enrollment, preprimary, male (% gross)",SE.PRE.ENRR.MA,118.345649719238
Czech Republic,CZE,2004,"School enrollment, preprimary, male (% gross)",SE.PRE.ENRR.MA,117.459190368652
Czech Republic,CZE,2003,"School enrollment, preprimary, male (% gross)",SE.PRE.ENRR.MA,106.614219665527
Czech Republic,CZE,2002,"School enrollment, preprimary, male (% gross)",SE.PRE.ENRR.MA,97.2206497192383
Czech Republic,CZE,2001,"School enrollment, preprimary, male (% gross)",SE.PRE.ENRR.MA,91.300537109375
Czech Republic,CZE,2000,"School enrollment, preprimary, male (% gross)",SE.PRE.ENRR.MA,90.251091003418
Czech Republic,CZE,1999,"School enrollment, preprimary, male (% gross)",SE.PRE.ENRR.MA,87.4087371826172
Czech Republic,CZE,1998,"School enrollment, preprimary, male (% gross)",SE.PRE.ENRR.MA,88.1742782592773
Czech Republic,CZE,1997,"School enrollment, preprimary, male (% gross)",SE.PRE.ENRR.MA,88.1432800292969
Czech Republic,CZE,1996,"School enrollment, preprimary, male (% gross)",SE.PRE.ENRR.MA,90.3052215576172
Czech Republic,CZE,1995,"School enrollment, preprimary, male (% gross)",SE.PRE.ENRR.MA,88.2809600830078
Czech Republic,CZE,1994,"School enrollment, preprimary, male (% gross)",SE.PRE.ENRR.MA,85.725456237793
Czech Republic,CZE,1993,"School enrollment, preprimary, male (% gross)",SE.PRE.ENRR.MA,82.710578918457
Czech Republic,CZE,1992,"School enrollment, preprimary, male (% gross)",SE.PRE.ENRR.MA,71.5174789428711
Czech Republic,CZE,1991,"School enrollment, preprimary, male (% gross)",SE.PRE.ENRR.MA,97.5805282592773
Czech Republic,CZE,1990,"School enrollment, preprimary, male (% gross)",SE.PRE.ENRR.MA,102.634910583496
Czech Republic,CZE,1989,"School enrollment, preprimary, male (% gross)",SE.PRE.ENRR.MA,101.986717224121
Czech Republic,CZE,1988,"School enrollment, preprimary, male (% gross)",SE.PRE.ENRR.MA,96.0712432861328
Czech Republic,CZE,1987,"School enrollment, preprimary, male (% gross)",SE.PRE.ENRR.MA,89.7942886352539
Czech Republic,CZE,1986,"School enrollment, preprimary, male (% gross)",SE.PRE.ENRR.MA,85.6281585693359
Czech Republic,CZE,1985,"School enrollment, preprimary, male (% gross)",SE.PRE.ENRR.MA,85.8081817626953
Czech Republic,CZE,1984,"School enrollment, preprimary, male (% gross)",SE.PRE.ENRR.MA,85.8565826416016
Czech Republic,CZE,1983,"School enrollment, preprimary, male (% gross)",SE.PRE.ENRR.MA,84.9033737182617
Czech Republic,CZE,1982,"School enrollment, preprimary, male (% gross)",SE.PRE.ENRR.MA,83.5728988647461
Czech Republic,CZE,1981,"School enrollment, preprimary, male (% gross)",SE.PRE.ENRR.MA,82.5202331542969
Czech Republic,CZE,1980,"School enrollment, preprimary, male (% gross)",SE.PRE.ENRR.MA,80.2038269042969
Czech Republic,CZE,1979,"School enrollment, preprimary, male (% gross)",SE.PRE.ENRR.MA,77.5652389526367
Czech Republic,CZE,1978,"School enrollment, preprimary, male (% gross)",SE.PRE.ENRR.MA,75.6674423217773
Czech Republic,CZE,1977,"School enrollment, preprimary, male (% gross)",SE.PRE.ENRR.MA,70.5763626098633
Czech Republic,CZE,1976,"School enrollment, preprimary, male (% gross)",SE.PRE.ENRR.MA,67.5750579833984
Czech Republic,CZE,1975,"School enrollment, preprimary, male (% gross)",SE.PRE.ENRR.MA,65.6299819946289
Czech Republic,CZE,1974,"School enrollment, preprimary, male (% gross)",SE.PRE.ENRR.MA,64.9420013427734
Czech Republic,CZE,1973,"School enrollment, preprimary, male (% gross)",SE.PRE.ENRR.MA,63.0968894958496
Czech Republic,CZE,1972,"School enrollment, preprimary, male (% gross)",SE.PRE.ENRR.MA,61.6052398681641
Czech Republic,CZE,1971,"School enrollment, preprimary, male (% gross)",SE.PRE.ENRR.MA,60.5541191101074
Czech Republic,CZE,2019,"Primary completion rate, female (% of relevant age group)",SE.PRM.CMPT.FE.ZS,102.367988586426
Czech Republic,CZE,2018,"Primary completion rate, female (% of relevant age group)",SE.PRM.CMPT.FE.ZS,98.7835922241211
Czech Republic,CZE,2017,"Primary completion rate, female (% of relevant age group)",SE.PRM.CMPT.FE.ZS,97.5018997192383
Czech Republic,CZE,2016,"Primary completion rate, female (% of relevant age group)",SE.PRM.CMPT.FE.ZS,97.4783782958984
Czech Republic,CZE,2015,"Primary completion rate, female (% of relevant age group)",SE.PRM.CMPT.FE.ZS,96.10888671875
Czech Republic,CZE,2014,"Primary completion rate, female (% of relevant age group)",SE.PRM.CMPT.FE.ZS,98.3065414428711
Czech Republic,CZE,2013,"Primary completion rate, female (% of relevant age group)",SE.PRM.CMPT.FE.ZS,100.246688842773
Czech Republic,CZE,2012,"Primary completion rate, female (% of relevant age group)",SE.PRM.CMPT.FE.ZS,100.462928771973
Czech Republic,CZE,2011,"Primary completion rate, female (% of relevant age group)",SE.PRM.CMPT.FE.ZS,103.195022583008
Czech Republic,CZE,2010,"Primary completion rate, female (% of relevant age group)",SE.PRM.CMPT.FE.ZS,106.604911804199
Czech Republic,CZE,2009,"Primary completion rate, female (% of relevant age group)",SE.PRM.CMPT.FE.ZS,103.808723449707
Czech Republic,CZE,2008,"Primary completion rate, female (% of relevant age group)",SE.PRM.CMPT.FE.ZS,98.3738403320313
Czech Republic,CZE,2007,"Primary completion rate, female (% of relevant age group)",SE.PRM.CMPT.FE.ZS,95.0114517211914
Czech Republic,CZE,2006,"Primary completion rate, female (% of relevant age group)",SE.PRM.CMPT.FE.ZS,93.197151184082
Czech Republic,CZE,2005,"Primary completion rate, female (% of relevant age group)",SE.PRM.CMPT.FE.ZS,98.6182708740234
Czech Republic,CZE,2004,"Primary completion rate, female (% of relevant age group)",SE.PRM.CMPT.FE.ZS,100.013610839844
Czech Republic,CZE,2003,"Primary completion rate, female (% of relevant age group)",SE.PRM.CMPT.FE.ZS,98.330810546875
Czech Republic,CZE,2002,"Primary completion rate, female (% of relevant age group)",SE.PRM.CMPT.FE.ZS,104.450942993164
Czech Republic,CZE,2001,"Primary completion rate, female (% of relevant age group)",SE.PRM.CMPT.FE.ZS,99.7120132446289
Czech Republic,CZE,2000,"Primary completion rate, female (% of relevant age group)",SE.PRM.CMPT.FE.ZS,99.9554061889648
Czech Republic,CZE,1999,"Primary completion rate, female (% of relevant age group)",SE.PRM.CMPT.FE.ZS,99.6794509887695
Czech Republic,CZE,1996,"Primary completion rate, female (% of relevant age group)",SE.PRM.CMPT.FE.ZS,107.580543518066
Czech Republic,CZE,1994,"Primary completion rate, female (% of relevant age group)",SE.PRM.CMPT.FE.ZS,104.180976867676
Czech Republic,CZE,1993,"Primary completion rate, female (% of relevant age group)",SE.PRM.CMPT.FE.ZS,97.7486190795898
Czech Republic,CZE,2019,"Primary completion rate, male (% of relevant age group)",SE.PRM.CMPT.MA.ZS,100.554977416992
Czech Republic,CZE,2018,"Primary completion rate, male (% of relevant age group)",SE.PRM.CMPT.MA.ZS,98.308952331543
Czech Republic,CZE,2017,"Primary completion rate, male (% of relevant age group)",SE.PRM.CMPT.MA.ZS,98.1687698364258
Czech Republic,CZE,2016,"Primary completion rate, male (% of relevant age group)",SE.PRM.CMPT.MA.ZS,96.6775588989258
Czech Republic,CZE,2015,"Primary completion rate, male (% of relevant age group)",SE.PRM.CMPT.MA.ZS,96.0346298217773
Czech Republic,CZE,2014,"Primary completion rate, male (% of relevant age group)",SE.PRM.CMPT.MA.ZS,98.0224075317383
Czech Republic,CZE,2013,"Primary completion rate, male (% of relevant age group)",SE.PRM.CMPT.MA.ZS,99.3008804321289
Czech Republic,CZE,2012,"Primary completion rate, male (% of relevant age group)",SE.PRM.CMPT.MA.ZS,101.489929199219
Czech Republic,CZE,2011,"Primary completion rate, male (% of relevant age group)",SE.PRM.CMPT.MA.ZS,104.293151855469
Czech Republic,CZE,2010,"Primary completion rate, male (% of relevant age group)",SE.PRM.CMPT.MA.ZS,106.316787719727
Czech Republic,CZE,2009,"Primary completion rate, male (% of relevant age group)",SE.PRM.CMPT.MA.ZS,103.253410339355
Czech Republic,CZE,2008,"Primary completion rate, male (% of relevant age group)",SE.PRM.CMPT.MA.ZS,98.6340179443359
Czech Republic,CZE,2007,"Primary completion rate, male (% of relevant age group)",SE.PRM.CMPT.MA.ZS,96.1559524536133
Czech Republic,CZE,2006,"Primary completion rate, male (% of relevant age group)",SE.PRM.CMPT.MA.ZS,94.5625076293945
Czech Republic,CZE,2005,"Primary completion rate, male (% of relevant age group)",SE.PRM.CMPT.MA.ZS,99.2403335571289
Czech Republic,CZE,2004,"Primary completion rate, male (% of relevant age group)",SE.PRM.CMPT.MA.ZS,99.5573425292969
Czech Republic,CZE,2003,"Primary completion rate, male (% of relevant age group)",SE.PRM.CMPT.MA.ZS,99.9857864379883
Czech Republic,CZE,2002,"Primary completion rate, male (% of relevant age group)",SE.PRM.CMPT.MA.ZS,103.599563598633
Czech Republic,CZE,2001,"Primary completion rate, male (% of relevant age group)",SE.PRM.CMPT.MA.ZS,99.1958618164063
Czech Republic,CZE,2000,"Primary completion rate, male (% of relevant age group)",SE.PRM.CMPT.MA.ZS,98.7705612182617
Czech Republic,CZE,1999,"Primary completion rate, male (% of relevant age group)",SE.PRM.CMPT.MA.ZS,99.2628631591797
Czech Republic,CZE,1996,"Primary completion rate, male (% of relevant age group)",SE.PRM.CMPT.MA.ZS,109.638298034668
Czech Republic,CZE,1994,"Primary completion rate, male (% of relevant age group)",SE.PRM.CMPT.MA.ZS,103.530158996582
Czech Republic,CZE,1993,"Primary completion rate, male (% of relevant age group)",SE.PRM.CMPT.MA.ZS,95.6812210083008
Czech Republic,CZE,2019,"Educational attainment, at least completed primary, population 25+ years, female (%) (cumulative)",SE.PRM.CUAT.FE.ZS,99.8790512084961
Czech Republic,CZE,2017,"Educational attainment, at least completed primary, population 25+ years, female (%) (cumulative)",SE.PRM.CUAT.FE.ZS,99.9189071655273
Czech Republic,CZE,2016,"Educational attainment, at least completed primary, population 25+ years, female (%) (cumulative)",SE.PRM.CUAT.FE.ZS,99.8718338012695
Czech Republic,CZE,2015,"Educational attainment, at least completed primary, population 25+ years, female (%) (cumulative)",SE.PRM.CUAT.FE.ZS,99.871696472168
Czech Republic,CZE,2014,"Educational attainment, at least completed primary, population 25+ years, female (%) (cumulative)",SE.PRM.CUAT.FE.ZS,99.8529434204102
Czech Republic,CZE,2013,"Educational attainment, at least completed primary, population 25+ years, female (%) (cumulative)",SE.PRM.CUAT.FE.ZS,99.8886108398438
Czech Republic,CZE,2012,"Educational attainment, at least completed primary, population 25+ years, female (%) (cumulative)",SE.PRM.CUAT.FE.ZS,99.9219284057617
Czech Republic,CZE,2011,"Educational attainment, at least completed primary, population 25+ years, female (%) (cumulative)",SE.PRM.CUAT.FE.ZS,99.9034576416016
Czech Republic,CZE,2010,"Educational attainment, at least completed primary, population 25+ years, female (%) (cumulative)",SE.PRM.CUAT.FE.ZS,99.8513870239258
Czech Republic,CZE,2009,"Educational attainment, at least completed primary, population 25+ years, female (%) (cumulative)",SE.PRM.CUAT.FE.ZS,99.8760070800781
Czech Republic,CZE,2008,"Educational attainment, at least completed primary, population 25+ years, female (%) (cumulative)",SE.PRM.CUAT.FE.ZS,99.8857192993164
Czech Republic,CZE,2007,"Educational attainment, at least completed primary, population 25+ years, female (%) (cumulative)",SE.PRM.CUAT.FE.ZS,99.8975296020508
Czech Republic,CZE,2006,"Educational attainment, at least completed primary, population 25+ years, female (%) (cumulative)",SE.PRM.CUAT.FE.ZS,99.8836822509766
Czech Republic,CZE,2019,"Educational attainment, at least completed primary, population 25+ years, male (%) (cumulative)",SE.PRM.CUAT.MA.ZS,99.842887878418
Czech Republic,CZE,2017,"Educational attainment, at least completed primary, population 25+ years, male (%) (cumulative)",SE.PRM.CUAT.MA.ZS,99.8352966308594
Czech Republic,CZE,2016,"Educational attainment, at least completed primary, population 25+ years, male (%) (cumulative)",SE.PRM.CUAT.MA.ZS,99.8044967651367
Czech Republic,CZE,2015,"Educational attainment, at least completed primary, population 25+ years, male (%) (cumulative)",SE.PRM.CUAT.MA.ZS,99.8268508911133
Czech Republic,CZE,2014,"Educational attainment, at least completed primary, population 25+ years, male (%) (cumulative)",SE.PRM.CUAT.MA.ZS,99.8555603027344
Czech Republic,CZE,2013,"Educational attainment, at least completed primary, population 25+ years, male (%) (cumulative)",SE.PRM.CUAT.MA.ZS,99.8066711425781
Czech Republic,CZE,2012,"Educational attainment, at least completed primary, population 25+ years, male (%) (cumulative)",SE.PRM.CUAT.MA.ZS,99.8174209594727
Czech Republic,CZE,2011,"Educational attainment, at least completed primary, population 25+ years, male (%) (cumulative)",SE.PRM.CUAT.MA.ZS,99.8227233886719
Czech Republic,CZE,2010,"Educational attainment, at least completed primary, population 25+ years, male (%) (cumulative)",SE.PRM.CUAT.MA.ZS,99.8989181518555
Czech Republic,CZE,2009,"Educational attainment, at least completed primary, population 25+ years, male (%) (cumulative)",SE.PRM.CUAT.MA.ZS,99.8563613891602
Czech Republic,CZE,2008,"Educational attainment, at least completed primary, population 25+ years, male (%) (cumulative)",SE.PRM.CUAT.MA.ZS,99.8476104736328
Czech Republic,CZE,2007,"Educational attainment, at least completed primary, population 25+ years, male (%) (cumulative)",SE.PRM.CUAT.MA.ZS,99.8649215698242
Czech Republic,CZE,2006,"Educational attainment, at least completed primary, population 25+ years, male (%) (cumulative)",SE.PRM.CUAT.MA.ZS,99.8762893676758
Czech Republic,CZE,2019,"Educational attainment, at least completed primary, population 25+ years, total (%) (cumulative)",SE.PRM.CUAT.ZS,99.8614807128906
Czech Republic,CZE,2017,"Educational attainment, at least completed primary, population 25+ years, total (%) (cumulative)",SE.PRM.CUAT.ZS,99.8783798217773
Czech Republic,CZE,2016,"Educational attainment, at least completed primary, population 25+ years, total (%) (cumulative)",SE.PRM.CUAT.ZS,99.8392105102539
Czech Republic,CZE,2015,"Educational attainment, at least completed primary, population 25+ years, total (%) (cumulative)",SE.PRM.CUAT.ZS,99.849983215332
Czech Republic,CZE,2014,"Educational attainment, at least completed primary, population 25+ years, total (%) (cumulative)",SE.PRM.CUAT.ZS,99.8542098999023
Czech Republic,CZE,2013,"Educational attainment, at least completed primary, population 25+ years, total (%) (cumulative)",SE.PRM.CUAT.ZS,99.8489685058594
Czech Republic,CZE,2012,"Educational attainment, at least completed primary, population 25+ years, total (%) (cumulative)",SE.PRM.CUAT.ZS,99.8713989257813
Czech Republic,CZE,2011,"Educational attainment, at least completed primary, population 25+ years, total (%) (cumulative)",SE.PRM.CUAT.ZS,99.864501953125
Czech Republic,CZE,2010,"Educational attainment, at least completed primary, population 25+ years, total (%) (cumulative)",SE.PRM.CUAT.ZS,99.8743362426758
Czech Republic,CZE,2009,"Educational attainment, at least completed primary, population 25+ years, total (%) (cumulative)",SE.PRM.CUAT.ZS,99.8665313720703
Czech Republic,CZE,2008,"Educational attainment, at least completed primary, population 25+ years, total (%) (cumulative)",SE.PRM.CUAT.ZS,99.8673782348633
Czech Republic,CZE,2007,"Educational attainment, at least completed primary, population 25+ years, total (%) (cumulative)",SE.PRM.CUAT.ZS,99.8818817138672
Czech Republic,CZE,2006,"Educational attainment, at least completed primary, population 25+ years, total (%) (cumulative)",SE.PRM.CUAT.ZS,99.8801422119141
Czech Republic,CZE,2017,"Primary education, pupils (% female)",SE.PRM.ENRL.FE.ZS,48.82027
Czech Republic,CZE,2016,"Primary education, pupils (% female)",SE.PRM.ENRL.FE.ZS,48.81775
Czech Republic,CZE,2015,"Primary education, pupils (% female)",SE.PRM.ENRL.FE.ZS,48.77199
Czech Republic,CZE,2014,"Primary education, pupils (% female)",SE.PRM.ENRL.FE.ZS,48.68149
Czech Republic,CZE,2013,"Primary education, pupils (% female)",SE.PRM.ENRL.FE.ZS,48.68389
Czech Republic,CZE,2012,"Primary education, pupils (% female)",SE.PRM.ENRL.FE.ZS,48.63755
Czech Republic,CZE,2011,"Primary education, pupils (% female)",SE.PRM.ENRL.FE.ZS,48.52618
Czech Republic,CZE,2010,"Primary education, pupils (% female)",SE.PRM.ENRL.FE.ZS,48.52716
Czech Republic,CZE,2009,"Primary education, pupils (% female)",SE.PRM.ENRL.FE.ZS,48.50441
Czech Republic,CZE,2008,"Primary education, pupils (% female)",SE.PRM.ENRL.FE.ZS,48.44846
Czech Republic,CZE,2007,"Primary education, pupils (% female)",SE.PRM.ENRL.FE.ZS,48.45599
Czech Republic,CZE,2006,"Primary education, pupils (% female)",SE.PRM.ENRL.FE.ZS,48.43841
Czech Republic,CZE,2005,"Primary education, pupils (% female)",SE.PRM.ENRL.FE.ZS,48.31444
Czech Republic,CZE,2004,"Primary education, pupils (% female)",SE.PRM.ENRL.FE.ZS,48.33728
Czech Republic,CZE,2003,"Primary education, pupils (% female)",SE.PRM.ENRL.FE.ZS,48.28259
Czech Republic,CZE,2002,"Primary education, pupils (% female)",SE.PRM.ENRL.FE.ZS,48.3533
Czech Republic,CZE,2001,"Primary education, pupils (% female)",SE.PRM.ENRL.FE.ZS,48.44358
Czech Republic,CZE,2000,"Primary education, pupils (% female)",SE.PRM.ENRL.FE.ZS,48.56083
Czech Republic,CZE,1999,"Primary education, pupils (% female)",SE.PRM.ENRL.FE.ZS,48.50369
Czech Republic,CZE,1998,"Primary education, pupils (% female)",SE.PRM.ENRL.FE.ZS,48.63479
Czech Republic,CZE,1997,"Primary education, pupils (% female)",SE.PRM.ENRL.FE.ZS,48.67981
Czech Republic,CZE,1996,"Primary education, pupils (% female)",SE.PRM.ENRL.FE.ZS,48.49161
Czech Republic,CZE,1995,"Primary education, pupils (% female)",SE.PRM.ENRL.FE.ZS,48.67367
Czech Republic,CZE,1994,"Primary education, pupils (% female)",SE.PRM.ENRL.FE.ZS,48.78261
Czech Republic,CZE,1993,"Primary education, pupils (% female)",SE.PRM.ENRL.FE.ZS,48.99858
Czech Republic,CZE,1992,"Primary education, pupils (% female)",SE.PRM.ENRL.FE.ZS,52.59556
Czech Republic,CZE,1991,"Primary education, pupils (% female)",SE.PRM.ENRL.FE.ZS,48.88937
Czech Republic,CZE,1990,"Primary education, pupils (% female)",SE.PRM.ENRL.FE.ZS,48.83849
Czech Republic,CZE,1989,"Primary education, pupils (% female)",SE.PRM.ENRL.FE.ZS,48.8747
Czech Republic,CZE,1988,"Primary education, pupils (% female)",SE.PRM.ENRL.FE.ZS,47.99995
Czech Republic,CZE,1987,"Primary education, pupils (% female)",SE.PRM.ENRL.FE.ZS,47.99997
Czech Republic,CZE,1986,"Primary education, pupils (% female)",SE.PRM.ENRL.FE.ZS,47.99995
Czech Republic,CZE,1985,"Primary education, pupils (% female)",SE.PRM.ENRL.FE.ZS,48.00006
Czech Republic,CZE,1984,"Primary education, pupils (% female)",SE.PRM.ENRL.FE.ZS,47.99996
Czech Republic,CZE,1983,"Primary education, pupils (% female)",SE.PRM.ENRL.FE.ZS,49
Czech Republic,CZE,1982,"Primary education, pupils (% female)",SE.PRM.ENRL.FE.ZS,49.00006
Czech Republic,CZE,1981,"Primary education, pupils (% female)",SE.PRM.ENRL.FE.ZS,48.99997
Czech Republic,CZE,1979,"Primary education, pupils (% female)",SE.PRM.ENRL.FE.ZS,48.99993
Czech Republic,CZE,1978,"Primary education, pupils (% female)",SE.PRM.ENRL.FE.ZS,48.99995
Czech Republic,CZE,1977,"Primary education, pupils (% female)",SE.PRM.ENRL.FE.ZS,48.99999
Czech Republic,CZE,1976,"Primary education, pupils (% female)",SE.PRM.ENRL.FE.ZS,48.99993
Czech Republic,CZE,1975,"Primary education, pupils (% female)",SE.PRM.ENRL.FE.ZS,49
Czech Republic,CZE,1974,"Primary education, pupils (% female)",SE.PRM.ENRL.FE.ZS,48.99995
Czech Republic,CZE,1973,"Primary education, pupils (% female)",SE.PRM.ENRL.FE.ZS,49.00006
Czech Republic,CZE,1972,"Primary education, pupils (% female)",SE.PRM.ENRL.FE.ZS,48.99998
Czech Republic,CZE,1971,"Primary education, pupils (% female)",SE.PRM.ENRL.FE.ZS,49.00001
Czech Republic,CZE,2019,"School enrollment, primary, female (% gross)",SE.PRM.ENRR.FE,100.5341796875
Czech Republic,CZE,2018,"School enrollment, primary, female (% gross)",SE.PRM.ENRR.FE,100.818862915039
Czech Republic,CZE,2017,"School enrollment, primary, female (% gross)",SE.PRM.ENRR.FE,100.95970916748
Czech Republic,CZE,2016,"School enrollment, primary, female (% gross)",SE.PRM.ENRR.FE,100.49186706543
Czech Republic,CZE,2015,"School enrollment, primary, female (% gross)",SE.PRM.ENRR.FE,99.6992568969727
Czech Republic,CZE,2014,"School enrollment, primary, female (% gross)",SE.PRM.ENRR.FE,98.676887512207
Czech Republic,CZE,2013,"School enrollment, primary, female (% gross)",SE.PRM.ENRR.FE,98.7756195068359
Czech Republic,CZE,2012,"School enrollment, primary, female (% gross)",SE.PRM.ENRR.FE,99.3207626342773
Czech Republic,CZE,2011,"School enrollment, primary, female (% gross)",SE.PRM.ENRR.FE,100.474876403809
Czech Republic,CZE,2010,"School enrollment, primary, female (% gross)",SE.PRM.ENRR.FE,103.590713500977
Czech Republic,CZE,2009,"School enrollment, primary, female (% gross)",SE.PRM.ENRR.FE,105.727653503418
Czech Republic,CZE,2008,"School enrollment, primary, female (% gross)",SE.PRM.ENRR.FE,105.341941833496
Czech Republic,CZE,2007,"School enrollment, primary, female (% gross)",SE.PRM.ENRR.FE,102.787582397461
Czech Republic,CZE,2006,"School enrollment, primary, female (% gross)",SE.PRM.ENRR.FE,99.5873031616211
Czech Republic,CZE,2005,"School enrollment, primary, female (% gross)",SE.PRM.ENRR.FE,98.487060546875
Czech Republic,CZE,2004,"School enrollment, primary, female (% gross)",SE.PRM.ENRR.FE,97.893180847168
Czech Republic,CZE,2003,"School enrollment, primary, female (% gross)",SE.PRM.ENRR.FE,98.2177505493164
Czech Republic,CZE,2002,"School enrollment, primary, female (% gross)",SE.PRM.ENRR.FE,100.885932922363
Czech Republic,CZE,2001,"School enrollment, primary, female (% gross)",SE.PRM.ENRR.FE,102.934150695801
Czech Republic,CZE,2000,"School enrollment, primary, female (% gross)",SE.PRM.ENRR.FE,103.10368347168
Czech Republic,CZE,1999,"School enrollment, primary, female (% gross)",SE.PRM.ENRR.FE,102.672058105469
Czech Republic,CZE,1998,"School enrollment, primary, female (% gross)",SE.PRM.ENRR.FE,102.990547180176
Czech Republic,CZE,1997,"School enrollment, primary, female (% gross)",SE.PRM.ENRR.FE,101.768180847168
Czech Republic,CZE,1996,"School enrollment, primary, female (% gross)",SE.PRM.ENRR.FE,103.816047668457
Czech Republic,CZE,1995,"School enrollment, primary, female (% gross)",SE.PRM.ENRR.FE,104.530403137207
Czech Republic,CZE,1994,"School enrollment, primary, female (% gross)",SE.PRM.ENRR.FE,105.68595123291
Czech Republic,CZE,1993,"School enrollment, primary, female (% gross)",SE.PRM.ENRR.FE,103.24585723877
Czech Republic,CZE,1992,"School enrollment, primary, female (% gross)",SE.PRM.ENRR.FE,108.682312011719
Czech Republic,CZE,1991,"School enrollment, primary, female (% gross)",SE.PRM.ENRR.FE,96.6315002441406
Czech Republic,CZE,1990,"School enrollment, primary, female (% gross)",SE.PRM.ENRR.FE,93.3664779663086
Czech Republic,CZE,1989,"School enrollment, primary, female (% gross)",SE.PRM.ENRR.FE,92.096061706543
Czech Republic,CZE,1988,"School enrollment, primary, female (% gross)",SE.PRM.ENRR.FE,90.400032043457
Czech Republic,CZE,1987,"School enrollment, primary, female (% gross)",SE.PRM.ENRR.FE,92.4087982177734
Czech Republic,CZE,1986,"School enrollment, primary, female (% gross)",SE.PRM.ENRR.FE,94.9540786743164
Czech Republic,CZE,1985,"School enrollment, primary, female (% gross)",SE.PRM.ENRR.FE,96.4526290893555
Czech Republic,CZE,1984,"School enrollment, primary, female (% gross)",SE.PRM.ENRR.FE,98.6745681762695
Czech Republic,CZE,1983,"School enrollment, primary, female (% gross)",SE.PRM.ENRR.FE,101.069183349609
Czech Republic,CZE,1982,"School enrollment, primary, female (% gross)",SE.PRM.ENRR.FE,99.5917663574219
Czech Republic,CZE,1981,"School enrollment, primary, female (% gross)",SE.PRM.ENRR.FE,97.8645629882813
Czech Republic,CZE,1979,"School enrollment, primary, female (% gross)",SE.PRM.ENRR.FE,117.528503417969
Czech Republic,CZE,1978,"School enrollment, primary, female (% gross)",SE.PRM.ENRR.FE,120.496780395508
Czech Republic,CZE,1977,"School enrollment, primary, female (% gross)",SE.PRM.ENRR.FE,122.883750915527
Czech Republic,CZE,1976,"School enrollment, primary, female (% gross)",SE.PRM.ENRR.FE,125.792488098145
Czech Republic,CZE,1975,"School enrollment, primary, female (% gross)",SE.PRM.ENRR.FE,129.298599243164
Czech Republic,CZE,1974,"School enrollment, primary, female (% gross)",SE.PRM.ENRR.FE,130.494857788086
Czech Republic,CZE,1973,"School enrollment, primary, female (% gross)",SE.PRM.ENRR.FE,129.243576049805
Czech Republic,CZE,1972,"School enrollment, primary, female (% gross)",SE.PRM.ENRR.FE,127.195266723633
Czech Republic,CZE,1971,"School enrollment, primary, female (% gross)",SE.PRM.ENRR.FE,123.857482910156
Czech Republic,CZE,2019,"School enrollment, primary, male (% gross)",SE.PRM.ENRR.MA,100.071517944336
Czech Republic,CZE,2018,"School enrollment, primary, male (% gross)",SE.PRM.ENRR.MA,100.215118408203
Czech Republic,CZE,2017,"School enrollment, primary, male (% gross)",SE.PRM.ENRR.MA,100.397109985352
Czech Republic,CZE,2016,"School enrollment, primary, male (% gross)",SE.PRM.ENRR.MA,99.9404525756836
Czech Republic,CZE,2015,"School enrollment, primary, male (% gross)",SE.PRM.ENRR.MA,99.3434677124023
Czech Republic,CZE,2014,"School enrollment, primary, male (% gross)",SE.PRM.ENRR.MA,98.6600036621094
Czech Republic,CZE,2013,"School enrollment, primary, male (% gross)",SE.PRM.ENRR.MA,98.7097473144531
Czech Republic,CZE,2012,"School enrollment, primary, male (% gross)",SE.PRM.ENRR.MA,99.4121475219727
Czech Republic,CZE,2011,"School enrollment, primary, male (% gross)",SE.PRM.ENRR.MA,101.031959533691
Czech Republic,CZE,2010,"School enrollment, primary, male (% gross)",SE.PRM.ENRR.MA,104.006721496582
Czech Republic,CZE,2009,"School enrollment, primary, male (% gross)",SE.PRM.ENRR.MA,106.204879760742
Czech Republic,CZE,2008,"School enrollment, primary, male (% gross)",SE.PRM.ENRR.MA,106.106781005859
Czech Republic,CZE,2007,"School enrollment, primary, male (% gross)",SE.PRM.ENRR.MA,103.561958312988
Czech Republic,CZE,2006,"School enrollment, primary, male (% gross)",SE.PRM.ENRR.MA,100.383392333984
Czech Republic,CZE,2005,"School enrollment, primary, male (% gross)",SE.PRM.ENRR.MA,99.904670715332
Czech Republic,CZE,2004,"School enrollment, primary, male (% gross)",SE.PRM.ENRR.MA,99.2629013061523
Czech Republic,CZE,2003,"School enrollment, primary, male (% gross)",SE.PRM.ENRR.MA,99.7953186035156
Czech Republic,CZE,2002,"School enrollment, primary, male (% gross)",SE.PRM.ENRR.MA,102.183807373047
Czech Republic,CZE,2001,"School enrollment, primary, male (% gross)",SE.PRM.ENRR.MA,103.872093200684
Czech Republic,CZE,2000,"School enrollment, primary, male (% gross)",SE.PRM.ENRR.MA,103.555908203125
Czech Republic,CZE,1999,"School enrollment, primary, male (% gross)",SE.PRM.ENRR.MA,103.376899719238
Czech Republic,CZE,1998,"School enrollment, primary, male (% gross)",SE.PRM.ENRR.MA,103.184951782227
Czech Republic,CZE,1997,"School enrollment, primary, male (% gross)",SE.PRM.ENRR.MA,101.806938171387
Czech Republic,CZE,1996,"School enrollment, primary, male (% gross)",SE.PRM.ENRR.MA,104.637710571289
Czech Republic,CZE,1995,"School enrollment, primary, male (% gross)",SE.PRM.ENRR.MA,104.638236999512
Czech Republic,CZE,1994,"School enrollment, primary, male (% gross)",SE.PRM.ENRR.MA,105.389373779297
Czech Republic,CZE,1993,"School enrollment, primary, male (% gross)",SE.PRM.ENRR.MA,102.12606048584
Czech Republic,CZE,1992,"School enrollment, primary, male (% gross)",SE.PRM.ENRR.MA,93.1277236938477
Czech Republic,CZE,1991,"School enrollment, primary, male (% gross)",SE.PRM.ENRR.MA,96.0514678955078
Czech Republic,CZE,1990,"School enrollment, primary, male (% gross)",SE.PRM.ENRR.MA,93.0409622192383
Czech Republic,CZE,1989,"School enrollment, primary, male (% gross)",SE.PRM.ENRR.MA,91.6520919799805
Czech Republic,CZE,1988,"School enrollment, primary, male (% gross)",SE.PRM.ENRR.MA,93.1631774902344
Czech Republic,CZE,1987,"School enrollment, primary, male (% gross)",SE.PRM.ENRR.MA,95.231086730957
Czech Republic,CZE,1986,"School enrollment, primary, male (% gross)",SE.PRM.ENRR.MA,97.8775634765625
Czech Republic,CZE,1985,"School enrollment, primary, male (% gross)",SE.PRM.ENRR.MA,99.4278793334961
Czech Republic,CZE,1984,"School enrollment, primary, male (% gross)",SE.PRM.ENRR.MA,101.737266540527
Czech Republic,CZE,1983,"School enrollment, primary, male (% gross)",SE.PRM.ENRR.MA,100.138389587402
Czech Republic,CZE,1982,"School enrollment, primary, male (% gross)",SE.PRM.ENRR.MA,98.688117980957
Czech Republic,CZE,1981,"School enrollment, primary, male (% gross)",SE.PRM.ENRR.MA,96.9850997924805
Czech Republic,CZE,1979,"School enrollment, primary, male (% gross)",SE.PRM.ENRR.MA,116.541229248047
Czech Republic,CZE,1978,"School enrollment, primary, male (% gross)",SE.PRM.ENRR.MA,119.517036437988
Czech Republic,CZE,1977,"School enrollment, primary, male (% gross)",SE.PRM.ENRR.MA,121.901176452637
Czech Republic,CZE,1976,"School enrollment, primary, male (% gross)",SE.PRM.ENRR.MA,124.775970458984
Czech Republic,CZE,1975,"School enrollment, primary, male (% gross)",SE.PRM.ENRR.MA,128.328842163086
Czech Republic,CZE,1974,"School enrollment, primary, male (% gross)",SE.PRM.ENRR.MA,129.583770751953
Czech Republic,CZE,1973,"School enrollment, primary, male (% gross)",SE.PRM.ENRR.MA,128.367553710938
Czech Republic,CZE,1972,"School enrollment, primary, male (% gross)",SE.PRM.ENRR.MA,126.287178039551
Czech Republic,CZE,1971,"School enrollment, primary, male (% gross)",SE.PRM.ENRR.MA,122.844367980957
Czech Republic,CZE,2017,"Gross intake ratio in first grade of primary education, female (% of relevant age group)",SE.PRM.GINT.FE.ZS,100.83365
Czech Republic,CZE,2016,"Gross intake ratio in first grade of primary education, female (% of relevant age group)",SE.PRM.GINT.FE.ZS,100.94792
Czech Republic,CZE,2015,"Gross intake ratio in first grade of primary education, female (% of relevant age group)",SE.PRM.GINT.FE.ZS,103.8669
Czech Republic,CZE,2014,"Gross intake ratio in first grade of primary education, female (% of relevant age group)",SE.PRM.GINT.FE.ZS,100.32419
Czech Republic,CZE,2013,"Gross intake ratio in first grade of primary education, female (% of relevant age group)",SE.PRM.GINT.FE.ZS,98.65395
Czech Republic,CZE,2012,"Gross intake ratio in first grade of primary education, female (% of relevant age group)",SE.PRM.GINT.FE.ZS,98.46433
Czech Republic,CZE,2011,"Gross intake ratio in first grade of primary education, female (% of relevant age group)",SE.PRM.GINT.FE.ZS,97.04143
Czech Republic,CZE,2010,"Gross intake ratio in first grade of primary education, female (% of relevant age group)",SE.PRM.GINT.FE.ZS,99.80857
Czech Republic,CZE,2009,"Gross intake ratio in first grade of primary education, female (% of relevant age group)",SE.PRM.GINT.FE.ZS,104.36903
Czech Republic,CZE,2008,"Gross intake ratio in first grade of primary education, female (% of relevant age group)",SE.PRM.GINT.FE.ZS,106.52457
Czech Republic,CZE,2007,"Gross intake ratio in first grade of primary education, female (% of relevant age group)",SE.PRM.GINT.FE.ZS,109.11559
Czech Republic,CZE,2006,"Gross intake ratio in first grade of primary education, female (% of relevant age group)",SE.PRM.GINT.FE.ZS,108.53249
Czech Republic,CZE,2005,"Gross intake ratio in first grade of primary education, female (% of relevant age group)",SE.PRM.GINT.FE.ZS,102.13791
Czech Republic,CZE,2004,"Gross intake ratio in first grade of primary education, female (% of relevant age group)",SE.PRM.GINT.FE.ZS,95.64834
Czech Republic,CZE,2003,"Gross intake ratio in first grade of primary education, female (% of relevant age group)",SE.PRM.GINT.FE.ZS,91.88673
Czech Republic,CZE,2002,"Gross intake ratio in first grade of primary education, female (% of relevant age group)",SE.PRM.GINT.FE.ZS,90.59384
Czech Republic,CZE,2001,"Gross intake ratio in first grade of primary education, female (% of relevant age group)",SE.PRM.GINT.FE.ZS,99.4323
Czech Republic,CZE,2000,"Gross intake ratio in first grade of primary education, female (% of relevant age group)",SE.PRM.GINT.FE.ZS,102.3787
Czech Republic,CZE,1999,"Gross intake ratio in first grade of primary education, female (% of relevant age group)",SE.PRM.GINT.FE.ZS,99.60616
Czech Republic,CZE,1996,"Gross intake ratio in first grade of primary education, female (% of relevant age group)",SE.PRM.GINT.FE.ZS,101.57962
Czech Republic,CZE,1994,"Gross intake ratio in first grade of primary education, female (% of relevant age group)",SE.PRM.GINT.FE.ZS,105.78963
Czech Republic,CZE,1993,"Gross intake ratio in first grade of primary education, female (% of relevant age group)",SE.PRM.GINT.FE.ZS,106.12386
Czech Republic,CZE,2017,"Gross intake ratio in first grade of primary education, male (% of relevant age group)",SE.PRM.GINT.MA.ZS,100.11549
Czech Republic,CZE,2016,"Gross intake ratio in first grade of primary education, male (% of relevant age group)",SE.PRM.GINT.MA.ZS,99.89387
Czech Republic,CZE,2015,"Gross intake ratio in first grade of primary education, male (% of relevant age group)",SE.PRM.GINT.MA.ZS,102.10366
Czech Republic,CZE,2014,"Gross intake ratio in first grade of primary education, male (% of relevant age group)",SE.PRM.GINT.MA.ZS,99.92315
Czech Republic,CZE,2013,"Gross intake ratio in first grade of primary education, male (% of relevant age group)",SE.PRM.GINT.MA.ZS,99.18413
Czech Republic,CZE,2012,"Gross intake ratio in first grade of primary education, male (% of relevant age group)",SE.PRM.GINT.MA.ZS,97.96928
Czech Republic,CZE,2011,"Gross intake ratio in first grade of primary education, male (% of relevant age group)",SE.PRM.GINT.MA.ZS,97.00728
Czech Republic,CZE,2010,"Gross intake ratio in first grade of primary education, male (% of relevant age group)",SE.PRM.GINT.MA.ZS,99.83509
Czech Republic,CZE,2009,"Gross intake ratio in first grade of primary education, male (% of relevant age group)",SE.PRM.GINT.MA.ZS,103.88487
Czech Republic,CZE,2008,"Gross intake ratio in first grade of primary education, male (% of relevant age group)",SE.PRM.GINT.MA.ZS,107.89534
Czech Republic,CZE,2007,"Gross intake ratio in first grade of primary education, male (% of relevant age group)",SE.PRM.GINT.MA.ZS,111.01348
Czech Republic,CZE,2006,"Gross intake ratio in first grade of primary education, male (% of relevant age group)",SE.PRM.GINT.MA.ZS,108.79718
Czech Republic,CZE,2005,"Gross intake ratio in first grade of primary education, male (% of relevant age group)",SE.PRM.GINT.MA.ZS,101.55369
Czech Republic,CZE,2004,"Gross intake ratio in first grade of primary education, male (% of relevant age group)",SE.PRM.GINT.MA.ZS,96.04182
Czech Republic,CZE,2003,"Gross intake ratio in first grade of primary education, male (% of relevant age group)",SE.PRM.GINT.MA.ZS,92.95955
Czech Republic,CZE,2002,"Gross intake ratio in first grade of primary education, male (% of relevant age group)",SE.PRM.GINT.MA.ZS,92.27473
Czech Republic,CZE,2001,"Gross intake ratio in first grade of primary education, male (% of relevant age group)",SE.PRM.GINT.MA.ZS,100.58351
Czech Republic,CZE,2000,"Gross intake ratio in first grade of primary education, male (% of relevant age group)",SE.PRM.GINT.MA.ZS,101.83173
Czech Republic,CZE,1999,"Gross intake ratio in first grade of primary education, male (% of relevant age group)",SE.PRM.GINT.MA.ZS,101.38742
Czech Republic,CZE,1996,"Gross intake ratio in first grade of primary education, male (% of relevant age group)",SE.PRM.GINT.MA.ZS,101.0723
Czech Republic,CZE,1994,"Gross intake ratio in first grade of primary education, male (% of relevant age group)",SE.PRM.GINT.MA.ZS,106.33183
Czech Republic,CZE,1993,"Gross intake ratio in first grade of primary education, male (% of relevant age group)",SE.PRM.GINT.MA.ZS,105.50437
Czech Republic,CZE,2014,"School enrollment, primary, female (% net)",SE.PRM.NENR.FE,89.48699
Czech Republic,CZE,2013,"School enrollment, primary, female (% net)",SE.PRM.NENR.FE,89.32795
Czech Republic,CZE,2012,"School enrollment, primary, female (% net)",SE.PRM.NENR.FE,89.69032
Czech Republic,CZE,2011,"School enrollment, primary, female (% net)",SE.PRM.NENR.FE,89.15242
Czech Republic,CZE,2014,"School enrollment, primary, male (% net)",SE.PRM.NENR.MA,86.8173
Czech Republic,CZE,2013,"School enrollment, primary, male (% net)",SE.PRM.NENR.MA,86.65551
Czech Republic,CZE,2012,"School enrollment, primary, male (% net)",SE.PRM.NENR.MA,86.87835
Czech Republic,CZE,2011,"School enrollment, primary, male (% net)",SE.PRM.NENR.MA,86.92366
Czech Republic,CZE,2017,"Net intake rate in grade 1, female (% of official school-age population)",SE.PRM.NINT.FE.ZS,55.32041
Czech Republic,CZE,2013,"Net intake rate in grade 1, female (% of official school-age population)",SE.PRM.NINT.FE.ZS,54.74656
Czech Republic,CZE,2017,"Net intake rate in grade 1, male (% of official school-age population)",SE.PRM.NINT.MA.ZS,43.50695
Czech Republic,CZE,2013,"Net intake rate in grade 1, male (% of official school-age population)",SE.PRM.NINT.MA.ZS,43.44768
Czech Republic,CZE,2018,"Persistence to grade 5, female (% of cohort)",SE.PRM.PRS5.FE.ZS,99.5491714477539
Czech Republic,CZE,2017,"Persistence to grade 5, female (% of cohort)",SE.PRM.PRS5.FE.ZS,99.4745178222656
Czech Republic,CZE,2016,"Persistence to grade 5, female (% of cohort)",SE.PRM.PRS5.FE.ZS,99.5530395507813
Czech Republic,CZE,2015,"Persistence to grade 5, female (% of cohort)",SE.PRM.PRS5.FE.ZS,99.5616836547852
Czech Republic,CZE,2014,"Persistence to grade 5, female (% of cohort)",SE.PRM.PRS5.FE.ZS,99.5439987182617
Czech Republic,CZE,2013,"Persistence to grade 5, female (% of cohort)",SE.PRM.PRS5.FE.ZS,99.3900604248047
Czech Republic,CZE,2012,"Persistence to grade 5, female (% of cohort)",SE.PRM.PRS5.FE.ZS,99.4706192016602
Czech Republic,CZE,2011,"Persistence to grade 5, female (% of cohort)",SE.PRM.PRS5.FE.ZS,99.3824615478516
Czech Republic,CZE,2010,"Persistence to grade 5, female (% of cohort)",SE.PRM.PRS5.FE.ZS,99.2305221557617
Czech Republic,CZE,2009,"Persistence to grade 5, female (% of cohort)",SE.PRM.PRS5.FE.ZS,99.0694808959961
Czech Republic,CZE,2008,"Persistence to grade 5, female (% of cohort)",SE.PRM.PRS5.FE.ZS,99.7981414794922
Czech Republic,CZE,2007,"Persistence to grade 5, female (% of cohort)",SE.PRM.PRS5.FE.ZS,98.8530120849609
Czech Republic,CZE,2006,"Persistence to grade 5, female (% of cohort)",SE.PRM.PRS5.FE.ZS,98.5425567626953
Czech Republic,CZE,2005,"Persistence to grade 5, female (% of cohort)",SE.PRM.PRS5.FE.ZS,99.200309753418
Czech Republic,CZE,2004,"Persistence to grade 5, female (% of cohort)",SE.PRM.PRS5.FE.ZS,98.6810607910156
Czech Republic,CZE,2003,"Persistence to grade 5, female (% of cohort)",SE.PRM.PRS5.FE.ZS,98.5865936279297
Czech Republic,CZE,2002,"Persistence to grade 5, female (% of cohort)",SE.PRM.PRS5.FE.ZS,98.1255493164063
Czech Republic,CZE,2001,"Persistence to grade 5, female (% of cohort)",SE.PRM.PRS5.FE.ZS,98.9185791015625
Czech Republic,CZE,2000,"Persistence to grade 5, female (% of cohort)",SE.PRM.PRS5.FE.ZS,98.6780395507813
Czech Republic,CZE,1999,"Persistence to grade 5, female (% of cohort)",SE.PRM.PRS5.FE.ZS,98.6169204711914
Czech Republic,CZE,2018,"Persistence to grade 5, male (% of cohort)",SE.PRM.PRS5.MA.ZS,99.508918762207
Czech Republic,CZE,2017,"Persistence to grade 5, male (% of cohort)",SE.PRM.PRS5.MA.ZS,99.4293670654297
Czech Republic,CZE,2016,"Persistence to grade 5, male (% of cohort)",SE.PRM.PRS5.MA.ZS,99.4170913696289
Czech Republic,CZE,2015,"Persistence to grade 5, male (% of cohort)",SE.PRM.PRS5.MA.ZS,99.4696273803711
Czech Republic,CZE,2014,"Persistence to grade 5, male (% of cohort)",SE.PRM.PRS5.MA.ZS,99.3626937866211
Czech Republic,CZE,2013,"Persistence to grade 5, male (% of cohort)",SE.PRM.PRS5.MA.ZS,99.1931610107422
Czech Republic,CZE,2012,"Persistence to grade 5, male (% of cohort)",SE.PRM.PRS5.MA.ZS,99.001953125
Czech Republic,CZE,2011,"Persistence to grade 5, male (% of cohort)",SE.PRM.PRS5.MA.ZS,99.1269683837891
Czech Republic,CZE,2010,"Persistence to grade 5, male (% of cohort)",SE.PRM.PRS5.MA.ZS,99.1250762939453
Czech Republic,CZE,2009,"Persistence to grade 5, male (% of cohort)",SE.PRM.PRS5.MA.ZS,98.506950378418
Czech Republic,CZE,2008,"Persistence to grade 5, male (% of cohort)",SE.PRM.PRS5.MA.ZS,99.3840713500977
Czech Republic,CZE,2007,"Persistence to grade 5, male (% of cohort)",SE.PRM.PRS5.MA.ZS,98.8117294311523
Czech Republic,CZE,2006,"Persistence to grade 5, male (% of cohort)",SE.PRM.PRS5.MA.ZS,97.9230117797852
Czech Republic,CZE,2005,"Persistence to grade 5, male (% of cohort)",SE.PRM.PRS5.MA.ZS,99.5331726074219
Czech Republic,CZE,2004,"Persistence to grade 5, male (% of cohort)",SE.PRM.PRS5.MA.ZS,98.1656875610352
Czech Republic,CZE,2003,"Persistence to grade 5, male (% of cohort)",SE.PRM.PRS5.MA.ZS,98.2508773803711
Czech Republic,CZE,2002,"Persistence to grade 5, male (% of cohort)",SE.PRM.PRS5.MA.ZS,97.2747421264648
Czech Republic,CZE,2001,"Persistence to grade 5, male (% of cohort)",SE.PRM.PRS5.MA.ZS,98.586669921875
Czech Republic,CZE,2000,"Persistence to grade 5, male (% of cohort)",SE.PRM.PRS5.MA.ZS,98.4243774414063
Czech Republic,CZE,1999,"Persistence to grade 5, male (% of cohort)",SE.PRM.PRS5.MA.ZS,98.0297698974609
Czech Republic,CZE,2018,"Persistence to last grade of primary, female (% of cohort)",SE.PRM.PRSL.FE.ZS,99.5491714477539
Czech Republic,CZE,2017,"Persistence to last grade of primary, female (% of cohort)",SE.PRM.PRSL.FE.ZS,99.4745178222656
Czech Republic,CZE,2016,"Persistence to last grade of primary, female (% of cohort)",SE.PRM.PRSL.FE.ZS,99.5530395507813
Czech Republic,CZE,2015,"Persistence to last grade of primary, female (% of cohort)",SE.PRM.PRSL.FE.ZS,99.5616836547852
Czech Republic,CZE,2014,"Persistence to last grade of primary, female (% of cohort)",SE.PRM.PRSL.FE.ZS,99.5439987182617
Czech Republic,CZE,2013,"Persistence to last grade of primary, female (% of cohort)",SE.PRM.PRSL.FE.ZS,99.3900604248047
Czech Republic,CZE,2012,"Persistence to last grade of primary, female (% of cohort)",SE.PRM.PRSL.FE.ZS,99.4706192016602
Czech Republic,CZE,2011,"Persistence to last grade of primary, female (% of cohort)",SE.PRM.PRSL.FE.ZS,99.3824615478516
Czech Republic,CZE,2010,"Persistence to last grade of primary, female (% of cohort)",SE.PRM.PRSL.FE.ZS,99.2305221557617
Czech Republic,CZE,2009,"Persistence to last grade of primary, female (% of cohort)",SE.PRM.PRSL.FE.ZS,99.0694808959961
Czech Republic,CZE,2008,"Persistence to last grade of primary, female (% of cohort)",SE.PRM.PRSL.FE.ZS,99.7981414794922
Czech Republic,CZE,2007,"Persistence to last grade of primary, female (% of cohort)",SE.PRM.PRSL.FE.ZS,98.8530120849609
Czech Republic,CZE,2006,"Persistence to last grade of primary, female (% of cohort)",SE.PRM.PRSL.FE.ZS,98.5425567626953
Czech Republic,CZE,2005,"Persistence to last grade of primary, female (% of cohort)",SE.PRM.PRSL.FE.ZS,99.200309753418
Czech Republic,CZE,2004,"Persistence to last grade of primary, female (% of cohort)",SE.PRM.PRSL.FE.ZS,98.6810607910156
Czech Republic,CZE,2003,"Persistence to last grade of primary, female (% of cohort)",SE.PRM.PRSL.FE.ZS,98.5865936279297
Czech Republic,CZE,2002,"Persistence to last grade of primary, female (% of cohort)",SE.PRM.PRSL.FE.ZS,98.1255493164063
Czech Republic,CZE,2001,"Persistence to last grade of primary, female (% of cohort)",SE.PRM.PRSL.FE.ZS,98.9185791015625
Czech Republic,CZE,2000,"Persistence to last grade of primary, female (% of cohort)",SE.PRM.PRSL.FE.ZS,98.6780395507813
Czech Republic,CZE,1999,"Persistence to last grade of primary, female (% of cohort)",SE.PRM.PRSL.FE.ZS,98.6169204711914
Czech Republic,CZE,2018,"Persistence to last grade of primary, male (% of cohort)",SE.PRM.PRSL.MA.ZS,99.508918762207
Czech Republic,CZE,2017,"Persistence to last grade of primary, male (% of cohort)",SE.PRM.PRSL.MA.ZS,99.4293670654297
Czech Republic,CZE,2016,"Persistence to last grade of primary, male (% of cohort)",SE.PRM.PRSL.MA.ZS,99.4170913696289
Czech Republic,CZE,2015,"Persistence to last grade of primary, male (% of cohort)",SE.PRM.PRSL.MA.ZS,99.4696273803711
Czech Republic,CZE,2014,"Persistence to last grade of primary, male (% of cohort)",SE.PRM.PRSL.MA.ZS,99.3626937866211
Czech Republic,CZE,2013,"Persistence to last grade of primary, male (% of cohort)",SE.PRM.PRSL.MA.ZS,99.1931610107422
Czech Republic,CZE,2012,"Persistence to last grade of primary, male (% of cohort)",SE.PRM.PRSL.MA.ZS,99.001953125
Czech Republic,CZE,2011,"Persistence to last grade of primary, male (% of cohort)",SE.PRM.PRSL.MA.ZS,99.1269683837891
Czech Republic,CZE,2010,"Persistence to last grade of primary, male (% of cohort)",SE.PRM.PRSL.MA.ZS,99.1250762939453
Czech Republic,CZE,2009,"Persistence to last grade of primary, male (% of cohort)",SE.PRM.PRSL.MA.ZS,98.506950378418
Czech Republic,CZE,2008,"Persistence to last grade of primary, male (% of cohort)",SE.PRM.PRSL.MA.ZS,99.3840713500977
Czech Republic,CZE,2007,"Persistence to last grade of primary, male (% of cohort)",SE.PRM.PRSL.MA.ZS,98.8117294311523
Czech Republic,CZE,2006,"Persistence to last grade of primary, male (% of cohort)",SE.PRM.PRSL.MA.ZS,97.9230117797852
Czech Republic,CZE,2005,"Persistence to last grade of primary, male (% of cohort)",SE.PRM.PRSL.MA.ZS,99.5331726074219
Czech Republic,CZE,2004,"Persistence to last grade of primary, male (% of cohort)",SE.PRM.PRSL.MA.ZS,98.1656875610352
Czech Republic,CZE,2003,"Persistence to last grade of primary, male (% of cohort)",SE.PRM.PRSL.MA.ZS,98.2508773803711
Czech Republic,CZE,2002,"Persistence to last grade of primary, male (% of cohort)",SE.PRM.PRSL.MA.ZS,97.2747421264648
Czech Republic,CZE,2001,"Persistence to last grade of primary, male (% of cohort)",SE.PRM.PRSL.MA.ZS,98.586669921875
Czech Republic,CZE,2000,"Persistence to last grade of primary, male (% of cohort)",SE.PRM.PRSL.MA.ZS,98.4243774414063
Czech Republic,CZE,1999,"Persistence to last grade of primary, male (% of cohort)",SE.PRM.PRSL.MA.ZS,98.0297698974609
Czech Republic,CZE,2017,"Repeaters, primary, female (% of female enrollment)",SE.PRM.REPT.FE.ZS,0.4296
Czech Republic,CZE,2016,"Repeaters, primary, female (% of female enrollment)",SE.PRM.REPT.FE.ZS,0.47109
Czech Republic,CZE,2015,"Repeaters, primary, female (% of female enrollment)",SE.PRM.REPT.FE.ZS,0.45535
Czech Republic,CZE,2014,"Repeaters, primary, female (% of female enrollment)",SE.PRM.REPT.FE.ZS,0.48477
Czech Republic,CZE,2013,"Repeaters, primary, female (% of female enrollment)",SE.PRM.REPT.FE.ZS,0.47068
Czech Republic,CZE,2012,"Repeaters, primary, female (% of female enrollment)",SE.PRM.REPT.FE.ZS,0.46124
Czech Republic,CZE,2011,"Repeaters, primary, female (% of female enrollment)",SE.PRM.REPT.FE.ZS,0.49376
Czech Republic,CZE,2010,"Repeaters, primary, female (% of female enrollment)",SE.PRM.REPT.FE.ZS,0.55858
Czech Republic,CZE,2009,"Repeaters, primary, female (% of female enrollment)",SE.PRM.REPT.FE.ZS,0.52696
Czech Republic,CZE,2008,"Repeaters, primary, female (% of female enrollment)",SE.PRM.REPT.FE.ZS,0.5251
Czech Republic,CZE,2007,"Repeaters, primary, female (% of female enrollment)",SE.PRM.REPT.FE.ZS,0.49897
Czech Republic,CZE,2006,"Repeaters, primary, female (% of female enrollment)",SE.PRM.REPT.FE.ZS,0.57319
Czech Republic,CZE,2005,"Repeaters, primary, female (% of female enrollment)",SE.PRM.REPT.FE.ZS,0.86318
Czech Republic,CZE,2004,"Repeaters, primary, female (% of female enrollment)",SE.PRM.REPT.FE.ZS,0.91948
Czech Republic,CZE,2003,"Repeaters, primary, female (% of female enrollment)",SE.PRM.REPT.FE.ZS,0.93106
Czech Republic,CZE,2002,"Repeaters, primary, female (% of female enrollment)",SE.PRM.REPT.FE.ZS,0.89288
Czech Republic,CZE,2001,"Repeaters, primary, female (% of female enrollment)",SE.PRM.REPT.FE.ZS,0.92006
Czech Republic,CZE,2000,"Repeaters, primary, female (% of female enrollment)",SE.PRM.REPT.FE.ZS,0.96138
Czech Republic,CZE,1999,"Repeaters, primary, female (% of female enrollment)",SE.PRM.REPT.FE.ZS,0.95602
Czech Republic,CZE,1996,"Repeaters, primary, female (% of female enrollment)",SE.PRM.REPT.FE.ZS,1.01574
Czech Republic,CZE,1994,"Repeaters, primary, female (% of female enrollment)",SE.PRM.REPT.FE.ZS,0.83882
Czech Republic,CZE,1993,"Repeaters, primary, female (% of female enrollment)",SE.PRM.REPT.FE.ZS,0.95337
Czech Republic,CZE,2017,"Repeaters, primary, male (% of male enrollment)",SE.PRM.REPT.MA.ZS,0.56889
Czech Republic,CZE,2016,"Repeaters, primary, male (% of male enrollment)",SE.PRM.REPT.MA.ZS,0.64735
Czech Republic,CZE,2015,"Repeaters, primary, male (% of male enrollment)",SE.PRM.REPT.MA.ZS,0.64371
Czech Republic,CZE,2014,"Repeaters, primary, male (% of male enrollment)",SE.PRM.REPT.MA.ZS,0.65143
Czech Republic,CZE,2013,"Repeaters, primary, male (% of male enrollment)",SE.PRM.REPT.MA.ZS,0.68664
Czech Republic,CZE,2012,"Repeaters, primary, male (% of male enrollment)",SE.PRM.REPT.MA.ZS,0.63129
Czech Republic,CZE,2011,"Repeaters, primary, male (% of male enrollment)",SE.PRM.REPT.MA.ZS,0.71773
Czech Republic,CZE,2010,"Repeaters, primary, male (% of male enrollment)",SE.PRM.REPT.MA.ZS,0.71697
Czech Republic,CZE,2009,"Repeaters, primary, male (% of male enrollment)",SE.PRM.REPT.MA.ZS,0.72787
Czech Republic,CZE,2008,"Repeaters, primary, male (% of male enrollment)",SE.PRM.REPT.MA.ZS,0.72759
Czech Republic,CZE,2007,"Repeaters, primary, male (% of male enrollment)",SE.PRM.REPT.MA.ZS,0.72478
Czech Republic,CZE,2006,"Repeaters, primary, male (% of male enrollment)",SE.PRM.REPT.MA.ZS,0.80279
Czech Republic,CZE,2005,"Repeaters, primary, male (% of male enrollment)",SE.PRM.REPT.MA.ZS,1.27246
Czech Republic,CZE,2004,"Repeaters, primary, male (% of male enrollment)",SE.PRM.REPT.MA.ZS,1.24933
Czech Republic,CZE,2003,"Repeaters, primary, male (% of male enrollment)",SE.PRM.REPT.MA.ZS,1.27397
Czech Republic,CZE,2002,"Repeaters, primary, male (% of male enrollment)",SE.PRM.REPT.MA.ZS,1.27651
Czech Republic,CZE,2001,"Repeaters, primary, male (% of male enrollment)",SE.PRM.REPT.MA.ZS,1.29938
Czech Republic,CZE,2000,"Repeaters, primary, male (% of male enrollment)",SE.PRM.REPT.MA.ZS,1.38926
Czech Republic,CZE,1999,"Repeaters, primary, male (% of male enrollment)",SE.PRM.REPT.MA.ZS,1.4986
Czech Republic,CZE,1996,"Repeaters, primary, male (% of male enrollment)",SE.PRM.REPT.MA.ZS,1.45983
Czech Republic,CZE,1994,"Repeaters, primary, male (% of male enrollment)",SE.PRM.REPT.MA.ZS,1.25352
Czech Republic,CZE,1993,"Repeaters, primary, male (% of male enrollment)",SE.PRM.REPT.MA.ZS,1.46994
Czech Republic,CZE,2012,"Primary education, teachers (% female)",SE.PRM.TCHR.FE.ZS,97.1702194213867
Czech Republic,CZE,2011,"Primary education, teachers (% female)",SE.PRM.TCHR.FE.ZS,97.4718627929688
Czech Republic,CZE,2010,"Primary education, teachers (% female)",SE.PRM.TCHR.FE.ZS,97.5251312255859
Czech Republic,CZE,2009,"Primary education, teachers (% female)",SE.PRM.TCHR.FE.ZS,97.6295700073242
Czech Republic,CZE,2008,"Primary education, teachers (% female)",SE.PRM.TCHR.FE.ZS,97.5535278320313
Czech Republic,CZE,2007,"Primary education, teachers (% female)",SE.PRM.TCHR.FE.ZS,94.2054824829102
Czech Republic,CZE,2006,"Primary education, teachers (% female)",SE.PRM.TCHR.FE.ZS,94.6767730712891
Czech Republic,CZE,2005,"Primary education, teachers (% female)",SE.PRM.TCHR.FE.ZS,83.5648727416992
Czech Republic,CZE,2004,"Primary education, teachers (% female)",SE.PRM.TCHR.FE.ZS,83.7490005493164
Czech Republic,CZE,2003,"Primary education, teachers (% female)",SE.PRM.TCHR.FE.ZS,84.0323715209961
Czech Republic,CZE,2002,"Primary education, teachers (% female)",SE.PRM.TCHR.FE.ZS,84.1701431274414
Czech Republic,CZE,2001,"Primary education, teachers (% female)",SE.PRM.TCHR.FE.ZS,84.35595703125
Czech Republic,CZE,2000,"Primary education, teachers (% female)",SE.PRM.TCHR.FE.ZS,84.411979675293
Czech Republic,CZE,1999,"Primary education, teachers (% female)",SE.PRM.TCHR.FE.ZS,84.5330581665039
Czech Republic,CZE,1998,"Primary education, teachers (% female)",SE.PRM.TCHR.FE.ZS,84.6098480224609
Czech Republic,CZE,1996,"Primary education, teachers (% female)",SE.PRM.TCHR.FE.ZS,93.1407775878906
Czech Republic,CZE,1995,"Primary education, teachers (% female)",SE.PRM.TCHR.FE.ZS,93.0083618164063
Czech Republic,CZE,1994,"Primary education, teachers (% female)",SE.PRM.TCHR.FE.ZS,92.4726486206055
Czech Republic,CZE,1993,"Primary education, teachers (% female)",SE.PRM.TCHR.FE.ZS,91.8224105834961
Czech Republic,CZE,2014,"Adjusted net enrollment rate, primary, female (% of primary school age children)",SE.PRM.TENR.FE,89.49493
Czech Republic,CZE,2013,"Adjusted net enrollment rate, primary, female (% of primary school age children)",SE.PRM.TENR.FE,89.33868
Czech Republic,CZE,2012,"Adjusted net enrollment rate, primary, female (% of primary school age children)",SE.PRM.TENR.FE,89.69973
Czech Republic,CZE,2011,"Adjusted net enrollment rate, primary, female (% of primary school age children)",SE.PRM.TENR.FE,89.15596
Czech Republic,CZE,2014,"Adjusted net enrollment rate, primary, male (% of primary school age children)",SE.PRM.TENR.MA,86.82483
Czech Republic,CZE,2013,"Adjusted net enrollment rate, primary, male (% of primary school age children)",SE.PRM.TENR.MA,86.6735
Czech Republic,CZE,2012,"Adjusted net enrollment rate, primary, male (% of primary school age children)",SE.PRM.TENR.MA,86.89051
Czech Republic,CZE,2011,"Adjusted net enrollment rate, primary, male (% of primary school age children)",SE.PRM.TENR.MA,86.92786
Czech Republic,CZE,2019,"Children out of school, primary, female",SE.PRM.UNER.FE,1393
Czech Republic,CZE,2014,"Children out of school, primary, female",SE.PRM.UNER.FE,1209
Czech Republic,CZE,2013,"Children out of school, primary, female",SE.PRM.UNER.FE,2005
Czech Republic,CZE,2012,"Children out of school, primary, female",SE.PRM.UNER.FE,815
Czech Republic,CZE,2011,"Children out of school, primary, female",SE.PRM.UNER.FE,1933
Czech Republic,CZE,2019,"Children out of school, primary, male",SE.PRM.UNER.MA,3607
Czech Republic,CZE,2014,"Children out of school, primary, male",SE.PRM.UNER.MA,2302
Czech Republic,CZE,2013,"Children out of school, primary, male",SE.PRM.UNER.MA,3043
Czech Republic,CZE,2012,"Children out of school, primary, male",SE.PRM.UNER.MA,1261
Czech Republic,CZE,2011,"Children out of school, primary, male",SE.PRM.UNER.MA,1286
Czech Republic,CZE,2019,"Educational attainment, at least completed lower secondary, population 25+, female (%) (cumulative)",SE.SEC.CUAT.LO.FE.ZS,99.8369369506836
Czech Republic,CZE,2017,"Educational attainment, at least completed lower secondary, population 25+, female (%) (cumulative)",SE.SEC.CUAT.LO.FE.ZS,99.8827972412109
Czech Republic,CZE,2016,"Educational attainment, at least completed lower secondary, population 25+, female (%) (cumulative)",SE.SEC.CUAT.LO.FE.ZS,99.8330307006836
Czech Republic,CZE,2015,"Educational attainment, at least completed lower secondary, population 25+, female (%) (cumulative)",SE.SEC.CUAT.LO.FE.ZS,99.8251495361328
Czech Republic,CZE,2014,"Educational attainment, at least completed lower secondary, population 25+, female (%) (cumulative)",SE.SEC.CUAT.LO.FE.ZS,99.8148803710938
Czech Republic,CZE,2013,"Educational attainment, at least completed lower secondary, population 25+, female (%) (cumulative)",SE.SEC.CUAT.LO.FE.ZS,99.8353805541992
Czech Republic,CZE,2012,"Educational attainment, at least completed lower secondary, population 25+, female (%) (cumulative)",SE.SEC.CUAT.LO.FE.ZS,99.8763427734375
Czech Republic,CZE,2011,"Educational attainment, at least completed lower secondary, population 25+, female (%) (cumulative)",SE.SEC.CUAT.LO.FE.ZS,99.837272644043
Czech Republic,CZE,2010,"Educational attainment, at least completed lower secondary, population 25+, female (%) (cumulative)",SE.SEC.CUAT.LO.FE.ZS,99.7743301391602
Czech Republic,CZE,2009,"Educational attainment, at least completed lower secondary, population 25+, female (%) (cumulative)",SE.SEC.CUAT.LO.FE.ZS,99.783447265625
Czech Republic,CZE,2008,"Educational attainment, at least completed lower secondary, population 25+, female (%) (cumulative)",SE.SEC.CUAT.LO.FE.ZS,99.8139877319336
Czech Republic,CZE,2007,"Educational attainment, at least completed lower secondary, population 25+, female (%) (cumulative)",SE.SEC.CUAT.LO.FE.ZS,99.7779998779297
Czech Republic,CZE,2006,"Educational attainment, at least completed lower secondary, population 25+, female (%) (cumulative)",SE.SEC.CUAT.LO.FE.ZS,99.7621917724609
Czech Republic,CZE,1991,"Educational attainment, at least completed lower secondary, population 25+, female (%) (cumulative)",SE.SEC.CUAT.LO.FE.ZS,58.3417587280273
Czech Republic,CZE,2019,"Educational attainment, at least completed lower secondary, population 25+, male (%) (cumulative)",SE.SEC.CUAT.LO.MA.ZS,99.7807235717773
Czech Republic,CZE,2017,"Educational attainment, at least completed lower secondary, population 25+, male (%) (cumulative)",SE.SEC.CUAT.LO.MA.ZS,99.7695617675781
Czech Republic,CZE,2016,"Educational attainment, at least completed lower secondary, population 25+, male (%) (cumulative)",SE.SEC.CUAT.LO.MA.ZS,99.774040222168
Czech Republic,CZE,2015,"Educational attainment, at least completed lower secondary, population 25+, male (%) (cumulative)",SE.SEC.CUAT.LO.MA.ZS,99.7890090942383
Czech Republic,CZE,2014,"Educational attainment, at least completed lower secondary, population 25+, male (%) (cumulative)",SE.SEC.CUAT.LO.MA.ZS,99.8161163330078
Czech Republic,CZE,2013,"Educational attainment, at least completed lower secondary, population 25+, male (%) (cumulative)",SE.SEC.CUAT.LO.MA.ZS,99.7615203857422
Czech Republic,CZE,2012,"Educational attainment, at least completed lower secondary, population 25+, male (%) (cumulative)",SE.SEC.CUAT.LO.MA.ZS,99.7529067993164
Czech Republic,CZE,2011,"Educational attainment, at least completed lower secondary, population 25+, male (%) (cumulative)",SE.SEC.CUAT.LO.MA.ZS,99.7924118041992
Czech Republic,CZE,2010,"Educational attainment, at least completed lower secondary, population 25+, male (%) (cumulative)",SE.SEC.CUAT.LO.MA.ZS,99.8747711181641
Czech Republic,CZE,2009,"Educational attainment, at least completed lower secondary, population 25+, male (%) (cumulative)",SE.SEC.CUAT.LO.MA.ZS,99.7951736450195
Czech Republic,CZE,2008,"Educational attainment, at least completed lower secondary, population 25+, male (%) (cumulative)",SE.SEC.CUAT.LO.MA.ZS,99.7700881958008
Czech Republic,CZE,2007,"Educational attainment, at least completed lower secondary, population 25+, male (%) (cumulative)",SE.SEC.CUAT.LO.MA.ZS,99.7995071411133
Czech Republic,CZE,2006,"Educational attainment, at least completed lower secondary, population 25+, male (%) (cumulative)",SE.SEC.CUAT.LO.MA.ZS,99.7975616455078
Czech Republic,CZE,1991,"Educational attainment, at least completed lower secondary, population 25+, male (%) (cumulative)",SE.SEC.CUAT.LO.MA.ZS,78.7165222167969
Czech Republic,CZE,2019,"Educational attainment, at least completed lower secondary, population 25+, total (%) (cumulative)",SE.SEC.CUAT.LO.ZS,99.8096313476563
Czech Republic,CZE,2017,"Educational attainment, at least completed lower secondary, population 25+, total (%) (cumulative)",SE.SEC.CUAT.LO.ZS,99.8279190063477
Czech Republic,CZE,2016,"Educational attainment, at least completed lower secondary, population 25+, total (%) (cumulative)",SE.SEC.CUAT.LO.ZS,99.8044586181641
Czech Republic,CZE,2015,"Educational attainment, at least completed lower secondary, population 25+, total (%) (cumulative)",SE.SEC.CUAT.LO.ZS,99.8076629638672
Czech Republic,CZE,2014,"Educational attainment, at least completed lower secondary, population 25+, total (%) (cumulative)",SE.SEC.CUAT.LO.ZS,99.8154830932617
Czech Republic,CZE,2013,"Educational attainment, at least completed lower secondary, population 25+, total (%) (cumulative)",SE.SEC.CUAT.LO.ZS,99.7996520996094
Czech Republic,CZE,2012,"Educational attainment, at least completed lower secondary, population 25+, total (%) (cumulative)",SE.SEC.CUAT.LO.ZS,99.8166580200195
Czech Republic,CZE,2011,"Educational attainment, at least completed lower secondary, population 25+, total (%) (cumulative)",SE.SEC.CUAT.LO.ZS,99.8156204223633
Czech Republic,CZE,2010,"Educational attainment, at least completed lower secondary, population 25+, total (%) (cumulative)",SE.SEC.CUAT.LO.ZS,99.8228225708008
Czech Republic,CZE,2009,"Educational attainment, at least completed lower secondary, population 25+, total (%) (cumulative)",SE.SEC.CUAT.LO.ZS,99.7891006469727
Czech Republic,CZE,2008,"Educational attainment, at least completed lower secondary, population 25+, total (%) (cumulative)",SE.SEC.CUAT.LO.ZS,99.7928619384766
Czech Republic,CZE,2007,"Educational attainment, at least completed lower secondary, population 25+, total (%) (cumulative)",SE.SEC.CUAT.LO.ZS,99.7883224487305
Czech Republic,CZE,2006,"Educational attainment, at least completed lower secondary, population 25+, total (%) (cumulative)",SE.SEC.CUAT.LO.ZS,99.7791290283203
Czech Republic,CZE,1991,"Educational attainment, at least completed lower secondary, population 25+, total (%) (cumulative)",SE.SEC.CUAT.LO.ZS,67.9149780273438
Czech Republic,CZE,2016,"Educational attainment, at least completed post-secondary, population 25+, female (%) (cumulative)",SE.SEC.CUAT.PO.FE.ZS,19.7490005493164
Czech Republic,CZE,2015,"Educational attainment, at least completed post-secondary, population 25+, female (%) (cumulative)",SE.SEC.CUAT.PO.FE.ZS,19.2410907745361
Czech Republic,CZE,2014,"Educational attainment, at least completed post-secondary, population 25+, female (%) (cumulative)",SE.SEC.CUAT.PO.FE.ZS,18.2762603759766
Czech Republic,CZE,2013,"Educational attainment, at least completed post-secondary, population 25+, female (%) (cumulative)",SE.SEC.CUAT.PO.FE.ZS,19.6054706573486
Czech Republic,CZE,2012,"Educational attainment, at least completed post-secondary, population 25+, female (%) (cumulative)",SE.SEC.CUAT.PO.FE.ZS,18.5172290802002
Czech Republic,CZE,2011,"Educational attainment, at least completed post-secondary, population 25+, female (%) (cumulative)",SE.SEC.CUAT.PO.FE.ZS,17.3579292297363
Czech Republic,CZE,2010,"Educational attainment, at least completed post-secondary, population 25+, female (%) (cumulative)",SE.SEC.CUAT.PO.FE.ZS,15.8954696655273
Czech Republic,CZE,2009,"Educational attainment, at least completed post-secondary, population 25+, female (%) (cumulative)",SE.SEC.CUAT.PO.FE.ZS,14.6807203292847
Czech Republic,CZE,2008,"Educational attainment, at least completed post-secondary, population 25+, female (%) (cumulative)",SE.SEC.CUAT.PO.FE.ZS,13.4921102523804
Czech Republic,CZE,2007,"Educational attainment, at least completed post-secondary, population 25+, female (%) (cumulative)",SE.SEC.CUAT.PO.FE.ZS,12.6613397598267
Czech Republic,CZE,2006,"Educational attainment, at least completed post-secondary, population 25+, female (%) (cumulative)",SE.SEC.CUAT.PO.FE.ZS,12.5781898498535
Czech Republic,CZE,1991,"Educational attainment, at least completed post-secondary, population 25+, female (%) (cumulative)",SE.SEC.CUAT.PO.FE.ZS,6.06673002243042
Czech Republic,CZE,2016,"Educational attainment, at least completed post-secondary, population 25+, male (%) (cumulative)",SE.SEC.CUAT.PO.MA.ZS,20.765209197998
Czech Republic,CZE,2015,"Educational attainment, at least completed post-secondary, population 25+, male (%) (cumulative)",SE.SEC.CUAT.PO.MA.ZS,19.8389492034912
Czech Republic,CZE,2014,"Educational attainment, at least completed post-secondary, population 25+, male (%) (cumulative)",SE.SEC.CUAT.PO.MA.ZS,19.7045497894287
Czech Republic,CZE,2013,"Educational attainment, at least completed post-secondary, population 25+, male (%) (cumulative)",SE.SEC.CUAT.PO.MA.ZS,20.3322505950928
Czech Republic,CZE,2012,"Educational attainment, at least completed post-secondary, population 25+, male (%) (cumulative)",SE.SEC.CUAT.PO.MA.ZS,19.5349903106689
Czech Republic,CZE,2011,"Educational attainment, at least completed post-secondary, population 25+, male (%) (cumulative)",SE.SEC.CUAT.PO.MA.ZS,19.0529804229736
Czech Republic,CZE,2010,"Educational attainment, at least completed post-secondary, population 25+, male (%) (cumulative)",SE.SEC.CUAT.PO.MA.ZS,17.9875507354736
Czech Republic,CZE,2009,"Educational attainment, at least completed post-secondary, population 25+, male (%) (cumulative)",SE.SEC.CUAT.PO.MA.ZS,16.829439163208
Czech Republic,CZE,2008,"Educational attainment, at least completed post-secondary, population 25+, male (%) (cumulative)",SE.SEC.CUAT.PO.MA.ZS,15.8346996307373
Czech Republic,CZE,2007,"Educational attainment, at least completed post-secondary, population 25+, male (%) (cumulative)",SE.SEC.CUAT.PO.MA.ZS,15.6472597122192
Czech Republic,CZE,2006,"Educational attainment, at least completed post-secondary, population 25+, male (%) (cumulative)",SE.SEC.CUAT.PO.MA.ZS,15.7116298675537
Czech Republic,CZE,1991,"Educational attainment, at least completed post-secondary, population 25+, male (%) (cumulative)",SE.SEC.CUAT.PO.MA.ZS,11.4652004241943
Czech Republic,CZE,2016,"Educational attainment, at least completed post-secondary, population 25+, total (%) (cumulative)",SE.SEC.CUAT.PO.ZS,20.2412490844727
Czech Republic,CZE,2015,"Educational attainment, at least completed post-secondary, population 25+, total (%) (cumulative)",SE.SEC.CUAT.PO.ZS,19.5305309295654
Czech Republic,CZE,2014,"Educational attainment, at least completed post-secondary, population 25+, total (%) (cumulative)",SE.SEC.CUAT.PO.ZS,18.9672508239746
Czech Republic,CZE,2013,"Educational attainment, at least completed post-secondary, population 25+, total (%) (cumulative)",SE.SEC.CUAT.PO.ZS,19.9570407867432
Czech Republic,CZE,2012,"Educational attainment, at least completed post-secondary, population 25+, total (%) (cumulative)",SE.SEC.CUAT.PO.ZS,19.0093002319336
Czech Republic,CZE,2011,"Educational attainment, at least completed post-secondary, population 25+, total (%) (cumulative)",SE.SEC.CUAT.PO.ZS,18.1758708953857
Czech Republic,CZE,2010,"Educational attainment, at least completed post-secondary, population 25+, total (%) (cumulative)",SE.SEC.CUAT.PO.ZS,16.9054698944092
Czech Republic,CZE,2009,"Educational attainment, at least completed post-secondary, population 25+, total (%) (cumulative)",SE.SEC.CUAT.PO.ZS,15.717679977417
Czech Republic,CZE,2008,"Educational attainment, at least completed post-secondary, population 25+, total (%) (cumulative)",SE.SEC.CUAT.PO.ZS,14.6193599700928
Czech Republic,CZE,2007,"Educational attainment, at least completed post-secondary, population 25+, total (%) (cumulative)",SE.SEC.CUAT.PO.ZS,14.0937299728394
Czech Republic,CZE,2006,"Educational attainment, at least completed post-secondary, population 25+, total (%) (cumulative)",SE.SEC.CUAT.PO.ZS,14.0790796279907
Czech Republic,CZE,1991,"Educational attainment, at least completed post-secondary, population 25+, total (%) (cumulative)",SE.SEC.CUAT.PO.ZS,8.60324001312256
Czech Republic,CZE,2019,"Educational attainment, at least completed upper secondary, population 25+, female (%) (cumulative)",SE.SEC.CUAT.UP.FE.ZS,87.3603668212891
Czech Republic,CZE,2017,"Educational attainment, at least completed upper secondary, population 25+, female (%) (cumulative)",SE.SEC.CUAT.UP.FE.ZS,86.7609786987305
Czech Republic,CZE,2016,"Educational attainment, at least completed upper secondary, population 25+, female (%) (cumulative)",SE.SEC.CUAT.UP.FE.ZS,86.3561630249023
Czech Republic,CZE,2015,"Educational attainment, at least completed upper secondary, population 25+, female (%) (cumulative)",SE.SEC.CUAT.UP.FE.ZS,85.578239440918
Czech Republic,CZE,2014,"Educational attainment, at least completed upper secondary, population 25+, female (%) (cumulative)",SE.SEC.CUAT.UP.FE.ZS,85.2496032714844
Czech Republic,CZE,2013,"Educational attainment, at least completed upper secondary, population 25+, female (%) (cumulative)",SE.SEC.CUAT.UP.FE.ZS,84.7268981933594
Czech Republic,CZE,2012,"Educational attainment, at least completed upper secondary, population 25+, female (%) (cumulative)",SE.SEC.CUAT.UP.FE.ZS,83.6713485717773
Czech Republic,CZE,2011,"Educational attainment, at least completed upper secondary, population 25+, female (%) (cumulative)",SE.SEC.CUAT.UP.FE.ZS,83.2271118164063
Czech Republic,CZE,2010,"Educational attainment, at least completed upper secondary, population 25+, female (%) (cumulative)",SE.SEC.CUAT.UP.FE.ZS,82.5794677734375
Czech Republic,CZE,2009,"Educational attainment, at least completed upper secondary, population 25+, female (%) (cumulative)",SE.SEC.CUAT.UP.FE.ZS,81.7112731933594
Czech Republic,CZE,2008,"Educational attainment, at least completed upper secondary, population 25+, female (%) (cumulative)",SE.SEC.CUAT.UP.FE.ZS,80.0522613525391
Czech Republic,CZE,2007,"Educational attainment, at least completed upper secondary, population 25+, female (%) (cumulative)",SE.SEC.CUAT.UP.FE.ZS,79.6304016113281
Czech Republic,CZE,2006,"Educational attainment, at least completed upper secondary, population 25+, female (%) (cumulative)",SE.SEC.CUAT.UP.FE.ZS,79.2586517333984
Czech Republic,CZE,2019,"Educational attainment, at least completed upper secondary, population 25+, male (%) (cumulative)",SE.SEC.CUAT.UP.MA.ZS,94.1676788330078
Czech Republic,CZE,2017,"Educational attainment, at least completed upper secondary, population 25+, male (%) (cumulative)",SE.SEC.CUAT.UP.MA.ZS,94.6302719116211
Czech Republic,CZE,2016,"Educational attainment, at least completed upper secondary, population 25+, male (%) (cumulative)",SE.SEC.CUAT.UP.MA.ZS,94.3510818481445
Czech Republic,CZE,2015,"Educational attainment, at least completed upper secondary, population 25+, male (%) (cumulative)",SE.SEC.CUAT.UP.MA.ZS,94.237922668457
Czech Republic,CZE,2014,"Educational attainment, at least completed upper secondary, population 25+, male (%) (cumulative)",SE.SEC.CUAT.UP.MA.ZS,94.3108825683594
Czech Republic,CZE,2013,"Educational attainment, at least completed upper secondary, population 25+, male (%) (cumulative)",SE.SEC.CUAT.UP.MA.ZS,93.89013671875
Czech Republic,CZE,2012,"Educational attainment, at least completed upper secondary, population 25+, male (%) (cumulative)",SE.SEC.CUAT.UP.MA.ZS,93.7114486694336
Czech Republic,CZE,2011,"Educational attainment, at least completed upper secondary, population 25+, male (%) (cumulative)",SE.SEC.CUAT.UP.MA.ZS,93.9448928833008
Czech Republic,CZE,2010,"Educational attainment, at least completed upper secondary, population 25+, male (%) (cumulative)",SE.SEC.CUAT.UP.MA.ZS,93.794189453125
Czech Republic,CZE,2009,"Educational attainment, at least completed upper secondary, population 25+, male (%) (cumulative)",SE.SEC.CUAT.UP.MA.ZS,93.1870269775391
Czech Republic,CZE,2008,"Educational attainment, at least completed upper secondary, population 25+, male (%) (cumulative)",SE.SEC.CUAT.UP.MA.ZS,92.6974029541016
Czech Republic,CZE,2007,"Educational attainment, at least completed upper secondary, population 25+, male (%) (cumulative)",SE.SEC.CUAT.UP.MA.ZS,92.4415130615234
Czech Republic,CZE,2006,"Educational attainment, at least completed upper secondary, population 25+, male (%) (cumulative)",SE.SEC.CUAT.UP.MA.ZS,92.2425918579102
Czech Republic,CZE,2019,"Educational attainment, at least completed upper secondary, population 25+, total (%) (cumulative)",SE.SEC.CUAT.UP.ZS,90.6672668457031
Czech Republic,CZE,2017,"Educational attainment, at least completed upper secondary, population 25+, total (%) (cumulative)",SE.SEC.CUAT.UP.ZS,90.5752105712891
Czech Republic,CZE,2016,"Educational attainment, at least completed upper secondary, population 25+, total (%) (cumulative)",SE.SEC.CUAT.UP.ZS,90.2288589477539
Czech Republic,CZE,2015,"Educational attainment, at least completed upper secondary, population 25+, total (%) (cumulative)",SE.SEC.CUAT.UP.ZS,89.7707138061523
Czech Republic,CZE,2014,"Educational attainment, at least completed upper secondary, population 25+, total (%) (cumulative)",SE.SEC.CUAT.UP.ZS,89.6333618164063
Czech Republic,CZE,2013,"Educational attainment, at least completed upper secondary, population 25+, total (%) (cumulative)",SE.SEC.CUAT.UP.ZS,89.1595687866211
Czech Republic,CZE,2012,"Educational attainment, at least completed upper secondary, population 25+, total (%) (cumulative)",SE.SEC.CUAT.UP.ZS,88.5255432128906
Czech Republic,CZE,2011,"Educational attainment, at least completed upper secondary, population 25+, total (%) (cumulative)",SE.SEC.CUAT.UP.ZS,88.3989562988281
Czech Republic,CZE,2010,"Educational attainment, at least completed upper secondary, population 25+, total (%) (cumulative)",SE.SEC.CUAT.UP.ZS,87.9936599731445
Czech Republic,CZE,2009,"Educational attainment, at least completed upper secondary, population 25+, total (%) (cumulative)",SE.SEC.CUAT.UP.ZS,87.2494125366211
Czech Republic,CZE,2008,"Educational attainment, at least completed upper secondary, population 25+, total (%) (cumulative)",SE.SEC.CUAT.UP.ZS,86.137077331543
Czech Republic,CZE,2007,"Educational attainment, at least completed upper secondary, population 25+, total (%) (cumulative)",SE.SEC.CUAT.UP.ZS,85.7760925292969
Czech Republic,CZE,2006,"Educational attainment, at least completed upper secondary, population 25+, total (%) (cumulative)",SE.SEC.CUAT.UP.ZS,85.4778289794922
Czech Republic,CZE,2017,"Secondary education, pupils (% female)",SE.SEC.ENRL.FE.ZS,48.87003
Czech Republic,CZE,2016,"Secondary education, pupils (% female)",SE.SEC.ENRL.FE.ZS,48.87799
Czech Republic,CZE,2015,"Secondary education, pupils (% female)",SE.SEC.ENRL.FE.ZS,48.90303
Czech Republic,CZE,2014,"Secondary education, pupils (% female)",SE.SEC.ENRL.FE.ZS,48.78077
Czech Republic,CZE,2013,"Secondary education, pupils (% female)",SE.SEC.ENRL.FE.ZS,48.84565
Czech Republic,CZE,2012,"Secondary education, pupils (% female)",SE.SEC.ENRL.FE.ZS,48.73021
Czech Republic,CZE,2011,"Secondary education, pupils (% female)",SE.SEC.ENRL.FE.ZS,48.75101
Czech Republic,CZE,2010,"Secondary education, pupils (% female)",SE.SEC.ENRL.FE.ZS,48.83198
Czech Republic,CZE,2009,"Secondary education, pupils (% female)",SE.SEC.ENRL.FE.ZS,48.99047
Czech Republic,CZE,2008,"Secondary education, pupils (% female)",SE.SEC.ENRL.FE.ZS,49.0214
Czech Republic,CZE,2007,"Secondary education, pupils (% female)",SE.SEC.ENRL.FE.ZS,49.05179
Czech Republic,CZE,2006,"Secondary education, pupils (% female)",SE.SEC.ENRL.FE.ZS,49.12375
Czech Republic,CZE,2005,"Secondary education, pupils (% female)",SE.SEC.ENRL.FE.ZS,49.19183
Czech Republic,CZE,2004,"Secondary education, pupils (% female)",SE.SEC.ENRL.FE.ZS,49.14804
Czech Republic,CZE,2003,"Secondary education, pupils (% female)",SE.SEC.ENRL.FE.ZS,49.46271
Czech Republic,CZE,2002,"Secondary education, pupils (% female)",SE.SEC.ENRL.FE.ZS,49.50561
Czech Republic,CZE,2001,"Secondary education, pupils (% female)",SE.SEC.ENRL.FE.ZS,49.58153
Czech Republic,CZE,2000,"Secondary education, pupils (% female)",SE.SEC.ENRL.FE.ZS,49.2744
Czech Republic,CZE,1999,"Secondary education, pupils (% female)",SE.SEC.ENRL.FE.ZS,49.86801
Czech Republic,CZE,1998,"Secondary education, pupils (% female)",SE.SEC.ENRL.FE.ZS,49.99723
Czech Republic,CZE,1997,"Secondary education, pupils (% female)",SE.SEC.ENRL.FE.ZS,49.65441
Czech Republic,CZE,1996,"Secondary education, pupils (% female)",SE.SEC.ENRL.FE.ZS,49.63976
Czech Republic,CZE,1995,"Secondary education, pupils (% female)",SE.SEC.ENRL.FE.ZS,49.56149
Czech Republic,CZE,1994,"Secondary education, pupils (% female)",SE.SEC.ENRL.FE.ZS,49.12655
Czech Republic,CZE,1993,"Secondary education, pupils (% female)",SE.SEC.ENRL.FE.ZS,50.47098
Czech Republic,CZE,1992,"Secondary education, pupils (% female)",SE.SEC.ENRL.FE.ZS,49.87658
Czech Republic,CZE,1991,"Secondary education, pupils (% female)",SE.SEC.ENRL.FE.ZS,48.08507
Czech Republic,CZE,1990,"Secondary education, pupils (% female)",SE.SEC.ENRL.FE.ZS,46.62218
Czech Republic,CZE,1989,"Secondary education, pupils (% female)",SE.SEC.ENRL.FE.ZS,47.45981
Czech Republic,CZE,1988,"Secondary education, pupils (% female)",SE.SEC.ENRL.FE.ZS,52.94575
Czech Republic,CZE,1987,"Secondary education, pupils (% female)",SE.SEC.ENRL.FE.ZS,52.95746
Czech Republic,CZE,1986,"Secondary education, pupils (% female)",SE.SEC.ENRL.FE.ZS,50.29836
Czech Republic,CZE,1985,"Secondary education, pupils (% female)",SE.SEC.ENRL.FE.ZS,50.35625
Czech Republic,CZE,1984,"Secondary education, pupils (% female)",SE.SEC.ENRL.FE.ZS,50.43279
Czech Republic,CZE,1983,"Secondary education, pupils (% female)",SE.SEC.ENRL.FE.ZS,50.50574
Czech Republic,CZE,1982,"Secondary education, pupils (% female)",SE.SEC.ENRL.FE.ZS,50.50127
Czech Republic,CZE,1980,"Secondary education, pupils (% female)",SE.SEC.ENRL.FE.ZS,50.07111
Czech Republic,CZE,1979,"Secondary education, pupils (% female)",SE.SEC.ENRL.FE.ZS,50.00705
Czech Republic,CZE,1978,"Secondary education, pupils (% female)",SE.SEC.ENRL.FE.ZS,49.96792
Czech Republic,CZE,1977,"Secondary education, pupils (% female)",SE.SEC.ENRL.FE.ZS,49.95652
Czech Republic,CZE,1976,"Secondary education, pupils (% female)",SE.SEC.ENRL.FE.ZS,49.96231
Czech Republic,CZE,1975,"Secondary education, pupils (% female)",SE.SEC.ENRL.FE.ZS,49.98776
Czech Republic,CZE,1974,"Secondary education, pupils (% female)",SE.SEC.ENRL.FE.ZS,50.0115
Czech Republic,CZE,1973,"Secondary education, pupils (% female)",SE.SEC.ENRL.FE.ZS,50.00764
Czech Republic,CZE,1972,"Secondary education, pupils (% female)",SE.SEC.ENRL.FE.ZS,49.9895
Czech Republic,CZE,1971,"Secondary education, pupils (% female)",SE.SEC.ENRL.FE.ZS,49.95617
Czech Republic,CZE,2017,"Secondary education, general pupils (% female)",SE.SEC.ENRL.GC.FE.ZS,51.07065
Czech Republic,CZE,2016,"Secondary education, general pupils (% female)",SE.SEC.ENRL.GC.FE.ZS,51.04509
Czech Republic,CZE,2015,"Secondary education, general pupils (% female)",SE.SEC.ENRL.GC.FE.ZS,51.09503
Czech Republic,CZE,2014,"Secondary education, general pupils (% female)",SE.SEC.ENRL.GC.FE.ZS,51.06905
Czech Republic,CZE,2013,"Secondary education, general pupils (% female)",SE.SEC.ENRL.GC.FE.ZS,51.1713
Czech Republic,CZE,2012,"Secondary education, general pupils (% female)",SE.SEC.ENRL.GC.FE.ZS,51.35824
Czech Republic,CZE,2011,"Secondary education, general pupils (% female)",SE.SEC.ENRL.GC.FE.ZS,51.45096
Czech Republic,CZE,2010,"Secondary education, general pupils (% female)",SE.SEC.ENRL.GC.FE.ZS,51.43869
Czech Republic,CZE,2009,"Secondary education, general pupils (% female)",SE.SEC.ENRL.GC.FE.ZS,51.27821
Czech Republic,CZE,2008,"Secondary education, general pupils (% female)",SE.SEC.ENRL.GC.FE.ZS,51.05278
Czech Republic,CZE,2007,"Secondary education, general pupils (% female)",SE.SEC.ENRL.GC.FE.ZS,50.86956
Czech Republic,CZE,2006,"Secondary education, general pupils (% female)",SE.SEC.ENRL.GC.FE.ZS,50.83651
Czech Republic,CZE,2005,"Secondary education, general pupils (% female)",SE.SEC.ENRL.GC.FE.ZS,50.97256
Czech Republic,CZE,2004,"Secondary education, general pupils (% female)",SE.SEC.ENRL.GC.FE.ZS,50.98118
Czech Republic,CZE,2003,"Secondary education, general pupils (% female)",SE.SEC.ENRL.GC.FE.ZS,51.1599
Czech Republic,CZE,2002,"Secondary education, general pupils (% female)",SE.SEC.ENRL.GC.FE.ZS,51.05954
Czech Republic,CZE,2001,"Secondary education, general pupils (% female)",SE.SEC.ENRL.GC.FE.ZS,50.95227
Czech Republic,CZE,2000,"Secondary education, general pupils (% female)",SE.SEC.ENRL.GC.FE.ZS,50.59604
Czech Republic,CZE,1999,"Secondary education, general pupils (% female)",SE.SEC.ENRL.GC.FE.ZS,50.39926
Czech Republic,CZE,1998,"Secondary education, general pupils (% female)",SE.SEC.ENRL.GC.FE.ZS,50.29706
Czech Republic,CZE,1997,"Secondary education, general pupils (% female)",SE.SEC.ENRL.GC.FE.ZS,50.21874
Czech Republic,CZE,1996,"Secondary education, general pupils (% female)",SE.SEC.ENRL.GC.FE.ZS,50.58871
Czech Republic,CZE,1995,"Secondary education, general pupils (% female)",SE.SEC.ENRL.GC.FE.ZS,50.54811
Czech Republic,CZE,1994,"Secondary education, general pupils (% female)",SE.SEC.ENRL.GC.FE.ZS,50.38303
Czech Republic,CZE,1993,"Secondary education, general pupils (% female)",SE.SEC.ENRL.GC.FE.ZS,50.4743
Czech Republic,CZE,1992,"Secondary education, general pupils (% female)",SE.SEC.ENRL.GC.FE.ZS,51.52477
Czech Republic,CZE,1991,"Secondary education, general pupils (% female)",SE.SEC.ENRL.GC.FE.ZS,51.25852
Czech Republic,CZE,1990,"Secondary education, general pupils (% female)",SE.SEC.ENRL.GC.FE.ZS,50.95568
Czech Republic,CZE,1989,"Secondary education, general pupils (% female)",SE.SEC.ENRL.GC.FE.ZS,50.94514
Czech Republic,CZE,1988,"Secondary education, general pupils (% female)",SE.SEC.ENRL.GC.FE.ZS,50.49606
Czech Republic,CZE,1987,"Secondary education, general pupils (% female)",SE.SEC.ENRL.GC.FE.ZS,50.57387
Czech Republic,CZE,1986,"Secondary education, general pupils (% female)",SE.SEC.ENRL.GC.FE.ZS,50.68545
Czech Republic,CZE,1985,"Secondary education, general pupils (% female)",SE.SEC.ENRL.GC.FE.ZS,50.79966
Czech Republic,CZE,1984,"Secondary education, general pupils (% female)",SE.SEC.ENRL.GC.FE.ZS,50.99633
Czech Republic,CZE,1983,"Secondary education, general pupils (% female)",SE.SEC.ENRL.GC.FE.ZS,51.05252
Czech Republic,CZE,1982,"Secondary education, general pupils (% female)",SE.SEC.ENRL.GC.FE.ZS,50.92804
Czech Republic,CZE,1980,"Secondary education, general pupils (% female)",SE.SEC.ENRL.GC.FE.ZS,50.96734
Czech Republic,CZE,1979,"Secondary education, general pupils (% female)",SE.SEC.ENRL.GC.FE.ZS,50.69053
Czech Republic,CZE,1978,"Secondary education, general pupils (% female)",SE.SEC.ENRL.GC.FE.ZS,50.61784
Czech Republic,CZE,1977,"Secondary education, general pupils (% female)",SE.SEC.ENRL.GC.FE.ZS,50.61292
Czech Republic,CZE,1976,"Secondary education, general pupils (% female)",SE.SEC.ENRL.GC.FE.ZS,50.67126
Czech Republic,CZE,1975,"Secondary education, general pupils (% female)",SE.SEC.ENRL.GC.FE.ZS,50.78189
Czech Republic,CZE,1974,"Secondary education, general pupils (% female)",SE.SEC.ENRL.GC.FE.ZS,50.94196
Czech Republic,CZE,1973,"Secondary education, general pupils (% female)",SE.SEC.ENRL.GC.FE.ZS,50.76704
Czech Republic,CZE,1972,"Secondary education, general pupils (% female)",SE.SEC.ENRL.GC.FE.ZS,50.65419
Czech Republic,CZE,1971,"Secondary education, general pupils (% female)",SE.SEC.ENRL.GC.FE.ZS,50.27188
Czech Republic,CZE,2017,"Secondary education, vocational pupils (% female)",SE.SEC.ENRL.VO.FE.ZS,45.07065
Czech Republic,CZE,2016,"Secondary education, vocational pupils (% female)",SE.SEC.ENRL.VO.FE.ZS,45.25483
Czech Republic,CZE,2015,"Secondary education, vocational pupils (% female)",SE.SEC.ENRL.VO.FE.ZS,45.36438
Czech Republic,CZE,2014,"Secondary education, vocational pupils (% female)",SE.SEC.ENRL.VO.FE.ZS,45.22872
Czech Republic,CZE,2013,"Secondary education, vocational pupils (% female)",SE.SEC.ENRL.VO.FE.ZS,45.41385
Czech Republic,CZE,2012,"Secondary education, vocational pupils (% female)",SE.SEC.ENRL.VO.FE.ZS,44.54766
Czech Republic,CZE,2011,"Secondary education, vocational pupils (% female)",SE.SEC.ENRL.VO.FE.ZS,44.62491
Czech Republic,CZE,2010,"Secondary education, vocational pupils (% female)",SE.SEC.ENRL.VO.FE.ZS,44.92097
Czech Republic,CZE,2009,"Secondary education, vocational pupils (% female)",SE.SEC.ENRL.VO.FE.ZS,45.44515
Czech Republic,CZE,2008,"Secondary education, vocational pupils (% female)",SE.SEC.ENRL.VO.FE.ZS,45.79731
Czech Republic,CZE,2007,"Secondary education, vocational pupils (% female)",SE.SEC.ENRL.VO.FE.ZS,46.13754
Czech Republic,CZE,2006,"Secondary education, vocational pupils (% female)",SE.SEC.ENRL.VO.FE.ZS,46.4919
Czech Republic,CZE,2005,"Secondary education, vocational pupils (% female)",SE.SEC.ENRL.VO.FE.ZS,46.43295
Czech Republic,CZE,2004,"Secondary education, vocational pupils (% female)",SE.SEC.ENRL.VO.FE.ZS,46.26857
Czech Republic,CZE,2003,"Secondary education, vocational pupils (% female)",SE.SEC.ENRL.VO.FE.ZS,46.81333
Czech Republic,CZE,2002,"Secondary education, vocational pupils (% female)",SE.SEC.ENRL.VO.FE.ZS,47.10023
Czech Republic,CZE,2001,"Secondary education, vocational pupils (% female)",SE.SEC.ENRL.VO.FE.ZS,47.40984
Czech Republic,CZE,2000,"Secondary education, vocational pupils (% female)",SE.SEC.ENRL.VO.FE.ZS,46.95151
Czech Republic,CZE,1999,"Secondary education, vocational pupils (% female)",SE.SEC.ENRL.VO.FE.ZS,48.83811
Czech Republic,CZE,1998,"Secondary education, vocational pupils (% female)",SE.SEC.ENRL.VO.FE.ZS,49.47826
Czech Republic,CZE,1997,"Secondary education, vocational pupils (% female)",SE.SEC.ENRL.VO.FE.ZS,48.88649
Czech Republic,CZE,1996,"Secondary education, vocational pupils (% female)",SE.SEC.ENRL.VO.FE.ZS,48.52502
Czech Republic,CZE,1995,"Secondary education, vocational pupils (% female)",SE.SEC.ENRL.VO.FE.ZS,48.32247
Czech Republic,CZE,1994,"Secondary education, vocational pupils (% female)",SE.SEC.ENRL.VO.FE.ZS,47.37115
Czech Republic,CZE,1993,"Secondary education, vocational pupils (% female)",SE.SEC.ENRL.VO.FE.ZS,50.46654
Czech Republic,CZE,1992,"Secondary education, vocational pupils (% female)",SE.SEC.ENRL.VO.FE.ZS,47.22488
Czech Republic,CZE,1991,"Secondary education, vocational pupils (% female)",SE.SEC.ENRL.VO.FE.ZS,43.38663
Czech Republic,CZE,1990,"Secondary education, vocational pupils (% female)",SE.SEC.ENRL.VO.FE.ZS,40.18183
Czech Republic,CZE,1989,"Secondary education, vocational pupils (% female)",SE.SEC.ENRL.VO.FE.ZS,42.08029
Czech Republic,CZE,1988,"Secondary education, vocational pupils (% female)",SE.SEC.ENRL.VO.FE.ZS,57.20576
Czech Republic,CZE,1987,"Secondary education, vocational pupils (% female)",SE.SEC.ENRL.VO.FE.ZS,57.06829
Czech Republic,CZE,1986,"Secondary education, vocational pupils (% female)",SE.SEC.ENRL.VO.FE.ZS,49.59768
Czech Republic,CZE,1985,"Secondary education, vocational pupils (% female)",SE.SEC.ENRL.VO.FE.ZS,49.60838
Czech Republic,CZE,1984,"Secondary education, vocational pupils (% female)",SE.SEC.ENRL.VO.FE.ZS,49.56273
Czech Republic,CZE,1983,"Secondary education, vocational pupils (% female)",SE.SEC.ENRL.VO.FE.ZS,49.73822
Czech Republic,CZE,1982,"Secondary education, vocational pupils (% female)",SE.SEC.ENRL.VO.FE.ZS,49.90251
Czech Republic,CZE,1980,"Secondary education, vocational pupils (% female)",SE.SEC.ENRL.VO.FE.ZS,48.97018
Czech Republic,CZE,1979,"Secondary education, vocational pupils (% female)",SE.SEC.ENRL.VO.FE.ZS,49.07275
Czech Republic,CZE,1978,"Secondary education, vocational pupils (% female)",SE.SEC.ENRL.VO.FE.ZS,49.02692
Czech Republic,CZE,1977,"Secondary education, vocational pupils (% female)",SE.SEC.ENRL.VO.FE.ZS,48.9893
Czech Republic,CZE,1976,"Secondary education, vocational pupils (% female)",SE.SEC.ENRL.VO.FE.ZS,48.935
Czech Republic,CZE,1975,"Secondary education, vocational pupils (% female)",SE.SEC.ENRL.VO.FE.ZS,48.89794
Czech Republic,CZE,1974,"Secondary education, vocational pupils (% female)",SE.SEC.ENRL.VO.FE.ZS,48.78305
Czech Republic,CZE,1973,"Secondary education, vocational pupils (% female)",SE.SEC.ENRL.VO.FE.ZS,48.97898
Czech Republic,CZE,1972,"Secondary education, vocational pupils (% female)",SE.SEC.ENRL.VO.FE.ZS,49.07567
Czech Republic,CZE,1971,"Secondary education, vocational pupils (% female)",SE.SEC.ENRL.VO.FE.ZS,49.51191
Czech Republic,CZE,2019,"School enrollment, secondary, female (% gross)",SE.SEC.ENRR.FE,101.807052612305
Czech Republic,CZE,2018,"School enrollment, secondary, female (% gross)",SE.SEC.ENRR.FE,102.518440246582
Czech Republic,CZE,2017,"School enrollment, secondary, female (% gross)",SE.SEC.ENRR.FE,103.870018005371
Czech Republic,CZE,2016,"School enrollment, secondary, female (% gross)",SE.SEC.ENRR.FE,105.086631774902
Czech Republic,CZE,2015,"School enrollment, secondary, female (% gross)",SE.SEC.ENRR.FE,105.599388122559
Czech Republic,CZE,2014,"School enrollment, secondary, female (% gross)",SE.SEC.ENRR.FE,104.94596862793
Czech Republic,CZE,2013,"School enrollment, secondary, female (% gross)",SE.SEC.ENRR.FE,104.375480651855
Czech Republic,CZE,2012,"School enrollment, secondary, female (% gross)",SE.SEC.ENRR.FE,96.8897171020508
Czech Republic,CZE,2011,"School enrollment, secondary, female (% gross)",SE.SEC.ENRR.FE,95.9003372192383
Czech Republic,CZE,2010,"School enrollment, secondary, female (% gross)",SE.SEC.ENRR.FE,94.9445571899414
Czech Republic,CZE,2009,"School enrollment, secondary, female (% gross)",SE.SEC.ENRR.FE,94.4451599121094
Czech Republic,CZE,2008,"School enrollment, secondary, female (% gross)",SE.SEC.ENRR.FE,94.792839050293
Czech Republic,CZE,2007,"School enrollment, secondary, female (% gross)",SE.SEC.ENRR.FE,95.6538009643555
Czech Republic,CZE,2006,"School enrollment, secondary, female (% gross)",SE.SEC.ENRR.FE,96.8746109008789
Czech Republic,CZE,2005,"School enrollment, secondary, female (% gross)",SE.SEC.ENRR.FE,96.5692672729492
Czech Republic,CZE,2004,"School enrollment, secondary, female (% gross)",SE.SEC.ENRR.FE,96.2254180908203
Czech Republic,CZE,2003,"School enrollment, secondary, female (% gross)",SE.SEC.ENRR.FE,97.9066314697266
Czech Republic,CZE,2002,"School enrollment, secondary, female (% gross)",SE.SEC.ENRR.FE,96.9988021850586
Czech Republic,CZE,2001,"School enrollment, secondary, female (% gross)",SE.SEC.ENRR.FE,96.4420928955078
Czech Republic,CZE,2000,"School enrollment, secondary, female (% gross)",SE.SEC.ENRR.FE,89.2672805786133
Czech Republic,CZE,1999,"School enrollment, secondary, female (% gross)",SE.SEC.ENRR.FE,84.8442916870117
Czech Republic,CZE,1998,"School enrollment, secondary, female (% gross)",SE.SEC.ENRR.FE,84.2196731567383
Czech Republic,CZE,1997,"School enrollment, secondary, female (% gross)",SE.SEC.ENRR.FE,89.3138580322266
Czech Republic,CZE,1996,"School enrollment, secondary, female (% gross)",SE.SEC.ENRR.FE,99.6982421875
Czech Republic,CZE,1995,"School enrollment, secondary, female (% gross)",SE.SEC.ENRR.FE,95.4467468261719
Czech Republic,CZE,1994,"School enrollment, secondary, female (% gross)",SE.SEC.ENRR.FE,90.6383285522461
Czech Republic,CZE,1993,"School enrollment, secondary, female (% gross)",SE.SEC.ENRR.FE,90.9285125732422
Czech Republic,CZE,1992,"School enrollment, secondary, female (% gross)",SE.SEC.ENRR.FE,87.8842468261719
Czech Republic,CZE,1991,"School enrollment, secondary, female (% gross)",SE.SEC.ENRR.FE,88.2390670776367
Czech Republic,CZE,1990,"School enrollment, secondary, female (% gross)",SE.SEC.ENRR.FE,87.1354064941406
Czech Republic,CZE,1989,"School enrollment, secondary, female (% gross)",SE.SEC.ENRR.FE,89.9773635864258
Czech Republic,CZE,1988,"School enrollment, secondary, female (% gross)",SE.SEC.ENRR.FE,99.1035690307617
Czech Republic,CZE,1987,"School enrollment, secondary, female (% gross)",SE.SEC.ENRR.FE,101.583488464355
Czech Republic,CZE,1986,"School enrollment, secondary, female (% gross)",SE.SEC.ENRR.FE,94.9245300292969
Czech Republic,CZE,1985,"School enrollment, secondary, female (% gross)",SE.SEC.ENRR.FE,96.8697280883789
Czech Republic,CZE,1984,"School enrollment, secondary, female (% gross)",SE.SEC.ENRR.FE,98.7001190185547
Czech Republic,CZE,1983,"School enrollment, secondary, female (% gross)",SE.SEC.ENRR.FE,103.813331604004
Czech Republic,CZE,1982,"School enrollment, secondary, female (% gross)",SE.SEC.ENRR.FE,107.489280700684
Czech Republic,CZE,1980,"School enrollment, secondary, female (% gross)",SE.SEC.ENRR.FE,97.0451889038086
Czech Republic,CZE,1979,"School enrollment, secondary, female (% gross)",SE.SEC.ENRR.FE,97.0342102050781
Czech Republic,CZE,1978,"School enrollment, secondary, female (% gross)",SE.SEC.ENRR.FE,95.7584915161133
Czech Republic,CZE,1977,"School enrollment, secondary, female (% gross)",SE.SEC.ENRR.FE,94.138671875
Czech Republic,CZE,1976,"School enrollment, secondary, female (% gross)",SE.SEC.ENRR.FE,91.3401489257813
Czech Republic,CZE,1975,"School enrollment, secondary, female (% gross)",SE.SEC.ENRR.FE,88.4791412353516
Czech Republic,CZE,1974,"School enrollment, secondary, female (% gross)",SE.SEC.ENRR.FE,86.7693176269531
Czech Republic,CZE,1973,"School enrollment, secondary, female (% gross)",SE.SEC.ENRR.FE,86.5439376831055
Czech Republic,CZE,1972,"School enrollment, secondary, female (% gross)",SE.SEC.ENRR.FE,86.5132675170898
Czech Republic,CZE,1971,"School enrollment, secondary, female (% gross)",SE.SEC.ENRR.FE,86.146369934082
Czech Republic,CZE,2019,"School enrollment, secondary, male (% gross)",SE.SEC.ENRR.MA,100.821258544922
Czech Republic,CZE,2018,"School enrollment, secondary, male (% gross)",SE.SEC.ENRR.MA,102.088500976563
Czech Republic,CZE,2017,"School enrollment, secondary, male (% gross)",SE.SEC.ENRR.MA,103.132431030273
Czech Republic,CZE,2016,"School enrollment, secondary, male (% gross)",SE.SEC.ENRR.MA,104.206443786621
Czech Republic,CZE,2015,"School enrollment, secondary, male (% gross)",SE.SEC.ENRR.MA,104.605712890625
Czech Republic,CZE,2014,"School enrollment, secondary, male (% gross)",SE.SEC.ENRR.MA,104.461410522461
Czech Republic,CZE,2013,"School enrollment, secondary, male (% gross)",SE.SEC.ENRR.MA,103.641937255859
Czech Republic,CZE,2012,"School enrollment, secondary, male (% gross)",SE.SEC.ENRR.MA,96.6989364624023
Czech Republic,CZE,2011,"School enrollment, secondary, male (% gross)",SE.SEC.ENRR.MA,95.702392578125
Czech Republic,CZE,2010,"School enrollment, secondary, male (% gross)",SE.SEC.ENRR.MA,94.383056640625
Czech Republic,CZE,2009,"School enrollment, secondary, male (% gross)",SE.SEC.ENRR.MA,93.2859268188477
Czech Republic,CZE,2008,"School enrollment, secondary, male (% gross)",SE.SEC.ENRR.MA,93.5391998291016
Czech Republic,CZE,2007,"School enrollment, secondary, male (% gross)",SE.SEC.ENRR.MA,94.2991561889648
Czech Republic,CZE,2006,"School enrollment, secondary, male (% gross)",SE.SEC.ENRR.MA,95.2429580688477
Czech Republic,CZE,2005,"School enrollment, secondary, male (% gross)",SE.SEC.ENRR.MA,94.8168029785156
Czech Republic,CZE,2004,"School enrollment, secondary, male (% gross)",SE.SEC.ENRR.MA,94.6970520019531
Czech Republic,CZE,2003,"School enrollment, secondary, male (% gross)",SE.SEC.ENRR.MA,95.1415176391602
Czech Republic,CZE,2002,"School enrollment, secondary, male (% gross)",SE.SEC.ENRR.MA,94.0779724121094
Czech Republic,CZE,2001,"School enrollment, secondary, male (% gross)",SE.SEC.ENRR.MA,93.2494277954102
Czech Republic,CZE,2000,"School enrollment, secondary, male (% gross)",SE.SEC.ENRR.MA,87.413948059082
Czech Republic,CZE,1999,"School enrollment, secondary, male (% gross)",SE.SEC.ENRR.MA,81.1714477539063
Czech Republic,CZE,1998,"School enrollment, secondary, male (% gross)",SE.SEC.ENRR.MA,80.1967086791992
Czech Republic,CZE,1997,"School enrollment, secondary, male (% gross)",SE.SEC.ENRR.MA,86.2548980712891
Czech Republic,CZE,1996,"School enrollment, secondary, male (% gross)",SE.SEC.ENRR.MA,96.2990112304688
Czech Republic,CZE,1995,"School enrollment, secondary, male (% gross)",SE.SEC.ENRR.MA,92.547233581543
Czech Republic,CZE,1994,"School enrollment, secondary, male (% gross)",SE.SEC.ENRR.MA,89.4846801757813
Czech Republic,CZE,1993,"School enrollment, secondary, male (% gross)",SE.SEC.ENRR.MA,85.1131362915039
Czech Republic,CZE,1992,"School enrollment, secondary, male (% gross)",SE.SEC.ENRR.MA,84.2577514648438
Czech Republic,CZE,1991,"School enrollment, secondary, male (% gross)",SE.SEC.ENRR.MA,90.8599472045898
Czech Republic,CZE,1990,"School enrollment, secondary, male (% gross)",SE.SEC.ENRR.MA,95.1625137329102
Czech Republic,CZE,1989,"School enrollment, secondary, male (% gross)",SE.SEC.ENRR.MA,94.9962921142578
Czech Republic,CZE,1988,"School enrollment, secondary, male (% gross)",SE.SEC.ENRR.MA,83.9555130004883
Czech Republic,CZE,1987,"School enrollment, secondary, male (% gross)",SE.SEC.ENRR.MA,85.9687728881836
Czech Republic,CZE,1986,"School enrollment, secondary, male (% gross)",SE.SEC.ENRR.MA,89.3258209228516
Czech Republic,CZE,1985,"School enrollment, secondary, male (% gross)",SE.SEC.ENRR.MA,90.945182800293
Czech Republic,CZE,1984,"School enrollment, secondary, male (% gross)",SE.SEC.ENRR.MA,92.4045333862305
Czech Republic,CZE,1983,"School enrollment, secondary, male (% gross)",SE.SEC.ENRR.MA,96.9568328857422
Czech Republic,CZE,1982,"School enrollment, secondary, male (% gross)",SE.SEC.ENRR.MA,100.470069885254
Czech Republic,CZE,1980,"School enrollment, secondary, male (% gross)",SE.SEC.ENRR.MA,92.3628768920898
Czech Republic,CZE,1979,"School enrollment, secondary, male (% gross)",SE.SEC.ENRR.MA,92.6034469604492
Czech Republic,CZE,1978,"School enrollment, secondary, male (% gross)",SE.SEC.ENRR.MA,91.5311737060547
Czech Republic,CZE,1977,"School enrollment, secondary, male (% gross)",SE.SEC.ENRR.MA,90.0082626342773
Czech Republic,CZE,1976,"School enrollment, secondary, male (% gross)",SE.SEC.ENRR.MA,87.2770614624023
Czech Republic,CZE,1975,"School enrollment, secondary, male (% gross)",SE.SEC.ENRR.MA,84.5012893676758
Czech Republic,CZE,1974,"School enrollment, secondary, male (% gross)",SE.SEC.ENRR.MA,82.8378601074219
Czech Republic,CZE,1973,"School enrollment, secondary, male (% gross)",SE.SEC.ENRR.MA,82.6699371337891
Czech Republic,CZE,1972,"School enrollment, secondary, male (% gross)",SE.SEC.ENRR.MA,82.6996765136719
Czech Republic,CZE,1971,"School enrollment, secondary, male (% gross)",SE.SEC.ENRR.MA,82.4123764038086
Czech Republic,CZE,2017,"School enrollment, secondary, female (% net)",SE.SEC.NENR.FE,91.49009
Czech Republic,CZE,2016,"School enrollment, secondary, female (% net)",SE.SEC.NENR.FE,92.01744
Czech Republic,CZE,2015,"School enrollment, secondary, female (% net)",SE.SEC.NENR.FE,91.17041
Czech Republic,CZE,2014,"School enrollment, secondary, female (% net)",SE.SEC.NENR.FE,89.84155
Czech Republic,CZE,2013,"School enrollment, secondary, female (% net)",SE.SEC.NENR.FE,88.7365
Czech Republic,CZE,2004,"School enrollment, secondary, female (% net)",SE.SEC.NENR.FE,90.75791
Czech Republic,CZE,2002,"School enrollment, secondary, female (% net)",SE.SEC.NENR.FE,89.96199
Czech Republic,CZE,2001,"School enrollment, secondary, female (% net)",SE.SEC.NENR.FE,89.29101
Czech Republic,CZE,2017,"School enrollment, secondary, male (% net)",SE.SEC.NENR.MA,89.59659
Czech Republic,CZE,2016,"School enrollment, secondary, male (% net)",SE.SEC.NENR.MA,90.04348
Czech Republic,CZE,2015,"School enrollment, secondary, male (% net)",SE.SEC.NENR.MA,89.21127
Czech Republic,CZE,2014,"School enrollment, secondary, male (% net)",SE.SEC.NENR.MA,87.96153
Czech Republic,CZE,2013,"School enrollment, secondary, male (% net)",SE.SEC.NENR.MA,86.86255
Czech Republic,CZE,2004,"School enrollment, secondary, male (% net)",SE.SEC.NENR.MA,88.65619
Czech Republic,CZE,2002,"School enrollment, secondary, male (% net)",SE.SEC.NENR.MA,88.45577
Czech Republic,CZE,2001,"School enrollment, secondary, male (% net)",SE.SEC.NENR.MA,87.70328
Czech Republic,CZE,2016,"Progression to secondary school, female (%)",SE.SEC.PROG.FE.ZS,99.89171
Czech Republic,CZE,2015,"Progression to secondary school, female (%)",SE.SEC.PROG.FE.ZS,100
Czech Republic,CZE,2014,"Progression to secondary school, female (%)",SE.SEC.PROG.FE.ZS,100
Czech Republic,CZE,2013,"Progression to secondary school, female (%)",SE.SEC.PROG.FE.ZS,100
Czech Republic,CZE,2012,"Progression to secondary school, female (%)",SE.SEC.PROG.FE.ZS,100
Czech Republic,CZE,2011,"Progression to secondary school, female (%)",SE.SEC.PROG.FE.ZS,100
Czech Republic,CZE,2010,"Progression to secondary school, female (%)",SE.SEC.PROG.FE.ZS,100
Czech Republic,CZE,2009,"Progression to secondary school, female (%)",SE.SEC.PROG.FE.ZS,100
Czech Republic,CZE,2008,"Progression to secondary school, female (%)",SE.SEC.PROG.FE.ZS,99.85362
Czech Republic,CZE,2007,"Progression to secondary school, female (%)",SE.SEC.PROG.FE.ZS,99.3661
Czech Republic,CZE,2006,"Progression to secondary school, female (%)",SE.SEC.PROG.FE.ZS,99.31826
Czech Republic,CZE,2005,"Progression to secondary school, female (%)",SE.SEC.PROG.FE.ZS,99.81965
Czech Republic,CZE,2004,"Progression to secondary school, female (%)",SE.SEC.PROG.FE.ZS,100
Czech Republic,CZE,2003,"Progression to secondary school, female (%)",SE.SEC.PROG.FE.ZS,100
Czech Republic,CZE,2002,"Progression to secondary school, female (%)",SE.SEC.PROG.FE.ZS,99.67719
Czech Republic,CZE,2001,"Progression to secondary school, female (%)",SE.SEC.PROG.FE.ZS,99.56788
Czech Republic,CZE,2000,"Progression to secondary school, female (%)",SE.SEC.PROG.FE.ZS,99.9426
Czech Republic,CZE,1999,"Progression to secondary school, female (%)",SE.SEC.PROG.FE.ZS,99.8909
Czech Republic,CZE,1995,"Progression to secondary school, female (%)",SE.SEC.PROG.FE.ZS,100
Czech Republic,CZE,2016,"Progression to secondary school, male (%)",SE.SEC.PROG.MA.ZS,100
Czech Republic,CZE,2015,"Progression to secondary school, male (%)",SE.SEC.PROG.MA.ZS,99.91662
Czech Republic,CZE,2014,"Progression to secondary school, male (%)",SE.SEC.PROG.MA.ZS,99.95383
Czech Republic,CZE,2013,"Progression to secondary school, male (%)",SE.SEC.PROG.MA.ZS,99.4392
Czech Republic,CZE,2012,"Progression to secondary school, male (%)",SE.SEC.PROG.MA.ZS,99.37439
Czech Republic,CZE,2011,"Progression to secondary school, male (%)",SE.SEC.PROG.MA.ZS,98.45891
Czech Republic,CZE,2010,"Progression to secondary school, male (%)",SE.SEC.PROG.MA.ZS,98.70884
Czech Republic,CZE,2009,"Progression to secondary school, male (%)",SE.SEC.PROG.MA.ZS,98.7432
Czech Republic,CZE,2008,"Progression to secondary school, male (%)",SE.SEC.PROG.MA.ZS,99.60642
Czech Republic,CZE,2007,"Progression to secondary school, male (%)",SE.SEC.PROG.MA.ZS,99.13606
Czech Republic,CZE,2006,"Progression to secondary school, male (%)",SE.SEC.PROG.MA.ZS,99.23278
Czech Republic,CZE,2005,"Progression to secondary school, male (%)",SE.SEC.PROG.MA.ZS,99.7419
Czech Republic,CZE,2004,"Progression to secondary school, male (%)",SE.SEC.PROG.MA.ZS,99.72243
Czech Republic,CZE,2003,"Progression to secondary school, male (%)",SE.SEC.PROG.MA.ZS,99.99558
Czech Republic,CZE,2002,"Progression to secondary school, male (%)",SE.SEC.PROG.MA.ZS,100
Czech Republic,CZE,2001,"Progression to secondary school, male (%)",SE.SEC.PROG.MA.ZS,100
Czech Republic,CZE,2000,"Progression to secondary school, male (%)",SE.SEC.PROG.MA.ZS,100
Czech Republic,CZE,1999,"Progression to secondary school, male (%)",SE.SEC.PROG.MA.ZS,100
Czech Republic,CZE,1995,"Progression to secondary school, male (%)",SE.SEC.PROG.MA.ZS,95.67912
Czech Republic,CZE,2012,"Secondary education, teachers (% female)",SE.SEC.TCHR.FE.ZS,65.7686309814453
Czech Republic,CZE,2011,"Secondary education, teachers (% female)",SE.SEC.TCHR.FE.ZS,65.5362091064453
Czech Republic,CZE,2010,"Secondary education, teachers (% female)",SE.SEC.TCHR.FE.ZS,64.9125823974609
Czech Republic,CZE,2009,"Secondary education, teachers (% female)",SE.SEC.TCHR.FE.ZS,65.5410690307617
Czech Republic,CZE,2008,"Secondary education, teachers (% female)",SE.SEC.TCHR.FE.ZS,65.5495986938477
Czech Republic,CZE,2007,"Secondary education, teachers (% female)",SE.SEC.TCHR.FE.ZS,67.7936019897461
Czech Republic,CZE,2006,"Secondary education, teachers (% female)",SE.SEC.TCHR.FE.ZS,64.8425064086914
Czech Republic,CZE,2005,"Secondary education, teachers (% female)",SE.SEC.TCHR.FE.ZS,67.2388305664063
Czech Republic,CZE,2004,"Secondary education, teachers (% female)",SE.SEC.TCHR.FE.ZS,67.083610534668
Czech Republic,CZE,2003,"Secondary education, teachers (% female)",SE.SEC.TCHR.FE.ZS,66.7788467407227
Czech Republic,CZE,2002,"Secondary education, teachers (% female)",SE.SEC.TCHR.FE.ZS,66.8773803710938
Czech Republic,CZE,2001,"Secondary education, teachers (% female)",SE.SEC.TCHR.FE.ZS,66.0758666992188
Czech Republic,CZE,1996,"Secondary education, teachers (% female)",SE.SEC.TCHR.FE.ZS,61.3588905334473
Czech Republic,CZE,1995,"Secondary education, teachers (% female)",SE.SEC.TCHR.FE.ZS,63.9499893188477
Czech Republic,CZE,1994,"Secondary education, teachers (% female)",SE.SEC.TCHR.FE.ZS,61.1151809692383
Czech Republic,CZE,1993,"Secondary education, teachers (% female)",SE.SEC.TCHR.FE.ZS,60.5236587524414
Czech Republic,CZE,2019,"Educational attainment, at least Bachelor's or equivalent, population 25+, female (%) (cumulative)",SE.TER.CUAT.BA.FE.ZS,20.9466800689697
Czech Republic,CZE,2017,"Educational attainment, at least Bachelor's or equivalent, population 25+, female (%) (cumulative)",SE.TER.CUAT.BA.FE.ZS,20.4003505706787
Czech Republic,CZE,2016,"Educational attainment, at least Bachelor's or equivalent, population 25+, female (%) (cumulative)",SE.TER.CUAT.BA.FE.ZS,19.599910736084
Czech Republic,CZE,2015,"Educational attainment, at least Bachelor's or equivalent, population 25+, female (%) (cumulative)",SE.TER.CUAT.BA.FE.ZS,19.0553302764893
Czech Republic,CZE,2014,"Educational attainment, at least Bachelor's or equivalent, population 25+, female (%) (cumulative)",SE.TER.CUAT.BA.FE.ZS,18.1330890655518
Czech Republic,CZE,2019,"Educational attainment, at least Bachelor's or equivalent, population 25+, male (%) (cumulative)",SE.TER.CUAT.BA.MA.ZS,20.8730201721191
Czech Republic,CZE,2017,"Educational attainment, at least Bachelor's or equivalent, population 25+, male (%) (cumulative)",SE.TER.CUAT.BA.MA.ZS,21.083869934082
Czech Republic,CZE,2016,"Educational attainment, at least Bachelor's or equivalent, population 25+, male (%) (cumulative)",SE.TER.CUAT.BA.MA.ZS,20.5878200531006
Czech Republic,CZE,2015,"Educational attainment, at least Bachelor's or equivalent, population 25+, male (%) (cumulative)",SE.TER.CUAT.BA.MA.ZS,19.6470508575439
Czech Republic,CZE,2014,"Educational attainment, at least Bachelor's or equivalent, population 25+, male (%) (cumulative)",SE.TER.CUAT.BA.MA.ZS,19.5668392181396
Czech Republic,CZE,2019,"Educational attainment, at least Bachelor's or equivalent, population 25+, total (%) (cumulative)",SE.TER.CUAT.BA.ZS,20.9109001159668
Czech Republic,CZE,2017,"Educational attainment, at least Bachelor's or equivalent, population 25+, total (%) (cumulative)",SE.TER.CUAT.BA.ZS,20.7316493988037
Czech Republic,CZE,2016,"Educational attainment, at least Bachelor's or equivalent, population 25+, total (%) (cumulative)",SE.TER.CUAT.BA.ZS,20.0784492492676
Czech Republic,CZE,2015,"Educational attainment, at least Bachelor's or equivalent, population 25+, total (%) (cumulative)",SE.TER.CUAT.BA.ZS,19.3418006896973
Czech Republic,CZE,2014,"Educational attainment, at least Bachelor's or equivalent, population 25+, total (%) (cumulative)",SE.TER.CUAT.BA.ZS,18.8267307281494
Czech Republic,CZE,2019,"Educational attainment, Doctoral or equivalent, population 25+, female (%) (cumulative)",SE.TER.CUAT.DO.FE.ZS,0.451889991760254
Czech Republic,CZE,2017,"Educational attainment, Doctoral or equivalent, population 25+, female (%) (cumulative)",SE.TER.CUAT.DO.FE.ZS,0.459459990262985
Czech Republic,CZE,2016,"Educational attainment, Doctoral or equivalent, population 25+, female (%) (cumulative)",SE.TER.CUAT.DO.FE.ZS,0.48445001244545
Czech Republic,CZE,2015,"Educational attainment, Doctoral or equivalent, population 25+, female (%) (cumulative)",SE.TER.CUAT.DO.FE.ZS,0.44361999630928
Czech Republic,CZE,2014,"Educational attainment, Doctoral or equivalent, population 25+, female (%) (cumulative)",SE.TER.CUAT.DO.FE.ZS,0.325569987297058
Czech Republic,CZE,2019,"Educational attainment, Doctoral or equivalent, population 25+, male (%) (cumulative)",SE.TER.CUAT.DO.MA.ZS,0.92441999912262
Czech Republic,CZE,2017,"Educational attainment, Doctoral or equivalent, population 25+, male (%) (cumulative)",SE.TER.CUAT.DO.MA.ZS,0.904449999332428
Czech Republic,CZE,2016,"Educational attainment, Doctoral or equivalent, population 25+, male (%) (cumulative)",SE.TER.CUAT.DO.MA.ZS,0.831889986991882
Czech Republic,CZE,2015,"Educational attainment, Doctoral or equivalent, population 25+, male (%) (cumulative)",SE.TER.CUAT.DO.MA.ZS,0.768119990825653
Czech Republic,CZE,2014,"Educational attainment, Doctoral or equivalent, population 25+, male (%) (cumulative)",SE.TER.CUAT.DO.MA.ZS,0.69488000869751
Czech Republic,CZE,2019,"Educational attainment, Doctoral or equivalent, population 25+, total (%) (cumulative)",SE.TER.CUAT.DO.ZS,0.681429982185364
Czech Republic,CZE,2017,"Educational attainment, Doctoral or equivalent, population 25+, total (%) (cumulative)",SE.TER.CUAT.DO.ZS,0.675140023231506
Czech Republic,CZE,2016,"Educational attainment, Doctoral or equivalent, population 25+, total (%) (cumulative)",SE.TER.CUAT.DO.ZS,0.652740001678467
Czech Republic,CZE,2015,"Educational attainment, Doctoral or equivalent, population 25+, total (%) (cumulative)",SE.TER.CUAT.DO.ZS,0.600679993629456
Czech Republic,CZE,2014,"Educational attainment, Doctoral or equivalent, population 25+, total (%) (cumulative)",SE.TER.CUAT.DO.ZS,0.504239976406097
Czech Republic,CZE,2019,"Educational attainment, at least Master's or equivalent, population 25+, female (%) (cumulative)",SE.TER.CUAT.MS.FE.ZS,14.9202899932861
Czech Republic,CZE,2017,"Educational attainment, at least Master's or equivalent, population 25+, female (%) (cumulative)",SE.TER.CUAT.MS.FE.ZS,14.8839101791382
Czech Republic,CZE,2016,"Educational attainment, at least Master's or equivalent, population 25+, female (%) (cumulative)",SE.TER.CUAT.MS.FE.ZS,14.4010601043701
Czech Republic,CZE,2015,"Educational attainment, at least Master's or equivalent, population 25+, female (%) (cumulative)",SE.TER.CUAT.MS.FE.ZS,13.8529195785522
Czech Republic,CZE,2014,"Educational attainment, at least Master's or equivalent, population 25+, female (%) (cumulative)",SE.TER.CUAT.MS.FE.ZS,13.246190071106
Czech Republic,CZE,2019,"Educational attainment, at least Master's or equivalent, population 25+, male (%) (cumulative)",SE.TER.CUAT.MS.MA.ZS,17.146110534668
Czech Republic,CZE,2017,"Educational attainment, at least Master's or equivalent, population 25+, male (%) (cumulative)",SE.TER.CUAT.MS.MA.ZS,17.550910949707
Czech Republic,CZE,2016,"Educational attainment, at least Master's or equivalent, population 25+, male (%) (cumulative)",SE.TER.CUAT.MS.MA.ZS,17.3112907409668
Czech Republic,CZE,2015,"Educational attainment, at least Master's or equivalent, population 25+, male (%) (cumulative)",SE.TER.CUAT.MS.MA.ZS,16.2984600067139
Czech Republic,CZE,2014,"Educational attainment, at least Master's or equivalent, population 25+, male (%) (cumulative)",SE.TER.CUAT.MS.MA.ZS,16.3553104400635
Czech Republic,CZE,2019,"Educational attainment, at least Master's or equivalent, population 25+, total (%) (cumulative)",SE.TER.CUAT.MS.ZS,16.0015602111816
Czech Republic,CZE,2017,"Educational attainment, at least Master's or equivalent, population 25+, total (%) (cumulative)",SE.TER.CUAT.MS.ZS,16.1765995025635
Czech Republic,CZE,2016,"Educational attainment, at least Master's or equivalent, population 25+, total (%) (cumulative)",SE.TER.CUAT.MS.ZS,15.8107595443726
Czech Republic,CZE,2015,"Educational attainment, at least Master's or equivalent, population 25+, total (%) (cumulative)",SE.TER.CUAT.MS.ZS,15.0368995666504
Czech Republic,CZE,2014,"Educational attainment, at least Master's or equivalent, population 25+, total (%) (cumulative)",SE.TER.CUAT.MS.ZS,14.7503499984741
Czech Republic,CZE,2019,"Educational attainment, at least completed short-cycle tertiary, population 25+, female (%) (cumulative)",SE.TER.CUAT.ST.FE.ZS,21.0684108734131
Czech Republic,CZE,2017,"Educational attainment, at least completed short-cycle tertiary, population 25+, female (%) (cumulative)",SE.TER.CUAT.ST.FE.ZS,20.5524806976318
Czech Republic,CZE,2016,"Educational attainment, at least completed short-cycle tertiary, population 25+, female (%) (cumulative)",SE.TER.CUAT.ST.FE.ZS,19.7490005493164
Czech Republic,CZE,2015,"Educational attainment, at least completed short-cycle tertiary, population 25+, female (%) (cumulative)",SE.TER.CUAT.ST.FE.ZS,19.2410907745361
Czech Republic,CZE,2014,"Educational attainment, at least completed short-cycle tertiary, population 25+, female (%) (cumulative)",SE.TER.CUAT.ST.FE.ZS,18.2762603759766
Czech Republic,CZE,2013,"Educational attainment, at least completed short-cycle tertiary, population 25+, female (%) (cumulative)",SE.TER.CUAT.ST.FE.ZS,17.3943004608154
Czech Republic,CZE,2012,"Educational attainment, at least completed short-cycle tertiary, population 25+, female (%) (cumulative)",SE.TER.CUAT.ST.FE.ZS,16.4117794036865
Czech Republic,CZE,2011,"Educational attainment, at least completed short-cycle tertiary, population 25+, female (%) (cumulative)",SE.TER.CUAT.ST.FE.ZS,15.2400903701782
Czech Republic,CZE,2010,"Educational attainment, at least completed short-cycle tertiary, population 25+, female (%) (cumulative)",SE.TER.CUAT.ST.FE.ZS,13.8207998275757
Czech Republic,CZE,2009,"Educational attainment, at least completed short-cycle tertiary, population 25+, female (%) (cumulative)",SE.TER.CUAT.ST.FE.ZS,12.7452602386475
Czech Republic,CZE,2008,"Educational attainment, at least completed short-cycle tertiary, population 25+, female (%) (cumulative)",SE.TER.CUAT.ST.FE.ZS,11.6789999008179
Czech Republic,CZE,2007,"Educational attainment, at least completed short-cycle tertiary, population 25+, female (%) (cumulative)",SE.TER.CUAT.ST.FE.ZS,10.7086095809937
Czech Republic,CZE,2006,"Educational attainment, at least completed short-cycle tertiary, population 25+, female (%) (cumulative)",SE.TER.CUAT.ST.FE.ZS,10.4870004653931
Czech Republic,CZE,2019,"Educational attainment, at least completed short-cycle tertiary, population 25+, male (%) (cumulative)",SE.TER.CUAT.ST.MA.ZS,20.9541893005371
Czech Republic,CZE,2017,"Educational attainment, at least completed short-cycle tertiary, population 25+, male (%) (cumulative)",SE.TER.CUAT.ST.MA.ZS,21.1806507110596
Czech Republic,CZE,2016,"Educational attainment, at least completed short-cycle tertiary, population 25+, male (%) (cumulative)",SE.TER.CUAT.ST.MA.ZS,20.765209197998
Czech Republic,CZE,2015,"Educational attainment, at least completed short-cycle tertiary, population 25+, male (%) (cumulative)",SE.TER.CUAT.ST.MA.ZS,19.8389492034912
Czech Republic,CZE,2014,"Educational attainment, at least completed short-cycle tertiary, population 25+, male (%) (cumulative)",SE.TER.CUAT.ST.MA.ZS,19.7045497894287
Czech Republic,CZE,2013,"Educational attainment, at least completed short-cycle tertiary, population 25+, male (%) (cumulative)",SE.TER.CUAT.ST.MA.ZS,19.2276306152344
Czech Republic,CZE,2012,"Educational attainment, at least completed short-cycle tertiary, population 25+, male (%) (cumulative)",SE.TER.CUAT.ST.MA.ZS,18.3388595581055
Czech Republic,CZE,2011,"Educational attainment, at least completed short-cycle tertiary, population 25+, male (%) (cumulative)",SE.TER.CUAT.ST.MA.ZS,17.8985404968262
Czech Republic,CZE,2010,"Educational attainment, at least completed short-cycle tertiary, population 25+, male (%) (cumulative)",SE.TER.CUAT.ST.MA.ZS,16.9513607025146
Czech Republic,CZE,2009,"Educational attainment, at least completed short-cycle tertiary, population 25+, male (%) (cumulative)",SE.TER.CUAT.ST.MA.ZS,15.9964799880981
Czech Republic,CZE,2008,"Educational attainment, at least completed short-cycle tertiary, population 25+, male (%) (cumulative)",SE.TER.CUAT.ST.MA.ZS,15.0134296417236
Czech Republic,CZE,2007,"Educational attainment, at least completed short-cycle tertiary, population 25+, male (%) (cumulative)",SE.TER.CUAT.ST.MA.ZS,14.6766901016235
Czech Republic,CZE,2006,"Educational attainment, at least completed short-cycle tertiary, population 25+, male (%) (cumulative)",SE.TER.CUAT.ST.MA.ZS,14.631950378418
Czech Republic,CZE,2019,"Educational attainment, at least completed short-cycle tertiary, population 25+, total (%) (cumulative)",SE.TER.CUAT.ST.ZS,21.0129203796387
Czech Republic,CZE,2017,"Educational attainment, at least completed short-cycle tertiary, population 25+, total (%) (cumulative)",SE.TER.CUAT.ST.ZS,20.8569507598877
Czech Republic,CZE,2016,"Educational attainment, at least completed short-cycle tertiary, population 25+, total (%) (cumulative)",SE.TER.CUAT.ST.ZS,20.2412490844727
Czech Republic,CZE,2015,"Educational attainment, at least completed short-cycle tertiary, population 25+, total (%) (cumulative)",SE.TER.CUAT.ST.ZS,19.5305309295654
Czech Republic,CZE,2014,"Educational attainment, at least completed short-cycle tertiary, population 25+, total (%) (cumulative)",SE.TER.CUAT.ST.ZS,18.9672508239746
Czech Republic,CZE,2013,"Educational attainment, at least completed short-cycle tertiary, population 25+, total (%) (cumulative)",SE.TER.CUAT.ST.ZS,18.2811603546143
Czech Republic,CZE,2012,"Educational attainment, at least completed short-cycle tertiary, population 25+, total (%) (cumulative)",SE.TER.CUAT.ST.ZS,17.3434906005859
Czech Republic,CZE,2011,"Educational attainment, at least completed short-cycle tertiary, population 25+, total (%) (cumulative)",SE.TER.CUAT.ST.ZS,16.5229301452637
Czech Republic,CZE,2010,"Educational attainment, at least completed short-cycle tertiary, population 25+, total (%) (cumulative)",SE.TER.CUAT.ST.ZS,15.3321599960327
Czech Republic,CZE,2009,"Educational attainment, at least completed short-cycle tertiary, population 25+, total (%) (cumulative)",SE.TER.CUAT.ST.ZS,14.3142795562744
Czech Republic,CZE,2008,"Educational attainment, at least completed short-cycle tertiary, population 25+, total (%) (cumulative)",SE.TER.CUAT.ST.ZS,13.283519744873
Czech Republic,CZE,2007,"Educational attainment, at least completed short-cycle tertiary, population 25+, total (%) (cumulative)",SE.TER.CUAT.ST.ZS,12.6121597290039
Czech Republic,CZE,2006,"Educational attainment, at least completed short-cycle tertiary, population 25+, total (%) (cumulative)",SE.TER.CUAT.ST.ZS,12.4723901748657
Czech Republic,CZE,2019,"School enrollment, tertiary, female (% gross)",SE.TER.ENRR.FE,76.5749282836914
Czech Republic,CZE,2018,"School enrollment, tertiary, female (% gross)",SE.TER.ENRR.FE,74.5298080444336
Czech Republic,CZE,2017,"School enrollment, tertiary, female (% gross)",SE.TER.ENRR.FE,75.2736968994141
Czech Republic,CZE,2016,"School enrollment, tertiary, female (% gross)",SE.TER.ENRR.FE,74.8139190673828
Czech Republic,CZE,2015,"School enrollment, tertiary, female (% gross)",SE.TER.ENRR.FE,75.6812515258789
Czech Republic,CZE,2014,"School enrollment, tertiary, female (% gross)",SE.TER.ENRR.FE,76.9157791137695
Czech Republic,CZE,2013,"School enrollment, tertiary, female (% gross)",SE.TER.ENRR.FE,76.7636032104492
Czech Republic,CZE,2012,"School enrollment, tertiary, female (% gross)",SE.TER.ENRR.FE,77.3547897338867
Czech Republic,CZE,2011,"School enrollment, tertiary, female (% gross)",SE.TER.ENRR.FE,77.2699966430664
Czech Republic,CZE,2010,"School enrollment, tertiary, female (% gross)",SE.TER.ENRR.FE,74.8884963989258
Czech Republic,CZE,2009,"School enrollment, tertiary, female (% gross)",SE.TER.ENRR.FE,71.0475311279297
Czech Republic,CZE,2008,"School enrollment, tertiary, female (% gross)",SE.TER.ENRR.FE,66.223518371582
Czech Republic,CZE,2007,"School enrollment, tertiary, female (% gross)",SE.TER.ENRR.FE,60.7643508911133
Czech Republic,CZE,2006,"School enrollment, tertiary, female (% gross)",SE.TER.ENRR.FE,55.2169799804688
Czech Republic,CZE,2005,"School enrollment, tertiary, female (% gross)",SE.TER.ENRR.FE,52.0300102233887
Czech Republic,CZE,2004,"School enrollment, tertiary, female (% gross)",SE.TER.ENRR.FE,45.8353614807129
Czech Republic,CZE,2003,"School enrollment, tertiary, female (% gross)",SE.TER.ENRR.FE,38.369270324707
Czech Republic,CZE,2002,"School enrollment, tertiary, female (% gross)",SE.TER.ENRR.FE,36.1058387756348
Czech Republic,CZE,2001,"School enrollment, tertiary, female (% gross)",SE.TER.ENRR.FE,30.7401599884033
Czech Republic,CZE,2000,"School enrollment, tertiary, female (% gross)",SE.TER.ENRR.FE,28.8774108886719
Czech Republic,CZE,1999,"School enrollment, tertiary, female (% gross)",SE.TER.ENRR.FE,25.9166793823242
Czech Republic,CZE,1998,"School enrollment, tertiary, female (% gross)",SE.TER.ENRR.FE,23.3693599700928
Czech Republic,CZE,1997,"School enrollment, tertiary, female (% gross)",SE.TER.ENRR.FE,22.9953708648682
Czech Republic,CZE,1996,"School enrollment, tertiary, female (% gross)",SE.TER.ENRR.FE,20.5752105712891
Czech Republic,CZE,1995,"School enrollment, tertiary, female (% gross)",SE.TER.ENRR.FE,20.163480758667
Czech Republic,CZE,1994,"School enrollment, tertiary, female (% gross)",SE.TER.ENRR.FE,19.0538806915283
Czech Republic,CZE,1993,"School enrollment, tertiary, female (% gross)",SE.TER.ENRR.FE,12.9938097000122
Czech Republic,CZE,1992,"School enrollment, tertiary, female (% gross)",SE.TER.ENRR.FE,13.1539602279663
Czech Republic,CZE,1991,"School enrollment, tertiary, female (% gross)",SE.TER.ENRR.FE,14.3332901000977
Czech Republic,CZE,1990,"School enrollment, tertiary, female (% gross)",SE.TER.ENRR.FE,14.1888103485107
Czech Republic,CZE,1989,"School enrollment, tertiary, female (% gross)",SE.TER.ENRR.FE,14.4552803039551
Czech Republic,CZE,1988,"School enrollment, tertiary, female (% gross)",SE.TER.ENRR.FE,14.2404499053955
Czech Republic,CZE,1987,"School enrollment, tertiary, female (% gross)",SE.TER.ENRR.FE,14.0705604553223
Czech Republic,CZE,1986,"School enrollment, tertiary, female (% gross)",SE.TER.ENRR.FE,13.8512096405029
Czech Republic,CZE,1985,"School enrollment, tertiary, female (% gross)",SE.TER.ENRR.FE,13.8801298141479
Czech Republic,CZE,1984,"School enrollment, tertiary, female (% gross)",SE.TER.ENRR.FE,14.2662000656128
Czech Republic,CZE,1983,"School enrollment, tertiary, female (% gross)",SE.TER.ENRR.FE,14.6643199920654
Czech Republic,CZE,1982,"School enrollment, tertiary, female (% gross)",SE.TER.ENRR.FE,14.486909866333
Czech Republic,CZE,1981,"School enrollment, tertiary, female (% gross)",SE.TER.ENRR.FE,14.0923795700073
Czech Republic,CZE,1980,"School enrollment, tertiary, female (% gross)",SE.TER.ENRR.FE,13.2570600509644
Czech Republic,CZE,1979,"School enrollment, tertiary, female (% gross)",SE.TER.ENRR.FE,12.3214101791382
Czech Republic,CZE,1978,"School enrollment, tertiary, female (% gross)",SE.TER.ENRR.FE,11.7212800979614
Czech Republic,CZE,1977,"School enrollment, tertiary, female (% gross)",SE.TER.ENRR.FE,10.5065603256226
Czech Republic,CZE,1976,"School enrollment, tertiary, female (% gross)",SE.TER.ENRR.FE,8.96782970428467
Czech Republic,CZE,1975,"School enrollment, tertiary, female (% gross)",SE.TER.ENRR.FE,7.90865993499756
Czech Republic,CZE,1974,"School enrollment, tertiary, female (% gross)",SE.TER.ENRR.FE,6.96896982192993
Czech Republic,CZE,1973,"School enrollment, tertiary, female (% gross)",SE.TER.ENRR.FE,6.28836011886597
Czech Republic,CZE,1972,"School enrollment, tertiary, female (% gross)",SE.TER.ENRR.FE,6.1072998046875
Czech Republic,CZE,1971,"School enrollment, tertiary, female (% gross)",SE.TER.ENRR.FE,6.52692985534668
Czech Republic,CZE,2019,"School enrollment, tertiary, male (% gross)",SE.TER.ENRR.MA,55.108081817627
Czech Republic,CZE,2018,"School enrollment, tertiary, male (% gross)",SE.TER.ENRR.MA,53.498348236084
Czech Republic,CZE,2017,"School enrollment, tertiary, male (% gross)",SE.TER.ENRR.MA,53.3881187438965
Czech Republic,CZE,2016,"School enrollment, tertiary, male (% gross)",SE.TER.ENRR.MA,53.1845283508301
Czech Republic,CZE,2015,"School enrollment, tertiary, male (% gross)",SE.TER.ENRR.MA,53.8016395568848
Czech Republic,CZE,2014,"School enrollment, tertiary, male (% gross)",SE.TER.ENRR.MA,54.8805389404297
Czech Republic,CZE,2013,"School enrollment, tertiary, male (% gross)",SE.TER.ENRR.MA,54.0084991455078
Czech Republic,CZE,2012,"School enrollment, tertiary, male (% gross)",SE.TER.ENRR.MA,54.6232604980469
Czech Republic,CZE,2011,"School enrollment, tertiary, male (% gross)",SE.TER.ENRR.MA,54.5349884033203
Czech Republic,CZE,2010,"School enrollment, tertiary, male (% gross)",SE.TER.ENRR.MA,53.6337509155273
Czech Republic,CZE,2009,"School enrollment, tertiary, male (% gross)",SE.TER.ENRR.MA,51.665901184082
Czech Republic,CZE,2008,"School enrollment, tertiary, male (% gross)",SE.TER.ENRR.MA,50.3514518737793
Czech Republic,CZE,2007,"School enrollment, tertiary, male (% gross)",SE.TER.ENRR.MA,47.9239692687988
Czech Republic,CZE,2006,"School enrollment, tertiary, male (% gross)",SE.TER.ENRR.MA,45.281421661377
Czech Republic,CZE,2005,"School enrollment, tertiary, male (% gross)",SE.TER.ENRR.MA,44.8274917602539
Czech Republic,CZE,2004,"School enrollment, tertiary, male (% gross)",SE.TER.ENRR.MA,41.7235488891602
Czech Republic,CZE,2003,"School enrollment, tertiary, male (% gross)",SE.TER.ENRR.MA,35.7067184448242
Czech Republic,CZE,2002,"School enrollment, tertiary, male (% gross)",SE.TER.ENRR.MA,32.8429908752441
Czech Republic,CZE,2001,"School enrollment, tertiary, male (% gross)",SE.TER.ENRR.MA,29.245189666748
Czech Republic,CZE,2000,"School enrollment, tertiary, male (% gross)",SE.TER.ENRR.MA,27.8435001373291
Czech Republic,CZE,1999,"School enrollment, tertiary, male (% gross)",SE.TER.ENRR.MA,25.0523796081543
Czech Republic,CZE,1998,"School enrollment, tertiary, male (% gross)",SE.TER.ENRR.MA,24.0985107421875
Czech Republic,CZE,1997,"School enrollment, tertiary, male (% gross)",SE.TER.ENRR.MA,23.4775104522705
Czech Republic,CZE,1996,"School enrollment, tertiary, male (% gross)",SE.TER.ENRR.MA,22.4044799804688
Czech Republic,CZE,1995,"School enrollment, tertiary, male (% gross)",SE.TER.ENRR.MA,20.9783706665039
Czech Republic,CZE,1994,"School enrollment, tertiary, male (% gross)",SE.TER.ENRR.MA,19.729850769043
Czech Republic,CZE,1993,"School enrollment, tertiary, male (% gross)",SE.TER.ENRR.MA,15.7225799560547
Czech Republic,CZE,1992,"School enrollment, tertiary, male (% gross)",SE.TER.ENRR.MA,15.9299697875977
Czech Republic,CZE,1991,"School enrollment, tertiary, male (% gross)",SE.TER.ENRR.MA,17.7061595916748
Czech Republic,CZE,1990,"School enrollment, tertiary, male (% gross)",SE.TER.ENRR.MA,18.0295391082764
Czech Republic,CZE,1989,"School enrollment, tertiary, male (% gross)",SE.TER.ENRR.MA,18.0705299377441
Czech Republic,CZE,1988,"School enrollment, tertiary, male (% gross)",SE.TER.ENRR.MA,18.6293792724609
Czech Republic,CZE,1987,"School enrollment, tertiary, male (% gross)",SE.TER.ENRR.MA,18.7300090789795
Czech Republic,CZE,1986,"School enrollment, tertiary, male (% gross)",SE.TER.ENRR.MA,18.3448791503906
Czech Republic,CZE,1985,"School enrollment, tertiary, male (% gross)",SE.TER.ENRR.MA,18.6603202819824
Czech Republic,CZE,1984,"School enrollment, tertiary, male (% gross)",SE.TER.ENRR.MA,18.9435691833496
Czech Republic,CZE,1983,"School enrollment, tertiary, male (% gross)",SE.TER.ENRR.MA,19.6798992156982
Czech Republic,CZE,1982,"School enrollment, tertiary, male (% gross)",SE.TER.ENRR.MA,20.075719833374
Czech Republic,CZE,1981,"School enrollment, tertiary, male (% gross)",SE.TER.ENRR.MA,19.9141292572021
Czech Republic,CZE,1980,"School enrollment, tertiary, male (% gross)",SE.TER.ENRR.MA,19.2472190856934
Czech Republic,CZE,1979,"School enrollment, tertiary, male (% gross)",SE.TER.ENRR.MA,18.189380645752
Czech Republic,CZE,1978,"School enrollment, tertiary, male (% gross)",SE.TER.ENRR.MA,17.3011207580566
Czech Republic,CZE,1977,"School enrollment, tertiary, male (% gross)",SE.TER.ENRR.MA,15.4984397888184
Czech Republic,CZE,1976,"School enrollment, tertiary, male (% gross)",SE.TER.ENRR.MA,13.6931800842285
Czech Republic,CZE,1975,"School enrollment, tertiary, male (% gross)",SE.TER.ENRR.MA,12.3381395339966
Czech Republic,CZE,1974,"School enrollment, tertiary, male (% gross)",SE.TER.ENRR.MA,11.3012199401855
Czech Republic,CZE,1973,"School enrollment, tertiary, male (% gross)",SE.TER.ENRR.MA,10.5543203353882
Czech Republic,CZE,1972,"School enrollment, tertiary, male (% gross)",SE.TER.ENRR.MA,10.5885000228882
Czech Republic,CZE,1971,"School enrollment, tertiary, male (% gross)",SE.TER.ENRR.MA,11.1985702514648
Czech Republic,CZE,2021,Proportion of seats held by women in national parliaments (%),SG.GEN.PARL.ZS,25
Czech Republic,CZE,2020,Proportion of seats held by women in national parliaments (%),SG.GEN.PARL.ZS,22.5
Czech Republic,CZE,2019,Proportion of seats held by women in national parliaments (%),SG.GEN.PARL.ZS,22.5
Czech Republic,CZE,2018,Proportion of seats held by women in national parliaments (%),SG.GEN.PARL.ZS,22
Czech Republic,CZE,2017,Proportion of seats held by women in national parliaments (%),SG.GEN.PARL.ZS,22
Czech Republic,CZE,2016,Proportion of seats held by women in national parliaments (%),SG.GEN.PARL.ZS,20
Czech Republic,CZE,2015,Proportion of seats held by women in national parliaments (%),SG.GEN.PARL.ZS,20
Czech Republic,CZE,2014,Proportion of seats held by women in national parliaments (%),SG.GEN.PARL.ZS,19.5
Czech Republic,CZE,2013,Proportion of seats held by women in national parliaments (%),SG.GEN.PARL.ZS,19.5
Czech Republic,CZE,2012,Proportion of seats held by women in national parliaments (%),SG.GEN.PARL.ZS,22
Czech Republic,CZE,2011,Proportion of seats held by women in national parliaments (%),SG.GEN.PARL.ZS,22
Czech Republic,CZE,2010,Proportion of seats held by women in national parliaments (%),SG.GEN.PARL.ZS,22
Czech Republic,CZE,2009,Proportion of seats held by women in national parliaments (%),SG.GEN.PARL.ZS,15.5
Czech Republic,CZE,2008,Proportion of seats held by women in national parliaments (%),SG.GEN.PARL.ZS,15.5
Czech Republic,CZE,2007,Proportion of seats held by women in national parliaments (%),SG.GEN.PARL.ZS,15.5
Czech Republic,CZE,2006,Proportion of seats held by women in national parliaments (%),SG.GEN.PARL.ZS,15.5
Czech Republic,CZE,2005,Proportion of seats held by women in national parliaments (%),SG.GEN.PARL.ZS,17
Czech Republic,CZE,2004,Proportion of seats held by women in national parliaments (%),SG.GEN.PARL.ZS,17
Czech Republic,CZE,2003,Proportion of seats held by women in national parliaments (%),SG.GEN.PARL.ZS,17
Czech Republic,CZE,2002,Proportion of seats held by women in national parliaments (%),SG.GEN.PARL.ZS,17
Czech Republic,CZE,2001,Proportion of seats held by women in national parliaments (%),SG.GEN.PARL.ZS,15
Czech Republic,CZE,2000,Proportion of seats held by women in national parliaments (%),SG.GEN.PARL.ZS,15
Czech Republic,CZE,1999,Proportion of seats held by women in national parliaments (%),SG.GEN.PARL.ZS,15
Czech Republic,CZE,1998,Proportion of seats held by women in national parliaments (%),SG.GEN.PARL.ZS,15
Czech Republic,CZE,1997,Proportion of seats held by women in national parliaments (%),SG.GEN.PARL.ZS,15
Czech Republic,CZE,2021,Women Business and the Law Index Score (scale 1-100),SG.LAW.INDX,93.75
Czech Republic,CZE,2020,Women Business and the Law Index Score (scale 1-100),SG.LAW.INDX,93.75
Czech Republic,CZE,2019,Women Business and the Law Index Score (scale 1-100),SG.LAW.INDX,93.75
Czech Republic,CZE,2018,Women Business and the Law Index Score (scale 1-100),SG.LAW.INDX,93.75
Czech Republic,CZE,2017,Women Business and the Law Index Score (scale 1-100),SG.LAW.INDX,91.25
Czech Republic,CZE,2016,Women Business and the Law Index Score (scale 1-100),SG.LAW.INDX,91.25
Czech Republic,CZE,2015,Women Business and the Law Index Score (scale 1-100),SG.LAW.INDX,91.25
Czech Republic,CZE,2014,Women Business and the Law Index Score (scale 1-100),SG.LAW.INDX,91.25
Czech Republic,CZE,2013,Women Business and the Law Index Score (scale 1-100),SG.LAW.INDX,91.25
Czech Republic,CZE,2012,Women Business and the Law Index Score (scale 1-100),SG.LAW.INDX,91.25
Czech Republic,CZE,2011,Women Business and the Law Index Score (scale 1-100),SG.LAW.INDX,88.125
Czech Republic,CZE,2010,Women Business and the Law Index Score (scale 1-100),SG.LAW.INDX,88.125
Czech Republic,CZE,2009,Women Business and the Law Index Score (scale 1-100),SG.LAW.INDX,88.125
Czech Republic,CZE,2008,Women Business and the Law Index Score (scale 1-100),SG.LAW.INDX,88.125
Czech Republic,CZE,2007,Women Business and the Law Index Score (scale 1-100),SG.LAW.INDX,81.875
Czech Republic,CZE,2006,Women Business and the Law Index Score (scale 1-100),SG.LAW.INDX,81.875
Czech Republic,CZE,2005,Women Business and the Law Index Score (scale 1-100),SG.LAW.INDX,73.125
Czech Republic,CZE,2004,Women Business and the Law Index Score (scale 1-100),SG.LAW.INDX,73.125
Czech Republic,CZE,2003,Women Business and the Law Index Score (scale 1-100),SG.LAW.INDX,73.125
Czech Republic,CZE,2002,Women Business and the Law Index Score (scale 1-100),SG.LAW.INDX,73.125
Czech Republic,CZE,2001,Women Business and the Law Index Score (scale 1-100),SG.LAW.INDX,73.125
Czech Republic,CZE,2000,Women Business and the Law Index Score (scale 1-100),SG.LAW.INDX,73.125
Czech Republic,CZE,1999,Women Business and the Law Index Score (scale 1-100),SG.LAW.INDX,73.125
Czech Republic,CZE,1998,Women Business and the Law Index Score (scale 1-100),SG.LAW.INDX,73.125
Czech Republic,CZE,1997,Women Business and the Law Index Score (scale 1-100),SG.LAW.INDX,73.125
Czech Republic,CZE,1996,Women Business and the Law Index Score (scale 1-100),SG.LAW.INDX,73.125
Czech Republic,CZE,1995,Women Business and the Law Index Score (scale 1-100),SG.LAW.INDX,73.125
Czech Republic,CZE,1994,Women Business and the Law Index Score (scale 1-100),SG.LAW.INDX,70
Czech Republic,CZE,1993,Women Business and the Law Index Score (scale 1-100),SG.LAW.INDX,70
Czech Republic,CZE,1992,Women Business and the Law Index Score (scale 1-100),SG.LAW.INDX,70
Czech Republic,CZE,1991,Women Business and the Law Index Score (scale 1-100),SG.LAW.INDX,70
Czech Republic,CZE,1990,Women Business and the Law Index Score (scale 1-100),SG.LAW.INDX,67.5
Czech Republic,CZE,1989,Women Business and the Law Index Score (scale 1-100),SG.LAW.INDX,67.5
Czech Republic,CZE,1988,Women Business and the Law Index Score (scale 1-100),SG.LAW.INDX,67.5
Czech Republic,CZE,1987,Women Business and the Law Index Score (scale 1-100),SG.LAW.INDX,67.5
Czech Republic,CZE,1986,Women Business and the Law Index Score (scale 1-100),SG.LAW.INDX,67.5
Czech Republic,CZE,1985,Women Business and the Law Index Score (scale 1-100),SG.LAW.INDX,67.5
Czech Republic,CZE,1984,Women Business and the Law Index Score (scale 1-100),SG.LAW.INDX,67.5
Czech Republic,CZE,1983,Women Business and the Law Index Score (scale 1-100),SG.LAW.INDX,67.5
Czech Republic,CZE,1982,Women Business and the Law Index Score (scale 1-100),SG.LAW.INDX,67.5
Czech Republic,CZE,1981,Women Business and the Law Index Score (scale 1-100),SG.LAW.INDX,67.5
Czech Republic,CZE,1980,Women Business and the Law Index Score (scale 1-100),SG.LAW.INDX,67.5
Czech Republic,CZE,1979,Women Business and the Law Index Score (scale 1-100),SG.LAW.INDX,64.375
Czech Republic,CZE,1978,Women Business and the Law Index Score (scale 1-100),SG.LAW.INDX,64.375
Czech Republic,CZE,1977,Women Business and the Law Index Score (scale 1-100),SG.LAW.INDX,64.375
Czech Republic,CZE,1976,Women Business and the Law Index Score (scale 1-100),SG.LAW.INDX,64.375
Czech Republic,CZE,1975,Women Business and the Law Index Score (scale 1-100),SG.LAW.INDX,64.375
Czech Republic,CZE,1974,Women Business and the Law Index Score (scale 1-100),SG.LAW.INDX,64.375
Czech Republic,CZE,1973,Women Business and the Law Index Score (scale 1-100),SG.LAW.INDX,64.375
Czech Republic,CZE,1972,Women Business and the Law Index Score (scale 1-100),SG.LAW.INDX,64.375
Czech Republic,CZE,1971,Women Business and the Law Index Score (scale 1-100),SG.LAW.INDX,64.375
Czech Republic,CZE,1970,Women Business and the Law Index Score (scale 1-100),SG.LAW.INDX,64.375
Czech Republic,CZE,2012,Proportion of women subjected to physical and/or sexual violence in the last 12 months (% of ever-partnered women ages 15-49),SG.VAW.1549.ZS,6
Czech Republic,CZE,2021,Women's share of population ages 15+ living with HIV (%),SH.DYN.AIDS.FE.ZS,12.7
Czech Republic,CZE,2020,Women's share of population ages 15+ living with HIV (%),SH.DYN.AIDS.FE.ZS,12.7
Czech Republic,CZE,2019,Women's share of population ages 15+ living with HIV (%),SH.DYN.AIDS.FE.ZS,12.7
Czech Republic,CZE,2018,Women's share of population ages 15+ living with HIV (%),SH.DYN.AIDS.FE.ZS,12.8
Czech Republic,CZE,2017,Women's share of population ages 15+ living with HIV (%),SH.DYN.AIDS.FE.ZS,12.9
Czech Republic,CZE,2016,Women's share of population ages 15+ living with HIV (%),SH.DYN.AIDS.FE.ZS,12.9
Czech Republic,CZE,2015,Women's share of population ages 15+ living with HIV (%),SH.DYN.AIDS.FE.ZS,13
Czech Republic,CZE,2014,Women's share of population ages 15+ living with HIV (%),SH.DYN.AIDS.FE.ZS,13.1
Czech Republic,CZE,2013,Women's share of population ages 15+ living with HIV (%),SH.DYN.AIDS.FE.ZS,13.1
Czech Republic,CZE,2012,Women's share of population ages 15+ living with HIV (%),SH.DYN.AIDS.FE.ZS,13.1
Czech Republic,CZE,2011,Women's share of population ages 15+ living with HIV (%),SH.DYN.AIDS.FE.ZS,13.3
Czech Republic,CZE,2010,Women's share of population ages 15+ living with HIV (%),SH.DYN.AIDS.FE.ZS,13.4
Czech Republic,CZE,2009,Women's share of population ages 15+ living with HIV (%),SH.DYN.AIDS.FE.ZS,13.5
Czech Republic,CZE,2008,Women's share of population ages 15+ living with HIV (%),SH.DYN.AIDS.FE.ZS,13.8
Czech Republic,CZE,2007,Women's share of population ages 15+ living with HIV (%),SH.DYN.AIDS.FE.ZS,14.1
Czech Republic,CZE,2006,Women's share of population ages 15+ living with HIV (%),SH.DYN.AIDS.FE.ZS,14.5
Czech Republic,CZE,2005,Women's share of population ages 15+ living with HIV (%),SH.DYN.AIDS.FE.ZS,14.7
Czech Republic,CZE,2004,Women's share of population ages 15+ living with HIV (%),SH.DYN.AIDS.FE.ZS,15.1
Czech Republic,CZE,2003,Women's share of population ages 15+ living with HIV (%),SH.DYN.AIDS.FE.ZS,15.3
Czech Republic,CZE,2002,Women's share of population ages 15+ living with HIV (%),SH.DYN.AIDS.FE.ZS,15.5
Czech Republic,CZE,2001,Women's share of population ages 15+ living with HIV (%),SH.DYN.AIDS.FE.ZS,15.8
Czech Republic,CZE,2000,Women's share of population ages 15+ living with HIV (%),SH.DYN.AIDS.FE.ZS,16.1
Czech Republic,CZE,1999,Women's share of population ages 15+ living with HIV (%),SH.DYN.AIDS.FE.ZS,16.2
Czech Republic,CZE,1998,Women's share of population ages 15+ living with HIV (%),SH.DYN.AIDS.FE.ZS,16.5
Czech Republic,CZE,1997,Women's share of population ages 15+ living with HIV (%),SH.DYN.AIDS.FE.ZS,16.8
Czech Republic,CZE,1996,Women's share of population ages 15+ living with HIV (%),SH.DYN.AIDS.FE.ZS,16.8
Czech Republic,CZE,1995,Women's share of population ages 15+ living with HIV (%),SH.DYN.AIDS.FE.ZS,17.1
Czech Republic,CZE,1994,Women's share of population ages 15+ living with HIV (%),SH.DYN.AIDS.FE.ZS,17.2
Czech Republic,CZE,1993,Women's share of population ages 15+ living with HIV (%),SH.DYN.AIDS.FE.ZS,17.4
Czech Republic,CZE,1992,Women's share of population ages 15+ living with HIV (%),SH.DYN.AIDS.FE.ZS,17.8
Czech Republic,CZE,1991,Women's share of population ages 15+ living with HIV (%),SH.DYN.AIDS.FE.ZS,17.8
Czech Republic,CZE,1990,Women's share of population ages 15+ living with HIV (%),SH.DYN.AIDS.FE.ZS,18.3
Czech Republic,CZE,2017,Lifetime risk of maternal death (1 in: rate varies by country),SH.MMR.RISK,17900
Czech Republic,CZE,2016,Lifetime risk of maternal death (1 in: rate varies by country),SH.MMR.RISK,16600
Czech Republic,CZE,2015,Lifetime risk of maternal death (1 in: rate varies by country),SH.MMR.RISK,17400
Czech Republic,CZE,2014,Lifetime risk of maternal death (1 in: rate varies by country),SH.MMR.RISK,17300
Czech Republic,CZE,2013,Lifetime risk of maternal death (1 in: rate varies by country),SH.MMR.RISK,16700
Czech Republic,CZE,2012,Lifetime risk of maternal death (1 in: rate varies by country),SH.MMR.RISK,15900
Czech Republic,CZE,2011,Lifetime risk of maternal death (1 in: rate varies by country),SH.MMR.RISK,15400
Czech Republic,CZE,2010,Lifetime risk of maternal death (1 in: rate varies by country),SH.MMR.RISK,15500
Czech Republic,CZE,2009,Lifetime risk of maternal death (1 in: rate varies by country),SH.MMR.RISK,14500
Czech Republic,CZE,2008,Lifetime risk of maternal death (1 in: rate varies by country),SH.MMR.RISK,14500
Czech Republic,CZE,2007,Lifetime risk of maternal death (1 in: rate varies by country),SH.MMR.RISK,14500
Czech Republic,CZE,2006,Lifetime risk of maternal death (1 in: rate varies by country),SH.MMR.RISK,13700
Czech Republic,CZE,2005,Lifetime risk of maternal death (1 in: rate varies by country),SH.MMR.RISK,13000
Czech Republic,CZE,2004,Lifetime risk of maternal death (1 in: rate varies by country),SH.MMR.RISK,13400
Czech Republic,CZE,2003,Lifetime risk of maternal death (1 in: rate varies by country),SH.MMR.RISK,13000
Czech Republic,CZE,2002,Lifetime risk of maternal death (1 in: rate varies by country),SH.MMR.RISK,13200
Czech Republic,CZE,2001,Lifetime risk of maternal death (1 in: rate varies by country),SH.MMR.RISK,12700
Czech Republic,CZE,2000,Lifetime risk of maternal death (1 in: rate varies by country),SH.MMR.RISK,12500
Czech Republic,CZE,2017,Lifetime risk of maternal death (%),SH.MMR.RISK.ZS,0.00557933123674574
Czech Republic,CZE,2016,Lifetime risk of maternal death (%),SH.MMR.RISK.ZS,0.00602771993664055
Czech Republic,CZE,2015,Lifetime risk of maternal death (%),SH.MMR.RISK.ZS,0.00574872238672864
Czech Republic,CZE,2014,Lifetime risk of maternal death (%),SH.MMR.RISK.ZS,0.00578876027864847
Czech Republic,CZE,2013,Lifetime risk of maternal death (%),SH.MMR.RISK.ZS,0.00598466869355658
Czech Republic,CZE,2012,Lifetime risk of maternal death (%),SH.MMR.RISK.ZS,0.00629041885741901
Czech Republic,CZE,2011,Lifetime risk of maternal death (%),SH.MMR.RISK.ZS,0.00648704847956272
Czech Republic,CZE,2010,Lifetime risk of maternal death (%),SH.MMR.RISK.ZS,0.00644300931965413
Czech Republic,CZE,2009,Lifetime risk of maternal death (%),SH.MMR.RISK.ZS,0.00688511381281009
Czech Republic,CZE,2008,Lifetime risk of maternal death (%),SH.MMR.RISK.ZS,0.00692005604975647
Czech Republic,CZE,2007,Lifetime risk of maternal death (%),SH.MMR.RISK.ZS,0.00689290855351459
Czech Republic,CZE,2006,Lifetime risk of maternal death (%),SH.MMR.RISK.ZS,0.0072783216109484
Czech Republic,CZE,2005,Lifetime risk of maternal death (%),SH.MMR.RISK.ZS,0.00766484110331712
Czech Republic,CZE,2004,Lifetime risk of maternal death (%),SH.MMR.RISK.ZS,0.00747739919539134
Czech Republic,CZE,2003,Lifetime risk of maternal death (%),SH.MMR.RISK.ZS,0.00770793063722771
Czech Republic,CZE,2002,Lifetime risk of maternal death (%),SH.MMR.RISK.ZS,0.00759410642989752
Czech Republic,CZE,2001,Lifetime risk of maternal death (%),SH.MMR.RISK.ZS,0.00788825208228696
Czech Republic,CZE,2000,Lifetime risk of maternal death (%),SH.MMR.RISK.ZS,0.00802985639204333
Czech Republic,CZE,2020,"Prevalence of current tobacco use, females (% of female adults)",SH.PRV.SMOK.FE,26.4
Czech Republic,CZE,2019,"Prevalence of current tobacco use, females (% of female adults)",SH.PRV.SMOK.FE,26.5
Czech Republic,CZE,2018,"Prevalence of current tobacco use, females (% of female adults)",SH.PRV.SMOK.FE,26.7
Czech Republic,CZE,2015,"Prevalence of current tobacco use, females (% of female adults)",SH.PRV.SMOK.FE,26.9
Czech Republic,CZE,2010,"Prevalence of current tobacco use, females (% of female adults)",SH.PRV.SMOK.FE,27.3
Czech Republic,CZE,2005,"Prevalence of current tobacco use, females (% of female adults)",SH.PRV.SMOK.FE,28
Czech Republic,CZE,2000,"Prevalence of current tobacco use, females (% of female adults)",SH.PRV.SMOK.FE,28.2
Czech Republic,CZE,2020,"Prevalence of current tobacco use, males (% of male adults)",SH.PRV.SMOK.MA,35
Czech Republic,CZE,2019,"Prevalence of current tobacco use, males (% of male adults)",SH.PRV.SMOK.MA,35.2
Czech Republic,CZE,2018,"Prevalence of current tobacco use, males (% of male adults)",SH.PRV.SMOK.MA,35.4
Czech Republic,CZE,2015,"Prevalence of current tobacco use, males (% of male adults)",SH.PRV.SMOK.MA,35.8
Czech Republic,CZE,2010,"Prevalence of current tobacco use, males (% of male adults)",SH.PRV.SMOK.MA,37.3
Czech Republic,CZE,2005,"Prevalence of current tobacco use, males (% of male adults)",SH.PRV.SMOK.MA,38.8
Czech Republic,CZE,2000,"Prevalence of current tobacco use, males (% of male adults)",SH.PRV.SMOK.MA,40.1
Czech Republic,CZE,1993,Pregnant women receiving prenatal care (%),SH.STA.ANVC.ZS,99
Czech Republic,CZE,2017,Births attended by skilled health staff (% of total),SH.STA.BRTC.ZS,99.8
Czech Republic,CZE,2014,Births attended by skilled health staff (% of total),SH.STA.BRTC.ZS,99.8
Czech Republic,CZE,2013,Births attended by skilled health staff (% of total),SH.STA.BRTC.ZS,99.8
Czech Republic,CZE,2012,Births attended by skilled health staff (% of total),SH.STA.BRTC.ZS,99.9
Czech Republic,CZE,2011,Births attended by skilled health staff (% of total),SH.STA.BRTC.ZS,99.9
Czech Republic,CZE,2010,Births attended by skilled health staff (% of total),SH.STA.BRTC.ZS,99.7
Czech Republic,CZE,2009,Births attended by skilled health staff (% of total),SH.STA.BRTC.ZS,99.6
Czech Republic,CZE,2008,Births attended by skilled health staff (% of total),SH.STA.BRTC.ZS,99.6
Czech Republic,CZE,2007,Births attended by skilled health staff (% of total),SH.STA.BRTC.ZS,99.7
Czech Republic,CZE,2006,Births attended by skilled health staff (% of total),SH.STA.BRTC.ZS,99.7
Czech Republic,CZE,2005,Births attended by skilled health staff (% of total),SH.STA.BRTC.ZS,99.8
Czech Republic,CZE,2004,Births attended by skilled health staff (% of total),SH.STA.BRTC.ZS,99.8
Czech Republic,CZE,2003,Births attended by skilled health staff (% of total),SH.STA.BRTC.ZS,99.8
Czech Republic,CZE,2002,Births attended by skilled health staff (% of total),SH.STA.BRTC.ZS,99.8
Czech Republic,CZE,2001,Births attended by skilled health staff (% of total),SH.STA.BRTC.ZS,99.8
Czech Republic,CZE,2000,Births attended by skilled health staff (% of total),SH.STA.BRTC.ZS,99.8
Czech Republic,CZE,1999,Births attended by skilled health staff (% of total),SH.STA.BRTC.ZS,99.9
Czech Republic,CZE,1998,Births attended by skilled health staff (% of total),SH.STA.BRTC.ZS,99.9
Czech Republic,CZE,1997,Births attended by skilled health staff (% of total),SH.STA.BRTC.ZS,100
Czech Republic,CZE,1996,Births attended by skilled health staff (% of total),SH.STA.BRTC.ZS,100
Czech Republic,CZE,1995,Births attended by skilled health staff (% of total),SH.STA.BRTC.ZS,100
Czech Republic,CZE,1994,Births attended by skilled health staff (% of total),SH.STA.BRTC.ZS,100
Czech Republic,CZE,1993,Births attended by skilled health staff (% of total),SH.STA.BRTC.ZS,100
Czech Republic,CZE,1992,Births attended by skilled health staff (% of total),SH.STA.BRTC.ZS,100
Czech Republic,CZE,1991,Births attended by skilled health staff (% of total),SH.STA.BRTC.ZS,100
Czech Republic,CZE,1990,Births attended by skilled health staff (% of total),SH.STA.BRTC.ZS,100
Czech Republic,CZE,1989,Births attended by skilled health staff (% of total),SH.STA.BRTC.ZS,100
Czech Republic,CZE,2001,"Prevalence of underweight, weight for age, female (% of children under 5)",SH.STA.MALN.FE.ZS,1.7
Czech Republic,CZE,2001,"Prevalence of underweight, weight for age, male (% of children under 5)",SH.STA.MALN.MA.ZS,2.6
Czech Republic,CZE,2017,"Maternal mortality ratio (modeled estimate, per 100,000 live births)",SH.STA.MMRT,3
Czech Republic,CZE,2016,"Maternal mortality ratio (modeled estimate, per 100,000 live births)",SH.STA.MMRT,4
Czech Republic,CZE,2015,"Maternal mortality ratio (modeled estimate, per 100,000 live births)",SH.STA.MMRT,4
Czech Republic,CZE,2014,"Maternal mortality ratio (modeled estimate, per 100,000 live births)",SH.STA.MMRT,4
Czech Republic,CZE,2013,"Maternal mortality ratio (modeled estimate, per 100,000 live births)",SH.STA.MMRT,4
Czech Republic,CZE,2012,"Maternal mortality ratio (modeled estimate, per 100,000 live births)",SH.STA.MMRT,4
Czech Republic,CZE,2011,"Maternal mortality ratio (modeled estimate, per 100,000 live births)",SH.STA.MMRT,4
Czech Republic,CZE,2010,"Maternal mortality ratio (modeled estimate, per 100,000 live births)",SH.STA.MMRT,4
Czech Republic,CZE,2009,"Maternal mortality ratio (modeled estimate, per 100,000 live births)",SH.STA.MMRT,4
Czech Republic,CZE,2008,"Maternal mortality ratio (modeled estimate, per 100,000 live births)",SH.STA.MMRT,5
Czech Republic,CZE,2007,"Maternal mortality ratio (modeled estimate, per 100,000 live births)",SH.STA.MMRT,5
Czech Republic,CZE,2006,"Maternal mortality ratio (modeled estimate, per 100,000 live births)",SH.STA.MMRT,5
Czech Republic,CZE,2005,"Maternal mortality ratio (modeled estimate, per 100,000 live births)",SH.STA.MMRT,5
Czech Republic,CZE,2004,"Maternal mortality ratio (modeled estimate, per 100,000 live births)",SH.STA.MMRT,5
Czech Republic,CZE,2003,"Maternal mortality ratio (modeled estimate, per 100,000 live births)",SH.STA.MMRT,6
Czech Republic,CZE,2002,"Maternal mortality ratio (modeled estimate, per 100,000 live births)",SH.STA.MMRT,6
Czech Republic,CZE,2001,"Maternal mortality ratio (modeled estimate, per 100,000 live births)",SH.STA.MMRT,7
Czech Republic,CZE,2000,"Maternal mortality ratio (modeled estimate, per 100,000 live births)",SH.STA.MMRT,7
Czech Republic,CZE,2016,"Maternal mortality ratio (national estimate, per 100,000 live births)",SH.STA.MMRT.NE,1
Czech Republic,CZE,2015,"Maternal mortality ratio (national estimate, per 100,000 live births)",SH.STA.MMRT.NE,2
Czech Republic,CZE,2014,"Maternal mortality ratio (national estimate, per 100,000 live births)",SH.STA.MMRT.NE,4
Czech Republic,CZE,2013,"Maternal mortality ratio (national estimate, per 100,000 live births)",SH.STA.MMRT.NE,1
Czech Republic,CZE,2012,"Maternal mortality ratio (national estimate, per 100,000 live births)",SH.STA.MMRT.NE,5
Czech Republic,CZE,2011,"Maternal mortality ratio (national estimate, per 100,000 live births)",SH.STA.MMRT.NE,2
Czech Republic,CZE,2010,"Maternal mortality ratio (national estimate, per 100,000 live births)",SH.STA.MMRT.NE,3
Czech Republic,CZE,2009,"Maternal mortality ratio (national estimate, per 100,000 live births)",SH.STA.MMRT.NE,3
Czech Republic,CZE,2008,"Maternal mortality ratio (national estimate, per 100,000 live births)",SH.STA.MMRT.NE,6
Czech Republic,CZE,2007,"Maternal mortality ratio (national estimate, per 100,000 live births)",SH.STA.MMRT.NE,3
Czech Republic,CZE,2006,"Maternal mortality ratio (national estimate, per 100,000 live births)",SH.STA.MMRT.NE,8
Czech Republic,CZE,2005,"Maternal mortality ratio (national estimate, per 100,000 live births)",SH.STA.MMRT.NE,3
Czech Republic,CZE,2004,"Maternal mortality ratio (national estimate, per 100,000 live births)",SH.STA.MMRT.NE,4
Czech Republic,CZE,2003,"Maternal mortality ratio (national estimate, per 100,000 live births)",SH.STA.MMRT.NE,4
Czech Republic,CZE,2002,"Maternal mortality ratio (national estimate, per 100,000 live births)",SH.STA.MMRT.NE,3
Czech Republic,CZE,2001,"Maternal mortality ratio (national estimate, per 100,000 live births)",SH.STA.MMRT.NE,3
Czech Republic,CZE,2000,"Maternal mortality ratio (national estimate, per 100,000 live births)",SH.STA.MMRT.NE,6
Czech Republic,CZE,1999,"Maternal mortality ratio (national estimate, per 100,000 live births)",SH.STA.MMRT.NE,7
Czech Republic,CZE,1998,"Maternal mortality ratio (national estimate, per 100,000 live births)",SH.STA.MMRT.NE,6
Czech Republic,CZE,1997,"Maternal mortality ratio (national estimate, per 100,000 live births)",SH.STA.MMRT.NE,2
Czech Republic,CZE,1996,"Maternal mortality ratio (national estimate, per 100,000 live births)",SH.STA.MMRT.NE,5
Czech Republic,CZE,1995,"Maternal mortality ratio (national estimate, per 100,000 live births)",SH.STA.MMRT.NE,2
Czech Republic,CZE,1994,"Maternal mortality ratio (national estimate, per 100,000 live births)",SH.STA.MMRT.NE,6
Czech Republic,CZE,1993,"Maternal mortality ratio (national estimate, per 100,000 live births)",SH.STA.MMRT.NE,12
Czech Republic,CZE,1992,"Maternal mortality ratio (national estimate, per 100,000 live births)",SH.STA.MMRT.NE,10
Czech Republic,CZE,1991,"Maternal mortality ratio (national estimate, per 100,000 live births)",SH.STA.MMRT.NE,14
Czech Republic,CZE,1990,"Maternal mortality ratio (national estimate, per 100,000 live births)",SH.STA.MMRT.NE,9
Czech Republic,CZE,1989,"Maternal mortality ratio (national estimate, per 100,000 live births)",SH.STA.MMRT.NE,9
Czech Republic,CZE,1988,"Maternal mortality ratio (national estimate, per 100,000 live births)",SH.STA.MMRT.NE,10
Czech Republic,CZE,1987,"Maternal mortality ratio (national estimate, per 100,000 live births)",SH.STA.MMRT.NE,9
Czech Republic,CZE,1986,"Maternal mortality ratio (national estimate, per 100,000 live births)",SH.STA.MMRT.NE,15
Czech Republic,CZE,2019,"Employment in agriculture, female (% of female employment) (modeled ILO estimate)",SL.AGR.EMPL.FE.ZS,1.74000000953674
Czech Republic,CZE,2018,"Employment in agriculture, female (% of female employment) (modeled ILO estimate)",SL.AGR.EMPL.FE.ZS,1.76999998092651
Czech Republic,CZE,2017,"Employment in agriculture, female (% of female employment) (modeled ILO estimate)",SL.AGR.EMPL.FE.ZS,1.78999996185303
Czech Republic,CZE,2016,"Employment in agriculture, female (% of female employment) (modeled ILO estimate)",SL.AGR.EMPL.FE.ZS,1.72000002861023
Czech Republic,CZE,2015,"Employment in agriculture, female (% of female employment) (modeled ILO estimate)",SL.AGR.EMPL.FE.ZS,1.63999998569489
Czech Republic,CZE,2014,"Employment in agriculture, female (% of female employment) (modeled ILO estimate)",SL.AGR.EMPL.FE.ZS,1.63999998569489
Czech Republic,CZE,2013,"Employment in agriculture, female (% of female employment) (modeled ILO estimate)",SL.AGR.EMPL.FE.ZS,2.0699999332428
Czech Republic,CZE,2012,"Employment in agriculture, female (% of female employment) (modeled ILO estimate)",SL.AGR.EMPL.FE.ZS,1.92999994754791
Czech Republic,CZE,2011,"Employment in agriculture, female (% of female employment) (modeled ILO estimate)",SL.AGR.EMPL.FE.ZS,1.87000000476837
Czech Republic,CZE,2010,"Employment in agriculture, female (% of female employment) (modeled ILO estimate)",SL.AGR.EMPL.FE.ZS,1.91999995708466
Czech Republic,CZE,2009,"Employment in agriculture, female (% of female employment) (modeled ILO estimate)",SL.AGR.EMPL.FE.ZS,2.22000002861023
Czech Republic,CZE,2008,"Employment in agriculture, female (% of female employment) (modeled ILO estimate)",SL.AGR.EMPL.FE.ZS,2.30999994277954
Czech Republic,CZE,2007,"Employment in agriculture, female (% of female employment) (modeled ILO estimate)",SL.AGR.EMPL.FE.ZS,2.52999997138977
Czech Republic,CZE,2006,"Employment in agriculture, female (% of female employment) (modeled ILO estimate)",SL.AGR.EMPL.FE.ZS,2.78999996185303
Czech Republic,CZE,2005,"Employment in agriculture, female (% of female employment) (modeled ILO estimate)",SL.AGR.EMPL.FE.ZS,2.8199999332428
Czech Republic,CZE,2004,"Employment in agriculture, female (% of female employment) (modeled ILO estimate)",SL.AGR.EMPL.FE.ZS,3.19000005722046
Czech Republic,CZE,2003,"Employment in agriculture, female (% of female employment) (modeled ILO estimate)",SL.AGR.EMPL.FE.ZS,3.21000003814697
Czech Republic,CZE,2002,"Employment in agriculture, female (% of female employment) (modeled ILO estimate)",SL.AGR.EMPL.FE.ZS,3.46000003814697
Czech Republic,CZE,2001,"Employment in agriculture, female (% of female employment) (modeled ILO estimate)",SL.AGR.EMPL.FE.ZS,3.38000011444092
Czech Republic,CZE,2000,"Employment in agriculture, female (% of female employment) (modeled ILO estimate)",SL.AGR.EMPL.FE.ZS,3.79999995231628
Czech Republic,CZE,1999,"Employment in agriculture, female (% of female employment) (modeled ILO estimate)",SL.AGR.EMPL.FE.ZS,3.90000009536743
Czech Republic,CZE,1998,"Employment in agriculture, female (% of female employment) (modeled ILO estimate)",SL.AGR.EMPL.FE.ZS,4.15000009536743
Czech Republic,CZE,1997,"Employment in agriculture, female (% of female employment) (modeled ILO estimate)",SL.AGR.EMPL.FE.ZS,4.32000017166138
Czech Republic,CZE,1996,"Employment in agriculture, female (% of female employment) (modeled ILO estimate)",SL.AGR.EMPL.FE.ZS,4.84000015258789
Czech Republic,CZE,1995,"Employment in agriculture, female (% of female employment) (modeled ILO estimate)",SL.AGR.EMPL.FE.ZS,5.44999980926514
Czech Republic,CZE,1994,"Employment in agriculture, female (% of female employment) (modeled ILO estimate)",SL.AGR.EMPL.FE.ZS,5.69000005722046
Czech Republic,CZE,1993,"Employment in agriculture, female (% of female employment) (modeled ILO estimate)",SL.AGR.EMPL.FE.ZS,6.25
Czech Republic,CZE,1992,"Employment in agriculture, female (% of female employment) (modeled ILO estimate)",SL.AGR.EMPL.FE.ZS,6.59000015258789
Czech Republic,CZE,1991,"Employment in agriculture, female (% of female employment) (modeled ILO estimate)",SL.AGR.EMPL.FE.ZS,6.78000020980835
Czech Republic,CZE,2019,"Employment in agriculture, male (% of male employment) (modeled ILO estimate)",SL.AGR.EMPL.MA.ZS,3.41000008583069
Czech Republic,CZE,2018,"Employment in agriculture, male (% of male employment) (modeled ILO estimate)",SL.AGR.EMPL.MA.ZS,3.63000011444092
Czech Republic,CZE,2017,"Employment in agriculture, male (% of male employment) (modeled ILO estimate)",SL.AGR.EMPL.MA.ZS,3.60999989509583
Czech Republic,CZE,2016,"Employment in agriculture, male (% of male employment) (modeled ILO estimate)",SL.AGR.EMPL.MA.ZS,3.82999992370605
Czech Republic,CZE,2015,"Employment in agriculture, male (% of male employment) (modeled ILO estimate)",SL.AGR.EMPL.MA.ZS,3.9300000667572
Czech Republic,CZE,2014,"Employment in agriculture, male (% of male employment) (modeled ILO estimate)",SL.AGR.EMPL.MA.ZS,3.59999990463257
Czech Republic,CZE,2013,"Employment in agriculture, male (% of male employment) (modeled ILO estimate)",SL.AGR.EMPL.MA.ZS,3.76999998092651
Czech Republic,CZE,2012,"Employment in agriculture, male (% of male employment) (modeled ILO estimate)",SL.AGR.EMPL.MA.ZS,3.90000009536743
Czech Republic,CZE,2011,"Employment in agriculture, male (% of male employment) (modeled ILO estimate)",SL.AGR.EMPL.MA.ZS,3.82999992370605
Czech Republic,CZE,2010,"Employment in agriculture, male (% of male employment) (modeled ILO estimate)",SL.AGR.EMPL.MA.ZS,3.98000001907349
Czech Republic,CZE,2009,"Employment in agriculture, male (% of male employment) (modeled ILO estimate)",SL.AGR.EMPL.MA.ZS,3.78999996185303
Czech Republic,CZE,2008,"Employment in agriculture, male (% of male employment) (modeled ILO estimate)",SL.AGR.EMPL.MA.ZS,3.82999992370605
Czech Republic,CZE,2007,"Employment in agriculture, male (% of male employment) (modeled ILO estimate)",SL.AGR.EMPL.MA.ZS,4.38000011444092
Czech Republic,CZE,2006,"Employment in agriculture, male (% of male employment) (modeled ILO estimate)",SL.AGR.EMPL.MA.ZS,4.51000022888184
Czech Republic,CZE,2005,"Employment in agriculture, male (% of male employment) (modeled ILO estimate)",SL.AGR.EMPL.MA.ZS,4.8600001335144
Czech Republic,CZE,2004,"Employment in agriculture, male (% of male employment) (modeled ILO estimate)",SL.AGR.EMPL.MA.ZS,5.42000007629395
Czech Republic,CZE,2003,"Employment in agriculture, male (% of male employment) (modeled ILO estimate)",SL.AGR.EMPL.MA.ZS,5.51999998092651
Czech Republic,CZE,2002,"Employment in agriculture, male (% of male employment) (modeled ILO estimate)",SL.AGR.EMPL.MA.ZS,6.01000022888184
Czech Republic,CZE,2001,"Employment in agriculture, male (% of male employment) (modeled ILO estimate)",SL.AGR.EMPL.MA.ZS,6.03000020980835
Czech Republic,CZE,2000,"Employment in agriculture, male (% of male employment) (modeled ILO estimate)",SL.AGR.EMPL.MA.ZS,6.32000017166138
Czech Republic,CZE,1999,"Employment in agriculture, male (% of male employment) (modeled ILO estimate)",SL.AGR.EMPL.MA.ZS,6.40999984741211
Czech Republic,CZE,1998,"Employment in agriculture, male (% of male employment) (modeled ILO estimate)",SL.AGR.EMPL.MA.ZS,6.6399998664856
Czech Republic,CZE,1997,"Employment in agriculture, male (% of male employment) (modeled ILO estimate)",SL.AGR.EMPL.MA.ZS,6.94999980926514
Czech Republic,CZE,1996,"Employment in agriculture, male (% of male employment) (modeled ILO estimate)",SL.AGR.EMPL.MA.ZS,7.28000020980835
Czech Republic,CZE,1995,"Employment in agriculture, male (% of male employment) (modeled ILO estimate)",SL.AGR.EMPL.MA.ZS,7.57000017166138
Czech Republic,CZE,1994,"Employment in agriculture, male (% of male employment) (modeled ILO estimate)",SL.AGR.EMPL.MA.ZS,7.92999982833862
Czech Republic,CZE,1993,"Employment in agriculture, male (% of male employment) (modeled ILO estimate)",SL.AGR.EMPL.MA.ZS,9.01000022888184
Czech Republic,CZE,1992,"Employment in agriculture, male (% of male employment) (modeled ILO estimate)",SL.AGR.EMPL.MA.ZS,9.27000045776367
Czech Republic,CZE,1991,"Employment in agriculture, male (% of male employment) (modeled ILO estimate)",SL.AGR.EMPL.MA.ZS,9.3100004196167
Czech Republic,CZE,2021,"Employment to population ratio, ages 15-24, female (%) (modeled ILO estimate)",SL.EMP.1524.SP.FE.ZS,19.4099998474121
Czech Republic,CZE,2020,"Employment to population ratio, ages 15-24, female (%) (modeled ILO estimate)",SL.EMP.1524.SP.FE.ZS,19.4580001831055
Czech Republic,CZE,2019,"Employment to population ratio, ages 15-24, female (%) (modeled ILO estimate)",SL.EMP.1524.SP.FE.ZS,24.3050003051758
Czech Republic,CZE,2018,"Employment to population ratio, ages 15-24, female (%) (modeled ILO estimate)",SL.EMP.1524.SP.FE.ZS,24.3449993133545
Czech Republic,CZE,2017,"Employment to population ratio, ages 15-24, female (%) (modeled ILO estimate)",SL.EMP.1524.SP.FE.ZS,24.2520008087158
Czech Republic,CZE,2016,"Employment to population ratio, ages 15-24, female (%) (modeled ILO estimate)",SL.EMP.1524.SP.FE.ZS,23.2180004119873
Czech Republic,CZE,2015,"Employment to population ratio, ages 15-24, female (%) (modeled ILO estimate)",SL.EMP.1524.SP.FE.ZS,23.3910007476807
Czech Republic,CZE,2014,"Employment to population ratio, ages 15-24, female (%) (modeled ILO estimate)",SL.EMP.1524.SP.FE.ZS,21.5930004119873
Czech Republic,CZE,2013,"Employment to population ratio, ages 15-24, female (%) (modeled ILO estimate)",SL.EMP.1524.SP.FE.ZS,20.9860000610352
Czech Republic,CZE,2012,"Employment to population ratio, ages 15-24, female (%) (modeled ILO estimate)",SL.EMP.1524.SP.FE.ZS,21
Czech Republic,CZE,2011,"Employment to population ratio, ages 15-24, female (%) (modeled ILO estimate)",SL.EMP.1524.SP.FE.ZS,19.8010005950928
Czech Republic,CZE,2010,"Employment to population ratio, ages 15-24, female (%) (modeled ILO estimate)",SL.EMP.1524.SP.FE.ZS,20.5890007019043
Czech Republic,CZE,2009,"Employment to population ratio, ages 15-24, female (%) (modeled ILO estimate)",SL.EMP.1524.SP.FE.ZS,21.7329998016357
Czech Republic,CZE,2008,"Employment to population ratio, ages 15-24, female (%) (modeled ILO estimate)",SL.EMP.1524.SP.FE.ZS,23.5060005187988
Czech Republic,CZE,2007,"Employment to population ratio, ages 15-24, female (%) (modeled ILO estimate)",SL.EMP.1524.SP.FE.ZS,23.8810005187988
Czech Republic,CZE,2006,"Employment to population ratio, ages 15-24, female (%) (modeled ILO estimate)",SL.EMP.1524.SP.FE.ZS,23.6679992675781
Czech Republic,CZE,2005,"Employment to population ratio, ages 15-24, female (%) (modeled ILO estimate)",SL.EMP.1524.SP.FE.ZS,23.3589992523193
Czech Republic,CZE,2004,"Employment to population ratio, ages 15-24, female (%) (modeled ILO estimate)",SL.EMP.1524.SP.FE.ZS,25.6070003509521
Czech Republic,CZE,2003,"Employment to population ratio, ages 15-24, female (%) (modeled ILO estimate)",SL.EMP.1524.SP.FE.ZS,27.0319995880127
Czech Republic,CZE,2002,"Employment to population ratio, ages 15-24, female (%) (modeled ILO estimate)",SL.EMP.1524.SP.FE.ZS,29.0790004730225
Czech Republic,CZE,2001,"Employment to population ratio, ages 15-24, female (%) (modeled ILO estimate)",SL.EMP.1524.SP.FE.ZS,31.3939990997314
Czech Republic,CZE,2000,"Employment to population ratio, ages 15-24, female (%) (modeled ILO estimate)",SL.EMP.1524.SP.FE.ZS,33.4739990234375
Czech Republic,CZE,1999,"Employment to population ratio, ages 15-24, female (%) (modeled ILO estimate)",SL.EMP.1524.SP.FE.ZS,33.806999206543
Czech Republic,CZE,1998,"Employment to population ratio, ages 15-24, female (%) (modeled ILO estimate)",SL.EMP.1524.SP.FE.ZS,34.976001739502
Czech Republic,CZE,1997,"Employment to population ratio, ages 15-24, female (%) (modeled ILO estimate)",SL.EMP.1524.SP.FE.ZS,35.7430000305176
Czech Republic,CZE,1996,"Employment to population ratio, ages 15-24, female (%) (modeled ILO estimate)",SL.EMP.1524.SP.FE.ZS,37.359001159668
Czech Republic,CZE,1995,"Employment to population ratio, ages 15-24, female (%) (modeled ILO estimate)",SL.EMP.1524.SP.FE.ZS,38.3759994506836
Czech Republic,CZE,1994,"Employment to population ratio, ages 15-24, female (%) (modeled ILO estimate)",SL.EMP.1524.SP.FE.ZS,39.4650001525879
Czech Republic,CZE,1993,"Employment to population ratio, ages 15-24, female (%) (modeled ILO estimate)",SL.EMP.1524.SP.FE.ZS,37.9739990234375
Czech Republic,CZE,1992,"Employment to population ratio, ages 15-24, female (%) (modeled ILO estimate)",SL.EMP.1524.SP.FE.ZS,39.8849983215332
Czech Republic,CZE,1991,"Employment to population ratio, ages 15-24, female (%) (modeled ILO estimate)",SL.EMP.1524.SP.FE.ZS,40.5099983215332
Czech Republic,CZE,2021,"Employment to population ratio, ages 15-24, male (%) (modeled ILO estimate)",SL.EMP.1524.SP.MA.ZS,29.8840007781982
Czech Republic,CZE,2020,"Employment to population ratio, ages 15-24, male (%) (modeled ILO estimate)",SL.EMP.1524.SP.MA.ZS,30.4909992218018
Czech Republic,CZE,2019,"Employment to population ratio, ages 15-24, male (%) (modeled ILO estimate)",SL.EMP.1524.SP.MA.ZS,31.5779991149902
Czech Republic,CZE,2018,"Employment to population ratio, ages 15-24, male (%) (modeled ILO estimate)",SL.EMP.1524.SP.MA.ZS,32.1720008850098
Czech Republic,CZE,2017,"Employment to population ratio, ages 15-24, male (%) (modeled ILO estimate)",SL.EMP.1524.SP.MA.ZS,33.7669982910156
Czech Republic,CZE,2016,"Employment to population ratio, ages 15-24, male (%) (modeled ILO estimate)",SL.EMP.1524.SP.MA.ZS,33.7560005187988
Czech Republic,CZE,2015,"Employment to population ratio, ages 15-24, male (%) (modeled ILO estimate)",SL.EMP.1524.SP.MA.ZS,33.1160011291504
Czech Republic,CZE,2014,"Employment to population ratio, ages 15-24, male (%) (modeled ILO estimate)",SL.EMP.1524.SP.MA.ZS,32.3250007629395
Czech Republic,CZE,2013,"Employment to population ratio, ages 15-24, male (%) (modeled ILO estimate)",SL.EMP.1524.SP.MA.ZS,29.9489994049072
Czech Republic,CZE,2012,"Employment to population ratio, ages 15-24, male (%) (modeled ILO estimate)",SL.EMP.1524.SP.MA.ZS,29.2240009307861
Czech Republic,CZE,2011,"Employment to population ratio, ages 15-24, male (%) (modeled ILO estimate)",SL.EMP.1524.SP.MA.ZS,29.0610008239746
Czech Republic,CZE,2010,"Employment to population ratio, ages 15-24, male (%) (modeled ILO estimate)",SL.EMP.1524.SP.MA.ZS,29.5869998931885
Czech Republic,CZE,2009,"Employment to population ratio, ages 15-24, male (%) (modeled ILO estimate)",SL.EMP.1524.SP.MA.ZS,31.0520000457764
Czech Republic,CZE,2008,"Employment to population ratio, ages 15-24, male (%) (modeled ILO estimate)",SL.EMP.1524.SP.MA.ZS,32.3310012817383
Czech Republic,CZE,2007,"Employment to population ratio, ages 15-24, male (%) (modeled ILO estimate)",SL.EMP.1524.SP.MA.ZS,32.7949981689453
Czech Republic,CZE,2006,"Employment to population ratio, ages 15-24, male (%) (modeled ILO estimate)",SL.EMP.1524.SP.MA.ZS,31.4020004272461
Czech Republic,CZE,2005,"Employment to population ratio, ages 15-24, male (%) (modeled ILO estimate)",SL.EMP.1524.SP.MA.ZS,31.3010005950928
Czech Republic,CZE,2004,"Employment to population ratio, ages 15-24, male (%) (modeled ILO estimate)",SL.EMP.1524.SP.MA.ZS,29.67799949646
Czech Republic,CZE,2003,"Employment to population ratio, ages 15-24, male (%) (modeled ILO estimate)",SL.EMP.1524.SP.MA.ZS,32.6129989624023
Czech Republic,CZE,2002,"Employment to population ratio, ages 15-24, male (%) (modeled ILO estimate)",SL.EMP.1524.SP.MA.ZS,35.7869987487793
Czech Republic,CZE,2001,"Employment to population ratio, ages 15-24, male (%) (modeled ILO estimate)",SL.EMP.1524.SP.MA.ZS,37.4049987792969
Czech Republic,CZE,2000,"Employment to population ratio, ages 15-24, male (%) (modeled ILO estimate)",SL.EMP.1524.SP.MA.ZS,39.4900016784668
Czech Republic,CZE,1999,"Employment to population ratio, ages 15-24, male (%) (modeled ILO estimate)",SL.EMP.1524.SP.MA.ZS,42.7560005187988
Czech Republic,CZE,1998,"Employment to population ratio, ages 15-24, male (%) (modeled ILO estimate)",SL.EMP.1524.SP.MA.ZS,47.5639991760254
Czech Republic,CZE,1997,"Employment to population ratio, ages 15-24, male (%) (modeled ILO estimate)",SL.EMP.1524.SP.MA.ZS,49.4539985656738
Czech Republic,CZE,1996,"Employment to population ratio, ages 15-24, male (%) (modeled ILO estimate)",SL.EMP.1524.SP.MA.ZS,53.9179992675781
Czech Republic,CZE,1995,"Employment to population ratio, ages 15-24, male (%) (modeled ILO estimate)",SL.EMP.1524.SP.MA.ZS,54.5909996032715
Czech Republic,CZE,1994,"Employment to population ratio, ages 15-24, male (%) (modeled ILO estimate)",SL.EMP.1524.SP.MA.ZS,55.2560005187988
Czech Republic,CZE,1993,"Employment to population ratio, ages 15-24, male (%) (modeled ILO estimate)",SL.EMP.1524.SP.MA.ZS,55.5709991455078
Czech Republic,CZE,1992,"Employment to population ratio, ages 15-24, male (%) (modeled ILO estimate)",SL.EMP.1524.SP.MA.ZS,56.9640007019043
Czech Republic,CZE,1991,"Employment to population ratio, ages 15-24, male (%) (modeled ILO estimate)",SL.EMP.1524.SP.MA.ZS,56.5149993896484
Czech Republic,CZE,2019,"Employers, female (% of female employment) (modeled ILO estimate)",SL.EMP.MPYR.FE.ZS,1.78999996185303
Czech Republic,CZE,2018,"Employers, female (% of female employment) (modeled ILO estimate)",SL.EMP.MPYR.FE.ZS,1.63999998569489
Czech Republic,CZE,2017,"Employers, female (% of female employment) (modeled ILO estimate)",SL.EMP.MPYR.FE.ZS,1.58000004291534
Czech Republic,CZE,2016,"Employers, female (% of female employment) (modeled ILO estimate)",SL.EMP.MPYR.FE.ZS,1.62000000476837
Czech Republic,CZE,2015,"Employers, female (% of female employment) (modeled ILO estimate)",SL.EMP.MPYR.FE.ZS,1.86000001430511
Czech Republic,CZE,2014,"Employers, female (% of female employment) (modeled ILO estimate)",SL.EMP.MPYR.FE.ZS,1.6599999666214
Czech Republic,CZE,2013,"Employers, female (% of female employment) (modeled ILO estimate)",SL.EMP.MPYR.FE.ZS,1.89999997615814
Czech Republic,CZE,2012,"Employers, female (% of female employment) (modeled ILO estimate)",SL.EMP.MPYR.FE.ZS,1.78999996185303
Czech Republic,CZE,2011,"Employers, female (% of female employment) (modeled ILO estimate)",SL.EMP.MPYR.FE.ZS,1.83000004291534
Czech Republic,CZE,2010,"Employers, female (% of female employment) (modeled ILO estimate)",SL.EMP.MPYR.FE.ZS,1.78999996185303
Czech Republic,CZE,2009,"Employers, female (% of female employment) (modeled ILO estimate)",SL.EMP.MPYR.FE.ZS,1.97000002861023
Czech Republic,CZE,2008,"Employers, female (% of female employment) (modeled ILO estimate)",SL.EMP.MPYR.FE.ZS,1.88999998569489
Czech Republic,CZE,2007,"Employers, female (% of female employment) (modeled ILO estimate)",SL.EMP.MPYR.FE.ZS,1.86000001430511
Czech Republic,CZE,2006,"Employers, female (% of female employment) (modeled ILO estimate)",SL.EMP.MPYR.FE.ZS,2.21000003814697
Czech Republic,CZE,2005,"Employers, female (% of female employment) (modeled ILO estimate)",SL.EMP.MPYR.FE.ZS,2
Czech Republic,CZE,2004,"Employers, female (% of female employment) (modeled ILO estimate)",SL.EMP.MPYR.FE.ZS,2.07999992370605
Czech Republic,CZE,2003,"Employers, female (% of female employment) (modeled ILO estimate)",SL.EMP.MPYR.FE.ZS,2.11999988555908
Czech Republic,CZE,2002,"Employers, female (% of female employment) (modeled ILO estimate)",SL.EMP.MPYR.FE.ZS,2.09999990463257
Czech Republic,CZE,2001,"Employers, female (% of female employment) (modeled ILO estimate)",SL.EMP.MPYR.FE.ZS,2.14000010490417
Czech Republic,CZE,2000,"Employers, female (% of female employment) (modeled ILO estimate)",SL.EMP.MPYR.FE.ZS,2.19000005722046
Czech Republic,CZE,1999,"Employers, female (% of female employment) (modeled ILO estimate)",SL.EMP.MPYR.FE.ZS,2.13000011444092
Czech Republic,CZE,1998,"Employers, female (% of female employment) (modeled ILO estimate)",SL.EMP.MPYR.FE.ZS,2.23000001907349
Czech Republic,CZE,1997,"Employers, female (% of female employment) (modeled ILO estimate)",SL.EMP.MPYR.FE.ZS,2.17000007629395
Czech Republic,CZE,1996,"Employers, female (% of female employment) (modeled ILO estimate)",SL.EMP.MPYR.FE.ZS,2.14000010490417
Czech Republic,CZE,1995,"Employers, female (% of female employment) (modeled ILO estimate)",SL.EMP.MPYR.FE.ZS,2.16000008583069
Czech Republic,CZE,1994,"Employers, female (% of female employment) (modeled ILO estimate)",SL.EMP.MPYR.FE.ZS,2.19000005722046
Czech Republic,CZE,1993,"Employers, female (% of female employment) (modeled ILO estimate)",SL.EMP.MPYR.FE.ZS,2.1800000667572
Czech Republic,CZE,1992,"Employers, female (% of female employment) (modeled ILO estimate)",SL.EMP.MPYR.FE.ZS,2.19000005722046
Czech Republic,CZE,1991,"Employers, female (% of female employment) (modeled ILO estimate)",SL.EMP.MPYR.FE.ZS,2.22000002861023
Czech Republic,CZE,2019,"Employers, male (% of male employment) (modeled ILO estimate)",SL.EMP.MPYR.MA.ZS,4.01999998092651
Czech Republic,CZE,2018,"Employers, male (% of male employment) (modeled ILO estimate)",SL.EMP.MPYR.MA.ZS,4.32000017166138
Czech Republic,CZE,2017,"Employers, male (% of male employment) (modeled ILO estimate)",SL.EMP.MPYR.MA.ZS,4.38000011444092
Czech Republic,CZE,2016,"Employers, male (% of male employment) (modeled ILO estimate)",SL.EMP.MPYR.MA.ZS,4.32999992370605
Czech Republic,CZE,2015,"Employers, male (% of male employment) (modeled ILO estimate)",SL.EMP.MPYR.MA.ZS,4.82000017166138
Czech Republic,CZE,2014,"Employers, male (% of male employment) (modeled ILO estimate)",SL.EMP.MPYR.MA.ZS,4.84000015258789
Czech Republic,CZE,2013,"Employers, male (% of male employment) (modeled ILO estimate)",SL.EMP.MPYR.MA.ZS,4.48999977111816
Czech Republic,CZE,2012,"Employers, male (% of male employment) (modeled ILO estimate)",SL.EMP.MPYR.MA.ZS,4.59999990463257
Czech Republic,CZE,2011,"Employers, male (% of male employment) (modeled ILO estimate)",SL.EMP.MPYR.MA.ZS,4.96000003814697
Czech Republic,CZE,2010,"Employers, male (% of male employment) (modeled ILO estimate)",SL.EMP.MPYR.MA.ZS,5.03000020980835
Czech Republic,CZE,2009,"Employers, male (% of male employment) (modeled ILO estimate)",SL.EMP.MPYR.MA.ZS,5.03999996185303
Czech Republic,CZE,2008,"Employers, male (% of male employment) (modeled ILO estimate)",SL.EMP.MPYR.MA.ZS,4.82999992370605
Czech Republic,CZE,2007,"Employers, male (% of male employment) (modeled ILO estimate)",SL.EMP.MPYR.MA.ZS,5.15999984741211
Czech Republic,CZE,2006,"Employers, male (% of male employment) (modeled ILO estimate)",SL.EMP.MPYR.MA.ZS,5.46999979019165
Czech Republic,CZE,2005,"Employers, male (% of male employment) (modeled ILO estimate)",SL.EMP.MPYR.MA.ZS,5.03000020980835
Czech Republic,CZE,2004,"Employers, male (% of male employment) (modeled ILO estimate)",SL.EMP.MPYR.MA.ZS,5.53000020980835
Czech Republic,CZE,2003,"Employers, male (% of male employment) (modeled ILO estimate)",SL.EMP.MPYR.MA.ZS,5.82999992370605
Czech Republic,CZE,2002,"Employers, male (% of male employment) (modeled ILO estimate)",SL.EMP.MPYR.MA.ZS,5.53000020980835
Czech Republic,CZE,2001,"Employers, male (% of male employment) (modeled ILO estimate)",SL.EMP.MPYR.MA.ZS,5.69999980926514
Czech Republic,CZE,2000,"Employers, male (% of male employment) (modeled ILO estimate)",SL.EMP.MPYR.MA.ZS,5.71000003814697
Czech Republic,CZE,1999,"Employers, male (% of male employment) (modeled ILO estimate)",SL.EMP.MPYR.MA.ZS,5.76000022888184
Czech Republic,CZE,1998,"Employers, male (% of male employment) (modeled ILO estimate)",SL.EMP.MPYR.MA.ZS,5.57000017166138
Czech Republic,CZE,1997,"Employers, male (% of male employment) (modeled ILO estimate)",SL.EMP.MPYR.MA.ZS,5.5
Czech Republic,CZE,1996,"Employers, male (% of male employment) (modeled ILO estimate)",SL.EMP.MPYR.MA.ZS,5.46999979019165
Czech Republic,CZE,1995,"Employers, male (% of male employment) (modeled ILO estimate)",SL.EMP.MPYR.MA.ZS,5.51000022888184
Czech Republic,CZE,1994,"Employers, male (% of male employment) (modeled ILO estimate)",SL.EMP.MPYR.MA.ZS,5.55000019073486
Czech Republic,CZE,1993,"Employers, male (% of male employment) (modeled ILO estimate)",SL.EMP.MPYR.MA.ZS,5.55999994277954
Czech Republic,CZE,1992,"Employers, male (% of male employment) (modeled ILO estimate)",SL.EMP.MPYR.MA.ZS,5.59999990463257
Czech Republic,CZE,1991,"Employers, male (% of male employment) (modeled ILO estimate)",SL.EMP.MPYR.MA.ZS,5.65000009536743
Czech Republic,CZE,2019,"Self-employed, female (% of female employment) (modeled ILO estimate)",SL.EMP.SELF.FE.ZS,12.3299999237061
Czech Republic,CZE,2018,"Self-employed, female (% of female employment) (modeled ILO estimate)",SL.EMP.SELF.FE.ZS,12.4200000762939
Czech Republic,CZE,2017,"Self-employed, female (% of female employment) (modeled ILO estimate)",SL.EMP.SELF.FE.ZS,12.8900003433228
Czech Republic,CZE,2016,"Self-employed, female (% of female employment) (modeled ILO estimate)",SL.EMP.SELF.FE.ZS,13.2299995422363
Czech Republic,CZE,2015,"Self-employed, female (% of female employment) (modeled ILO estimate)",SL.EMP.SELF.FE.ZS,12.7799997329712
Czech Republic,CZE,2014,"Self-employed, female (% of female employment) (modeled ILO estimate)",SL.EMP.SELF.FE.ZS,12.8500003814697
Czech Republic,CZE,2013,"Self-employed, female (% of female employment) (modeled ILO estimate)",SL.EMP.SELF.FE.ZS,13.5200004577637
Czech Republic,CZE,2012,"Self-employed, female (% of female employment) (modeled ILO estimate)",SL.EMP.SELF.FE.ZS,13.4399995803833
Czech Republic,CZE,2011,"Self-employed, female (% of female employment) (modeled ILO estimate)",SL.EMP.SELF.FE.ZS,12.8800001144409
Czech Republic,CZE,2010,"Self-employed, female (% of female employment) (modeled ILO estimate)",SL.EMP.SELF.FE.ZS,12.1599998474121
Czech Republic,CZE,2009,"Self-employed, female (% of female employment) (modeled ILO estimate)",SL.EMP.SELF.FE.ZS,11.3999996185303
Czech Republic,CZE,2008,"Self-employed, female (% of female employment) (modeled ILO estimate)",SL.EMP.SELF.FE.ZS,10.6300001144409
Czech Republic,CZE,2007,"Self-employed, female (% of female employment) (modeled ILO estimate)",SL.EMP.SELF.FE.ZS,10.5600004196167
Czech Republic,CZE,2006,"Self-employed, female (% of female employment) (modeled ILO estimate)",SL.EMP.SELF.FE.ZS,10.8599996566772
Czech Republic,CZE,2005,"Self-employed, female (% of female employment) (modeled ILO estimate)",SL.EMP.SELF.FE.ZS,10.4099998474121
Czech Republic,CZE,2004,"Self-employed, female (% of female employment) (modeled ILO estimate)",SL.EMP.SELF.FE.ZS,11.0500001907349
Czech Republic,CZE,2003,"Self-employed, female (% of female employment) (modeled ILO estimate)",SL.EMP.SELF.FE.ZS,11.6999998092651
Czech Republic,CZE,2002,"Self-employed, female (% of female employment) (modeled ILO estimate)",SL.EMP.SELF.FE.ZS,10.460000038147
Czech Republic,CZE,2001,"Self-employed, female (% of female employment) (modeled ILO estimate)",SL.EMP.SELF.FE.ZS,10.3500003814697
Czech Republic,CZE,2000,"Self-employed, female (% of female employment) (modeled ILO estimate)",SL.EMP.SELF.FE.ZS,9.9399995803833
Czech Republic,CZE,1999,"Self-employed, female (% of female employment) (modeled ILO estimate)",SL.EMP.SELF.FE.ZS,9.68000030517578
Czech Republic,CZE,1998,"Self-employed, female (% of female employment) (modeled ILO estimate)",SL.EMP.SELF.FE.ZS,9.01000022888184
Czech Republic,CZE,1997,"Self-employed, female (% of female employment) (modeled ILO estimate)",SL.EMP.SELF.FE.ZS,7.96999979019165
Czech Republic,CZE,1996,"Self-employed, female (% of female employment) (modeled ILO estimate)",SL.EMP.SELF.FE.ZS,7.90000009536743
Czech Republic,CZE,1995,"Self-employed, female (% of female employment) (modeled ILO estimate)",SL.EMP.SELF.FE.ZS,7.86999988555908
Czech Republic,CZE,1994,"Self-employed, female (% of female employment) (modeled ILO estimate)",SL.EMP.SELF.FE.ZS,7.86999988555908
Czech Republic,CZE,1993,"Self-employed, female (% of female employment) (modeled ILO estimate)",SL.EMP.SELF.FE.ZS,7.84000015258789
Czech Republic,CZE,1992,"Self-employed, female (% of female employment) (modeled ILO estimate)",SL.EMP.SELF.FE.ZS,7.84000015258789
Czech Republic,CZE,1991,"Self-employed, female (% of female employment) (modeled ILO estimate)",SL.EMP.SELF.FE.ZS,7.82999992370605
Czech Republic,CZE,2019,"Self-employed, male (% of male employment) (modeled ILO estimate)",SL.EMP.SELF.MA.ZS,20.3999996185303
Czech Republic,CZE,2018,"Self-employed, male (% of male employment) (modeled ILO estimate)",SL.EMP.SELF.MA.ZS,20.5699996948242
Czech Republic,CZE,2017,"Self-employed, male (% of male employment) (modeled ILO estimate)",SL.EMP.SELF.MA.ZS,20.4699993133545
Czech Republic,CZE,2016,"Self-employed, male (% of male employment) (modeled ILO estimate)",SL.EMP.SELF.MA.ZS,20.25
Czech Republic,CZE,2015,"Self-employed, male (% of male employment) (modeled ILO estimate)",SL.EMP.SELF.MA.ZS,20.8799991607666
Czech Republic,CZE,2014,"Self-employed, male (% of male employment) (modeled ILO estimate)",SL.EMP.SELF.MA.ZS,21.9300003051758
Czech Republic,CZE,2013,"Self-employed, male (% of male employment) (modeled ILO estimate)",SL.EMP.SELF.MA.ZS,21.1900005340576
Czech Republic,CZE,2012,"Self-employed, male (% of male employment) (modeled ILO estimate)",SL.EMP.SELF.MA.ZS,22.1900005340576
Czech Republic,CZE,2011,"Self-employed, male (% of male employment) (modeled ILO estimate)",SL.EMP.SELF.MA.ZS,21.9400005340576
Czech Republic,CZE,2010,"Self-employed, male (% of male employment) (modeled ILO estimate)",SL.EMP.SELF.MA.ZS,21.8700008392334
Czech Republic,CZE,2009,"Self-employed, male (% of male employment) (modeled ILO estimate)",SL.EMP.SELF.MA.ZS,20.7999992370605
Czech Republic,CZE,2008,"Self-employed, male (% of male employment) (modeled ILO estimate)",SL.EMP.SELF.MA.ZS,20.25
Czech Republic,CZE,2007,"Self-employed, male (% of male employment) (modeled ILO estimate)",SL.EMP.SELF.MA.ZS,20.4200000762939
Czech Republic,CZE,2006,"Self-employed, male (% of male employment) (modeled ILO estimate)",SL.EMP.SELF.MA.ZS,20.1700000762939
Czech Republic,CZE,2005,"Self-employed, male (% of male employment) (modeled ILO estimate)",SL.EMP.SELF.MA.ZS,20.2999992370605
Czech Republic,CZE,2004,"Self-employed, male (% of male employment) (modeled ILO estimate)",SL.EMP.SELF.MA.ZS,21.5
Czech Republic,CZE,2003,"Self-employed, male (% of male employment) (modeled ILO estimate)",SL.EMP.SELF.MA.ZS,21.8099994659424
Czech Republic,CZE,2002,"Self-employed, male (% of male employment) (modeled ILO estimate)",SL.EMP.SELF.MA.ZS,20.0599994659424
Czech Republic,CZE,2001,"Self-employed, male (% of male employment) (modeled ILO estimate)",SL.EMP.SELF.MA.ZS,19.1399993896484
Czech Republic,CZE,2000,"Self-employed, male (% of male employment) (modeled ILO estimate)",SL.EMP.SELF.MA.ZS,18.9300003051758
Czech Republic,CZE,1999,"Self-employed, male (% of male employment) (modeled ILO estimate)",SL.EMP.SELF.MA.ZS,18.2199993133545
Czech Republic,CZE,1998,"Self-employed, male (% of male employment) (modeled ILO estimate)",SL.EMP.SELF.MA.ZS,16.8500003814697
Czech Republic,CZE,1997,"Self-employed, male (% of male employment) (modeled ILO estimate)",SL.EMP.SELF.MA.ZS,15.4499998092651
Czech Republic,CZE,1996,"Self-employed, male (% of male employment) (modeled ILO estimate)",SL.EMP.SELF.MA.ZS,15.2700004577637
Czech Republic,CZE,1995,"Self-employed, male (% of male employment) (modeled ILO estimate)",SL.EMP.SELF.MA.ZS,15.1899995803833
Czech Republic,CZE,1994,"Self-employed, male (% of male employment) (modeled ILO estimate)",SL.EMP.SELF.MA.ZS,15.1899995803833
Czech Republic,CZE,1993,"Self-employed, male (% of male employment) (modeled ILO estimate)",SL.EMP.SELF.MA.ZS,15.1499996185303
Czech Republic,CZE,1992,"Self-employed, male (% of male employment) (modeled ILO estimate)",SL.EMP.SELF.MA.ZS,15.1499996185303
Czech Republic,CZE,1991,"Self-employed, male (% of male employment) (modeled ILO estimate)",SL.EMP.SELF.MA.ZS,15.1099996566772
Czech Republic,CZE,2021,"Employment to population ratio, 15+, female (%) (modeled ILO estimate)",SL.EMP.TOTL.SP.FE.ZS,49.7879981994629
Czech Republic,CZE,2020,"Employment to population ratio, 15+, female (%) (modeled ILO estimate)",SL.EMP.TOTL.SP.FE.ZS,50.2929992675781
Czech Republic,CZE,2019,"Employment to population ratio, 15+, female (%) (modeled ILO estimate)",SL.EMP.TOTL.SP.FE.ZS,51.3479995727539
Czech Republic,CZE,2018,"Employment to population ratio, 15+, female (%) (modeled ILO estimate)",SL.EMP.TOTL.SP.FE.ZS,51.3050003051758
Czech Republic,CZE,2017,"Employment to population ratio, 15+, female (%) (modeled ILO estimate)",SL.EMP.TOTL.SP.FE.ZS,50.4230003356934
Czech Republic,CZE,2016,"Employment to population ratio, 15+, female (%) (modeled ILO estimate)",SL.EMP.TOTL.SP.FE.ZS,49.4440002441406
Czech Republic,CZE,2015,"Employment to population ratio, 15+, female (%) (modeled ILO estimate)",SL.EMP.TOTL.SP.FE.ZS,48.1319999694824
Czech Republic,CZE,2014,"Employment to population ratio, 15+, female (%) (modeled ILO estimate)",SL.EMP.TOTL.SP.FE.ZS,47.0979995727539
Czech Republic,CZE,2013,"Employment to population ratio, 15+, female (%) (modeled ILO estimate)",SL.EMP.TOTL.SP.FE.ZS,46.6949996948242
Czech Republic,CZE,2012,"Employment to population ratio, 15+, female (%) (modeled ILO estimate)",SL.EMP.TOTL.SP.FE.ZS,45.9269981384277
Czech Republic,CZE,2011,"Employment to population ratio, 15+, female (%) (modeled ILO estimate)",SL.EMP.TOTL.SP.FE.ZS,45.5610008239746
Czech Republic,CZE,2010,"Employment to population ratio, 15+, female (%) (modeled ILO estimate)",SL.EMP.TOTL.SP.FE.ZS,45.148998260498
Czech Republic,CZE,2009,"Employment to population ratio, 15+, female (%) (modeled ILO estimate)",SL.EMP.TOTL.SP.FE.ZS,45.7210006713867
Czech Republic,CZE,2008,"Employment to population ratio, 15+, female (%) (modeled ILO estimate)",SL.EMP.TOTL.SP.FE.ZS,46.5670013427734
Czech Republic,CZE,2007,"Employment to population ratio, 15+, female (%) (modeled ILO estimate)",SL.EMP.TOTL.SP.FE.ZS,46.4259986877441
Czech Republic,CZE,2006,"Employment to population ratio, 15+, female (%) (modeled ILO estimate)",SL.EMP.TOTL.SP.FE.ZS,46.0919990539551
Czech Republic,CZE,2005,"Employment to population ratio, 15+, female (%) (modeled ILO estimate)",SL.EMP.TOTL.SP.FE.ZS,45.7050018310547
Czech Republic,CZE,2004,"Employment to population ratio, 15+, female (%) (modeled ILO estimate)",SL.EMP.TOTL.SP.FE.ZS,45.6160011291504
Czech Republic,CZE,2003,"Employment to population ratio, 15+, female (%) (modeled ILO estimate)",SL.EMP.TOTL.SP.FE.ZS,45.9440002441406
Czech Republic,CZE,2002,"Employment to population ratio, 15+, female (%) (modeled ILO estimate)",SL.EMP.TOTL.SP.FE.ZS,46.4049987792969
Czech Republic,CZE,2001,"Employment to population ratio, 15+, female (%) (modeled ILO estimate)",SL.EMP.TOTL.SP.FE.ZS,46.1969985961914
Czech Republic,CZE,2000,"Employment to population ratio, 15+, female (%) (modeled ILO estimate)",SL.EMP.TOTL.SP.FE.ZS,46.0750007629395
Czech Republic,CZE,1999,"Employment to population ratio, 15+, female (%) (modeled ILO estimate)",SL.EMP.TOTL.SP.FE.ZS,46.648998260498
Czech Republic,CZE,1998,"Employment to population ratio, 15+, female (%) (modeled ILO estimate)",SL.EMP.TOTL.SP.FE.ZS,47.7569999694824
Czech Republic,CZE,1997,"Employment to population ratio, 15+, female (%) (modeled ILO estimate)",SL.EMP.TOTL.SP.FE.ZS,48.9210014343262
Czech Republic,CZE,1996,"Employment to population ratio, 15+, female (%) (modeled ILO estimate)",SL.EMP.TOTL.SP.FE.ZS,49.4119987487793
Czech Republic,CZE,1995,"Employment to population ratio, 15+, female (%) (modeled ILO estimate)",SL.EMP.TOTL.SP.FE.ZS,49.818000793457
Czech Republic,CZE,1994,"Employment to population ratio, 15+, female (%) (modeled ILO estimate)",SL.EMP.TOTL.SP.FE.ZS,49.851001739502
Czech Republic,CZE,1993,"Employment to population ratio, 15+, female (%) (modeled ILO estimate)",SL.EMP.TOTL.SP.FE.ZS,49.4889984130859
Czech Republic,CZE,1992,"Employment to population ratio, 15+, female (%) (modeled ILO estimate)",SL.EMP.TOTL.SP.FE.ZS,50.7470016479492
Czech Republic,CZE,1991,"Employment to population ratio, 15+, female (%) (modeled ILO estimate)",SL.EMP.TOTL.SP.FE.ZS,51.2680015563965
Czech Republic,CZE,2021,"Employment to population ratio, 15+, male (%) (modeled ILO estimate)",SL.EMP.TOTL.SP.MA.ZS,66.5059967041016
Czech Republic,CZE,2020,"Employment to population ratio, 15+, male (%) (modeled ILO estimate)",SL.EMP.TOTL.SP.MA.ZS,66.6169967651367
Czech Republic,CZE,2019,"Employment to population ratio, 15+, male (%) (modeled ILO estimate)",SL.EMP.TOTL.SP.MA.ZS,67.3639984130859
Czech Republic,CZE,2018,"Employment to population ratio, 15+, male (%) (modeled ILO estimate)",SL.EMP.TOTL.SP.MA.ZS,67.4929962158203
Czech Republic,CZE,2017,"Employment to population ratio, 15+, male (%) (modeled ILO estimate)",SL.EMP.TOTL.SP.MA.ZS,66.9420013427734
Czech Republic,CZE,2016,"Employment to population ratio, 15+, male (%) (modeled ILO estimate)",SL.EMP.TOTL.SP.MA.ZS,66.0759963989258
Czech Republic,CZE,2015,"Employment to population ratio, 15+, male (%) (modeled ILO estimate)",SL.EMP.TOTL.SP.MA.ZS,65.1350021362305
Czech Republic,CZE,2014,"Employment to population ratio, 15+, male (%) (modeled ILO estimate)",SL.EMP.TOTL.SP.MA.ZS,64.7180023193359
Czech Republic,CZE,2013,"Employment to population ratio, 15+, male (%) (modeled ILO estimate)",SL.EMP.TOTL.SP.MA.ZS,64.0599975585938
Czech Republic,CZE,2012,"Employment to population ratio, 15+, male (%) (modeled ILO estimate)",SL.EMP.TOTL.SP.MA.ZS,63.609001159668
Czech Republic,CZE,2011,"Employment to population ratio, 15+, male (%) (modeled ILO estimate)",SL.EMP.TOTL.SP.MA.ZS,63.5960006713867
Czech Republic,CZE,2010,"Employment to population ratio, 15+, male (%) (modeled ILO estimate)",SL.EMP.TOTL.SP.MA.ZS,63.7019996643066
Czech Republic,CZE,2009,"Employment to population ratio, 15+, male (%) (modeled ILO estimate)",SL.EMP.TOTL.SP.MA.ZS,64.3310012817383
Czech Republic,CZE,2008,"Employment to population ratio, 15+, male (%) (modeled ILO estimate)",SL.EMP.TOTL.SP.MA.ZS,65.859001159668
Czech Republic,CZE,2007,"Employment to population ratio, 15+, male (%) (modeled ILO estimate)",SL.EMP.TOTL.SP.MA.ZS,65.4570007324219
Czech Republic,CZE,2006,"Employment to population ratio, 15+, male (%) (modeled ILO estimate)",SL.EMP.TOTL.SP.MA.ZS,64.588996887207
Czech Republic,CZE,2005,"Employment to population ratio, 15+, male (%) (modeled ILO estimate)",SL.EMP.TOTL.SP.MA.ZS,64.2870025634766
Czech Republic,CZE,2004,"Employment to population ratio, 15+, male (%) (modeled ILO estimate)",SL.EMP.TOTL.SP.MA.ZS,63.2770004272461
Czech Republic,CZE,2003,"Employment to population ratio, 15+, male (%) (modeled ILO estimate)",SL.EMP.TOTL.SP.MA.ZS,64.2529983520508
Czech Republic,CZE,2002,"Employment to population ratio, 15+, male (%) (modeled ILO estimate)",SL.EMP.TOTL.SP.MA.ZS,64.8470001220703
Czech Republic,CZE,2001,"Employment to population ratio, 15+, male (%) (modeled ILO estimate)",SL.EMP.TOTL.SP.MA.ZS,64.2229995727539
Czech Republic,CZE,2000,"Employment to population ratio, 15+, male (%) (modeled ILO estimate)",SL.EMP.TOTL.SP.MA.ZS,64.2040023803711
Czech Republic,CZE,1999,"Employment to population ratio, 15+, male (%) (modeled ILO estimate)",SL.EMP.TOTL.SP.MA.ZS,64.9779968261719
Czech Republic,CZE,1998,"Employment to population ratio, 15+, male (%) (modeled ILO estimate)",SL.EMP.TOTL.SP.MA.ZS,67.036003112793
Czech Republic,CZE,1997,"Employment to population ratio, 15+, male (%) (modeled ILO estimate)",SL.EMP.TOTL.SP.MA.ZS,68.0250015258789
Czech Republic,CZE,1996,"Employment to population ratio, 15+, male (%) (modeled ILO estimate)",SL.EMP.TOTL.SP.MA.ZS,69.0879974365234
Czech Republic,CZE,1995,"Employment to population ratio, 15+, male (%) (modeled ILO estimate)",SL.EMP.TOTL.SP.MA.ZS,69.036003112793
Czech Republic,CZE,1994,"Employment to population ratio, 15+, male (%) (modeled ILO estimate)",SL.EMP.TOTL.SP.MA.ZS,68.8740005493164
Czech Republic,CZE,1993,"Employment to population ratio, 15+, male (%) (modeled ILO estimate)",SL.EMP.TOTL.SP.MA.ZS,68.8580017089844
Czech Republic,CZE,1992,"Employment to population ratio, 15+, male (%) (modeled ILO estimate)",SL.EMP.TOTL.SP.MA.ZS,69.7099990844727
Czech Republic,CZE,1991,"Employment to population ratio, 15+, male (%) (modeled ILO estimate)",SL.EMP.TOTL.SP.MA.ZS,69.568000793457
Czech Republic,CZE,2019,"Vulnerable employment, female (% of female employment) (modeled ILO estimate)",SL.EMP.VULN.FE.ZS,10.5300003290176
Czech Republic,CZE,2018,"Vulnerable employment, female (% of female employment) (modeled ILO estimate)",SL.EMP.VULN.FE.ZS,10.7700001001358
Czech Republic,CZE,2017,"Vulnerable employment, female (% of female employment) (modeled ILO estimate)",SL.EMP.VULN.FE.ZS,11.3199995160103
Czech Republic,CZE,2016,"Vulnerable employment, female (% of female employment) (modeled ILO estimate)",SL.EMP.VULN.FE.ZS,11.6000000834465
Czech Republic,CZE,2015,"Vulnerable employment, female (% of female employment) (modeled ILO estimate)",SL.EMP.VULN.FE.ZS,10.9199998378754
Czech Republic,CZE,2014,"Vulnerable employment, female (% of female employment) (modeled ILO estimate)",SL.EMP.VULN.FE.ZS,11.1899999380112
Czech Republic,CZE,2013,"Vulnerable employment, female (% of female employment) (modeled ILO estimate)",SL.EMP.VULN.FE.ZS,11.6199997663498
Czech Republic,CZE,2012,"Vulnerable employment, female (% of female employment) (modeled ILO estimate)",SL.EMP.VULN.FE.ZS,11.6499996185303
Czech Republic,CZE,2011,"Vulnerable employment, female (% of female employment) (modeled ILO estimate)",SL.EMP.VULN.FE.ZS,11.0600001811981
Czech Republic,CZE,2010,"Vulnerable employment, female (% of female employment) (modeled ILO estimate)",SL.EMP.VULN.FE.ZS,10.3699996471405
Czech Republic,CZE,2009,"Vulnerable employment, female (% of female employment) (modeled ILO estimate)",SL.EMP.VULN.FE.ZS,9.44000005722046
Czech Republic,CZE,2008,"Vulnerable employment, female (% of female employment) (modeled ILO estimate)",SL.EMP.VULN.FE.ZS,8.73000001907348
Czech Republic,CZE,2007,"Vulnerable employment, female (% of female employment) (modeled ILO estimate)",SL.EMP.VULN.FE.ZS,8.70000016689301
Czech Republic,CZE,2006,"Vulnerable employment, female (% of female employment) (modeled ILO estimate)",SL.EMP.VULN.FE.ZS,8.65000009536743
Czech Republic,CZE,2005,"Vulnerable employment, female (% of female employment) (modeled ILO estimate)",SL.EMP.VULN.FE.ZS,8.42000007629395
Czech Republic,CZE,2004,"Vulnerable employment, female (% of female employment) (modeled ILO estimate)",SL.EMP.VULN.FE.ZS,8.96999990940094
Czech Republic,CZE,2003,"Vulnerable employment, female (% of female employment) (modeled ILO estimate)",SL.EMP.VULN.FE.ZS,9.58999967575073
Czech Republic,CZE,2002,"Vulnerable employment, female (% of female employment) (modeled ILO estimate)",SL.EMP.VULN.FE.ZS,8.36999988555908
Czech Republic,CZE,2001,"Vulnerable employment, female (% of female employment) (modeled ILO estimate)",SL.EMP.VULN.FE.ZS,8.22000014781952
Czech Republic,CZE,2000,"Vulnerable employment, female (% of female employment) (modeled ILO estimate)",SL.EMP.VULN.FE.ZS,7.74000000953674
Czech Republic,CZE,1999,"Vulnerable employment, female (% of female employment) (modeled ILO estimate)",SL.EMP.VULN.FE.ZS,7.55000019073487
Czech Republic,CZE,1998,"Vulnerable employment, female (% of female employment) (modeled ILO estimate)",SL.EMP.VULN.FE.ZS,6.77999979257584
Czech Republic,CZE,1997,"Vulnerable employment, female (% of female employment) (modeled ILO estimate)",SL.EMP.VULN.FE.ZS,5.81000006198884
Czech Republic,CZE,1996,"Vulnerable employment, female (% of female employment) (modeled ILO estimate)",SL.EMP.VULN.FE.ZS,5.75000017881393
Czech Republic,CZE,1995,"Vulnerable employment, female (% of female employment) (modeled ILO estimate)",SL.EMP.VULN.FE.ZS,5.71000021696091
Czech Republic,CZE,1994,"Vulnerable employment, female (% of female employment) (modeled ILO estimate)",SL.EMP.VULN.FE.ZS,5.68000000715256
Czech Republic,CZE,1993,"Vulnerable employment, female (% of female employment) (modeled ILO estimate)",SL.EMP.VULN.FE.ZS,5.66000002622605
Czech Republic,CZE,1992,"Vulnerable employment, female (% of female employment) (modeled ILO estimate)",SL.EMP.VULN.FE.ZS,5.65000003576279
Czech Republic,CZE,1991,"Vulnerable employment, female (% of female employment) (modeled ILO estimate)",SL.EMP.VULN.FE.ZS,5.60999983549118
Czech Republic,CZE,2019,"Vulnerable employment, male (% of male employment) (modeled ILO estimate)",SL.EMP.VULN.MA.ZS,16.3700000792741
Czech Republic,CZE,2018,"Vulnerable employment, male (% of male employment) (modeled ILO estimate)",SL.EMP.VULN.MA.ZS,16.2500001490116
Czech Republic,CZE,2017,"Vulnerable employment, male (% of male employment) (modeled ILO estimate)",SL.EMP.VULN.MA.ZS,16.1000000834465
Czech Republic,CZE,2016,"Vulnerable employment, male (% of male employment) (modeled ILO estimate)",SL.EMP.VULN.MA.ZS,15.9200000315905
Czech Republic,CZE,2015,"Vulnerable employment, male (% of male employment) (modeled ILO estimate)",SL.EMP.VULN.MA.ZS,16.07000041008
Czech Republic,CZE,2014,"Vulnerable employment, male (% of male employment) (modeled ILO estimate)",SL.EMP.VULN.MA.ZS,17.1000008434057
Czech Republic,CZE,2013,"Vulnerable employment, male (% of male employment) (modeled ILO estimate)",SL.EMP.VULN.MA.ZS,16.6999999880791
Czech Republic,CZE,2012,"Vulnerable employment, male (% of male employment) (modeled ILO estimate)",SL.EMP.VULN.MA.ZS,17.5900001525879
Czech Republic,CZE,2011,"Vulnerable employment, male (% of male employment) (modeled ILO estimate)",SL.EMP.VULN.MA.ZS,16.9900009185075
Czech Republic,CZE,2010,"Vulnerable employment, male (% of male employment) (modeled ILO estimate)",SL.EMP.VULN.MA.ZS,16.8499999344349
Czech Republic,CZE,2009,"Vulnerable employment, male (% of male employment) (modeled ILO estimate)",SL.EMP.VULN.MA.ZS,15.7599998116493
Czech Republic,CZE,2008,"Vulnerable employment, male (% of male employment) (modeled ILO estimate)",SL.EMP.VULN.MA.ZS,15.4099999368191
Czech Republic,CZE,2007,"Vulnerable employment, male (% of male employment) (modeled ILO estimate)",SL.EMP.VULN.MA.ZS,15.2600002288818
Czech Republic,CZE,2006,"Vulnerable employment, male (% of male employment) (modeled ILO estimate)",SL.EMP.VULN.MA.ZS,14.6999995410442
Czech Republic,CZE,2005,"Vulnerable employment, male (% of male employment) (modeled ILO estimate)",SL.EMP.VULN.MA.ZS,15.2600000798702
Czech Republic,CZE,2004,"Vulnerable employment, male (% of male employment) (modeled ILO estimate)",SL.EMP.VULN.MA.ZS,15.9799996316433
Czech Republic,CZE,2003,"Vulnerable employment, male (% of male employment) (modeled ILO estimate)",SL.EMP.VULN.MA.ZS,15.9899998605251
Czech Republic,CZE,2002,"Vulnerable employment, male (% of male employment) (modeled ILO estimate)",SL.EMP.VULN.MA.ZS,14.5300001204014
Czech Republic,CZE,2001,"Vulnerable employment, male (% of male employment) (modeled ILO estimate)",SL.EMP.VULN.MA.ZS,13.4400002956391
Czech Republic,CZE,2000,"Vulnerable employment, male (% of male employment) (modeled ILO estimate)",SL.EMP.VULN.MA.ZS,13.2200002223253
Czech Republic,CZE,1999,"Vulnerable employment, male (% of male employment) (modeled ILO estimate)",SL.EMP.VULN.MA.ZS,12.4599997699261
Czech Republic,CZE,1998,"Vulnerable employment, male (% of male employment) (modeled ILO estimate)",SL.EMP.VULN.MA.ZS,11.2799998819828
Czech Republic,CZE,1997,"Vulnerable employment, male (% of male employment) (modeled ILO estimate)",SL.EMP.VULN.MA.ZS,9.95999974012375
Czech Republic,CZE,1996,"Vulnerable employment, male (% of male employment) (modeled ILO estimate)",SL.EMP.VULN.MA.ZS,9.78999988734722
Czech Republic,CZE,1995,"Vulnerable employment, male (% of male employment) (modeled ILO estimate)",SL.EMP.VULN.MA.ZS,9.68000023066998
Czech Republic,CZE,1994,"Vulnerable employment, male (% of male employment) (modeled ILO estimate)",SL.EMP.VULN.MA.ZS,9.64000026881695
Czech Republic,CZE,1993,"Vulnerable employment, male (% of male employment) (modeled ILO estimate)",SL.EMP.VULN.MA.ZS,9.57999984920025
Czech Republic,CZE,1992,"Vulnerable employment, male (% of male employment) (modeled ILO estimate)",SL.EMP.VULN.MA.ZS,9.55000011622906
Czech Republic,CZE,1991,"Vulnerable employment, male (% of male employment) (modeled ILO estimate)",SL.EMP.VULN.MA.ZS,9.46000018715858
Czech Republic,CZE,2019,"Wage and salaried workers, female (% of female employment) (modeled ILO estimate)",SL.EMP.WORK.FE.ZS,87.6699981689453
Czech Republic,CZE,2018,"Wage and salaried workers, female (% of female employment) (modeled ILO estimate)",SL.EMP.WORK.FE.ZS,87.5899963378906
Czech Republic,CZE,2017,"Wage and salaried workers, female (% of female employment) (modeled ILO estimate)",SL.EMP.WORK.FE.ZS,87.1100006103516
Czech Republic,CZE,2016,"Wage and salaried workers, female (% of female employment) (modeled ILO estimate)",SL.EMP.WORK.FE.ZS,86.7699966430664
Czech Republic,CZE,2015,"Wage and salaried workers, female (% of female employment) (modeled ILO estimate)",SL.EMP.WORK.FE.ZS,87.2200012207031
Czech Republic,CZE,2014,"Wage and salaried workers, female (% of female employment) (modeled ILO estimate)",SL.EMP.WORK.FE.ZS,87.1500015258789
Czech Republic,CZE,2013,"Wage and salaried workers, female (% of female employment) (modeled ILO estimate)",SL.EMP.WORK.FE.ZS,86.4800033569336
Czech Republic,CZE,2012,"Wage and salaried workers, female (% of female employment) (modeled ILO estimate)",SL.EMP.WORK.FE.ZS,86.5599975585938
Czech Republic,CZE,2011,"Wage and salaried workers, female (% of female employment) (modeled ILO estimate)",SL.EMP.WORK.FE.ZS,87.120002746582
Czech Republic,CZE,2010,"Wage and salaried workers, female (% of female employment) (modeled ILO estimate)",SL.EMP.WORK.FE.ZS,87.8399963378906
Czech Republic,CZE,2009,"Wage and salaried workers, female (% of female employment) (modeled ILO estimate)",SL.EMP.WORK.FE.ZS,88.5999984741211
Czech Republic,CZE,2008,"Wage and salaried workers, female (% of female employment) (modeled ILO estimate)",SL.EMP.WORK.FE.ZS,89.370002746582
Czech Republic,CZE,2007,"Wage and salaried workers, female (% of female employment) (modeled ILO estimate)",SL.EMP.WORK.FE.ZS,89.4499969482422
Czech Republic,CZE,2006,"Wage and salaried workers, female (% of female employment) (modeled ILO estimate)",SL.EMP.WORK.FE.ZS,89.1399993896484
Czech Republic,CZE,2005,"Wage and salaried workers, female (% of female employment) (modeled ILO estimate)",SL.EMP.WORK.FE.ZS,89.5899963378906
Czech Republic,CZE,2004,"Wage and salaried workers, female (% of female employment) (modeled ILO estimate)",SL.EMP.WORK.FE.ZS,88.9499969482422
Czech Republic,CZE,2003,"Wage and salaried workers, female (% of female employment) (modeled ILO estimate)",SL.EMP.WORK.FE.ZS,88.3000030517578
Czech Republic,CZE,2002,"Wage and salaried workers, female (% of female employment) (modeled ILO estimate)",SL.EMP.WORK.FE.ZS,89.5400009155273
Czech Republic,CZE,2001,"Wage and salaried workers, female (% of female employment) (modeled ILO estimate)",SL.EMP.WORK.FE.ZS,89.6500015258789
Czech Republic,CZE,2000,"Wage and salaried workers, female (% of female employment) (modeled ILO estimate)",SL.EMP.WORK.FE.ZS,90.0599975585938
Czech Republic,CZE,1999,"Wage and salaried workers, female (% of female employment) (modeled ILO estimate)",SL.EMP.WORK.FE.ZS,90.3199996948242
Czech Republic,CZE,1998,"Wage and salaried workers, female (% of female employment) (modeled ILO estimate)",SL.EMP.WORK.FE.ZS,91
Czech Republic,CZE,1997,"Wage and salaried workers, female (% of female employment) (modeled ILO estimate)",SL.EMP.WORK.FE.ZS,92.0299987792969
Czech Republic,CZE,1996,"Wage and salaried workers, female (% of female employment) (modeled ILO estimate)",SL.EMP.WORK.FE.ZS,92.0999984741211
Czech Republic,CZE,1995,"Wage and salaried workers, female (% of female employment) (modeled ILO estimate)",SL.EMP.WORK.FE.ZS,92.129997253418
Czech Republic,CZE,1994,"Wage and salaried workers, female (% of female employment) (modeled ILO estimate)",SL.EMP.WORK.FE.ZS,92.129997253418
Czech Republic,CZE,1993,"Wage and salaried workers, female (% of female employment) (modeled ILO estimate)",SL.EMP.WORK.FE.ZS,92.1600036621094
Czech Republic,CZE,1992,"Wage and salaried workers, female (% of female employment) (modeled ILO estimate)",SL.EMP.WORK.FE.ZS,92.1600036621094
Czech Republic,CZE,1991,"Wage and salaried workers, female (% of female employment) (modeled ILO estimate)",SL.EMP.WORK.FE.ZS,92.1699981689453
Czech Republic,CZE,2019,"Wage and salaried workers, male (% of male employment) (modeled ILO estimate)",SL.EMP.WORK.MA.ZS,79.5999984741211
Czech Republic,CZE,2018,"Wage and salaried workers, male (% of male employment) (modeled ILO estimate)",SL.EMP.WORK.MA.ZS,79.4300003051758
Czech Republic,CZE,2017,"Wage and salaried workers, male (% of male employment) (modeled ILO estimate)",SL.EMP.WORK.MA.ZS,79.5299987792969
Czech Republic,CZE,2016,"Wage and salaried workers, male (% of male employment) (modeled ILO estimate)",SL.EMP.WORK.MA.ZS,79.75
Czech Republic,CZE,2015,"Wage and salaried workers, male (% of male employment) (modeled ILO estimate)",SL.EMP.WORK.MA.ZS,79.120002746582
Czech Republic,CZE,2014,"Wage and salaried workers, male (% of male employment) (modeled ILO estimate)",SL.EMP.WORK.MA.ZS,78.0699996948242
Czech Republic,CZE,2013,"Wage and salaried workers, male (% of male employment) (modeled ILO estimate)",SL.EMP.WORK.MA.ZS,78.8099975585938
Czech Republic,CZE,2012,"Wage and salaried workers, male (% of male employment) (modeled ILO estimate)",SL.EMP.WORK.MA.ZS,77.8099975585938
Czech Republic,CZE,2011,"Wage and salaried workers, male (% of male employment) (modeled ILO estimate)",SL.EMP.WORK.MA.ZS,78.0599975585938
Czech Republic,CZE,2010,"Wage and salaried workers, male (% of male employment) (modeled ILO estimate)",SL.EMP.WORK.MA.ZS,78.129997253418
Czech Republic,CZE,2009,"Wage and salaried workers, male (% of male employment) (modeled ILO estimate)",SL.EMP.WORK.MA.ZS,79.1999969482422
Czech Republic,CZE,2008,"Wage and salaried workers, male (% of male employment) (modeled ILO estimate)",SL.EMP.WORK.MA.ZS,79.75
Czech Republic,CZE,2007,"Wage and salaried workers, male (% of male employment) (modeled ILO estimate)",SL.EMP.WORK.MA.ZS,79.5800018310547
Czech Republic,CZE,2006,"Wage and salaried workers, male (% of male employment) (modeled ILO estimate)",SL.EMP.WORK.MA.ZS,79.8399963378906
Czech Republic,CZE,2005,"Wage and salaried workers, male (% of male employment) (modeled ILO estimate)",SL.EMP.WORK.MA.ZS,79.6999969482422
Czech Republic,CZE,2004,"Wage and salaried workers, male (% of male employment) (modeled ILO estimate)",SL.EMP.WORK.MA.ZS,78.5
Czech Republic,CZE,2003,"Wage and salaried workers, male (% of male employment) (modeled ILO estimate)",SL.EMP.WORK.MA.ZS,78.1900024414063
Czech Republic,CZE,2002,"Wage and salaried workers, male (% of male employment) (modeled ILO estimate)",SL.EMP.WORK.MA.ZS,79.9499969482422
Czech Republic,CZE,2001,"Wage and salaried workers, male (% of male employment) (modeled ILO estimate)",SL.EMP.WORK.MA.ZS,80.8600006103516
Czech Republic,CZE,2000,"Wage and salaried workers, male (% of male employment) (modeled ILO estimate)",SL.EMP.WORK.MA.ZS,81.0699996948242
Czech Republic,CZE,1999,"Wage and salaried workers, male (% of male employment) (modeled ILO estimate)",SL.EMP.WORK.MA.ZS,81.7799987792969
Czech Republic,CZE,1998,"Wage and salaried workers, male (% of male employment) (modeled ILO estimate)",SL.EMP.WORK.MA.ZS,83.1500015258789
Czech Republic,CZE,1997,"Wage and salaried workers, male (% of male employment) (modeled ILO estimate)",SL.EMP.WORK.MA.ZS,84.5500030517578
Czech Republic,CZE,1996,"Wage and salaried workers, male (% of male employment) (modeled ILO estimate)",SL.EMP.WORK.MA.ZS,84.7300033569336
Czech Republic,CZE,1995,"Wage and salaried workers, male (% of male employment) (modeled ILO estimate)",SL.EMP.WORK.MA.ZS,84.8099975585938
Czech Republic,CZE,1994,"Wage and salaried workers, male (% of male employment) (modeled ILO estimate)",SL.EMP.WORK.MA.ZS,84.8099975585938
Czech Republic,CZE,1993,"Wage and salaried workers, male (% of male employment) (modeled ILO estimate)",SL.EMP.WORK.MA.ZS,84.8600006103516
Czech Republic,CZE,1992,"Wage and salaried workers, male (% of male employment) (modeled ILO estimate)",SL.EMP.WORK.MA.ZS,84.8499984741211
Czech Republic,CZE,1991,"Wage and salaried workers, male (% of male employment) (modeled ILO estimate)",SL.EMP.WORK.MA.ZS,84.8899993896484
Czech Republic,CZE,2019,"Contributing family workers, female (% of female employment) (modeled ILO estimate)",SL.FAM.WORK.FE.ZS,0.850000023841858
Czech Republic,CZE,2018,"Contributing family workers, female (% of female employment) (modeled ILO estimate)",SL.FAM.WORK.FE.ZS,0.889999985694885
Czech Republic,CZE,2017,"Contributing family workers, female (% of female employment) (modeled ILO estimate)",SL.FAM.WORK.FE.ZS,0.839999973773956
Czech Republic,CZE,2016,"Contributing family workers, female (% of female employment) (modeled ILO estimate)",SL.FAM.WORK.FE.ZS,0.930000007152557
Czech Republic,CZE,2015,"Contributing family workers, female (% of female employment) (modeled ILO estimate)",SL.FAM.WORK.FE.ZS,1.04999995231628
Czech Republic,CZE,2014,"Contributing family workers, female (% of female employment) (modeled ILO estimate)",SL.FAM.WORK.FE.ZS,1.07000005245209
Czech Republic,CZE,2013,"Contributing family workers, female (% of female employment) (modeled ILO estimate)",SL.FAM.WORK.FE.ZS,1.5900000333786
Czech Republic,CZE,2012,"Contributing family workers, female (% of female employment) (modeled ILO estimate)",SL.FAM.WORK.FE.ZS,1
Czech Republic,CZE,2011,"Contributing family workers, female (% of female employment) (modeled ILO estimate)",SL.FAM.WORK.FE.ZS,0.970000028610229
Czech Republic,CZE,2010,"Contributing family workers, female (% of female employment) (modeled ILO estimate)",SL.FAM.WORK.FE.ZS,1.04999995231628
Czech Republic,CZE,2009,"Contributing family workers, female (% of female employment) (modeled ILO estimate)",SL.FAM.WORK.FE.ZS,0.980000019073486
Czech Republic,CZE,2008,"Contributing family workers, female (% of female employment) (modeled ILO estimate)",SL.FAM.WORK.FE.ZS,1.01999998092651
Czech Republic,CZE,2007,"Contributing family workers, female (% of female employment) (modeled ILO estimate)",SL.FAM.WORK.FE.ZS,1.07000005245209
Czech Republic,CZE,2006,"Contributing family workers, female (% of female employment) (modeled ILO estimate)",SL.FAM.WORK.FE.ZS,1.26999998092651
Czech Republic,CZE,2005,"Contributing family workers, female (% of female employment) (modeled ILO estimate)",SL.FAM.WORK.FE.ZS,1.25
Czech Republic,CZE,2004,"Contributing family workers, female (% of female employment) (modeled ILO estimate)",SL.FAM.WORK.FE.ZS,1.10000002384186
Czech Republic,CZE,2003,"Contributing family workers, female (% of female employment) (modeled ILO estimate)",SL.FAM.WORK.FE.ZS,1.26999998092651
Czech Republic,CZE,2002,"Contributing family workers, female (% of female employment) (modeled ILO estimate)",SL.FAM.WORK.FE.ZS,1.19000005722046
Czech Republic,CZE,2001,"Contributing family workers, female (% of female employment) (modeled ILO estimate)",SL.FAM.WORK.FE.ZS,1.16999995708466
Czech Republic,CZE,2000,"Contributing family workers, female (% of female employment) (modeled ILO estimate)",SL.FAM.WORK.FE.ZS,0.990000009536743
Czech Republic,CZE,1999,"Contributing family workers, female (% of female employment) (modeled ILO estimate)",SL.FAM.WORK.FE.ZS,0.980000019073486
Czech Republic,CZE,1998,"Contributing family workers, female (% of female employment) (modeled ILO estimate)",SL.FAM.WORK.FE.ZS,0.810000002384186
Czech Republic,CZE,1997,"Contributing family workers, female (% of female employment) (modeled ILO estimate)",SL.FAM.WORK.FE.ZS,0.639999985694885
Czech Republic,CZE,1996,"Contributing family workers, female (% of female employment) (modeled ILO estimate)",SL.FAM.WORK.FE.ZS,0.660000026226044
Czech Republic,CZE,1995,"Contributing family workers, female (% of female employment) (modeled ILO estimate)",SL.FAM.WORK.FE.ZS,0.680000007152557
Czech Republic,CZE,1994,"Contributing family workers, female (% of female employment) (modeled ILO estimate)",SL.FAM.WORK.FE.ZS,0.680000007152557
Czech Republic,CZE,1993,"Contributing family workers, female (% of female employment) (modeled ILO estimate)",SL.FAM.WORK.FE.ZS,0.680000007152557
Czech Republic,CZE,1992,"Contributing family workers, female (% of female employment) (modeled ILO estimate)",SL.FAM.WORK.FE.ZS,0.670000016689301
Czech Republic,CZE,1991,"Contributing family workers, female (% of female employment) (modeled ILO estimate)",SL.FAM.WORK.FE.ZS,0.660000026226044
Czech Republic,CZE,2019,"Contributing family workers, male (% of male employment) (modeled ILO estimate)",SL.FAM.WORK.MA.ZS,0.200000002980232
Czech Republic,CZE,2018,"Contributing family workers, male (% of male employment) (modeled ILO estimate)",SL.FAM.WORK.MA.ZS,0.159999996423721
Czech Republic,CZE,2017,"Contributing family workers, male (% of male employment) (modeled ILO estimate)",SL.FAM.WORK.MA.ZS,0.180000007152557
Czech Republic,CZE,2016,"Contributing family workers, male (% of male employment) (modeled ILO estimate)",SL.FAM.WORK.MA.ZS,0.209999993443489
Czech Republic,CZE,2015,"Contributing family workers, male (% of male employment) (modeled ILO estimate)",SL.FAM.WORK.MA.ZS,0.259999990463257
Czech Republic,CZE,2014,"Contributing family workers, male (% of male employment) (modeled ILO estimate)",SL.FAM.WORK.MA.ZS,0.230000004172325
Czech Republic,CZE,2013,"Contributing family workers, male (% of male employment) (modeled ILO estimate)",SL.FAM.WORK.MA.ZS,0.449999988079071
Czech Republic,CZE,2012,"Contributing family workers, male (% of male employment) (modeled ILO estimate)",SL.FAM.WORK.MA.ZS,0.25
Czech Republic,CZE,2011,"Contributing family workers, male (% of male employment) (modeled ILO estimate)",SL.FAM.WORK.MA.ZS,0.200000002980232
Czech Republic,CZE,2010,"Contributing family workers, male (% of male employment) (modeled ILO estimate)",SL.FAM.WORK.MA.ZS,0.270000010728836
Czech Republic,CZE,2009,"Contributing family workers, male (% of male employment) (modeled ILO estimate)",SL.FAM.WORK.MA.ZS,0.310000002384186
Czech Republic,CZE,2008,"Contributing family workers, male (% of male employment) (modeled ILO estimate)",SL.FAM.WORK.MA.ZS,0.330000013113022
Czech Republic,CZE,2007,"Contributing family workers, male (% of male employment) (modeled ILO estimate)",SL.FAM.WORK.MA.ZS,0.25
Czech Republic,CZE,2006,"Contributing family workers, male (% of male employment) (modeled ILO estimate)",SL.FAM.WORK.MA.ZS,0.219999998807907
Czech Republic,CZE,2005,"Contributing family workers, male (% of male employment) (modeled ILO estimate)",SL.FAM.WORK.MA.ZS,0.340000003576279
Czech Republic,CZE,2004,"Contributing family workers, male (% of male employment) (modeled ILO estimate)",SL.FAM.WORK.MA.ZS,0.330000013113022
Czech Republic,CZE,2003,"Contributing family workers, male (% of male employment) (modeled ILO estimate)",SL.FAM.WORK.MA.ZS,0.330000013113022
Czech Republic,CZE,2002,"Contributing family workers, male (% of male employment) (modeled ILO estimate)",SL.FAM.WORK.MA.ZS,0.150000005960464
Czech Republic,CZE,2001,"Contributing family workers, male (% of male employment) (modeled ILO estimate)",SL.FAM.WORK.MA.ZS,0.259999990463257
Czech Republic,CZE,2000,"Contributing family workers, male (% of male employment) (modeled ILO estimate)",SL.FAM.WORK.MA.ZS,0.209999993443489
Czech Republic,CZE,1999,"Contributing family workers, male (% of male employment) (modeled ILO estimate)",SL.FAM.WORK.MA.ZS,0.219999998807907
Czech Republic,CZE,1998,"Contributing family workers, male (% of male employment) (modeled ILO estimate)",SL.FAM.WORK.MA.ZS,0.159999996423721
Czech Republic,CZE,1997,"Contributing family workers, male (% of male employment) (modeled ILO estimate)",SL.FAM.WORK.MA.ZS,0.180000007152557
Czech Republic,CZE,1996,"Contributing family workers, male (% of male employment) (modeled ILO estimate)",SL.FAM.WORK.MA.ZS,0.170000001788139
Czech Republic,CZE,1995,"Contributing family workers, male (% of male employment) (modeled ILO estimate)",SL.FAM.WORK.MA.ZS,0.170000001788139
Czech Republic,CZE,1994,"Contributing family workers, male (% of male employment) (modeled ILO estimate)",SL.FAM.WORK.MA.ZS,0.170000001788139
Czech Republic,CZE,1993,"Contributing family workers, male (% of male employment) (modeled ILO estimate)",SL.FAM.WORK.MA.ZS,0.170000001788139
Czech Republic,CZE,1992,"Contributing family workers, male (% of male employment) (modeled ILO estimate)",SL.FAM.WORK.MA.ZS,0.170000001788139
Czech Republic,CZE,1991,"Contributing family workers, male (% of male employment) (modeled ILO estimate)",SL.FAM.WORK.MA.ZS,0.159999996423721
Czech Republic,CZE,2019,"Employment in industry, female (% of female employment) (modeled ILO estimate)",SL.IND.EMPL.FE.ZS,23.6399993896484
Czech Republic,CZE,2018,"Employment in industry, female (% of female employment) (modeled ILO estimate)",SL.IND.EMPL.FE.ZS,23.9300003051758
Czech Republic,CZE,2017,"Employment in industry, female (% of female employment) (modeled ILO estimate)",SL.IND.EMPL.FE.ZS,24.2199993133545
Czech Republic,CZE,2016,"Employment in industry, female (% of female employment) (modeled ILO estimate)",SL.IND.EMPL.FE.ZS,24.1399993896484
Czech Republic,CZE,2015,"Employment in industry, female (% of female employment) (modeled ILO estimate)",SL.IND.EMPL.FE.ZS,23.75
Czech Republic,CZE,2014,"Employment in industry, female (% of female employment) (modeled ILO estimate)",SL.IND.EMPL.FE.ZS,23.6000003814697
Czech Republic,CZE,2013,"Employment in industry, female (% of female employment) (modeled ILO estimate)",SL.IND.EMPL.FE.ZS,22.9099998474121
Czech Republic,CZE,2012,"Employment in industry, female (% of female employment) (modeled ILO estimate)",SL.IND.EMPL.FE.ZS,23.3400001525879
Czech Republic,CZE,2011,"Employment in industry, female (% of female employment) (modeled ILO estimate)",SL.IND.EMPL.FE.ZS,23.8899993896484
Czech Republic,CZE,2010,"Employment in industry, female (% of female employment) (modeled ILO estimate)",SL.IND.EMPL.FE.ZS,23.2000007629395
Czech Republic,CZE,2009,"Employment in industry, female (% of female employment) (modeled ILO estimate)",SL.IND.EMPL.FE.ZS,24.0599994659424
Czech Republic,CZE,2008,"Employment in industry, female (% of female employment) (modeled ILO estimate)",SL.IND.EMPL.FE.ZS,26.7399997711182
Czech Republic,CZE,2007,"Employment in industry, female (% of female employment) (modeled ILO estimate)",SL.IND.EMPL.FE.ZS,26.8099994659424
Czech Republic,CZE,2006,"Employment in industry, female (% of female employment) (modeled ILO estimate)",SL.IND.EMPL.FE.ZS,27.0200004577637
Czech Republic,CZE,2005,"Employment in industry, female (% of female employment) (modeled ILO estimate)",SL.IND.EMPL.FE.ZS,26.4899997711182
Czech Republic,CZE,2004,"Employment in industry, female (% of female employment) (modeled ILO estimate)",SL.IND.EMPL.FE.ZS,26.7900009155273
Czech Republic,CZE,2003,"Employment in industry, female (% of female employment) (modeled ILO estimate)",SL.IND.EMPL.FE.ZS,27.2800006866455
Czech Republic,CZE,2002,"Employment in industry, female (% of female employment) (modeled ILO estimate)",SL.IND.EMPL.FE.ZS,27.8400001525879
Czech Republic,CZE,2001,"Employment in industry, female (% of female employment) (modeled ILO estimate)",SL.IND.EMPL.FE.ZS,28.3600006103516
Czech Republic,CZE,2000,"Employment in industry, female (% of female employment) (modeled ILO estimate)",SL.IND.EMPL.FE.ZS,27.2199993133545
Czech Republic,CZE,1999,"Employment in industry, female (% of female employment) (modeled ILO estimate)",SL.IND.EMPL.FE.ZS,28.0300006866455
Czech Republic,CZE,1998,"Employment in industry, female (% of female employment) (modeled ILO estimate)",SL.IND.EMPL.FE.ZS,29.0100002288818
Czech Republic,CZE,1997,"Employment in industry, female (% of female employment) (modeled ILO estimate)",SL.IND.EMPL.FE.ZS,29.3199996948242
Czech Republic,CZE,1996,"Employment in industry, female (% of female employment) (modeled ILO estimate)",SL.IND.EMPL.FE.ZS,30.2900009155273
Czech Republic,CZE,1995,"Employment in industry, female (% of female employment) (modeled ILO estimate)",SL.IND.EMPL.FE.ZS,30.7299995422363
Czech Republic,CZE,1994,"Employment in industry, female (% of female employment) (modeled ILO estimate)",SL.IND.EMPL.FE.ZS,31.3999996185303
Czech Republic,CZE,1993,"Employment in industry, female (% of female employment) (modeled ILO estimate)",SL.IND.EMPL.FE.ZS,32.5200004577637
Czech Republic,CZE,1992,"Employment in industry, female (% of female employment) (modeled ILO estimate)",SL.IND.EMPL.FE.ZS,33.4199981689453
Czech Republic,CZE,1991,"Employment in industry, female (% of female employment) (modeled ILO estimate)",SL.IND.EMPL.FE.ZS,34.2999992370605
Czech Republic,CZE,2019,"Employment in industry, male (% of male employment) (modeled ILO estimate)",SL.IND.EMPL.MA.ZS,48.2000007629395
Czech Republic,CZE,2018,"Employment in industry, male (% of male employment) (modeled ILO estimate)",SL.IND.EMPL.MA.ZS,48.3499984741211
Czech Republic,CZE,2017,"Employment in industry, male (% of male employment) (modeled ILO estimate)",SL.IND.EMPL.MA.ZS,49.0299987792969
Czech Republic,CZE,2016,"Employment in industry, male (% of male employment) (modeled ILO estimate)",SL.IND.EMPL.MA.ZS,49.0299987792969
Czech Republic,CZE,2015,"Employment in industry, male (% of male employment) (modeled ILO estimate)",SL.IND.EMPL.MA.ZS,49.1199989318848
Czech Republic,CZE,2014,"Employment in industry, male (% of male employment) (modeled ILO estimate)",SL.IND.EMPL.MA.ZS,49.0900001525879
Czech Republic,CZE,2013,"Employment in industry, male (% of male employment) (modeled ILO estimate)",SL.IND.EMPL.MA.ZS,48.7000007629395
Czech Republic,CZE,2012,"Employment in industry, male (% of male employment) (modeled ILO estimate)",SL.IND.EMPL.MA.ZS,49.3499984741211
Czech Republic,CZE,2011,"Employment in industry, male (% of male employment) (modeled ILO estimate)",SL.IND.EMPL.MA.ZS,49.4199981689453
Czech Republic,CZE,2010,"Employment in industry, male (% of male employment) (modeled ILO estimate)",SL.IND.EMPL.MA.ZS,49.0200004577637
Czech Republic,CZE,2009,"Employment in industry, male (% of male employment) (modeled ILO estimate)",SL.IND.EMPL.MA.ZS,49.4700012207031
Czech Republic,CZE,2008,"Employment in industry, male (% of male employment) (modeled ILO estimate)",SL.IND.EMPL.MA.ZS,50.8699989318848
Czech Republic,CZE,2007,"Employment in industry, male (% of male employment) (modeled ILO estimate)",SL.IND.EMPL.MA.ZS,50.3600006103516
Czech Republic,CZE,2006,"Employment in industry, male (% of male employment) (modeled ILO estimate)",SL.IND.EMPL.MA.ZS,49.8499984741211
Czech Republic,CZE,2005,"Employment in industry, male (% of male employment) (modeled ILO estimate)",SL.IND.EMPL.MA.ZS,49.4000015258789
Czech Republic,CZE,2004,"Employment in industry, male (% of male employment) (modeled ILO estimate)",SL.IND.EMPL.MA.ZS,48.9900016784668
Czech Republic,CZE,2003,"Employment in industry, male (% of male employment) (modeled ILO estimate)",SL.IND.EMPL.MA.ZS,49.5900001525879
Czech Republic,CZE,2002,"Employment in industry, male (% of male employment) (modeled ILO estimate)",SL.IND.EMPL.MA.ZS,49.6100006103516
Czech Republic,CZE,2001,"Employment in industry, male (% of male employment) (modeled ILO estimate)",SL.IND.EMPL.MA.ZS,49.9700012207031
Czech Republic,CZE,2000,"Employment in industry, male (% of male employment) (modeled ILO estimate)",SL.IND.EMPL.MA.ZS,49.8199996948242
Czech Republic,CZE,1999,"Employment in industry, male (% of male employment) (modeled ILO estimate)",SL.IND.EMPL.MA.ZS,50.310001373291
Czech Republic,CZE,1998,"Employment in industry, male (% of male employment) (modeled ILO estimate)",SL.IND.EMPL.MA.ZS,51.1500015258789
Czech Republic,CZE,1997,"Employment in industry, male (% of male employment) (modeled ILO estimate)",SL.IND.EMPL.MA.ZS,51.1100006103516
Czech Republic,CZE,1996,"Employment in industry, male (% of male employment) (modeled ILO estimate)",SL.IND.EMPL.MA.ZS,51.0999984741211
Czech Republic,CZE,1995,"Employment in industry, male (% of male employment) (modeled ILO estimate)",SL.IND.EMPL.MA.ZS,51.2900009155273
Czech Republic,CZE,1994,"Employment in industry, male (% of male employment) (modeled ILO estimate)",SL.IND.EMPL.MA.ZS,51.5699996948242
Czech Republic,CZE,1993,"Employment in industry, male (% of male employment) (modeled ILO estimate)",SL.IND.EMPL.MA.ZS,52.1699981689453
Czech Republic,CZE,1992,"Employment in industry, male (% of male employment) (modeled ILO estimate)",SL.IND.EMPL.MA.ZS,52.6100006103516
Czech Republic,CZE,1991,"Employment in industry, male (% of male employment) (modeled ILO estimate)",SL.IND.EMPL.MA.ZS,53.439998626709
Czech Republic,CZE,2019,"Employment in services, female (% of female employment) (modeled ILO estimate)",SL.SRV.EMPL.FE.ZS,74.620002746582
Czech Republic,CZE,2018,"Employment in services, female (% of female employment) (modeled ILO estimate)",SL.SRV.EMPL.FE.ZS,74.3000030517578
Czech Republic,CZE,2017,"Employment in services, female (% of female employment) (modeled ILO estimate)",SL.SRV.EMPL.FE.ZS,73.9899978637695
Czech Republic,CZE,2016,"Employment in services, female (% of female employment) (modeled ILO estimate)",SL.SRV.EMPL.FE.ZS,74.1399993896484
Czech Republic,CZE,2015,"Employment in services, female (% of female employment) (modeled ILO estimate)",SL.SRV.EMPL.FE.ZS,74.620002746582
Czech Republic,CZE,2014,"Employment in services, female (% of female employment) (modeled ILO estimate)",SL.SRV.EMPL.FE.ZS,74.7699966430664
Czech Republic,CZE,2013,"Employment in services, female (% of female employment) (modeled ILO estimate)",SL.SRV.EMPL.FE.ZS,75.0199966430664
Czech Republic,CZE,2012,"Employment in services, female (% of female employment) (modeled ILO estimate)",SL.SRV.EMPL.FE.ZS,74.7399978637695
Czech Republic,CZE,2011,"Employment in services, female (% of female employment) (modeled ILO estimate)",SL.SRV.EMPL.FE.ZS,74.2399978637695
Czech Republic,CZE,2010,"Employment in services, female (% of female employment) (modeled ILO estimate)",SL.SRV.EMPL.FE.ZS,74.879997253418
Czech Republic,CZE,2009,"Employment in services, female (% of female employment) (modeled ILO estimate)",SL.SRV.EMPL.FE.ZS,73.7200012207031
Czech Republic,CZE,2008,"Employment in services, female (% of female employment) (modeled ILO estimate)",SL.SRV.EMPL.FE.ZS,70.9599990844727
Czech Republic,CZE,2007,"Employment in services, female (% of female employment) (modeled ILO estimate)",SL.SRV.EMPL.FE.ZS,70.6600036621094
Czech Republic,CZE,2006,"Employment in services, female (% of female employment) (modeled ILO estimate)",SL.SRV.EMPL.FE.ZS,70.1800003051758
Czech Republic,CZE,2005,"Employment in services, female (% of female employment) (modeled ILO estimate)",SL.SRV.EMPL.FE.ZS,70.6900024414063
Czech Republic,CZE,2004,"Employment in services, female (% of female employment) (modeled ILO estimate)",SL.SRV.EMPL.FE.ZS,70.0199966430664
Czech Republic,CZE,2003,"Employment in services, female (% of female employment) (modeled ILO estimate)",SL.SRV.EMPL.FE.ZS,69.5100021362305
Czech Republic,CZE,2002,"Employment in services, female (% of female employment) (modeled ILO estimate)",SL.SRV.EMPL.FE.ZS,68.6999969482422
Czech Republic,CZE,2001,"Employment in services, female (% of female employment) (modeled ILO estimate)",SL.SRV.EMPL.FE.ZS,68.2600021362305
Czech Republic,CZE,2000,"Employment in services, female (% of female employment) (modeled ILO estimate)",SL.SRV.EMPL.FE.ZS,68.9899978637695
Czech Republic,CZE,1999,"Employment in services, female (% of female employment) (modeled ILO estimate)",SL.SRV.EMPL.FE.ZS,68.0699996948242
Czech Republic,CZE,1998,"Employment in services, female (% of female employment) (modeled ILO estimate)",SL.SRV.EMPL.FE.ZS,66.8399963378906
Czech Republic,CZE,1997,"Employment in services, female (% of female employment) (modeled ILO estimate)",SL.SRV.EMPL.FE.ZS,66.3600006103516
Czech Republic,CZE,1996,"Employment in services, female (% of female employment) (modeled ILO estimate)",SL.SRV.EMPL.FE.ZS,64.870002746582
Czech Republic,CZE,1995,"Employment in services, female (% of female employment) (modeled ILO estimate)",SL.SRV.EMPL.FE.ZS,63.8199996948242
Czech Republic,CZE,1994,"Employment in services, female (% of female employment) (modeled ILO estimate)",SL.SRV.EMPL.FE.ZS,62.9099998474121
Czech Republic,CZE,1993,"Employment in services, female (% of female employment) (modeled ILO estimate)",SL.SRV.EMPL.FE.ZS,61.2299995422363
Czech Republic,CZE,1992,"Employment in services, female (% of female employment) (modeled ILO estimate)",SL.SRV.EMPL.FE.ZS,60
Czech Republic,CZE,1991,"Employment in services, female (% of female employment) (modeled ILO estimate)",SL.SRV.EMPL.FE.ZS,58.9199981689453
Czech Republic,CZE,2019,"Employment in services, male (% of male employment) (modeled ILO estimate)",SL.SRV.EMPL.MA.ZS,48.4000015258789
Czech Republic,CZE,2018,"Employment in services, male (% of male employment) (modeled ILO estimate)",SL.SRV.EMPL.MA.ZS,48.0200004577637
Czech Republic,CZE,2017,"Employment in services, male (% of male employment) (modeled ILO estimate)",SL.SRV.EMPL.MA.ZS,47.3699989318848
Czech Republic,CZE,2016,"Employment in services, male (% of male employment) (modeled ILO estimate)",SL.SRV.EMPL.MA.ZS,47.1399993896484
Czech Republic,CZE,2015,"Employment in services, male (% of male employment) (modeled ILO estimate)",SL.SRV.EMPL.MA.ZS,46.9500007629395
Czech Republic,CZE,2014,"Employment in services, male (% of male employment) (modeled ILO estimate)",SL.SRV.EMPL.MA.ZS,47.310001373291
Czech Republic,CZE,2013,"Employment in services, male (% of male employment) (modeled ILO estimate)",SL.SRV.EMPL.MA.ZS,47.5299987792969
Czech Republic,CZE,2012,"Employment in services, male (% of male employment) (modeled ILO estimate)",SL.SRV.EMPL.MA.ZS,46.7400016784668
Czech Republic,CZE,2011,"Employment in services, male (% of male employment) (modeled ILO estimate)",SL.SRV.EMPL.MA.ZS,46.75
Czech Republic,CZE,2010,"Employment in services, male (% of male employment) (modeled ILO estimate)",SL.SRV.EMPL.MA.ZS,47.0099983215332
Czech Republic,CZE,2009,"Employment in services, male (% of male employment) (modeled ILO estimate)",SL.SRV.EMPL.MA.ZS,46.7400016784668
Czech Republic,CZE,2008,"Employment in services, male (% of male employment) (modeled ILO estimate)",SL.SRV.EMPL.MA.ZS,45.2999992370605
Czech Republic,CZE,2007,"Employment in services, male (% of male employment) (modeled ILO estimate)",SL.SRV.EMPL.MA.ZS,45.2700004577637
Czech Republic,CZE,2006,"Employment in services, male (% of male employment) (modeled ILO estimate)",SL.SRV.EMPL.MA.ZS,45.6399993896484
Czech Republic,CZE,2005,"Employment in services, male (% of male employment) (modeled ILO estimate)",SL.SRV.EMPL.MA.ZS,45.7400016784668
Czech Republic,CZE,2004,"Employment in services, male (% of male employment) (modeled ILO estimate)",SL.SRV.EMPL.MA.ZS,45.5900001525879
Czech Republic,CZE,2003,"Employment in services, male (% of male employment) (modeled ILO estimate)",SL.SRV.EMPL.MA.ZS,44.8899993896484
Czech Republic,CZE,2002,"Employment in services, male (% of male employment) (modeled ILO estimate)",SL.SRV.EMPL.MA.ZS,44.3800010681152
Czech Republic,CZE,2001,"Employment in services, male (% of male employment) (modeled ILO estimate)",SL.SRV.EMPL.MA.ZS,44.0099983215332
Czech Republic,CZE,2000,"Employment in services, male (% of male employment) (modeled ILO estimate)",SL.SRV.EMPL.MA.ZS,43.8600006103516
Czech Republic,CZE,1999,"Employment in services, male (% of male employment) (modeled ILO estimate)",SL.SRV.EMPL.MA.ZS,43.2799987792969
Czech Republic,CZE,1998,"Employment in services, male (% of male employment) (modeled ILO estimate)",SL.SRV.EMPL.MA.ZS,42.2200012207031
Czech Republic,CZE,1997,"Employment in services, male (% of male employment) (modeled ILO estimate)",SL.SRV.EMPL.MA.ZS,41.939998626709
Czech Republic,CZE,1996,"Employment in services, male (% of male employment) (modeled ILO estimate)",SL.SRV.EMPL.MA.ZS,41.6199989318848
Czech Republic,CZE,1995,"Employment in services, male (% of male employment) (modeled ILO estimate)",SL.SRV.EMPL.MA.ZS,41.1500015258789
Czech Republic,CZE,1994,"Employment in services, male (% of male employment) (modeled ILO estimate)",SL.SRV.EMPL.MA.ZS,40.5
Czech Republic,CZE,1993,"Employment in services, male (% of male employment) (modeled ILO estimate)",SL.SRV.EMPL.MA.ZS,38.8300018310547
Czech Republic,CZE,1992,"Employment in services, male (% of male employment) (modeled ILO estimate)",SL.SRV.EMPL.MA.ZS,38.1199989318848
Czech Republic,CZE,1991,"Employment in services, male (% of male employment) (modeled ILO estimate)",SL.SRV.EMPL.MA.ZS,37.2400016784668
Czech Republic,CZE,2021,"Labor force participation rate, female (% of female population ages 15+) (modeled ILO estimate)",SL.TLF.CACT.FE.ZS,51.6679992675781
Czech Republic,CZE,2020,"Labor force participation rate, female (% of female population ages 15+) (modeled ILO estimate)",SL.TLF.CACT.FE.ZS,51.8230018615723
Czech Republic,CZE,2019,"Labor force participation rate, female (% of female population ages 15+) (modeled ILO estimate)",SL.TLF.CACT.FE.ZS,52.5979995727539
Czech Republic,CZE,2018,"Labor force participation rate, female (% of female population ages 15+) (modeled ILO estimate)",SL.TLF.CACT.FE.ZS,52.7820014953613
Czech Republic,CZE,2017,"Labor force participation rate, female (% of female population ages 15+) (modeled ILO estimate)",SL.TLF.CACT.FE.ZS,52.2939987182617
Czech Republic,CZE,2016,"Labor force participation rate, female (% of female population ages 15+) (modeled ILO estimate)",SL.TLF.CACT.FE.ZS,51.8650016784668
Czech Republic,CZE,2015,"Labor force participation rate, female (% of female population ages 15+) (modeled ILO estimate)",SL.TLF.CACT.FE.ZS,51.2470016479492
Czech Republic,CZE,2014,"Labor force participation rate, female (% of female population ages 15+) (modeled ILO estimate)",SL.TLF.CACT.FE.ZS,50.8580017089844
Czech Republic,CZE,2013,"Labor force participation rate, female (% of female population ages 15+) (modeled ILO estimate)",SL.TLF.CACT.FE.ZS,50.9140014648438
Czech Republic,CZE,2012,"Labor force participation rate, female (% of female population ages 15+) (modeled ILO estimate)",SL.TLF.CACT.FE.ZS,50.0359992980957
Czech Republic,CZE,2011,"Labor force participation rate, female (% of female population ages 15+) (modeled ILO estimate)",SL.TLF.CACT.FE.ZS,49.4640007019043
Czech Republic,CZE,2010,"Labor force participation rate, female (% of female population ages 15+) (modeled ILO estimate)",SL.TLF.CACT.FE.ZS,49.3219985961914
Czech Republic,CZE,2009,"Labor force participation rate, female (% of female population ages 15+) (modeled ILO estimate)",SL.TLF.CACT.FE.ZS,49.5480003356934
Czech Republic,CZE,2008,"Labor force participation rate, female (% of female population ages 15+) (modeled ILO estimate)",SL.TLF.CACT.FE.ZS,49.3330001831055
Czech Republic,CZE,2007,"Labor force participation rate, female (% of female population ages 15+) (modeled ILO estimate)",SL.TLF.CACT.FE.ZS,49.7809982299805
Czech Republic,CZE,2006,"Labor force participation rate, female (% of female population ages 15+) (modeled ILO estimate)",SL.TLF.CACT.FE.ZS,50.5670013427734
Czech Republic,CZE,2005,"Labor force participation rate, female (% of female population ages 15+) (modeled ILO estimate)",SL.TLF.CACT.FE.ZS,50.6689987182617
Czech Republic,CZE,2004,"Labor force participation rate, female (% of female population ages 15+) (modeled ILO estimate)",SL.TLF.CACT.FE.ZS,50.4889984130859
Czech Republic,CZE,2003,"Labor force participation rate, female (% of female population ages 15+) (modeled ILO estimate)",SL.TLF.CACT.FE.ZS,50.8489990234375
Czech Republic,CZE,2002,"Labor force participation rate, female (% of female population ages 15+) (modeled ILO estimate)",SL.TLF.CACT.FE.ZS,50.7490005493164
Czech Republic,CZE,2001,"Labor force participation rate, female (% of female population ages 15+) (modeled ILO estimate)",SL.TLF.CACT.FE.ZS,51.1100006103516
Czech Republic,CZE,2000,"Labor force participation rate, female (% of female population ages 15+) (modeled ILO estimate)",SL.TLF.CACT.FE.ZS,51.5029983520508
Czech Republic,CZE,1999,"Labor force participation rate, female (% of female population ages 15+) (modeled ILO estimate)",SL.TLF.CACT.FE.ZS,51.9070014953613
Czech Republic,CZE,1998,"Labor force participation rate, female (% of female population ages 15+) (modeled ILO estimate)",SL.TLF.CACT.FE.ZS,51.6609992980957
Czech Republic,CZE,1997,"Labor force participation rate, female (% of female population ages 15+) (modeled ILO estimate)",SL.TLF.CACT.FE.ZS,51.5639991760254
Czech Republic,CZE,1996,"Labor force participation rate, female (% of female population ages 15+) (modeled ILO estimate)",SL.TLF.CACT.FE.ZS,51.8250007629395
Czech Republic,CZE,1995,"Labor force participation rate, female (% of female population ages 15+) (modeled ILO estimate)",SL.TLF.CACT.FE.ZS,52.3320007324219
Czech Republic,CZE,1994,"Labor force participation rate, female (% of female population ages 15+) (modeled ILO estimate)",SL.TLF.CACT.FE.ZS,52.5830001831055
Czech Republic,CZE,1993,"Labor force participation rate, female (% of female population ages 15+) (modeled ILO estimate)",SL.TLF.CACT.FE.ZS,52.3380012512207
Czech Republic,CZE,1992,"Labor force participation rate, female (% of female population ages 15+) (modeled ILO estimate)",SL.TLF.CACT.FE.ZS,52.3450012207031
Czech Republic,CZE,1991,"Labor force participation rate, female (% of female population ages 15+) (modeled ILO estimate)",SL.TLF.CACT.FE.ZS,52.3489990234375
Czech Republic,CZE,1990,"Labor force participation rate, female (% of female population ages 15+) (modeled ILO estimate)",SL.TLF.CACT.FE.ZS,52.3759994506836
Czech Republic,CZE,2021,"Labor force participation rate, male (% of male population ages 15+) (modeled ILO estimate)",SL.TLF.CACT.MA.ZS,68.0640029907227
Czech Republic,CZE,2020,"Labor force participation rate, male (% of male population ages 15+) (modeled ILO estimate)",SL.TLF.CACT.MA.ZS,68.1370010375977
Czech Republic,CZE,2019,"Labor force participation rate, male (% of male population ages 15+) (modeled ILO estimate)",SL.TLF.CACT.MA.ZS,68.5400009155273
Czech Republic,CZE,2018,"Labor force participation rate, male (% of male population ages 15+) (modeled ILO estimate)",SL.TLF.CACT.MA.ZS,68.7229995727539
Czech Republic,CZE,2017,"Labor force participation rate, male (% of male population ages 15+) (modeled ILO estimate)",SL.TLF.CACT.MA.ZS,68.5449981689453
Czech Republic,CZE,2016,"Labor force participation rate, male (% of male population ages 15+) (modeled ILO estimate)",SL.TLF.CACT.MA.ZS,68.3860015869141
Czech Republic,CZE,2015,"Labor force participation rate, male (% of male population ages 15+) (modeled ILO estimate)",SL.TLF.CACT.MA.ZS,68.0149993896484
Czech Republic,CZE,2014,"Labor force participation rate, male (% of male population ages 15+) (modeled ILO estimate)",SL.TLF.CACT.MA.ZS,68.197998046875
Czech Republic,CZE,2013,"Labor force participation rate, male (% of male population ages 15+) (modeled ILO estimate)",SL.TLF.CACT.MA.ZS,68.0759963989258
Czech Republic,CZE,2012,"Labor force participation rate, male (% of male population ages 15+) (modeled ILO estimate)",SL.TLF.CACT.MA.ZS,67.6849975585938
Czech Republic,CZE,2011,"Labor force participation rate, male (% of male population ages 15+) (modeled ILO estimate)",SL.TLF.CACT.MA.ZS,67.5120010375977
Czech Republic,CZE,2010,"Labor force participation rate, male (% of male population ages 15+) (modeled ILO estimate)",SL.TLF.CACT.MA.ZS,68.0419998168945
Czech Republic,CZE,2009,"Labor force participation rate, male (% of male population ages 15+) (modeled ILO estimate)",SL.TLF.CACT.MA.ZS,68.3249969482422
Czech Republic,CZE,2008,"Labor force participation rate, male (% of male population ages 15+) (modeled ILO estimate)",SL.TLF.CACT.MA.ZS,68.2180023193359
Czech Republic,CZE,2007,"Labor force participation rate, male (% of male population ages 15+) (modeled ILO estimate)",SL.TLF.CACT.MA.ZS,68.3410034179688
Czech Republic,CZE,2006,"Labor force participation rate, male (% of male population ages 15+) (modeled ILO estimate)",SL.TLF.CACT.MA.ZS,68.572998046875
Czech Republic,CZE,2005,"Labor force participation rate, male (% of male population ages 15+) (modeled ILO estimate)",SL.TLF.CACT.MA.ZS,68.7220001220703
Czech Republic,CZE,2004,"Labor force participation rate, male (% of male population ages 15+) (modeled ILO estimate)",SL.TLF.CACT.MA.ZS,68.0849990844727
Czech Republic,CZE,2003,"Labor force participation rate, male (% of male population ages 15+) (modeled ILO estimate)",SL.TLF.CACT.MA.ZS,68.2480010986328
Czech Republic,CZE,2002,"Labor force participation rate, male (% of male population ages 15+) (modeled ILO estimate)",SL.TLF.CACT.MA.ZS,68.8379974365234
Czech Republic,CZE,2001,"Labor force participation rate, male (% of male population ages 15+) (modeled ILO estimate)",SL.TLF.CACT.MA.ZS,68.8290023803711
Czech Republic,CZE,2000,"Labor force participation rate, male (% of male population ages 15+) (modeled ILO estimate)",SL.TLF.CACT.MA.ZS,69.286003112793
Czech Republic,CZE,1999,"Labor force participation rate, male (% of male population ages 15+) (modeled ILO estimate)",SL.TLF.CACT.MA.ZS,70.0019989013672
Czech Republic,CZE,1998,"Labor force participation rate, male (% of male population ages 15+) (modeled ILO estimate)",SL.TLF.CACT.MA.ZS,70.2570037841797
Czech Republic,CZE,1997,"Labor force participation rate, male (% of male population ages 15+) (modeled ILO estimate)",SL.TLF.CACT.MA.ZS,70.5609970092773
Czech Republic,CZE,1996,"Labor force participation rate, male (% of male population ages 15+) (modeled ILO estimate)",SL.TLF.CACT.MA.ZS,71.4369964599609
Czech Republic,CZE,1995,"Labor force participation rate, male (% of male population ages 15+) (modeled ILO estimate)",SL.TLF.CACT.MA.ZS,71.4629974365234
Czech Republic,CZE,1994,"Labor force participation rate, male (% of male population ages 15+) (modeled ILO estimate)",SL.TLF.CACT.MA.ZS,71.4339981079102
Czech Republic,CZE,1993,"Labor force participation rate, male (% of male population ages 15+) (modeled ILO estimate)",SL.TLF.CACT.MA.ZS,71.2979965209961
Czech Republic,CZE,1992,"Labor force participation rate, male (% of male population ages 15+) (modeled ILO estimate)",SL.TLF.CACT.MA.ZS,71.3059997558594
Czech Republic,CZE,1991,"Labor force participation rate, male (% of male population ages 15+) (modeled ILO estimate)",SL.TLF.CACT.MA.ZS,71.3030014038086
Czech Republic,CZE,1990,"Labor force participation rate, male (% of male population ages 15+) (modeled ILO estimate)",SL.TLF.CACT.MA.ZS,71.1309967041016
Czech Republic,CZE,2021,"Part time employment, female (% of total female employment)",SL.TLF.PART.FE.ZS,35.0800018310547
Czech Republic,CZE,2020,"Part time employment, female (% of total female employment)",SL.TLF.PART.FE.ZS,40.5
Czech Republic,CZE,2019,"Part time employment, female (% of total female employment)",SL.TLF.PART.FE.ZS,34.9000015258789
Czech Republic,CZE,2018,"Part time employment, female (% of total female employment)",SL.TLF.PART.FE.ZS,34.8800010681152
Czech Republic,CZE,2017,"Part time employment, female (% of total female employment)",SL.TLF.PART.FE.ZS,35.4700012207031
Czech Republic,CZE,2016,"Part time employment, female (% of total female employment)",SL.TLF.PART.FE.ZS,32
Czech Republic,CZE,2015,"Part time employment, female (% of total female employment)",SL.TLF.PART.FE.ZS,34.8699989318848
Czech Republic,CZE,2014,"Part time employment, female (% of total female employment)",SL.TLF.PART.FE.ZS,32.4799995422363
Czech Republic,CZE,2013,"Part time employment, female (% of total female employment)",SL.TLF.PART.FE.ZS,33.3199996948242
Czech Republic,CZE,2012,"Part time employment, female (% of total female employment)",SL.TLF.PART.FE.ZS,30.5799999237061
Czech Republic,CZE,2011,"Part time employment, female (% of total female employment)",SL.TLF.PART.FE.ZS,30.1200008392334
Czech Republic,CZE,2010,"Part time employment, female (% of total female employment)",SL.TLF.PART.FE.ZS,27.8299999237061
Czech Republic,CZE,2009,"Part time employment, female (% of total female employment)",SL.TLF.PART.FE.ZS,28.6299991607666
Czech Republic,CZE,2008,"Part time employment, female (% of total female employment)",SL.TLF.PART.FE.ZS,25.2700004577637
Czech Republic,CZE,2007,"Part time employment, female (% of total female employment)",SL.TLF.PART.FE.ZS,25.2999992370605
Czech Republic,CZE,2006,"Part time employment, female (% of total female employment)",SL.TLF.PART.FE.ZS,24.8299999237061
Czech Republic,CZE,2005,"Part time employment, female (% of total female employment)",SL.TLF.PART.FE.ZS,24.4799995422363
Czech Republic,CZE,2004,"Part time employment, female (% of total female employment)",SL.TLF.PART.FE.ZS,20.8500003814697
Czech Republic,CZE,2003,"Part time employment, female (% of total female employment)",SL.TLF.PART.FE.ZS,28.3199996948242
Czech Republic,CZE,2002,"Part time employment, female (% of total female employment)",SL.TLF.PART.FE.ZS,25.4099998474121
Czech Republic,CZE,2001,"Part time employment, female (% of total female employment)",SL.TLF.PART.FE.ZS,24.6900005340576
Czech Republic,CZE,2000,"Part time employment, female (% of total female employment)",SL.TLF.PART.FE.ZS,25.25
Czech Republic,CZE,1999,"Part time employment, female (% of total female employment)",SL.TLF.PART.FE.ZS,19.9599990844727
Czech Republic,CZE,1998,"Part time employment, female (% of total female employment)",SL.TLF.PART.FE.ZS,25.2800006866455
Czech Republic,CZE,1997,"Part time employment, female (% of total female employment)",SL.TLF.PART.FE.ZS,22.8099994659424
Czech Republic,CZE,2021,"Part time employment, male (% of total male employment)",SL.TLF.PART.MA.ZS,23.75
Czech Republic,CZE,2020,"Part time employment, male (% of total male employment)",SL.TLF.PART.MA.ZS,28.7000007629395
Czech Republic,CZE,2019,"Part time employment, male (% of total male employment)",SL.TLF.PART.MA.ZS,23.1599998474121
Czech Republic,CZE,2018,"Part time employment, male (% of total male employment)",SL.TLF.PART.MA.ZS,22.8799991607666
Czech Republic,CZE,2017,"Part time employment, male (% of total male employment)",SL.TLF.PART.MA.ZS,22.4300003051758
Czech Republic,CZE,2016,"Part time employment, male (% of total male employment)",SL.TLF.PART.MA.ZS,20.7199993133545
Czech Republic,CZE,2015,"Part time employment, male (% of total male employment)",SL.TLF.PART.MA.ZS,23.7600002288818
Czech Republic,CZE,2014,"Part time employment, male (% of total male employment)",SL.TLF.PART.MA.ZS,21.3799991607666
Czech Republic,CZE,2013,"Part time employment, male (% of total male employment)",SL.TLF.PART.MA.ZS,21.5799999237061
Czech Republic,CZE,2012,"Part time employment, male (% of total male employment)",SL.TLF.PART.MA.ZS,19.8099994659424
Czech Republic,CZE,2011,"Part time employment, male (% of total male employment)",SL.TLF.PART.MA.ZS,18.5
Czech Republic,CZE,2010,"Part time employment, male (% of total male employment)",SL.TLF.PART.MA.ZS,17.4799995422363
Czech Republic,CZE,2009,"Part time employment, male (% of total male employment)",SL.TLF.PART.MA.ZS,18.4099998474121
Czech Republic,CZE,2008,"Part time employment, male (% of total male employment)",SL.TLF.PART.MA.ZS,14.8900003433228
Czech Republic,CZE,2007,"Part time employment, male (% of total male employment)",SL.TLF.PART.MA.ZS,14.7200002670288
Czech Republic,CZE,2006,"Part time employment, male (% of total male employment)",SL.TLF.PART.MA.ZS,14.5200004577637
Czech Republic,CZE,2005,"Part time employment, male (% of total male employment)",SL.TLF.PART.MA.ZS,14.210000038147
Czech Republic,CZE,2004,"Part time employment, male (% of total male employment)",SL.TLF.PART.MA.ZS,10.9700002670288
Czech Republic,CZE,2003,"Part time employment, male (% of total male employment)",SL.TLF.PART.MA.ZS,16.7700004577637
Czech Republic,CZE,2002,"Part time employment, male (% of total male employment)",SL.TLF.PART.MA.ZS,15.1999998092651
Czech Republic,CZE,2001,"Part time employment, male (% of total male employment)",SL.TLF.PART.MA.ZS,14.5500001907349
Czech Republic,CZE,2000,"Part time employment, male (% of total male employment)",SL.TLF.PART.MA.ZS,14.6400003433228
Czech Republic,CZE,1999,"Part time employment, male (% of total male employment)",SL.TLF.PART.MA.ZS,10.0900001525879
Czech Republic,CZE,1998,"Part time employment, male (% of total male employment)",SL.TLF.PART.MA.ZS,14.3100004196167
Czech Republic,CZE,1997,"Part time employment, male (% of total male employment)",SL.TLF.PART.MA.ZS,13.8400001525879
Czech Republic,CZE,2021,"Labor force, female (% of total labor force)",SL.TLF.TOTL.FE.ZS,44.2783258142959
Czech Republic,CZE,2020,"Labor force, female (% of total labor force)",SL.TLF.TOTL.FE.ZS,44.3451359705001
Czech Republic,CZE,2019,"Labor force, female (% of total labor force)",SL.TLF.TOTL.FE.ZS,44.5874893818091
Czech Republic,CZE,2018,"Labor force, female (% of total labor force)",SL.TLF.TOTL.FE.ZS,44.6297169043111
Czech Republic,CZE,2017,"Labor force, female (% of total labor force)",SL.TLF.TOTL.FE.ZS,44.4845387178543
Czech Republic,CZE,2016,"Labor force, female (% of total labor force)",SL.TLF.TOTL.FE.ZS,44.3555094271512
Czech Republic,CZE,2015,"Labor force, female (% of total labor force)",SL.TLF.TOTL.FE.ZS,44.2077422357878
Czech Republic,CZE,2014,"Labor force, female (% of total labor force)",SL.TLF.TOTL.FE.ZS,43.9535751298458
Czech Republic,CZE,2013,"Labor force, female (% of total labor force)",SL.TLF.TOTL.FE.ZS,44.0195566740112
Czech Republic,CZE,2012,"Labor force, female (% of total labor force)",SL.TLF.TOTL.FE.ZS,43.7304688426849
Czech Republic,CZE,2011,"Labor force, female (% of total labor force)",SL.TLF.TOTL.FE.ZS,43.5220598585463
Czech Republic,CZE,2010,"Labor force, female (% of total labor force)",SL.TLF.TOTL.FE.ZS,43.2904339278673
Czech Republic,CZE,2009,"Labor force, female (% of total labor force)",SL.TLF.TOTL.FE.ZS,43.370521255518
Czech Republic,CZE,2008,"Labor force, female (% of total labor force)",SL.TLF.TOTL.FE.ZS,43.3950138167894
Czech Republic,CZE,2007,"Labor force, female (% of total labor force)",SL.TLF.TOTL.FE.ZS,43.6789886706314
Czech Republic,CZE,2006,"Labor force, female (% of total labor force)",SL.TLF.TOTL.FE.ZS,44.0811965976906
Czech Republic,CZE,2005,"Labor force, female (% of total labor force)",SL.TLF.TOTL.FE.ZS,44.1576951814222
Czech Republic,CZE,2004,"Labor force, female (% of total labor force)",SL.TLF.TOTL.FE.ZS,44.3497342769698
Czech Republic,CZE,2003,"Labor force, female (% of total labor force)",SL.TLF.TOTL.FE.ZS,44.4951420595259
Czech Republic,CZE,2002,"Labor force, female (% of total labor force)",SL.TLF.TOTL.FE.ZS,44.2490631305852
Czech Republic,CZE,2001,"Labor force, female (% of total labor force)",SL.TLF.TOTL.FE.ZS,44.4413866329397
Czech Republic,CZE,2000,"Labor force, female (% of total labor force)",SL.TLF.TOTL.FE.ZS,44.4890038834963
Czech Republic,CZE,1999,"Labor force, female (% of total labor force)",SL.TLF.TOTL.FE.ZS,44.4506749480086
Czech Republic,CZE,1998,"Labor force, female (% of total labor force)",SL.TLF.TOTL.FE.ZS,44.2699919928261
Czech Republic,CZE,1997,"Labor force, female (% of total labor force)",SL.TLF.TOTL.FE.ZS,44.1468124732204
Czech Republic,CZE,1996,"Labor force, female (% of total labor force)",SL.TLF.TOTL.FE.ZS,43.9995808641275
Czech Republic,CZE,1995,"Labor force, female (% of total labor force)",SL.TLF.TOTL.FE.ZS,44.2645194873551
Czech Republic,CZE,1994,"Labor force, female (% of total labor force)",SL.TLF.TOTL.FE.ZS,44.4260312199396
Czech Republic,CZE,1993,"Labor force, female (% of total labor force)",SL.TLF.TOTL.FE.ZS,44.3957163889502
Czech Republic,CZE,1992,"Labor force, female (% of total labor force)",SL.TLF.TOTL.FE.ZS,44.4360412613063
Czech Republic,CZE,1991,"Labor force, female (% of total labor force)",SL.TLF.TOTL.FE.ZS,44.4744215025458
Czech Republic,CZE,1990,"Labor force, female (% of total labor force)",SL.TLF.TOTL.FE.ZS,44.5742034226229
Czech Republic,CZE,2021,"Unemployment, youth female (% of female labor force ages 15-24) (modeled ILO estimate)",SL.UEM.1524.FE.ZS,8.71100044250488
Czech Republic,CZE,2020,"Unemployment, youth female (% of female labor force ages 15-24) (modeled ILO estimate)",SL.UEM.1524.FE.ZS,9.14599990844727
Czech Republic,CZE,2019,"Unemployment, youth female (% of female labor force ages 15-24) (modeled ILO estimate)",SL.UEM.1524.FE.ZS,6
Czech Republic,CZE,2018,"Unemployment, youth female (% of female labor force ages 15-24) (modeled ILO estimate)",SL.UEM.1524.FE.ZS,7.19999980926514
Czech Republic,CZE,2017,"Unemployment, youth female (% of female labor force ages 15-24) (modeled ILO estimate)",SL.UEM.1524.FE.ZS,8.76500034332275
Czech Republic,CZE,2016,"Unemployment, youth female (% of female labor force ages 15-24) (modeled ILO estimate)",SL.UEM.1524.FE.ZS,11.4029998779297
Czech Republic,CZE,2015,"Unemployment, youth female (% of female labor force ages 15-24) (modeled ILO estimate)",SL.UEM.1524.FE.ZS,14.4540004730225
Czech Republic,CZE,2014,"Unemployment, youth female (% of female labor force ages 15-24) (modeled ILO estimate)",SL.UEM.1524.FE.ZS,17.0970001220703
Czech Republic,CZE,2013,"Unemployment, youth female (% of female labor force ages 15-24) (modeled ILO estimate)",SL.UEM.1524.FE.ZS,19.4479999542236
Czech Republic,CZE,2012,"Unemployment, youth female (% of female labor force ages 15-24) (modeled ILO estimate)",SL.UEM.1524.FE.ZS,18.9990005493164
Czech Republic,CZE,2011,"Unemployment, youth female (% of female labor force ages 15-24) (modeled ILO estimate)",SL.UEM.1524.FE.ZS,17.9139995574951
Czech Republic,CZE,2010,"Unemployment, youth female (% of female labor force ages 15-24) (modeled ILO estimate)",SL.UEM.1524.FE.ZS,18.4969997406006
Czech Republic,CZE,2009,"Unemployment, youth female (% of female labor force ages 15-24) (modeled ILO estimate)",SL.UEM.1524.FE.ZS,16.7049999237061
Czech Republic,CZE,2008,"Unemployment, youth female (% of female labor force ages 15-24) (modeled ILO estimate)",SL.UEM.1524.FE.ZS,9.92399978637695
Czech Republic,CZE,2007,"Unemployment, youth female (% of female labor force ages 15-24) (modeled ILO estimate)",SL.UEM.1524.FE.ZS,10.9930000305176
Czech Republic,CZE,2006,"Unemployment, youth female (% of female labor force ages 15-24) (modeled ILO estimate)",SL.UEM.1524.FE.ZS,18.7229995727539
Czech Republic,CZE,2005,"Unemployment, youth female (% of female labor force ages 15-24) (modeled ILO estimate)",SL.UEM.1524.FE.ZS,19.0919990539551
Czech Republic,CZE,2004,"Unemployment, youth female (% of female labor force ages 15-24) (modeled ILO estimate)",SL.UEM.1524.FE.ZS,17.9220008850098
Czech Republic,CZE,2003,"Unemployment, youth female (% of female labor force ages 15-24) (modeled ILO estimate)",SL.UEM.1524.FE.ZS,17.4850006103516
Czech Republic,CZE,2002,"Unemployment, youth female (% of female labor force ages 15-24) (modeled ILO estimate)",SL.UEM.1524.FE.ZS,14.9750003814697
Czech Republic,CZE,2001,"Unemployment, youth female (% of female labor force ages 15-24) (modeled ILO estimate)",SL.UEM.1524.FE.ZS,16.1660003662109
Czech Republic,CZE,2000,"Unemployment, youth female (% of female labor force ages 15-24) (modeled ILO estimate)",SL.UEM.1524.FE.ZS,16.4400005340576
Czech Republic,CZE,1999,"Unemployment, youth female (% of female labor force ages 15-24) (modeled ILO estimate)",SL.UEM.1524.FE.ZS,16.9780006408691
Czech Republic,CZE,1998,"Unemployment, youth female (% of female labor force ages 15-24) (modeled ILO estimate)",SL.UEM.1524.FE.ZS,12.7969999313354
Czech Republic,CZE,1997,"Unemployment, youth female (% of female labor force ages 15-24) (modeled ILO estimate)",SL.UEM.1524.FE.ZS,7.20900011062622
Czech Republic,CZE,1996,"Unemployment, youth female (% of female labor force ages 15-24) (modeled ILO estimate)",SL.UEM.1524.FE.ZS,8.30399990081787
Czech Republic,CZE,1995,"Unemployment, youth female (% of female labor force ages 15-24) (modeled ILO estimate)",SL.UEM.1524.FE.ZS,8.68000030517578
Czech Republic,CZE,1994,"Unemployment, youth female (% of female labor force ages 15-24) (modeled ILO estimate)",SL.UEM.1524.FE.ZS,9.83500003814697
Czech Republic,CZE,1993,"Unemployment, youth female (% of female labor force ages 15-24) (modeled ILO estimate)",SL.UEM.1524.FE.ZS,10.5270004272461
Czech Republic,CZE,1992,"Unemployment, youth female (% of female labor force ages 15-24) (modeled ILO estimate)",SL.UEM.1524.FE.ZS,5.91800022125244
Czech Republic,CZE,1991,"Unemployment, youth female (% of female labor force ages 15-24) (modeled ILO estimate)",SL.UEM.1524.FE.ZS,4.15899991989136
Czech Republic,CZE,2021,"Unemployment, youth male (% of male labor force ages 15-24) (modeled ILO estimate)",SL.UEM.1524.MA.ZS,6.92700004577637
Czech Republic,CZE,2020,"Unemployment, youth male (% of male labor force ages 15-24) (modeled ILO estimate)",SL.UEM.1524.MA.ZS,7.23299980163574
Czech Republic,CZE,2019,"Unemployment, youth male (% of male labor force ages 15-24) (modeled ILO estimate)",SL.UEM.1524.MA.ZS,5.35300016403198
Czech Republic,CZE,2018,"Unemployment, youth male (% of male labor force ages 15-24) (modeled ILO estimate)",SL.UEM.1524.MA.ZS,6.39400005340576
Czech Republic,CZE,2017,"Unemployment, youth male (% of male labor force ages 15-24) (modeled ILO estimate)",SL.UEM.1524.MA.ZS,7.4060001373291
Czech Republic,CZE,2016,"Unemployment, youth male (% of male labor force ages 15-24) (modeled ILO estimate)",SL.UEM.1524.MA.ZS,9.92000007629395
Czech Republic,CZE,2015,"Unemployment, youth male (% of male labor force ages 15-24) (modeled ILO estimate)",SL.UEM.1524.MA.ZS,11.3280000686646
Czech Republic,CZE,2014,"Unemployment, youth male (% of male labor force ages 15-24) (modeled ILO estimate)",SL.UEM.1524.MA.ZS,15.048999786377
Czech Republic,CZE,2013,"Unemployment, youth male (% of male labor force ages 15-24) (modeled ILO estimate)",SL.UEM.1524.MA.ZS,18.6140003204346
Czech Republic,CZE,2012,"Unemployment, youth male (% of male labor force ages 15-24) (modeled ILO estimate)",SL.UEM.1524.MA.ZS,19.8020000457764
Czech Republic,CZE,2011,"Unemployment, youth male (% of male labor force ages 15-24) (modeled ILO estimate)",SL.UEM.1524.MA.ZS,18.0970001220703
Czech Republic,CZE,2010,"Unemployment, youth male (% of male labor force ages 15-24) (modeled ILO estimate)",SL.UEM.1524.MA.ZS,18.238000869751
Czech Republic,CZE,2009,"Unemployment, youth male (% of male labor force ages 15-24) (modeled ILO estimate)",SL.UEM.1524.MA.ZS,16.6229991912842
Czech Republic,CZE,2008,"Unemployment, youth male (% of male labor force ages 15-24) (modeled ILO estimate)",SL.UEM.1524.MA.ZS,9.83199977874756
Czech Republic,CZE,2007,"Unemployment, youth male (% of male labor force ages 15-24) (modeled ILO estimate)",SL.UEM.1524.MA.ZS,10.6079998016357
Czech Republic,CZE,2006,"Unemployment, youth male (% of male labor force ages 15-24) (modeled ILO estimate)",SL.UEM.1524.MA.ZS,16.6650009155273
Czech Republic,CZE,2005,"Unemployment, youth male (% of male labor force ages 15-24) (modeled ILO estimate)",SL.UEM.1524.MA.ZS,19.3780002593994
Czech Republic,CZE,2004,"Unemployment, youth male (% of male labor force ages 15-24) (modeled ILO estimate)",SL.UEM.1524.MA.ZS,21.378999710083
Czech Republic,CZE,2003,"Unemployment, youth male (% of male labor force ages 15-24) (modeled ILO estimate)",SL.UEM.1524.MA.ZS,16.0629997253418
Czech Republic,CZE,2002,"Unemployment, youth male (% of male labor force ages 15-24) (modeled ILO estimate)",SL.UEM.1524.MA.ZS,15.5579996109009
Czech Republic,CZE,2001,"Unemployment, youth male (% of male labor force ages 15-24) (modeled ILO estimate)",SL.UEM.1524.MA.ZS,16.246000289917
Czech Republic,CZE,2000,"Unemployment, youth male (% of male labor force ages 15-24) (modeled ILO estimate)",SL.UEM.1524.MA.ZS,17.2229995727539
Czech Republic,CZE,1999,"Unemployment, youth male (% of male labor force ages 15-24) (modeled ILO estimate)",SL.UEM.1524.MA.ZS,16.1280002593994
Czech Republic,CZE,1998,"Unemployment, youth male (% of male labor force ages 15-24) (modeled ILO estimate)",SL.UEM.1524.MA.ZS,9.24300003051758
Czech Republic,CZE,1997,"Unemployment, youth male (% of male labor force ages 15-24) (modeled ILO estimate)",SL.UEM.1524.MA.ZS,6.73299980163574
Czech Republic,CZE,1996,"Unemployment, youth male (% of male labor force ages 15-24) (modeled ILO estimate)",SL.UEM.1524.MA.ZS,6.40500020980835
Czech Republic,CZE,1995,"Unemployment, youth male (% of male labor force ages 15-24) (modeled ILO estimate)",SL.UEM.1524.MA.ZS,7.12599992752075
Czech Republic,CZE,1994,"Unemployment, youth male (% of male labor force ages 15-24) (modeled ILO estimate)",SL.UEM.1524.MA.ZS,7.85200023651123
Czech Republic,CZE,1993,"Unemployment, youth male (% of male labor force ages 15-24) (modeled ILO estimate)",SL.UEM.1524.MA.ZS,6.95499992370605
Czech Republic,CZE,1992,"Unemployment, youth male (% of male labor force ages 15-24) (modeled ILO estimate)",SL.UEM.1524.MA.ZS,4.52500009536743
Czech Republic,CZE,1991,"Unemployment, youth male (% of male labor force ages 15-24) (modeled ILO estimate)",SL.UEM.1524.MA.ZS,5.03800010681152
Czech Republic,CZE,2021,"Unemployment, female (% of female labor force) (modeled ILO estimate)",SL.UEM.TOTL.FE.ZS,3.63899993896484
Czech Republic,CZE,2020,"Unemployment, female (% of female labor force) (modeled ILO estimate)",SL.UEM.TOTL.FE.ZS,2.95099997520447
Czech Republic,CZE,2019,"Unemployment, female (% of female labor force) (modeled ILO estimate)",SL.UEM.TOTL.FE.ZS,2.375
Czech Republic,CZE,2018,"Unemployment, female (% of female labor force) (modeled ILO estimate)",SL.UEM.TOTL.FE.ZS,2.79900002479553
Czech Republic,CZE,2017,"Unemployment, female (% of female labor force) (modeled ILO estimate)",SL.UEM.TOTL.FE.ZS,3.57800006866455
Czech Republic,CZE,2016,"Unemployment, female (% of female labor force) (modeled ILO estimate)",SL.UEM.TOTL.FE.ZS,4.66699981689453
Czech Republic,CZE,2015,"Unemployment, female (% of female labor force) (modeled ILO estimate)",SL.UEM.TOTL.FE.ZS,6.07800006866455
Czech Republic,CZE,2014,"Unemployment, female (% of female labor force) (modeled ILO estimate)",SL.UEM.TOTL.FE.ZS,7.39400005340576
Czech Republic,CZE,2013,"Unemployment, female (% of female labor force) (modeled ILO estimate)",SL.UEM.TOTL.FE.ZS,8.28800010681152
Czech Republic,CZE,2012,"Unemployment, female (% of female labor force) (modeled ILO estimate)",SL.UEM.TOTL.FE.ZS,8.21300029754639
Czech Republic,CZE,2011,"Unemployment, female (% of female labor force) (modeled ILO estimate)",SL.UEM.TOTL.FE.ZS,7.8899998664856
Czech Republic,CZE,2010,"Unemployment, female (% of female labor force) (modeled ILO estimate)",SL.UEM.TOTL.FE.ZS,8.45899963378906
Czech Republic,CZE,2009,"Unemployment, female (% of female labor force) (modeled ILO estimate)",SL.UEM.TOTL.FE.ZS,7.72399997711182
Czech Republic,CZE,2008,"Unemployment, female (% of female labor force) (modeled ILO estimate)",SL.UEM.TOTL.FE.ZS,5.60599994659424
Czech Republic,CZE,2007,"Unemployment, female (% of female labor force) (modeled ILO estimate)",SL.UEM.TOTL.FE.ZS,6.73899984359741
Czech Republic,CZE,2006,"Unemployment, female (% of female labor force) (modeled ILO estimate)",SL.UEM.TOTL.FE.ZS,8.85000038146973
Czech Republic,CZE,2005,"Unemployment, female (% of female labor force) (modeled ILO estimate)",SL.UEM.TOTL.FE.ZS,9.79599952697754
Czech Republic,CZE,2004,"Unemployment, female (% of female labor force) (modeled ILO estimate)",SL.UEM.TOTL.FE.ZS,9.65200042724609
Czech Republic,CZE,2003,"Unemployment, female (% of female labor force) (modeled ILO estimate)",SL.UEM.TOTL.FE.ZS,9.64500045776367
Czech Republic,CZE,2002,"Unemployment, female (% of female labor force) (modeled ILO estimate)",SL.UEM.TOTL.FE.ZS,8.56099987030029
Czech Republic,CZE,2001,"Unemployment, female (% of female labor force) (modeled ILO estimate)",SL.UEM.TOTL.FE.ZS,9.61299991607666
Czech Republic,CZE,2000,"Unemployment, female (% of female labor force) (modeled ILO estimate)",SL.UEM.TOTL.FE.ZS,10.5380001068115
Czech Republic,CZE,1999,"Unemployment, female (% of female labor force) (modeled ILO estimate)",SL.UEM.TOTL.FE.ZS,10.1300001144409
Czech Republic,CZE,1998,"Unemployment, female (% of female labor force) (modeled ILO estimate)",SL.UEM.TOTL.FE.ZS,7.55700016021729
Czech Republic,CZE,1997,"Unemployment, female (% of female labor force) (modeled ILO estimate)",SL.UEM.TOTL.FE.ZS,5.125
Czech Republic,CZE,1996,"Unemployment, female (% of female labor force) (modeled ILO estimate)",SL.UEM.TOTL.FE.ZS,4.65700006484985
Czech Republic,CZE,1995,"Unemployment, female (% of female labor force) (modeled ILO estimate)",SL.UEM.TOTL.FE.ZS,4.80499982833862
Czech Republic,CZE,1994,"Unemployment, female (% of female labor force) (modeled ILO estimate)",SL.UEM.TOTL.FE.ZS,5.19600009918213
Czech Republic,CZE,1993,"Unemployment, female (% of female labor force) (modeled ILO estimate)",SL.UEM.TOTL.FE.ZS,5.44399976730347
Czech Republic,CZE,1992,"Unemployment, female (% of female labor force) (modeled ILO estimate)",SL.UEM.TOTL.FE.ZS,3.05200004577637
Czech Republic,CZE,1991,"Unemployment, female (% of female labor force) (modeled ILO estimate)",SL.UEM.TOTL.FE.ZS,2.06500005722046
Czech Republic,CZE,2021,"Unemployment, male (% of male labor force) (modeled ILO estimate)",SL.UEM.TOTL.MA.ZS,2.28900003433228
Czech Republic,CZE,2020,"Unemployment, male (% of male labor force) (modeled ILO estimate)",SL.UEM.TOTL.MA.ZS,2.23099994659424
Czech Republic,CZE,2019,"Unemployment, male (% of male labor force) (modeled ILO estimate)",SL.UEM.TOTL.MA.ZS,1.71599996089935
Czech Republic,CZE,2018,"Unemployment, male (% of male labor force) (modeled ILO estimate)",SL.UEM.TOTL.MA.ZS,1.78900003433228
Czech Republic,CZE,2017,"Unemployment, male (% of male labor force) (modeled ILO estimate)",SL.UEM.TOTL.MA.ZS,2.33899998664856
Czech Republic,CZE,2016,"Unemployment, male (% of male labor force) (modeled ILO estimate)",SL.UEM.TOTL.MA.ZS,3.37800002098084
Czech Republic,CZE,2015,"Unemployment, male (% of male labor force) (modeled ILO estimate)",SL.UEM.TOTL.MA.ZS,4.23600006103516
Czech Republic,CZE,2014,"Unemployment, male (% of male labor force) (modeled ILO estimate)",SL.UEM.TOTL.MA.ZS,5.10300016403198
Czech Republic,CZE,2013,"Unemployment, male (% of male labor force) (modeled ILO estimate)",SL.UEM.TOTL.MA.ZS,5.89799976348877
Czech Republic,CZE,2012,"Unemployment, male (% of male labor force) (modeled ILO estimate)",SL.UEM.TOTL.MA.ZS,6.02199983596802
Czech Republic,CZE,2011,"Unemployment, male (% of male labor force) (modeled ILO estimate)",SL.UEM.TOTL.MA.ZS,5.80000019073486
Czech Republic,CZE,2010,"Unemployment, male (% of male labor force) (modeled ILO estimate)",SL.UEM.TOTL.MA.ZS,6.38000011444092
Czech Republic,CZE,2009,"Unemployment, male (% of male labor force) (modeled ILO estimate)",SL.UEM.TOTL.MA.ZS,5.84499979019165
Czech Republic,CZE,2008,"Unemployment, male (% of male labor force) (modeled ILO estimate)",SL.UEM.TOTL.MA.ZS,3.45799994468689
Czech Republic,CZE,2007,"Unemployment, male (% of male labor force) (modeled ILO estimate)",SL.UEM.TOTL.MA.ZS,4.2189998626709
Czech Republic,CZE,2006,"Unemployment, male (% of male labor force) (modeled ILO estimate)",SL.UEM.TOTL.MA.ZS,5.80999994277954
Czech Republic,CZE,2005,"Unemployment, male (% of male labor force) (modeled ILO estimate)",SL.UEM.TOTL.MA.ZS,6.4539999961853
Czech Republic,CZE,2004,"Unemployment, male (% of male labor force) (modeled ILO estimate)",SL.UEM.TOTL.MA.ZS,7.06099987030029
Czech Republic,CZE,2003,"Unemployment, male (% of male labor force) (modeled ILO estimate)",SL.UEM.TOTL.MA.ZS,5.85300016403198
Czech Republic,CZE,2002,"Unemployment, male (% of male labor force) (modeled ILO estimate)",SL.UEM.TOTL.MA.ZS,5.79699993133545
Czech Republic,CZE,2001,"Unemployment, male (% of male labor force) (modeled ILO estimate)",SL.UEM.TOTL.MA.ZS,6.69199991226196
Czech Republic,CZE,2000,"Unemployment, male (% of male labor force) (modeled ILO estimate)",SL.UEM.TOTL.MA.ZS,7.33500003814697
Czech Republic,CZE,1999,"Unemployment, male (% of male labor force) (modeled ILO estimate)",SL.UEM.TOTL.MA.ZS,7.17700004577637
Czech Republic,CZE,1998,"Unemployment, male (% of male labor force) (modeled ILO estimate)",SL.UEM.TOTL.MA.ZS,4.58400011062622
Czech Republic,CZE,1997,"Unemployment, male (% of male labor force) (modeled ILO estimate)",SL.UEM.TOTL.MA.ZS,3.59400010108948
Czech Republic,CZE,1996,"Unemployment, male (% of male labor force) (modeled ILO estimate)",SL.UEM.TOTL.MA.ZS,3.28800010681152
Czech Republic,CZE,1995,"Unemployment, male (% of male labor force) (modeled ILO estimate)",SL.UEM.TOTL.MA.ZS,3.3970000743866
Czech Republic,CZE,1994,"Unemployment, male (% of male labor force) (modeled ILO estimate)",SL.UEM.TOTL.MA.ZS,3.58400011062622
Czech Republic,CZE,1993,"Unemployment, male (% of male labor force) (modeled ILO estimate)",SL.UEM.TOTL.MA.ZS,3.42300009727478
Czech Republic,CZE,1992,"Unemployment, male (% of male labor force) (modeled ILO estimate)",SL.UEM.TOTL.MA.ZS,2.23799991607666
Czech Republic,CZE,1991,"Unemployment, male (% of male labor force) (modeled ILO estimate)",SL.UEM.TOTL.MA.ZS,2.43400001525879
Czech Republic,CZE,2020,"Adolescent fertility rate (births per 1,000 women ages 15-19)",SP.ADO.TFRT,11.8502
Czech Republic,CZE,2019,"Adolescent fertility rate (births per 1,000 women ages 15-19)",SP.ADO.TFRT,11.8908
Czech Republic,CZE,2018,"Adolescent fertility rate (births per 1,000 women ages 15-19)",SP.ADO.TFRT,11.9314
Czech Republic,CZE,2017,"Adolescent fertility rate (births per 1,000 women ages 15-19)",SP.ADO.TFRT,11.972
Czech Republic,CZE,2016,"Adolescent fertility rate (births per 1,000 women ages 15-19)",SP.ADO.TFRT,11.728
Czech Republic,CZE,2015,"Adolescent fertility rate (births per 1,000 women ages 15-19)",SP.ADO.TFRT,11.484
Czech Republic,CZE,2014,"Adolescent fertility rate (births per 1,000 women ages 15-19)",SP.ADO.TFRT,11.24
Czech Republic,CZE,2013,"Adolescent fertility rate (births per 1,000 women ages 15-19)",SP.ADO.TFRT,10.996
Czech Republic,CZE,2012,"Adolescent fertility rate (births per 1,000 women ages 15-19)",SP.ADO.TFRT,10.752
Czech Republic,CZE,2011,"Adolescent fertility rate (births per 1,000 women ages 15-19)",SP.ADO.TFRT,10.825
Czech Republic,CZE,2010,"Adolescent fertility rate (births per 1,000 women ages 15-19)",SP.ADO.TFRT,10.898
Czech Republic,CZE,2009,"Adolescent fertility rate (births per 1,000 women ages 15-19)",SP.ADO.TFRT,10.971
Czech Republic,CZE,2008,"Adolescent fertility rate (births per 1,000 women ages 15-19)",SP.ADO.TFRT,11.044
Czech Republic,CZE,2007,"Adolescent fertility rate (births per 1,000 women ages 15-19)",SP.ADO.TFRT,11.117
Czech Republic,CZE,2006,"Adolescent fertility rate (births per 1,000 women ages 15-19)",SP.ADO.TFRT,11.1656
Czech Republic,CZE,2005,"Adolescent fertility rate (births per 1,000 women ages 15-19)",SP.ADO.TFRT,11.2142
Czech Republic,CZE,2004,"Adolescent fertility rate (births per 1,000 women ages 15-19)",SP.ADO.TFRT,11.2628
Czech Republic,CZE,2003,"Adolescent fertility rate (births per 1,000 women ages 15-19)",SP.ADO.TFRT,11.3114
Czech Republic,CZE,2002,"Adolescent fertility rate (births per 1,000 women ages 15-19)",SP.ADO.TFRT,11.36
Czech Republic,CZE,2001,"Adolescent fertility rate (births per 1,000 women ages 15-19)",SP.ADO.TFRT,12.4008
Czech Republic,CZE,2000,"Adolescent fertility rate (births per 1,000 women ages 15-19)",SP.ADO.TFRT,13.4416
Czech Republic,CZE,1999,"Adolescent fertility rate (births per 1,000 women ages 15-19)",SP.ADO.TFRT,14.4824
Czech Republic,CZE,1998,"Adolescent fertility rate (births per 1,000 women ages 15-19)",SP.ADO.TFRT,15.5232
Czech Republic,CZE,1997,"Adolescent fertility rate (births per 1,000 women ages 15-19)",SP.ADO.TFRT,16.564
Czech Republic,CZE,1996,"Adolescent fertility rate (births per 1,000 women ages 15-19)",SP.ADO.TFRT,21.469
Czech Republic,CZE,1995,"Adolescent fertility rate (births per 1,000 women ages 15-19)",SP.ADO.TFRT,26.374
Czech Republic,CZE,1994,"Adolescent fertility rate (births per 1,000 women ages 15-19)",SP.ADO.TFRT,31.279
Czech Republic,CZE,1993,"Adolescent fertility rate (births per 1,000 women ages 15-19)",SP.ADO.TFRT,36.184
Czech Republic,CZE,1992,"Adolescent fertility rate (births per 1,000 women ages 15-19)",SP.ADO.TFRT,41.089
Czech Republic,CZE,1991,"Adolescent fertility rate (births per 1,000 women ages 15-19)",SP.ADO.TFRT,42.9712
Czech Republic,CZE,1990,"Adolescent fertility rate (births per 1,000 women ages 15-19)",SP.ADO.TFRT,44.8534
Czech Republic,CZE,1989,"Adolescent fertility rate (births per 1,000 women ages 15-19)",SP.ADO.TFRT,46.7356
Czech Republic,CZE,1988,"Adolescent fertility rate (births per 1,000 women ages 15-19)",SP.ADO.TFRT,48.6178
Czech Republic,CZE,1987,"Adolescent fertility rate (births per 1,000 women ages 15-19)",SP.ADO.TFRT,50.5
Czech Republic,CZE,1986,"Adolescent fertility rate (births per 1,000 women ages 15-19)",SP.ADO.TFRT,50.9676
Czech Republic,CZE,1985,"Adolescent fertility rate (births per 1,000 women ages 15-19)",SP.ADO.TFRT,51.4352
Czech Republic,CZE,1984,"Adolescent fertility rate (births per 1,000 women ages 15-19)",SP.ADO.TFRT,51.9028
Czech Republic,CZE,1983,"Adolescent fertility rate (births per 1,000 women ages 15-19)",SP.ADO.TFRT,52.3704
Czech Republic,CZE,1982,"Adolescent fertility rate (births per 1,000 women ages 15-19)",SP.ADO.TFRT,52.838
Czech Republic,CZE,1981,"Adolescent fertility rate (births per 1,000 women ages 15-19)",SP.ADO.TFRT,54.091
Czech Republic,CZE,1980,"Adolescent fertility rate (births per 1,000 women ages 15-19)",SP.ADO.TFRT,55.344
Czech Republic,CZE,1979,"Adolescent fertility rate (births per 1,000 women ages 15-19)",SP.ADO.TFRT,56.597
Czech Republic,CZE,1978,"Adolescent fertility rate (births per 1,000 women ages 15-19)",SP.ADO.TFRT,57.85
Czech Republic,CZE,1977,"Adolescent fertility rate (births per 1,000 women ages 15-19)",SP.ADO.TFRT,59.103
Czech Republic,CZE,1976,"Adolescent fertility rate (births per 1,000 women ages 15-19)",SP.ADO.TFRT,57.3618
Czech Republic,CZE,1975,"Adolescent fertility rate (births per 1,000 women ages 15-19)",SP.ADO.TFRT,55.6206
Czech Republic,CZE,1974,"Adolescent fertility rate (births per 1,000 women ages 15-19)",SP.ADO.TFRT,53.8794
Czech Republic,CZE,1973,"Adolescent fertility rate (births per 1,000 women ages 15-19)",SP.ADO.TFRT,52.1382
Czech Republic,CZE,1972,"Adolescent fertility rate (births per 1,000 women ages 15-19)",SP.ADO.TFRT,50.397
Czech Republic,CZE,1971,"Adolescent fertility rate (births per 1,000 women ages 15-19)",SP.ADO.TFRT,49.6578
Czech Republic,CZE,1970,"Adolescent fertility rate (births per 1,000 women ages 15-19)",SP.ADO.TFRT,48.9186
Czech Republic,CZE,1969,"Adolescent fertility rate (births per 1,000 women ages 15-19)",SP.ADO.TFRT,48.1794
Czech Republic,CZE,1968,"Adolescent fertility rate (births per 1,000 women ages 15-19)",SP.ADO.TFRT,47.4402
Czech Republic,CZE,1967,"Adolescent fertility rate (births per 1,000 women ages 15-19)",SP.ADO.TFRT,46.701
Czech Republic,CZE,1966,"Adolescent fertility rate (births per 1,000 women ages 15-19)",SP.ADO.TFRT,46.9392
Czech Republic,CZE,1965,"Adolescent fertility rate (births per 1,000 women ages 15-19)",SP.ADO.TFRT,47.1774
Czech Republic,CZE,1964,"Adolescent fertility rate (births per 1,000 women ages 15-19)",SP.ADO.TFRT,47.4156
Czech Republic,CZE,1963,"Adolescent fertility rate (births per 1,000 women ages 15-19)",SP.ADO.TFRT,47.6538
Czech Republic,CZE,1962,"Adolescent fertility rate (births per 1,000 women ages 15-19)",SP.ADO.TFRT,47.892
Czech Republic,CZE,1961,"Adolescent fertility rate (births per 1,000 women ages 15-19)",SP.ADO.TFRT,47.9232
Czech Republic,CZE,1960,"Adolescent fertility rate (births per 1,000 women ages 15-19)",SP.ADO.TFRT,47.9544
Czech Republic,CZE,2019,"Mortality rate, adult, female (per 1,000 female adults)",SP.DYN.AMRT.FE,51.417
Czech Republic,CZE,2018,"Mortality rate, adult, female (per 1,000 female adults)",SP.DYN.AMRT.FE,50.769
Czech Republic,CZE,2017,"Mortality rate, adult, female (per 1,000 female adults)",SP.DYN.AMRT.FE,51.325
Czech Republic,CZE,2016,"Mortality rate, adult, female (per 1,000 female adults)",SP.DYN.AMRT.FE,53.283
Czech Republic,CZE,2015,"Mortality rate, adult, female (per 1,000 female adults)",SP.DYN.AMRT.FE,52.944
Czech Republic,CZE,2014,"Mortality rate, adult, female (per 1,000 female adults)",SP.DYN.AMRT.FE,53.382
Czech Republic,CZE,2013,"Mortality rate, adult, female (per 1,000 female adults)",SP.DYN.AMRT.FE,56.719
Czech Republic,CZE,2012,"Mortality rate, adult, female (per 1,000 female adults)",SP.DYN.AMRT.FE,58.327
Czech Republic,CZE,2011,"Mortality rate, adult, female (per 1,000 female adults)",SP.DYN.AMRT.FE,59.481
Czech Republic,CZE,2010,"Mortality rate, adult, female (per 1,000 female adults)",SP.DYN.AMRT.FE,60.281
Czech Republic,CZE,2009,"Mortality rate, adult, female (per 1,000 female adults)",SP.DYN.AMRT.FE,62.774
Czech Republic,CZE,2008,"Mortality rate, adult, female (per 1,000 female adults)",SP.DYN.AMRT.FE,65.342
Czech Republic,CZE,2007,"Mortality rate, adult, female (per 1,000 female adults)",SP.DYN.AMRT.FE,64.729
Czech Republic,CZE,2006,"Mortality rate, adult, female (per 1,000 female adults)",SP.DYN.AMRT.FE,66.353
Czech Republic,CZE,2005,"Mortality rate, adult, female (per 1,000 female adults)",SP.DYN.AMRT.FE,69.669
Czech Republic,CZE,2004,"Mortality rate, adult, female (per 1,000 female adults)",SP.DYN.AMRT.FE,68.716
Czech Republic,CZE,2003,"Mortality rate, adult, female (per 1,000 female adults)",SP.DYN.AMRT.FE,74.23
Czech Republic,CZE,2002,"Mortality rate, adult, female (per 1,000 female adults)",SP.DYN.AMRT.FE,72.549
Czech Republic,CZE,2001,"Mortality rate, adult, female (per 1,000 female adults)",SP.DYN.AMRT.FE,75.735
Czech Republic,CZE,2000,"Mortality rate, adult, female (per 1,000 female adults)",SP.DYN.AMRT.FE,76.137
Czech Republic,CZE,1999,"Mortality rate, adult, female (per 1,000 female adults)",SP.DYN.AMRT.FE,75.214
Czech Republic,CZE,1998,"Mortality rate, adult, female (per 1,000 female adults)",SP.DYN.AMRT.FE,76.781
Czech Republic,CZE,1997,"Mortality rate, adult, female (per 1,000 female adults)",SP.DYN.AMRT.FE,81.553
Czech Republic,CZE,1996,"Mortality rate, adult, female (per 1,000 female adults)",SP.DYN.AMRT.FE,80.073
Czech Republic,CZE,1995,"Mortality rate, adult, female (per 1,000 female adults)",SP.DYN.AMRT.FE,87.578
Czech Republic,CZE,1994,"Mortality rate, adult, female (per 1,000 female adults)",SP.DYN.AMRT.FE,84.664
Czech Republic,CZE,1993,"Mortality rate, adult, female (per 1,000 female adults)",SP.DYN.AMRT.FE,87.543
Czech Republic,CZE,1992,"Mortality rate, adult, female (per 1,000 female adults)",SP.DYN.AMRT.FE,91.241
Czech Republic,CZE,1991,"Mortality rate, adult, female (per 1,000 female adults)",SP.DYN.AMRT.FE,94.837
Czech Republic,CZE,1990,"Mortality rate, adult, female (per 1,000 female adults)",SP.DYN.AMRT.FE,95.017
Czech Republic,CZE,1989,"Mortality rate, adult, female (per 1,000 female adults)",SP.DYN.AMRT.FE,95.581
Czech Republic,CZE,1988,"Mortality rate, adult, female (per 1,000 female adults)",SP.DYN.AMRT.FE,94.815
Czech Republic,CZE,1987,"Mortality rate, adult, female (per 1,000 female adults)",SP.DYN.AMRT.FE,95.941
Czech Republic,CZE,1986,"Mortality rate, adult, female (per 1,000 female adults)",SP.DYN.AMRT.FE,99.324
Czech Republic,CZE,1985,"Mortality rate, adult, female (per 1,000 female adults)",SP.DYN.AMRT.FE,97.089
Czech Republic,CZE,1984,"Mortality rate, adult, female (per 1,000 female adults)",SP.DYN.AMRT.FE,99.723
Czech Republic,CZE,1983,"Mortality rate, adult, female (per 1,000 female adults)",SP.DYN.AMRT.FE,101.205
Czech Republic,CZE,1982,"Mortality rate, adult, female (per 1,000 female adults)",SP.DYN.AMRT.FE,99.342
Czech Republic,CZE,1981,"Mortality rate, adult, female (per 1,000 female adults)",SP.DYN.AMRT.FE,101.341
Czech Republic,CZE,1980,"Mortality rate, adult, female (per 1,000 female adults)",SP.DYN.AMRT.FE,103.491
Czech Republic,CZE,1979,"Mortality rate, adult, female (per 1,000 female adults)",SP.DYN.AMRT.FE,102.914
Czech Republic,CZE,1978,"Mortality rate, adult, female (per 1,000 female adults)",SP.DYN.AMRT.FE,102.586
Czech Republic,CZE,1977,"Mortality rate, adult, female (per 1,000 female adults)",SP.DYN.AMRT.FE,101.402
Czech Republic,CZE,1976,"Mortality rate, adult, female (per 1,000 female adults)",SP.DYN.AMRT.FE,100.425
Czech Republic,CZE,1975,"Mortality rate, adult, female (per 1,000 female adults)",SP.DYN.AMRT.FE,102.028
Czech Republic,CZE,1974,"Mortality rate, adult, female (per 1,000 female adults)",SP.DYN.AMRT.FE,105.837
Czech Republic,CZE,1973,"Mortality rate, adult, female (per 1,000 female adults)",SP.DYN.AMRT.FE,105.413
Czech Republic,CZE,1972,"Mortality rate, adult, female (per 1,000 female adults)",SP.DYN.AMRT.FE,106.788
Czech Republic,CZE,1971,"Mortality rate, adult, female (per 1,000 female adults)",SP.DYN.AMRT.FE,109.232
Czech Republic,CZE,1970,"Mortality rate, adult, female (per 1,000 female adults)",SP.DYN.AMRT.FE,111.705
Czech Republic,CZE,1969,"Mortality rate, adult, female (per 1,000 female adults)",SP.DYN.AMRT.FE,110.211
Czech Republic,CZE,1968,"Mortality rate, adult, female (per 1,000 female adults)",SP.DYN.AMRT.FE,107.248
Czech Republic,CZE,1967,"Mortality rate, adult, female (per 1,000 female adults)",SP.DYN.AMRT.FE,103.912
Czech Republic,CZE,1966,"Mortality rate, adult, female (per 1,000 female adults)",SP.DYN.AMRT.FE,103.857
Czech Republic,CZE,1965,"Mortality rate, adult, female (per 1,000 female adults)",SP.DYN.AMRT.FE,105.897
Czech Republic,CZE,1964,"Mortality rate, adult, female (per 1,000 female adults)",SP.DYN.AMRT.FE,105.788
Czech Republic,CZE,1963,"Mortality rate, adult, female (per 1,000 female adults)",SP.DYN.AMRT.FE,104.567
Czech Republic,CZE,1962,"Mortality rate, adult, female (per 1,000 female adults)",SP.DYN.AMRT.FE,107.874
Czech Republic,CZE,1961,"Mortality rate, adult, female (per 1,000 female adults)",SP.DYN.AMRT.FE,108.838
Czech Republic,CZE,1960,"Mortality rate, adult, female (per 1,000 female adults)",SP.DYN.AMRT.FE,112.225
Czech Republic,CZE,2019,"Mortality rate, adult, male (per 1,000 male adults)",SP.DYN.AMRT.MA,106.057
Czech Republic,CZE,2018,"Mortality rate, adult, male (per 1,000 male adults)",SP.DYN.AMRT.MA,109.773
Czech Republic,CZE,2017,"Mortality rate, adult, male (per 1,000 male adults)",SP.DYN.AMRT.MA,108.785
Czech Republic,CZE,2016,"Mortality rate, adult, male (per 1,000 male adults)",SP.DYN.AMRT.MA,108.916
Czech Republic,CZE,2015,"Mortality rate, adult, male (per 1,000 male adults)",SP.DYN.AMRT.MA,112.133
Czech Republic,CZE,2014,"Mortality rate, adult, male (per 1,000 male adults)",SP.DYN.AMRT.MA,114.592
Czech Republic,CZE,2013,"Mortality rate, adult, male (per 1,000 male adults)",SP.DYN.AMRT.MA,120.786
Czech Republic,CZE,2012,"Mortality rate, adult, male (per 1,000 male adults)",SP.DYN.AMRT.MA,125.75
Czech Republic,CZE,2011,"Mortality rate, adult, male (per 1,000 male adults)",SP.DYN.AMRT.MA,131.678
Czech Republic,CZE,2010,"Mortality rate, adult, male (per 1,000 male adults)",SP.DYN.AMRT.MA,135.428
Czech Republic,CZE,2009,"Mortality rate, adult, male (per 1,000 male adults)",SP.DYN.AMRT.MA,138.751
Czech Republic,CZE,2008,"Mortality rate, adult, male (per 1,000 male adults)",SP.DYN.AMRT.MA,143.699
Czech Republic,CZE,2007,"Mortality rate, adult, male (per 1,000 male adults)",SP.DYN.AMRT.MA,145.864
Czech Republic,CZE,2006,"Mortality rate, adult, male (per 1,000 male adults)",SP.DYN.AMRT.MA,146.736
Czech Republic,CZE,2005,"Mortality rate, adult, male (per 1,000 male adults)",SP.DYN.AMRT.MA,154.618
Czech Republic,CZE,2004,"Mortality rate, adult, male (per 1,000 male adults)",SP.DYN.AMRT.MA,159.881
Czech Republic,CZE,2003,"Mortality rate, adult, male (per 1,000 male adults)",SP.DYN.AMRT.MA,166.235
Czech Republic,CZE,2002,"Mortality rate, adult, male (per 1,000 male adults)",SP.DYN.AMRT.MA,164.947
Czech Republic,CZE,2001,"Mortality rate, adult, male (per 1,000 male adults)",SP.DYN.AMRT.MA,167.58
Czech Republic,CZE,2000,"Mortality rate, adult, male (per 1,000 male adults)",SP.DYN.AMRT.MA,172.623
Czech Republic,CZE,1999,"Mortality rate, adult, male (per 1,000 male adults)",SP.DYN.AMRT.MA,176.295
Czech Republic,CZE,1998,"Mortality rate, adult, male (per 1,000 male adults)",SP.DYN.AMRT.MA,179.468
Czech Republic,CZE,1997,"Mortality rate, adult, male (per 1,000 male adults)",SP.DYN.AMRT.MA,188.897
Czech Republic,CZE,1996,"Mortality rate, adult, male (per 1,000 male adults)",SP.DYN.AMRT.MA,190.31
Czech Republic,CZE,1995,"Mortality rate, adult, male (per 1,000 male adults)",SP.DYN.AMRT.MA,195.299
Czech Republic,CZE,1994,"Mortality rate, adult, male (per 1,000 male adults)",SP.DYN.AMRT.MA,200.855
Czech Republic,CZE,1993,"Mortality rate, adult, male (per 1,000 male adults)",SP.DYN.AMRT.MA,203.075
Czech Republic,CZE,1992,"Mortality rate, adult, male (per 1,000 male adults)",SP.DYN.AMRT.MA,215.332
Czech Republic,CZE,1991,"Mortality rate, adult, male (per 1,000 male adults)",SP.DYN.AMRT.MA,217.618
Czech Republic,CZE,1990,"Mortality rate, adult, male (per 1,000 male adults)",SP.DYN.AMRT.MA,230.775
Czech Republic,CZE,1989,"Mortality rate, adult, male (per 1,000 male adults)",SP.DYN.AMRT.MA,215.515
Czech Republic,CZE,1988,"Mortality rate, adult, male (per 1,000 male adults)",SP.DYN.AMRT.MA,216.212
Czech Republic,CZE,1987,"Mortality rate, adult, male (per 1,000 male adults)",SP.DYN.AMRT.MA,217.996
Czech Republic,CZE,1986,"Mortality rate, adult, male (per 1,000 male adults)",SP.DYN.AMRT.MA,222.727
Czech Republic,CZE,1985,"Mortality rate, adult, male (per 1,000 male adults)",SP.DYN.AMRT.MA,222.947
Czech Republic,CZE,1984,"Mortality rate, adult, male (per 1,000 male adults)",SP.DYN.AMRT.MA,224.882
Czech Republic,CZE,1983,"Mortality rate, adult, male (per 1,000 male adults)",SP.DYN.AMRT.MA,227.013
Czech Republic,CZE,1982,"Mortality rate, adult, male (per 1,000 male adults)",SP.DYN.AMRT.MA,218.756
Czech Republic,CZE,1981,"Mortality rate, adult, male (per 1,000 male adults)",SP.DYN.AMRT.MA,223.508
Czech Republic,CZE,1980,"Mortality rate, adult, male (per 1,000 male adults)",SP.DYN.AMRT.MA,229.167
Czech Republic,CZE,1979,"Mortality rate, adult, male (per 1,000 male adults)",SP.DYN.AMRT.MA,218.255
Czech Republic,CZE,1978,"Mortality rate, adult, male (per 1,000 male adults)",SP.DYN.AMRT.MA,220.728
Czech Republic,CZE,1977,"Mortality rate, adult, male (per 1,000 male adults)",SP.DYN.AMRT.MA,216.557
Czech Republic,CZE,1976,"Mortality rate, adult, male (per 1,000 male adults)",SP.DYN.AMRT.MA,214.817
Czech Republic,CZE,1975,"Mortality rate, adult, male (per 1,000 male adults)",SP.DYN.AMRT.MA,213.288
Czech Republic,CZE,1974,"Mortality rate, adult, male (per 1,000 male adults)",SP.DYN.AMRT.MA,215.358
Czech Republic,CZE,1973,"Mortality rate, adult, male (per 1,000 male adults)",SP.DYN.AMRT.MA,216.805
Czech Republic,CZE,1972,"Mortality rate, adult, male (per 1,000 male adults)",SP.DYN.AMRT.MA,214.321
Czech Republic,CZE,1971,"Mortality rate, adult, male (per 1,000 male adults)",SP.DYN.AMRT.MA,221.463
Czech Republic,CZE,1970,"Mortality rate, adult, male (per 1,000 male adults)",SP.DYN.AMRT.MA,225.457
Czech Republic,CZE,1969,"Mortality rate, adult, male (per 1,000 male adults)",SP.DYN.AMRT.MA,223.445
Czech Republic,CZE,1968,"Mortality rate, adult, male (per 1,000 male adults)",SP.DYN.AMRT.MA,212.57
Czech Republic,CZE,1967,"Mortality rate, adult, male (per 1,000 male adults)",SP.DYN.AMRT.MA,202.886
Czech Republic,CZE,1966,"Mortality rate, adult, male (per 1,000 male adults)",SP.DYN.AMRT.MA,197.379
Czech Republic,CZE,1965,"Mortality rate, adult, male (per 1,000 male adults)",SP.DYN.AMRT.MA,199.171
Czech Republic,CZE,1964,"Mortality rate, adult, male (per 1,000 male adults)",SP.DYN.AMRT.MA,196.71
Czech Republic,CZE,1963,"Mortality rate, adult, male (per 1,000 male adults)",SP.DYN.AMRT.MA,200.035
Czech Republic,CZE,1962,"Mortality rate, adult, male (per 1,000 male adults)",SP.DYN.AMRT.MA,201.7
Czech Republic,CZE,1961,"Mortality rate, adult, male (per 1,000 male adults)",SP.DYN.AMRT.MA,193.648
Czech Republic,CZE,1960,"Mortality rate, adult, male (per 1,000 male adults)",SP.DYN.AMRT.MA,200.651
Czech Republic,CZE,2008,"Contraceptive prevalence, any method (% of married women ages 15-49)",SP.DYN.CONU.ZS,86.3
Czech Republic,CZE,2005,"Contraceptive prevalence, any method (% of married women ages 15-49)",SP.DYN.CONU.ZS,78.2
Czech Republic,CZE,1997,"Contraceptive prevalence, any method (% of married women ages 15-49)",SP.DYN.CONU.ZS,72.3
Czech Republic,CZE,1993,"Contraceptive prevalence, any method (% of married women ages 15-49)",SP.DYN.CONU.ZS,68.9
Czech Republic,CZE,1970,"Contraceptive prevalence, any method (% of married women ages 15-49)",SP.DYN.CONU.ZS,66
Czech Republic,CZE,2020,"Life expectancy at birth, female (years)",SP.DYN.LE00.FE.IN,81.3
Czech Republic,CZE,2019,"Life expectancy at birth, female (years)",SP.DYN.LE00.FE.IN,82.2
Czech Republic,CZE,2018,"Life expectancy at birth, female (years)",SP.DYN.LE00.FE.IN,82
Czech Republic,CZE,2017,"Life expectancy at birth, female (years)",SP.DYN.LE00.FE.IN,82
Czech Republic,CZE,2016,"Life expectancy at birth, female (years)",SP.DYN.LE00.FE.IN,82.1
Czech Republic,CZE,2015,"Life expectancy at birth, female (years)",SP.DYN.LE00.FE.IN,81.6
Czech Republic,CZE,2014,"Life expectancy at birth, female (years)",SP.DYN.LE00.FE.IN,82
Czech Republic,CZE,2013,"Life expectancy at birth, female (years)",SP.DYN.LE00.FE.IN,81.3
Czech Republic,CZE,2012,"Life expectancy at birth, female (years)",SP.DYN.LE00.FE.IN,81.2
Czech Republic,CZE,2011,"Life expectancy at birth, female (years)",SP.DYN.LE00.FE.IN,81.1
Czech Republic,CZE,2010,"Life expectancy at birth, female (years)",SP.DYN.LE00.FE.IN,80.6
Czech Republic,CZE,2009,"Life expectancy at birth, female (years)",SP.DYN.LE00.FE.IN,80.1
Czech Republic,CZE,2008,"Life expectancy at birth, female (years)",SP.DYN.LE00.FE.IN,80.1
Czech Republic,CZE,2007,"Life expectancy at birth, female (years)",SP.DYN.LE00.FE.IN,79.9
Czech Republic,CZE,2006,"Life expectancy at birth, female (years)",SP.DYN.LE00.FE.IN,79.7
Czech Republic,CZE,2005,"Life expectancy at birth, female (years)",SP.DYN.LE00.FE.IN,79.1
Czech Republic,CZE,2004,"Life expectancy at birth, female (years)",SP.DYN.LE00.FE.IN,79
Czech Republic,CZE,2003,"Life expectancy at birth, female (years)",SP.DYN.LE00.FE.IN,78.5
Czech Republic,CZE,2002,"Life expectancy at birth, female (years)",SP.DYN.LE00.FE.IN,78.5
Czech Republic,CZE,2001,"Life expectancy at birth, female (years)",SP.DYN.LE00.FE.IN,78.4
Czech Republic,CZE,2000,"Life expectancy at birth, female (years)",SP.DYN.LE00.FE.IN,78.4
Czech Republic,CZE,1999,"Life expectancy at birth, female (years)",SP.DYN.LE00.FE.IN,78.1
Czech Republic,CZE,1998,"Life expectancy at birth, female (years)",SP.DYN.LE00.FE.IN,78.1
Czech Republic,CZE,1997,"Life expectancy at birth, female (years)",SP.DYN.LE00.FE.IN,77.4
Czech Republic,CZE,1996,"Life expectancy at birth, female (years)",SP.DYN.LE00.FE.IN,77.3
Czech Republic,CZE,1995,"Life expectancy at birth, female (years)",SP.DYN.LE00.FE.IN,76.65
Czech Republic,CZE,1994,"Life expectancy at birth, female (years)",SP.DYN.LE00.FE.IN,76.64
Czech Republic,CZE,1993,"Life expectancy at birth, female (years)",SP.DYN.LE00.FE.IN,76.43
Czech Republic,CZE,1992,"Life expectancy at birth, female (years)",SP.DYN.LE00.FE.IN,76.19
Czech Republic,CZE,1991,"Life expectancy at birth, female (years)",SP.DYN.LE00.FE.IN,75.75
Czech Republic,CZE,1990,"Life expectancy at birth, female (years)",SP.DYN.LE00.FE.IN,75.42
Czech Republic,CZE,1989,"Life expectancy at birth, female (years)",SP.DYN.LE00.FE.IN,75.43
Czech Republic,CZE,1988,"Life expectancy at birth, female (years)",SP.DYN.LE00.FE.IN,75.36
Czech Republic,CZE,1987,"Life expectancy at birth, female (years)",SP.DYN.LE00.FE.IN,75.2
Czech Republic,CZE,1986,"Life expectancy at birth, female (years)",SP.DYN.LE00.FE.IN,74.68
Czech Republic,CZE,1985,"Life expectancy at birth, female (years)",SP.DYN.LE00.FE.IN,74.77
Czech Republic,CZE,1984,"Life expectancy at birth, female (years)",SP.DYN.LE00.FE.IN,74.51
Czech Republic,CZE,1983,"Life expectancy at birth, female (years)",SP.DYN.LE00.FE.IN,74.31
Czech Republic,CZE,1982,"Life expectancy at birth, female (years)",SP.DYN.LE00.FE.IN,74.47
Czech Republic,CZE,1981,"Life expectancy at birth, female (years)",SP.DYN.LE00.FE.IN,74.41
Czech Republic,CZE,1980,"Life expectancy at birth, female (years)",SP.DYN.LE00.FE.IN,73.93
Czech Republic,CZE,1979,"Life expectancy at birth, female (years)",SP.DYN.LE00.FE.IN,74.34
Czech Republic,CZE,1978,"Life expectancy at birth, female (years)",SP.DYN.LE00.FE.IN,74.26
Czech Republic,CZE,1977,"Life expectancy at birth, female (years)",SP.DYN.LE00.FE.IN,74.21
Czech Republic,CZE,1976,"Life expectancy at birth, female (years)",SP.DYN.LE00.FE.IN,74.2
Czech Republic,CZE,1975,"Life expectancy at birth, female (years)",SP.DYN.LE00.FE.IN,74
Czech Republic,CZE,1974,"Life expectancy at birth, female (years)",SP.DYN.LE00.FE.IN,73.59
Czech Republic,CZE,1973,"Life expectancy at birth, female (years)",SP.DYN.LE00.FE.IN,73.69
Czech Republic,CZE,1972,"Life expectancy at birth, female (years)",SP.DYN.LE00.FE.IN,73.68
Czech Republic,CZE,1971,"Life expectancy at birth, female (years)",SP.DYN.LE00.FE.IN,73.37
Czech Republic,CZE,1970,"Life expectancy at birth, female (years)",SP.DYN.LE00.FE.IN,73
Czech Republic,CZE,1969,"Life expectancy at birth, female (years)",SP.DYN.LE00.FE.IN,73.06
Czech Republic,CZE,1968,"Life expectancy at birth, female (years)",SP.DYN.LE00.FE.IN,73.38
Czech Republic,CZE,1967,"Life expectancy at birth, female (years)",SP.DYN.LE00.FE.IN,73.66
Czech Republic,CZE,1966,"Life expectancy at birth, female (years)",SP.DYN.LE00.FE.IN,73.75
Czech Republic,CZE,1965,"Life expectancy at birth, female (years)",SP.DYN.LE00.FE.IN,73.39
Czech Republic,CZE,1964,"Life expectancy at birth, female (years)",SP.DYN.LE00.FE.IN,73.63
Czech Republic,CZE,1963,"Life expectancy at birth, female (years)",SP.DYN.LE00.FE.IN,73.48
Czech Republic,CZE,1962,"Life expectancy at birth, female (years)",SP.DYN.LE00.FE.IN,72.86
Czech Republic,CZE,1961,"Life expectancy at birth, female (years)",SP.DYN.LE00.FE.IN,73.55
Czech Republic,CZE,1960,"Life expectancy at birth, female (years)",SP.DYN.LE00.FE.IN,73.34
Czech Republic,CZE,2020,"Life expectancy at birth, male (years)",SP.DYN.LE00.MA.IN,75.3
Czech Republic,CZE,2019,"Life expectancy at birth, male (years)",SP.DYN.LE00.MA.IN,76.4
Czech Republic,CZE,2018,"Life expectancy at birth, male (years)",SP.DYN.LE00.MA.IN,76.2
Czech Republic,CZE,2017,"Life expectancy at birth, male (years)",SP.DYN.LE00.MA.IN,76.1
Czech Republic,CZE,2016,"Life expectancy at birth, male (years)",SP.DYN.LE00.MA.IN,76.1
Czech Republic,CZE,2015,"Life expectancy at birth, male (years)",SP.DYN.LE00.MA.IN,75.7
Czech Republic,CZE,2014,"Life expectancy at birth, male (years)",SP.DYN.LE00.MA.IN,75.8
Czech Republic,CZE,2013,"Life expectancy at birth, male (years)",SP.DYN.LE00.MA.IN,75.2
Czech Republic,CZE,2012,"Life expectancy at birth, male (years)",SP.DYN.LE00.MA.IN,75.1
Czech Republic,CZE,2011,"Life expectancy at birth, male (years)",SP.DYN.LE00.MA.IN,74.8
Czech Republic,CZE,2010,"Life expectancy at birth, male (years)",SP.DYN.LE00.MA.IN,74.4
Czech Republic,CZE,2009,"Life expectancy at birth, male (years)",SP.DYN.LE00.MA.IN,74.2
Czech Republic,CZE,2008,"Life expectancy at birth, male (years)",SP.DYN.LE00.MA.IN,74
Czech Republic,CZE,2007,"Life expectancy at birth, male (years)",SP.DYN.LE00.MA.IN,73.7
Czech Republic,CZE,2006,"Life expectancy at birth, male (years)",SP.DYN.LE00.MA.IN,73.5
Czech Republic,CZE,2005,"Life expectancy at birth, male (years)",SP.DYN.LE00.MA.IN,72.9
Czech Republic,CZE,2004,"Life expectancy at birth, male (years)",SP.DYN.LE00.MA.IN,72.6
Czech Republic,CZE,2003,"Life expectancy at birth, male (years)",SP.DYN.LE00.MA.IN,72
Czech Republic,CZE,2002,"Life expectancy at birth, male (years)",SP.DYN.LE00.MA.IN,72.1
Czech Republic,CZE,2001,"Life expectancy at birth, male (years)",SP.DYN.LE00.MA.IN,72.1
Czech Republic,CZE,2000,"Life expectancy at birth, male (years)",SP.DYN.LE00.MA.IN,71.7
Czech Republic,CZE,1999,"Life expectancy at birth, male (years)",SP.DYN.LE00.MA.IN,71.4
Czech Republic,CZE,1998,"Life expectancy at birth, male (years)",SP.DYN.LE00.MA.IN,71.1
Czech Republic,CZE,1997,"Life expectancy at birth, male (years)",SP.DYN.LE00.MA.IN,70.42
Czech Republic,CZE,1996,"Life expectancy at birth, male (years)",SP.DYN.LE00.MA.IN,70.3
Czech Republic,CZE,1995,"Life expectancy at birth, male (years)",SP.DYN.LE00.MA.IN,69.67
Czech Republic,CZE,1994,"Life expectancy at birth, male (years)",SP.DYN.LE00.MA.IN,69.48
Czech Republic,CZE,1993,"Life expectancy at birth, male (years)",SP.DYN.LE00.MA.IN,69.28
Czech Republic,CZE,1992,"Life expectancy at birth, male (years)",SP.DYN.LE00.MA.IN,68.54
Czech Republic,CZE,1991,"Life expectancy at birth, male (years)",SP.DYN.LE00.MA.IN,68.23
Czech Republic,CZE,1990,"Life expectancy at birth, male (years)",SP.DYN.LE00.MA.IN,67.54
Czech Republic,CZE,1989,"Life expectancy at birth, male (years)",SP.DYN.LE00.MA.IN,68.1
Czech Republic,CZE,1988,"Life expectancy at birth, male (years)",SP.DYN.LE00.MA.IN,68.1
Czech Republic,CZE,1987,"Life expectancy at birth, male (years)",SP.DYN.LE00.MA.IN,67.87
Czech Republic,CZE,1986,"Life expectancy at birth, male (years)",SP.DYN.LE00.MA.IN,67.49
Czech Republic,CZE,1985,"Life expectancy at birth, male (years)",SP.DYN.LE00.MA.IN,67.5
Czech Republic,CZE,1984,"Life expectancy at birth, male (years)",SP.DYN.LE00.MA.IN,67.34
Czech Republic,CZE,1983,"Life expectancy at birth, male (years)",SP.DYN.LE00.MA.IN,67.05
Czech Republic,CZE,1982,"Life expectancy at birth, male (years)",SP.DYN.LE00.MA.IN,67.32
Czech Republic,CZE,1981,"Life expectancy at birth, male (years)",SP.DYN.LE00.MA.IN,67.21
Czech Republic,CZE,1980,"Life expectancy at birth, male (years)",SP.DYN.LE00.MA.IN,66.8
Czech Republic,CZE,1979,"Life expectancy at birth, male (years)",SP.DYN.LE00.MA.IN,67.33
Czech Republic,CZE,1978,"Life expectancy at birth, male (years)",SP.DYN.LE00.MA.IN,67.2
Czech Republic,CZE,1977,"Life expectancy at birth, male (years)",SP.DYN.LE00.MA.IN,67.11
Czech Republic,CZE,1976,"Life expectancy at birth, male (years)",SP.DYN.LE00.MA.IN,67.04
Czech Republic,CZE,1975,"Life expectancy at birth, male (years)",SP.DYN.LE00.MA.IN,67
Czech Republic,CZE,1974,"Life expectancy at birth, male (years)",SP.DYN.LE00.MA.IN,66.75
Czech Republic,CZE,1973,"Life expectancy at birth, male (years)",SP.DYN.LE00.MA.IN,66.53
Czech Republic,CZE,1972,"Life expectancy at birth, male (years)",SP.DYN.LE00.MA.IN,66.84
Czech Republic,CZE,1971,"Life expectancy at birth, male (years)",SP.DYN.LE00.MA.IN,66.16
Czech Republic,CZE,1970,"Life expectancy at birth, male (years)",SP.DYN.LE00.MA.IN,66.05
Czech Republic,CZE,1969,"Life expectancy at birth, male (years)",SP.DYN.LE00.MA.IN,65.85
Czech Republic,CZE,1968,"Life expectancy at birth, male (years)",SP.DYN.LE00.MA.IN,66.47
Czech Republic,CZE,1967,"Life expectancy at birth, male (years)",SP.DYN.LE00.MA.IN,67.03
Czech Republic,CZE,1966,"Life expectancy at birth, male (years)",SP.DYN.LE00.MA.IN,67.18
Czech Republic,CZE,1965,"Life expectancy at birth, male (years)",SP.DYN.LE00.MA.IN,67.09
Czech Republic,CZE,1964,"Life expectancy at birth, male (years)",SP.DYN.LE00.MA.IN,67.44
Czech Republic,CZE,1963,"Life expectancy at birth, male (years)",SP.DYN.LE00.MA.IN,67.28
Czech Republic,CZE,1962,"Life expectancy at birth, male (years)",SP.DYN.LE00.MA.IN,66.86
Czech Republic,CZE,1961,"Life expectancy at birth, male (years)",SP.DYN.LE00.MA.IN,67.62
Czech Republic,CZE,1960,"Life expectancy at birth, male (years)",SP.DYN.LE00.MA.IN,67.5
Czech Republic,CZE,2020,"Fertility rate, total (births per woman)",SP.DYN.TFRT.IN,1.71
Czech Republic,CZE,2019,"Fertility rate, total (births per woman)",SP.DYN.TFRT.IN,1.71
Czech Republic,CZE,2018,"Fertility rate, total (births per woman)",SP.DYN.TFRT.IN,1.71
Czech Republic,CZE,2017,"Fertility rate, total (births per woman)",SP.DYN.TFRT.IN,1.69
Czech Republic,CZE,2016,"Fertility rate, total (births per woman)",SP.DYN.TFRT.IN,1.63
Czech Republic,CZE,2015,"Fertility rate, total (births per woman)",SP.DYN.TFRT.IN,1.57
Czech Republic,CZE,2014,"Fertility rate, total (births per woman)",SP.DYN.TFRT.IN,1.53
Czech Republic,CZE,2013,"Fertility rate, total (births per woman)",SP.DYN.TFRT.IN,1.46
Czech Republic,CZE,2012,"Fertility rate, total (births per woman)",SP.DYN.TFRT.IN,1.45
Czech Republic,CZE,2011,"Fertility rate, total (births per woman)",SP.DYN.TFRT.IN,1.43
Czech Republic,CZE,2010,"Fertility rate, total (births per woman)",SP.DYN.TFRT.IN,1.51
Czech Republic,CZE,2009,"Fertility rate, total (births per woman)",SP.DYN.TFRT.IN,1.51
Czech Republic,CZE,2008,"Fertility rate, total (births per woman)",SP.DYN.TFRT.IN,1.51
Czech Republic,CZE,2007,"Fertility rate, total (births per woman)",SP.DYN.TFRT.IN,1.45
Czech Republic,CZE,2006,"Fertility rate, total (births per woman)",SP.DYN.TFRT.IN,1.34
Czech Republic,CZE,2005,"Fertility rate, total (births per woman)",SP.DYN.TFRT.IN,1.29
Czech Republic,CZE,2004,"Fertility rate, total (births per woman)",SP.DYN.TFRT.IN,1.23
Czech Republic,CZE,2003,"Fertility rate, total (births per woman)",SP.DYN.TFRT.IN,1.18
Czech Republic,CZE,2002,"Fertility rate, total (births per woman)",SP.DYN.TFRT.IN,1.17
Czech Republic,CZE,2001,"Fertility rate, total (births per woman)",SP.DYN.TFRT.IN,1.15
Czech Republic,CZE,2000,"Fertility rate, total (births per woman)",SP.DYN.TFRT.IN,1.15
Czech Republic,CZE,1999,"Fertility rate, total (births per woman)",SP.DYN.TFRT.IN,1.13
Czech Republic,CZE,1998,"Fertility rate, total (births per woman)",SP.DYN.TFRT.IN,1.16
Czech Republic,CZE,1997,"Fertility rate, total (births per woman)",SP.DYN.TFRT.IN,1.17
Czech Republic,CZE,1996,"Fertility rate, total (births per woman)",SP.DYN.TFRT.IN,1.18
Czech Republic,CZE,1995,"Fertility rate, total (births per woman)",SP.DYN.TFRT.IN,1.28
Czech Republic,CZE,1994,"Fertility rate, total (births per woman)",SP.DYN.TFRT.IN,1.44
Czech Republic,CZE,1993,"Fertility rate, total (births per woman)",SP.DYN.TFRT.IN,1.67
Czech Republic,CZE,1992,"Fertility rate, total (births per woman)",SP.DYN.TFRT.IN,1.71
Czech Republic,CZE,1991,"Fertility rate, total (births per woman)",SP.DYN.TFRT.IN,1.86
Czech Republic,CZE,1990,"Fertility rate, total (births per woman)",SP.DYN.TFRT.IN,1.9
Czech Republic,CZE,1989,"Fertility rate, total (births per woman)",SP.DYN.TFRT.IN,1.87
Czech Republic,CZE,1988,"Fertility rate, total (births per woman)",SP.DYN.TFRT.IN,1.94
Czech Republic,CZE,1987,"Fertility rate, total (births per woman)",SP.DYN.TFRT.IN,1.91
Czech Republic,CZE,1986,"Fertility rate, total (births per woman)",SP.DYN.TFRT.IN,1.92
Czech Republic,CZE,1985,"Fertility rate, total (births per woman)",SP.DYN.TFRT.IN,1.95
Czech Republic,CZE,1984,"Fertility rate, total (births per woman)",SP.DYN.TFRT.IN,1.97
Czech Republic,CZE,1983,"Fertility rate, total (births per woman)",SP.DYN.TFRT.IN,1.97
Czech Republic,CZE,1982,"Fertility rate, total (births per woman)",SP.DYN.TFRT.IN,2
Czech Republic,CZE,1981,"Fertility rate, total (births per woman)",SP.DYN.TFRT.IN,2
Czech Republic,CZE,1980,"Fertility rate, total (births per woman)",SP.DYN.TFRT.IN,2.08
Czech Republic,CZE,1979,"Fertility rate, total (births per woman)",SP.DYN.TFRT.IN,2.27
Czech Republic,CZE,1978,"Fertility rate, total (births per woman)",SP.DYN.TFRT.IN,2.33
Czech Republic,CZE,1977,"Fertility rate, total (births per woman)",SP.DYN.TFRT.IN,2.34
Czech Republic,CZE,1976,"Fertility rate, total (births per woman)",SP.DYN.TFRT.IN,2.39
Czech Republic,CZE,1975,"Fertility rate, total (births per woman)",SP.DYN.TFRT.IN,2.43
Czech Republic,CZE,1974,"Fertility rate, total (births per woman)",SP.DYN.TFRT.IN,2.46
Czech Republic,CZE,1973,"Fertility rate, total (births per woman)",SP.DYN.TFRT.IN,2.31
Czech Republic,CZE,1972,"Fertility rate, total (births per woman)",SP.DYN.TFRT.IN,2.09
Czech Republic,CZE,1971,"Fertility rate, total (births per woman)",SP.DYN.TFRT.IN,2
Czech Republic,CZE,1970,"Fertility rate, total (births per woman)",SP.DYN.TFRT.IN,1.92
Czech Republic,CZE,1969,"Fertility rate, total (births per woman)",SP.DYN.TFRT.IN,1.87
Czech Republic,CZE,1968,"Fertility rate, total (births per woman)",SP.DYN.TFRT.IN,1.84
Czech Republic,CZE,1967,"Fertility rate, total (births per woman)",SP.DYN.TFRT.IN,1.91
Czech Republic,CZE,1966,"Fertility rate, total (births per woman)",SP.DYN.TFRT.IN,2.02
Czech Republic,CZE,1965,"Fertility rate, total (births per woman)",SP.DYN.TFRT.IN,2.18
Czech Republic,CZE,1964,"Fertility rate, total (births per woman)",SP.DYN.TFRT.IN,2.34
Czech Republic,CZE,1963,"Fertility rate, total (births per woman)",SP.DYN.TFRT.IN,2.31
Czech Republic,CZE,1962,"Fertility rate, total (births per woman)",SP.DYN.TFRT.IN,2.12
Czech Republic,CZE,1961,"Fertility rate, total (births per woman)",SP.DYN.TFRT.IN,2.11
Czech Republic,CZE,1960,"Fertility rate, total (births per woman)",SP.DYN.TFRT.IN,2.09
Czech Republic,CZE,2020,"Survival to age 65, female (% of cohort)",SP.DYN.TO65.FE.ZS,91.4715132
Czech Republic,CZE,2019,"Survival to age 65, female (% of cohort)",SP.DYN.TO65.FE.ZS,91.3535848
Czech Republic,CZE,2018,"Survival to age 65, female (% of cohort)",SP.DYN.TO65.FE.ZS,91.2356564
Czech Republic,CZE,2017,"Survival to age 65, female (% of cohort)",SP.DYN.TO65.FE.ZS,91.117728
Czech Republic,CZE,2016,"Survival to age 65, female (% of cohort)",SP.DYN.TO65.FE.ZS,91.0015966
Czech Republic,CZE,2015,"Survival to age 65, female (% of cohort)",SP.DYN.TO65.FE.ZS,90.8854652
Czech Republic,CZE,2014,"Survival to age 65, female (% of cohort)",SP.DYN.TO65.FE.ZS,90.7693338
Czech Republic,CZE,2013,"Survival to age 65, female (% of cohort)",SP.DYN.TO65.FE.ZS,90.6532024
Czech Republic,CZE,2012,"Survival to age 65, female (% of cohort)",SP.DYN.TO65.FE.ZS,90.537071
Czech Republic,CZE,2011,"Survival to age 65, female (% of cohort)",SP.DYN.TO65.FE.ZS,90.2985524
Czech Republic,CZE,2010,"Survival to age 65, female (% of cohort)",SP.DYN.TO65.FE.ZS,90.0600338
Czech Republic,CZE,2009,"Survival to age 65, female (% of cohort)",SP.DYN.TO65.FE.ZS,89.8215152
Czech Republic,CZE,2008,"Survival to age 65, female (% of cohort)",SP.DYN.TO65.FE.ZS,89.5829966
Czech Republic,CZE,2007,"Survival to age 65, female (% of cohort)",SP.DYN.TO65.FE.ZS,89.344478
Czech Republic,CZE,2006,"Survival to age 65, female (% of cohort)",SP.DYN.TO65.FE.ZS,89.1013678
Czech Republic,CZE,2005,"Survival to age 65, female (% of cohort)",SP.DYN.TO65.FE.ZS,88.8582576
Czech Republic,CZE,2004,"Survival to age 65, female (% of cohort)",SP.DYN.TO65.FE.ZS,88.6151474
Czech Republic,CZE,2003,"Survival to age 65, female (% of cohort)",SP.DYN.TO65.FE.ZS,88.3720372
Czech Republic,CZE,2002,"Survival to age 65, female (% of cohort)",SP.DYN.TO65.FE.ZS,88.128927
Czech Republic,CZE,2001,"Survival to age 65, female (% of cohort)",SP.DYN.TO65.FE.ZS,87.8672788
Czech Republic,CZE,2000,"Survival to age 65, female (% of cohort)",SP.DYN.TO65.FE.ZS,87.6056306
Czech Republic,CZE,1999,"Survival to age 65, female (% of cohort)",SP.DYN.TO65.FE.ZS,87.3439824
Czech Republic,CZE,1998,"Survival to age 65, female (% of cohort)",SP.DYN.TO65.FE.ZS,87.0823342
Czech Republic,CZE,1997,"Survival to age 65, female (% of cohort)",SP.DYN.TO65.FE.ZS,86.820686
Czech Republic,CZE,1996,"Survival to age 65, female (% of cohort)",SP.DYN.TO65.FE.ZS,86.4150476
Czech Republic,CZE,1995,"Survival to age 65, female (% of cohort)",SP.DYN.TO65.FE.ZS,86.0094092
Czech Republic,CZE,1994,"Survival to age 65, female (% of cohort)",SP.DYN.TO65.FE.ZS,85.6037708
Czech Republic,CZE,1993,"Survival to age 65, female (% of cohort)",SP.DYN.TO65.FE.ZS,85.1981324
Czech Republic,CZE,1992,"Survival to age 65, female (% of cohort)",SP.DYN.TO65.FE.ZS,84.792494
Czech Republic,CZE,1991,"Survival to age 65, female (% of cohort)",SP.DYN.TO65.FE.ZS,84.5327276
Czech Republic,CZE,1990,"Survival to age 65, female (% of cohort)",SP.DYN.TO65.FE.ZS,84.2729612
Czech Republic,CZE,1989,"Survival to age 65, female (% of cohort)",SP.DYN.TO65.FE.ZS,84.0131948
Czech Republic,CZE,1988,"Survival to age 65, female (% of cohort)",SP.DYN.TO65.FE.ZS,83.7534284
Czech Republic,CZE,1987,"Survival to age 65, female (% of cohort)",SP.DYN.TO65.FE.ZS,83.493662
Czech Republic,CZE,1986,"Survival to age 65, female (% of cohort)",SP.DYN.TO65.FE.ZS,83.2724978
Czech Republic,CZE,1985,"Survival to age 65, female (% of cohort)",SP.DYN.TO65.FE.ZS,83.0513336
Czech Republic,CZE,1984,"Survival to age 65, female (% of cohort)",SP.DYN.TO65.FE.ZS,82.8301694
Czech Republic,CZE,1983,"Survival to age 65, female (% of cohort)",SP.DYN.TO65.FE.ZS,82.6090052
Czech Republic,CZE,1982,"Survival to age 65, female (% of cohort)",SP.DYN.TO65.FE.ZS,82.387841
Czech Republic,CZE,1981,"Survival to age 65, female (% of cohort)",SP.DYN.TO65.FE.ZS,82.3712738
Czech Republic,CZE,1980,"Survival to age 65, female (% of cohort)",SP.DYN.TO65.FE.ZS,82.3547066
Czech Republic,CZE,1979,"Survival to age 65, female (% of cohort)",SP.DYN.TO65.FE.ZS,82.3381394
Czech Republic,CZE,1978,"Survival to age 65, female (% of cohort)",SP.DYN.TO65.FE.ZS,82.3215722
Czech Republic,CZE,1977,"Survival to age 65, female (% of cohort)",SP.DYN.TO65.FE.ZS,82.305005
Czech Republic,CZE,1976,"Survival to age 65, female (% of cohort)",SP.DYN.TO65.FE.ZS,82.1234344
Czech Republic,CZE,1975,"Survival to age 65, female (% of cohort)",SP.DYN.TO65.FE.ZS,81.9418638
Czech Republic,CZE,1974,"Survival to age 65, female (% of cohort)",SP.DYN.TO65.FE.ZS,81.7602932
Czech Republic,CZE,1973,"Survival to age 65, female (% of cohort)",SP.DYN.TO65.FE.ZS,81.5787226
Czech Republic,CZE,1972,"Survival to age 65, female (% of cohort)",SP.DYN.TO65.FE.ZS,81.397152
Czech Republic,CZE,1971,"Survival to age 65, female (% of cohort)",SP.DYN.TO65.FE.ZS,81.3685444
Czech Republic,CZE,1970,"Survival to age 65, female (% of cohort)",SP.DYN.TO65.FE.ZS,81.3399368
Czech Republic,CZE,1969,"Survival to age 65, female (% of cohort)",SP.DYN.TO65.FE.ZS,81.3113292
Czech Republic,CZE,1968,"Survival to age 65, female (% of cohort)",SP.DYN.TO65.FE.ZS,81.2827216
Czech Republic,CZE,1967,"Survival to age 65, female (% of cohort)",SP.DYN.TO65.FE.ZS,81.254114
Czech Republic,CZE,1966,"Survival to age 65, female (% of cohort)",SP.DYN.TO65.FE.ZS,81.2509684
Czech Republic,CZE,1965,"Survival to age 65, female (% of cohort)",SP.DYN.TO65.FE.ZS,81.2478228
Czech Republic,CZE,1964,"Survival to age 65, female (% of cohort)",SP.DYN.TO65.FE.ZS,81.2446772
Czech Republic,CZE,1963,"Survival to age 65, female (% of cohort)",SP.DYN.TO65.FE.ZS,81.2415316
Czech Republic,CZE,1962,"Survival to age 65, female (% of cohort)",SP.DYN.TO65.FE.ZS,81.238386
Czech Republic,CZE,1961,"Survival to age 65, female (% of cohort)",SP.DYN.TO65.FE.ZS,80.8726544
Czech Republic,CZE,1960,"Survival to age 65, female (% of cohort)",SP.DYN.TO65.FE.ZS,80.5069228
Czech Republic,CZE,2020,"Survival to age 65, male (% of cohort)",SP.DYN.TO65.MA.ZS,83.3197898
Czech Republic,CZE,2019,"Survival to age 65, male (% of cohort)",SP.DYN.TO65.MA.ZS,83.0667052
Czech Republic,CZE,2018,"Survival to age 65, male (% of cohort)",SP.DYN.TO65.MA.ZS,82.8136206
Czech Republic,CZE,2017,"Survival to age 65, male (% of cohort)",SP.DYN.TO65.MA.ZS,82.560536
Czech Republic,CZE,2016,"Survival to age 65, male (% of cohort)",SP.DYN.TO65.MA.ZS,82.0614678
Czech Republic,CZE,2015,"Survival to age 65, male (% of cohort)",SP.DYN.TO65.MA.ZS,81.5623996
Czech Republic,CZE,2014,"Survival to age 65, male (% of cohort)",SP.DYN.TO65.MA.ZS,81.0633314
Czech Republic,CZE,2013,"Survival to age 65, male (% of cohort)",SP.DYN.TO65.MA.ZS,80.5642632
Czech Republic,CZE,2012,"Survival to age 65, male (% of cohort)",SP.DYN.TO65.MA.ZS,80.065195
Czech Republic,CZE,2011,"Survival to age 65, male (% of cohort)",SP.DYN.TO65.MA.ZS,79.5107098
Czech Republic,CZE,2010,"Survival to age 65, male (% of cohort)",SP.DYN.TO65.MA.ZS,78.9562246
Czech Republic,CZE,2009,"Survival to age 65, male (% of cohort)",SP.DYN.TO65.MA.ZS,78.4017394
Czech Republic,CZE,2008,"Survival to age 65, male (% of cohort)",SP.DYN.TO65.MA.ZS,77.8472542
Czech Republic,CZE,2007,"Survival to age 65, male (% of cohort)",SP.DYN.TO65.MA.ZS,77.292769
Czech Republic,CZE,2006,"Survival to age 65, male (% of cohort)",SP.DYN.TO65.MA.ZS,76.77208
Czech Republic,CZE,2005,"Survival to age 65, male (% of cohort)",SP.DYN.TO65.MA.ZS,76.251391
Czech Republic,CZE,2004,"Survival to age 65, male (% of cohort)",SP.DYN.TO65.MA.ZS,75.730702
Czech Republic,CZE,2003,"Survival to age 65, male (% of cohort)",SP.DYN.TO65.MA.ZS,75.210013
Czech Republic,CZE,2002,"Survival to age 65, male (% of cohort)",SP.DYN.TO65.MA.ZS,74.689324
Czech Republic,CZE,2001,"Survival to age 65, male (% of cohort)",SP.DYN.TO65.MA.ZS,74.0832024
Czech Republic,CZE,2000,"Survival to age 65, male (% of cohort)",SP.DYN.TO65.MA.ZS,73.4770808
Czech Republic,CZE,1999,"Survival to age 65, male (% of cohort)",SP.DYN.TO65.MA.ZS,72.8709592
Czech Republic,CZE,1998,"Survival to age 65, male (% of cohort)",SP.DYN.TO65.MA.ZS,72.2648376
Czech Republic,CZE,1997,"Survival to age 65, male (% of cohort)",SP.DYN.TO65.MA.ZS,71.658716
Czech Republic,CZE,1996,"Survival to age 65, male (% of cohort)",SP.DYN.TO65.MA.ZS,70.8727174
Czech Republic,CZE,1995,"Survival to age 65, male (% of cohort)",SP.DYN.TO65.MA.ZS,70.0867188
Czech Republic,CZE,1994,"Survival to age 65, male (% of cohort)",SP.DYN.TO65.MA.ZS,69.3007202
Czech Republic,CZE,1993,"Survival to age 65, male (% of cohort)",SP.DYN.TO65.MA.ZS,68.5147216
Czech Republic,CZE,1992,"Survival to age 65, male (% of cohort)",SP.DYN.TO65.MA.ZS,67.728723
Czech Republic,CZE,1991,"Survival to age 65, male (% of cohort)",SP.DYN.TO65.MA.ZS,67.3050274
Czech Republic,CZE,1990,"Survival to age 65, male (% of cohort)",SP.DYN.TO65.MA.ZS,66.8813318
Czech Republic,CZE,1989,"Survival to age 65, male (% of cohort)",SP.DYN.TO65.MA.ZS,66.4576362
Czech Republic,CZE,1988,"Survival to age 65, male (% of cohort)",SP.DYN.TO65.MA.ZS,66.0339406
Czech Republic,CZE,1987,"Survival to age 65, male (% of cohort)",SP.DYN.TO65.MA.ZS,65.610245
Czech Republic,CZE,1986,"Survival to age 65, male (% of cohort)",SP.DYN.TO65.MA.ZS,65.4675544
Czech Republic,CZE,1985,"Survival to age 65, male (% of cohort)",SP.DYN.TO65.MA.ZS,65.3248638
Czech Republic,CZE,1984,"Survival to age 65, male (% of cohort)",SP.DYN.TO65.MA.ZS,65.1821732
Czech Republic,CZE,1983,"Survival to age 65, male (% of cohort)",SP.DYN.TO65.MA.ZS,65.0394826
Czech Republic,CZE,1982,"Survival to age 65, male (% of cohort)",SP.DYN.TO65.MA.ZS,64.896792
Czech Republic,CZE,1981,"Survival to age 65, male (% of cohort)",SP.DYN.TO65.MA.ZS,65.0845308
Czech Republic,CZE,1980,"Survival to age 65, male (% of cohort)",SP.DYN.TO65.MA.ZS,65.2722696
Czech Republic,CZE,1979,"Survival to age 65, male (% of cohort)",SP.DYN.TO65.MA.ZS,65.4600084
Czech Republic,CZE,1978,"Survival to age 65, male (% of cohort)",SP.DYN.TO65.MA.ZS,65.6477472
Czech Republic,CZE,1977,"Survival to age 65, male (% of cohort)",SP.DYN.TO65.MA.ZS,65.835486
Czech Republic,CZE,1976,"Survival to age 65, male (% of cohort)",SP.DYN.TO65.MA.ZS,65.7321398
Czech Republic,CZE,1975,"Survival to age 65, male (% of cohort)",SP.DYN.TO65.MA.ZS,65.6287936
Czech Republic,CZE,1974,"Survival to age 65, male (% of cohort)",SP.DYN.TO65.MA.ZS,65.5254474
Czech Republic,CZE,1973,"Survival to age 65, male (% of cohort)",SP.DYN.TO65.MA.ZS,65.4221012
Czech Republic,CZE,1972,"Survival to age 65, male (% of cohort)",SP.DYN.TO65.MA.ZS,65.318755
Czech Republic,CZE,1971,"Survival to age 65, male (% of cohort)",SP.DYN.TO65.MA.ZS,65.3866452
Czech Republic,CZE,1970,"Survival to age 65, male (% of cohort)",SP.DYN.TO65.MA.ZS,65.4545354
Czech Republic,CZE,1969,"Survival to age 65, male (% of cohort)",SP.DYN.TO65.MA.ZS,65.5224256
Czech Republic,CZE,1968,"Survival to age 65, male (% of cohort)",SP.DYN.TO65.MA.ZS,65.5903158
Czech Republic,CZE,1967,"Survival to age 65, male (% of cohort)",SP.DYN.TO65.MA.ZS,65.658206
Czech Republic,CZE,1966,"Survival to age 65, male (% of cohort)",SP.DYN.TO65.MA.ZS,65.929357
Czech Republic,CZE,1965,"Survival to age 65, male (% of cohort)",SP.DYN.TO65.MA.ZS,66.200508
Czech Republic,CZE,1964,"Survival to age 65, male (% of cohort)",SP.DYN.TO65.MA.ZS,66.471659
Czech Republic,CZE,1963,"Survival to age 65, male (% of cohort)",SP.DYN.TO65.MA.ZS,66.74281
Czech Republic,CZE,1962,"Survival to age 65, male (% of cohort)",SP.DYN.TO65.MA.ZS,67.013961
Czech Republic,CZE,1961,"Survival to age 65, male (% of cohort)",SP.DYN.TO65.MA.ZS,66.8232554
Czech Republic,CZE,1960,"Survival to age 65, male (% of cohort)",SP.DYN.TO65.MA.ZS,66.6325498
Czech Republic,CZE,2018,"School life expectancy, primary to tertiary, female (years)",SE.SCH.LIFE.FE,16.80295
Czech Republic,CZE,2017,"School life expectancy, primary to tertiary, female (years)",SE.SCH.LIFE.FE,17.52742
Czech Republic,CZE,2016,"School life expectancy, primary to tertiary, female (years)",SE.SCH.LIFE.FE,17.58605
Czech Republic,CZE,2015,"School life expectancy, primary to tertiary, female (years)",SE.SCH.LIFE.FE,17.64037
Czech Republic,CZE,2014,"School life expectancy, primary to tertiary, female (years)",SE.SCH.LIFE.FE,17.50792
Czech Republic,CZE,2013,"School life expectancy, primary to tertiary, female (years)",SE.SCH.LIFE.FE,17.36174
Czech Republic,CZE,2012,"School life expectancy, primary to tertiary, female (years)",SE.SCH.LIFE.FE,16.61547
Czech Republic,CZE,2011,"School life expectancy, primary to tertiary, female (years)",SE.SCH.LIFE.FE,16.60524
Czech Republic,CZE,2010,"School life expectancy, primary to tertiary, female (years)",SE.SCH.LIFE.FE,16.53356
Czech Republic,CZE,2009,"School life expectancy, primary to tertiary, female (years)",SE.SCH.LIFE.FE,16.33972
Czech Republic,CZE,2008,"School life expectancy, primary to tertiary, female (years)",SE.SCH.LIFE.FE,15.87065
Czech Republic,CZE,2007,"School life expectancy, primary to tertiary, female (years)",SE.SCH.LIFE.FE,15.63361
Czech Republic,CZE,2006,"School life expectancy, primary to tertiary, female (years)",SE.SCH.LIFE.FE,15.28932
Czech Republic,CZE,2005,"School life expectancy, primary to tertiary, female (years)",SE.SCH.LIFE.FE,15.05878
Czech Republic,CZE,2004,"School life expectancy, primary to tertiary, female (years)",SE.SCH.LIFE.FE,14.73518
Czech Republic,CZE,2003,"School life expectancy, primary to tertiary, female (years)",SE.SCH.LIFE.FE,14.98378
Czech Republic,CZE,2002,"School life expectancy, primary to tertiary, female (years)",SE.SCH.LIFE.FE,14.71137
Czech Republic,CZE,2001,"School life expectancy, primary to tertiary, female (years)",SE.SCH.LIFE.FE,14.4254
Czech Republic,CZE,2000,"School life expectancy, primary to tertiary, female (years)",SE.SCH.LIFE.FE,13.93399
Czech Republic,CZE,1999,"School life expectancy, primary to tertiary, female (years)",SE.SCH.LIFE.FE,13.33994
Czech Republic,CZE,1998,"School life expectancy, primary to tertiary, female (years)",SE.SCH.LIFE.FE,13.25587
Czech Republic,CZE,1997,"School life expectancy, primary to tertiary, female (years)",SE.SCH.LIFE.FE,13.38329
Czech Republic,CZE,1996,"School life expectancy, primary to tertiary, female (years)",SE.SCH.LIFE.FE,13.15726
Czech Republic,CZE,1995,"School life expectancy, primary to tertiary, female (years)",SE.SCH.LIFE.FE,12.82513
Czech Republic,CZE,1994,"School life expectancy, primary to tertiary, female (years)",SE.SCH.LIFE.FE,12.4312
Czech Republic,CZE,1993,"School life expectancy, primary to tertiary, female (years)",SE.SCH.LIFE.FE,12.05381
Czech Republic,CZE,1992,"School life expectancy, primary to tertiary, female (years)",SE.SCH.LIFE.FE,12.03573
Czech Republic,CZE,1991,"School life expectancy, primary to tertiary, female (years)",SE.SCH.LIFE.FE,11.64105
Czech Republic,CZE,1990,"School life expectancy, primary to tertiary, female (years)",SE.SCH.LIFE.FE,11.41493
Czech Republic,CZE,1989,"School life expectancy, primary to tertiary, female (years)",SE.SCH.LIFE.FE,11.6048
Czech Republic,CZE,1988,"School life expectancy, primary to tertiary, female (years)",SE.SCH.LIFE.FE,12.25631
Czech Republic,CZE,1987,"School life expectancy, primary to tertiary, female (years)",SE.SCH.LIFE.FE,12.52656
Czech Republic,CZE,1986,"School life expectancy, primary to tertiary, female (years)",SE.SCH.LIFE.FE,12.08469
Czech Republic,CZE,1985,"School life expectancy, primary to tertiary, female (years)",SE.SCH.LIFE.FE,12.30169
Czech Republic,CZE,1984,"School life expectancy, primary to tertiary, female (years)",SE.SCH.LIFE.FE,12.5563
Czech Republic,CZE,1983,"School life expectancy, primary to tertiary, female (years)",SE.SCH.LIFE.FE,13.08105
Czech Republic,CZE,1982,"School life expectancy, primary to tertiary, female (years)",SE.SCH.LIFE.FE,13.30716
Czech Republic,CZE,1979,"School life expectancy, primary to tertiary, female (years)",SE.SCH.LIFE.FE,13.07995
Czech Republic,CZE,1978,"School life expectancy, primary to tertiary, female (years)",SE.SCH.LIFE.FE,13.06661
Czech Republic,CZE,1977,"School life expectancy, primary to tertiary, female (years)",SE.SCH.LIFE.FE,12.97177
Czech Republic,CZE,1976,"School life expectancy, primary to tertiary, female (years)",SE.SCH.LIFE.FE,12.7873
Czech Republic,CZE,1975,"School life expectancy, primary to tertiary, female (years)",SE.SCH.LIFE.FE,12.64571
Czech Republic,CZE,1974,"School life expectancy, primary to tertiary, female (years)",SE.SCH.LIFE.FE,12.50979
Czech Republic,CZE,1973,"School life expectancy, primary to tertiary, female (years)",SE.SCH.LIFE.FE,12.40768
Czech Republic,CZE,1972,"School life expectancy, primary to tertiary, female (years)",SE.SCH.LIFE.FE,12.31424
Czech Republic,CZE,1971,"School life expectancy, primary to tertiary, female (years)",SE.SCH.LIFE.FE,12.17236
Czech Republic,CZE,2018,"School life expectancy, primary to tertiary, male (years)",SE.SCH.LIFE.MA,15.77533
Czech Republic,CZE,2017,"School life expectancy, primary to tertiary, male (years)",SE.SCH.LIFE.MA,16.07821
Czech Republic,CZE,2016,"School life expectancy, primary to tertiary, male (years)",SE.SCH.LIFE.MA,16.11249
Czech Republic,CZE,2015,"School life expectancy, primary to tertiary, male (years)",SE.SCH.LIFE.MA,16.11835
Czech Republic,CZE,2014,"School life expectancy, primary to tertiary, male (years)",SE.SCH.LIFE.MA,16.02666
Czech Republic,CZE,2013,"School life expectancy, primary to tertiary, male (years)",SE.SCH.LIFE.MA,15.89744
Czech Republic,CZE,2012,"School life expectancy, primary to tertiary, male (years)",SE.SCH.LIFE.MA,15.56637
Czech Republic,CZE,2011,"School life expectancy, primary to tertiary, male (years)",SE.SCH.LIFE.MA,15.57889
Czech Republic,CZE,2010,"School life expectancy, primary to tertiary, male (years)",SE.SCH.LIFE.MA,15.5241
Czech Republic,CZE,2009,"School life expectancy, primary to tertiary, male (years)",SE.SCH.LIFE.MA,15.35886
Czech Republic,CZE,2008,"School life expectancy, primary to tertiary, male (years)",SE.SCH.LIFE.MA,15.0725
Czech Republic,CZE,2007,"School life expectancy, primary to tertiary, male (years)",SE.SCH.LIFE.MA,14.96852
Czech Republic,CZE,2006,"School life expectancy, primary to tertiary, male (years)",SE.SCH.LIFE.MA,14.72468
Czech Republic,CZE,2005,"School life expectancy, primary to tertiary, male (years)",SE.SCH.LIFE.MA,14.63803
Czech Republic,CZE,2004,"School life expectancy, primary to tertiary, male (years)",SE.SCH.LIFE.MA,14.48638
Czech Republic,CZE,2003,"School life expectancy, primary to tertiary, male (years)",SE.SCH.LIFE.MA,14.69023
Czech Republic,CZE,2002,"School life expectancy, primary to tertiary, male (years)",SE.SCH.LIFE.MA,14.43929
Czech Republic,CZE,2001,"School life expectancy, primary to tertiary, male (years)",SE.SCH.LIFE.MA,14.22853
Czech Republic,CZE,2000,"School life expectancy, primary to tertiary, male (years)",SE.SCH.LIFE.MA,13.82553
Czech Republic,CZE,1999,"School life expectancy, primary to tertiary, male (years)",SE.SCH.LIFE.MA,13.07754
Czech Republic,CZE,1998,"School life expectancy, primary to tertiary, male (years)",SE.SCH.LIFE.MA,13.02047
Czech Republic,CZE,1997,"School life expectancy, primary to tertiary, male (years)",SE.SCH.LIFE.MA,13.16461
Czech Republic,CZE,1996,"School life expectancy, primary to tertiary, male (years)",SE.SCH.LIFE.MA,13.00965
Czech Republic,CZE,1995,"School life expectancy, primary to tertiary, male (years)",SE.SCH.LIFE.MA,12.63823
Czech Republic,CZE,1994,"School life expectancy, primary to tertiary, male (years)",SE.SCH.LIFE.MA,12.36084
Czech Republic,CZE,1993,"School life expectancy, primary to tertiary, male (years)",SE.SCH.LIFE.MA,11.68022
Czech Republic,CZE,1992,"School life expectancy, primary to tertiary, male (years)",SE.SCH.LIFE.MA,11.26223
Czech Republic,CZE,1991,"School life expectancy, primary to tertiary, male (years)",SE.SCH.LIFE.MA,11.99616
Czech Republic,CZE,1990,"School life expectancy, primary to tertiary, male (years)",SE.SCH.LIFE.MA,12.23612
Czech Republic,CZE,1989,"School life expectancy, primary to tertiary, male (years)",SE.SCH.LIFE.MA,12.16931
Czech Republic,CZE,1988,"School life expectancy, primary to tertiary, male (years)",SE.SCH.LIFE.MA,11.37444
Czech Republic,CZE,1987,"School life expectancy, primary to tertiary, male (years)",SE.SCH.LIFE.MA,11.62325
Czech Republic,CZE,1986,"School life expectancy, primary to tertiary, male (years)",SE.SCH.LIFE.MA,11.97841
Czech Republic,CZE,1985,"School life expectancy, primary to tertiary, male (years)",SE.SCH.LIFE.MA,12.18575
Czech Republic,CZE,1984,"School life expectancy, primary to tertiary, male (years)",SE.SCH.LIFE.MA,12.40903
Czech Republic,CZE,1983,"School life expectancy, primary to tertiary, male (years)",SE.SCH.LIFE.MA,12.74608
Czech Republic,CZE,1982,"School life expectancy, primary to tertiary, male (years)",SE.SCH.LIFE.MA,12.98892
Czech Republic,CZE,1979,"School life expectancy, primary to tertiary, male (years)",SE.SCH.LIFE.MA,12.97939
Czech Republic,CZE,1978,"School life expectancy, primary to tertiary, male (years)",SE.SCH.LIFE.MA,12.96823
Czech Republic,CZE,1977,"School life expectancy, primary to tertiary, male (years)",SE.SCH.LIFE.MA,12.85163
Czech Republic,CZE,1976,"School life expectancy, primary to tertiary, male (years)",SE.SCH.LIFE.MA,12.65786
Czech Republic,CZE,1975,"School life expectancy, primary to tertiary, male (years)",SE.SCH.LIFE.MA,12.51016
Czech Republic,CZE,1974,"School life expectancy, primary to tertiary, male (years)",SE.SCH.LIFE.MA,12.37544
Czech Republic,CZE,1973,"School life expectancy, primary to tertiary, male (years)",SE.SCH.LIFE.MA,12.27601
Czech Republic,CZE,1972,"School life expectancy, primary to tertiary, male (years)",SE.SCH.LIFE.MA,12.19689
Czech Republic,CZE,1971,"School life expectancy, primary to tertiary, male (years)",SE.SCH.LIFE.MA,12.06669
Czech Republic,CZE,2021,There are periods of absence due to childcare accounted for in pension benefits (1=yes; 0=no),SG.ABS.PENB,1
Czech Republic,CZE,2020,There are periods of absence due to childcare accounted for in pension benefits (1=yes; 0=no),SG.ABS.PENB,1
Czech Republic,CZE,2019,There are periods of absence due to childcare accounted for in pension benefits (1=yes; 0=no),SG.ABS.PENB,1
Czech Republic,CZE,2018,There are periods of absence due to childcare accounted for in pension benefits (1=yes; 0=no),SG.ABS.PENB,1
Czech Republic,CZE,2017,There are periods of absence due to childcare accounted for in pension benefits (1=yes; 0=no),SG.ABS.PENB,1
Czech Republic,CZE,2016,There are periods of absence due to childcare accounted for in pension benefits (1=yes; 0=no),SG.ABS.PENB,1
Czech Republic,CZE,2015,There are periods of absence due to childcare accounted for in pension benefits (1=yes; 0=no),SG.ABS.PENB,1
Czech Republic,CZE,2014,There are periods of absence due to childcare accounted for in pension benefits (1=yes; 0=no),SG.ABS.PENB,1
Czech Republic,CZE,2013,There are periods of absence due to childcare accounted for in pension benefits (1=yes; 0=no),SG.ABS.PENB,1
Czech Republic,CZE,2012,There are periods of absence due to childcare accounted for in pension benefits (1=yes; 0=no),SG.ABS.PENB,1
Czech Republic,CZE,2011,There are periods of absence due to childcare accounted for in pension benefits (1=yes; 0=no),SG.ABS.PENB,1
Czech Republic,CZE,2010,There are periods of absence due to childcare accounted for in pension benefits (1=yes; 0=no),SG.ABS.PENB,1
Czech Republic,CZE,2009,There are periods of absence due to childcare accounted for in pension benefits (1=yes; 0=no),SG.ABS.PENB,1
Czech Republic,CZE,2008,There are periods of absence due to childcare accounted for in pension benefits (1=yes; 0=no),SG.ABS.PENB,1
Czech Republic,CZE,2007,There are periods of absence due to childcare accounted for in pension benefits (1=yes; 0=no),SG.ABS.PENB,1
Czech Republic,CZE,2006,There are periods of absence due to childcare accounted for in pension benefits (1=yes; 0=no),SG.ABS.PENB,1
Czech Republic,CZE,2005,There are periods of absence due to childcare accounted for in pension benefits (1=yes; 0=no),SG.ABS.PENB,1
Czech Republic,CZE,2004,There are periods of absence due to childcare accounted for in pension benefits (1=yes; 0=no),SG.ABS.PENB,1
Czech Republic,CZE,2003,There are periods of absence due to childcare accounted for in pension benefits (1=yes; 0=no),SG.ABS.PENB,1
Czech Republic,CZE,2002,There are periods of absence due to childcare accounted for in pension benefits (1=yes; 0=no),SG.ABS.PENB,1
Czech Republic,CZE,2001,There are periods of absence due to childcare accounted for in pension benefits (1=yes; 0=no),SG.ABS.PENB,1
Czech Republic,CZE,2000,There are periods of absence due to childcare accounted for in pension benefits (1=yes; 0=no),SG.ABS.PENB,1
Czech Republic,CZE,1999,There are periods of absence due to childcare accounted for in pension benefits (1=yes; 0=no),SG.ABS.PENB,1
Czech Republic,CZE,1998,There are periods of absence due to childcare accounted for in pension benefits (1=yes; 0=no),SG.ABS.PENB,1
Czech Republic,CZE,1997,There are periods of absence due to childcare accounted for in pension benefits (1=yes; 0=no),SG.ABS.PENB,1
Czech Republic,CZE,1996,There are periods of absence due to childcare accounted for in pension benefits (1=yes; 0=no),SG.ABS.PENB,1
Czech Republic,CZE,1995,There are periods of absence due to childcare accounted for in pension benefits (1=yes; 0=no),SG.ABS.PENB,1
Czech Republic,CZE,1994,There are periods of absence due to childcare accounted for in pension benefits (1=yes; 0=no),SG.ABS.PENB,1
Czech Republic,CZE,1993,There are periods of absence due to childcare accounted for in pension benefits (1=yes; 0=no),SG.ABS.PENB,1
Czech Republic,CZE,1992,There are periods of absence due to childcare accounted for in pension benefits (1=yes; 0=no),SG.ABS.PENB,1
Czech Republic,CZE,1991,There are periods of absence due to childcare accounted for in pension benefits (1=yes; 0=no),SG.ABS.PENB,1
Czech Republic,CZE,1990,There are periods of absence due to childcare accounted for in pension benefits (1=yes; 0=no),SG.ABS.PENB,1
Czech Republic,CZE,1989,There are periods of absence due to childcare accounted for in pension benefits (1=yes; 0=no),SG.ABS.PENB,1
Czech Republic,CZE,1988,There are periods of absence due to childcare accounted for in pension benefits (1=yes; 0=no),SG.ABS.PENB,1
Czech Republic,CZE,1987,There are periods of absence due to childcare accounted for in pension benefits (1=yes; 0=no),SG.ABS.PENB,1
Czech Republic,CZE,1986,There are periods of absence due to childcare accounted for in pension benefits (1=yes; 0=no),SG.ABS.PENB,1
Czech Republic,CZE,1985,There are periods of absence due to childcare accounted for in pension benefits (1=yes; 0=no),SG.ABS.PENB,1
Czech Republic,CZE,1984,There are periods of absence due to childcare accounted for in pension benefits (1=yes; 0=no),SG.ABS.PENB,1
Czech Republic,CZE,1983,There are periods of absence due to childcare accounted for in pension benefits (1=yes; 0=no),SG.ABS.PENB,1
Czech Republic,CZE,1982,There are periods of absence due to childcare accounted for in pension benefits (1=yes; 0=no),SG.ABS.PENB,1
Czech Republic,CZE,1981,There are periods of absence due to childcare accounted for in pension benefits (1=yes; 0=no),SG.ABS.PENB,1
Czech Republic,CZE,1980,There are periods of absence due to childcare accounted for in pension benefits (1=yes; 0=no),SG.ABS.PENB,1
Czech Republic,CZE,1979,There are periods of absence due to childcare accounted for in pension benefits (1=yes; 0=no),SG.ABS.PENB,1
Czech Republic,CZE,1978,There are periods of absence due to childcare accounted for in pension benefits (1=yes; 0=no),SG.ABS.PENB,1
Czech Republic,CZE,1977,There are periods of absence due to childcare accounted for in pension benefits (1=yes; 0=no),SG.ABS.PENB,1
Czech Republic,CZE,1976,There are periods of absence due to childcare accounted for in pension benefits (1=yes; 0=no),SG.ABS.PENB,1
Czech Republic,CZE,1975,There are periods of absence due to childcare accounted for in pension benefits (1=yes; 0=no),SG.ABS.PENB,1
Czech Republic,CZE,1974,There are periods of absence due to childcare accounted for in pension benefits (1=yes; 0=no),SG.ABS.PENB,1
Czech Republic,CZE,1973,There are periods of absence due to childcare accounted for in pension benefits (1=yes; 0=no),SG.ABS.PENB,1
Czech Republic,CZE,1972,There are periods of absence due to childcare accounted for in pension benefits (1=yes; 0=no),SG.ABS.PENB,1
Czech Republic,CZE,1971,There are periods of absence due to childcare accounted for in pension benefits (1=yes; 0=no),SG.ABS.PENB,1
Czech Republic,CZE,1970,There are periods of absence due to childcare accounted for in pension benefits (1=yes; 0=no),SG.ABS.PENB,1
Czech Republic,CZE,2021,The age at which men and women can retire with full pension benefits is the same (1=yes; 0=no),SG.AGE.FUPN.EQ,0
Czech Republic,CZE,2020,The age at which men and women can retire with full pension benefits is the same (1=yes; 0=no),SG.AGE.FUPN.EQ,0
Czech Republic,CZE,2019,The age at which men and women can retire with full pension benefits is the same (1=yes; 0=no),SG.AGE.FUPN.EQ,0
Czech Republic,CZE,2018,The age at which men and women can retire with full pension benefits is the same (1=yes; 0=no),SG.AGE.FUPN.EQ,0
Czech Republic,CZE,2017,The age at which men and women can retire with full pension benefits is the same (1=yes; 0=no),SG.AGE.FUPN.EQ,0
Czech Republic,CZE,2016,The age at which men and women can retire with full pension benefits is the same (1=yes; 0=no),SG.AGE.FUPN.EQ,0
Czech Republic,CZE,2015,The age at which men and women can retire with full pension benefits is the same (1=yes; 0=no),SG.AGE.FUPN.EQ,0
Czech Republic,CZE,2014,The age at which men and women can retire with full pension benefits is the same (1=yes; 0=no),SG.AGE.FUPN.EQ,0
Czech Republic,CZE,2013,The age at which men and women can retire with full pension benefits is the same (1=yes; 0=no),SG.AGE.FUPN.EQ,0
Czech Republic,CZE,2012,The age at which men and women can retire with full pension benefits is the same (1=yes; 0=no),SG.AGE.FUPN.EQ,0
Czech Republic,CZE,2011,The age at which men and women can retire with full pension benefits is the same (1=yes; 0=no),SG.AGE.FUPN.EQ,0
Czech Republic,CZE,2010,The age at which men and women can retire with full pension benefits is the same (1=yes; 0=no),SG.AGE.FUPN.EQ,0
Czech Republic,CZE,2009,The age at which men and women can retire with full pension benefits is the same (1=yes; 0=no),SG.AGE.FUPN.EQ,0
Czech Republic,CZE,2008,The age at which men and women can retire with full pension benefits is the same (1=yes; 0=no),SG.AGE.FUPN.EQ,0
Czech Republic,CZE,2007,The age at which men and women can retire with full pension benefits is the same (1=yes; 0=no),SG.AGE.FUPN.EQ,0
Czech Republic,CZE,2006,The age at which men and women can retire with full pension benefits is the same (1=yes; 0=no),SG.AGE.FUPN.EQ,0
Czech Republic,CZE,2005,The age at which men and women can retire with full pension benefits is the same (1=yes; 0=no),SG.AGE.FUPN.EQ,0
Czech Republic,CZE,2004,The age at which men and women can retire with full pension benefits is the same (1=yes; 0=no),SG.AGE.FUPN.EQ,0
Czech Republic,CZE,2003,The age at which men and women can retire with full pension benefits is the same (1=yes; 0=no),SG.AGE.FUPN.EQ,0
Czech Republic,CZE,2002,The age at which men and women can retire with full pension benefits is the same (1=yes; 0=no),SG.AGE.FUPN.EQ,0
Czech Republic,CZE,2001,The age at which men and women can retire with full pension benefits is the same (1=yes; 0=no),SG.AGE.FUPN.EQ,0
Czech Republic,CZE,2000,The age at which men and women can retire with full pension benefits is the same (1=yes; 0=no),SG.AGE.FUPN.EQ,0
Czech Republic,CZE,1999,The age at which men and women can retire with full pension benefits is the same (1=yes; 0=no),SG.AGE.FUPN.EQ,0
Czech Republic,CZE,1998,The age at which men and women can retire with full pension benefits is the same (1=yes; 0=no),SG.AGE.FUPN.EQ,0
Czech Republic,CZE,1997,The age at which men and women can retire with full pension benefits is the same (1=yes; 0=no),SG.AGE.FUPN.EQ,0
Czech Republic,CZE,1996,The age at which men and women can retire with full pension benefits is the same (1=yes; 0=no),SG.AGE.FUPN.EQ,0
Czech Republic,CZE,1995,The age at which men and women can retire with full pension benefits is the same (1=yes; 0=no),SG.AGE.FUPN.EQ,0
Czech Republic,CZE,1994,The age at which men and women can retire with full pension benefits is the same (1=yes; 0=no),SG.AGE.FUPN.EQ,0
Czech Republic,CZE,1993,The age at which men and women can retire with full pension benefits is the same (1=yes; 0=no),SG.AGE.FUPN.EQ,0
Czech Republic,CZE,1992,The age at which men and women can retire with full pension benefits is the same (1=yes; 0=no),SG.AGE.FUPN.EQ,0
Czech Republic,CZE,1991,The age at which men and women can retire with full pension benefits is the same (1=yes; 0=no),SG.AGE.FUPN.EQ,0
Czech Republic,CZE,1990,The age at which men and women can retire with full pension benefits is the same (1=yes; 0=no),SG.AGE.FUPN.EQ,0
Czech Republic,CZE,1989,The age at which men and women can retire with full pension benefits is the same (1=yes; 0=no),SG.AGE.FUPN.EQ,0
Czech Republic,CZE,1988,The age at which men and women can retire with full pension benefits is the same (1=yes; 0=no),SG.AGE.FUPN.EQ,0
Czech Republic,CZE,1987,The age at which men and women can retire with full pension benefits is the same (1=yes; 0=no),SG.AGE.FUPN.EQ,0
Czech Republic,CZE,1986,The age at which men and women can retire with full pension benefits is the same (1=yes; 0=no),SG.AGE.FUPN.EQ,0
Czech Republic,CZE,1985,The age at which men and women can retire with full pension benefits is the same (1=yes; 0=no),SG.AGE.FUPN.EQ,0
Czech Republic,CZE,1984,The age at which men and women can retire with full pension benefits is the same (1=yes; 0=no),SG.AGE.FUPN.EQ,0
Czech Republic,CZE,1983,The age at which men and women can retire with full pension benefits is the same (1=yes; 0=no),SG.AGE.FUPN.EQ,0
Czech Republic,CZE,1982,The age at which men and women can retire with full pension benefits is the same (1=yes; 0=no),SG.AGE.FUPN.EQ,0
Czech Republic,CZE,1981,The age at which men and women can retire with full pension benefits is the same (1=yes; 0=no),SG.AGE.FUPN.EQ,0
Czech Republic,CZE,1980,The age at which men and women can retire with full pension benefits is the same (1=yes; 0=no),SG.AGE.FUPN.EQ,0
Czech Republic,CZE,1979,The age at which men and women can retire with full pension benefits is the same (1=yes; 0=no),SG.AGE.FUPN.EQ,0
Czech Republic,CZE,1978,The age at which men and women can retire with full pension benefits is the same (1=yes; 0=no),SG.AGE.FUPN.EQ,0
Czech Republic,CZE,1977,The age at which men and women can retire with full pension benefits is the same (1=yes; 0=no),SG.AGE.FUPN.EQ,0
Czech Republic,CZE,1976,The age at which men and women can retire with full pension benefits is the same (1=yes; 0=no),SG.AGE.FUPN.EQ,0
Czech Republic,CZE,1975,The age at which men and women can retire with full pension benefits is the same (1=yes; 0=no),SG.AGE.FUPN.EQ,0
Czech Republic,CZE,1974,The age at which men and women can retire with full pension benefits is the same (1=yes; 0=no),SG.AGE.FUPN.EQ,0
Czech Republic,CZE,1973,The age at which men and women can retire with full pension benefits is the same (1=yes; 0=no),SG.AGE.FUPN.EQ,0
Czech Republic,CZE,1972,The age at which men and women can retire with full pension benefits is the same (1=yes; 0=no),SG.AGE.FUPN.EQ,0
Czech Republic,CZE,1971,The age at which men and women can retire with full pension benefits is the same (1=yes; 0=no),SG.AGE.FUPN.EQ,0
Czech Republic,CZE,1970,The age at which men and women can retire with full pension benefits is the same (1=yes; 0=no),SG.AGE.FUPN.EQ,0
Czech Republic,CZE,2021,The mandatory retirement age for men and women is the same (1=yes; 0=no),SG.AGE.MRET.EQ,1
Czech Republic,CZE,2020,The mandatory retirement age for men and women is the same (1=yes; 0=no),SG.AGE.MRET.EQ,1
Czech Republic,CZE,2019,The mandatory retirement age for men and women is the same (1=yes; 0=no),SG.AGE.MRET.EQ,1
Czech Republic,CZE,2018,The mandatory retirement age for men and women is the same (1=yes; 0=no),SG.AGE.MRET.EQ,1
Czech Republic,CZE,2017,The mandatory retirement age for men and women is the same (1=yes; 0=no),SG.AGE.MRET.EQ,1
Czech Republic,CZE,2016,The mandatory retirement age for men and women is the same (1=yes; 0=no),SG.AGE.MRET.EQ,1
Czech Republic,CZE,2015,The mandatory retirement age for men and women is the same (1=yes; 0=no),SG.AGE.MRET.EQ,1
Czech Republic,CZE,2014,The mandatory retirement age for men and women is the same (1=yes; 0=no),SG.AGE.MRET.EQ,1
Czech Republic,CZE,2013,The mandatory retirement age for men and women is the same (1=yes; 0=no),SG.AGE.MRET.EQ,1
Czech Republic,CZE,2012,The mandatory retirement age for men and women is the same (1=yes; 0=no),SG.AGE.MRET.EQ,1
Czech Republic,CZE,2011,The mandatory retirement age for men and women is the same (1=yes; 0=no),SG.AGE.MRET.EQ,1
Czech Republic,CZE,2010,The mandatory retirement age for men and women is the same (1=yes; 0=no),SG.AGE.MRET.EQ,1
Czech Republic,CZE,2009,The mandatory retirement age for men and women is the same (1=yes; 0=no),SG.AGE.MRET.EQ,1
Czech Republic,CZE,2008,The mandatory retirement age for men and women is the same (1=yes; 0=no),SG.AGE.MRET.EQ,1
Czech Republic,CZE,2007,The mandatory retirement age for men and women is the same (1=yes; 0=no),SG.AGE.MRET.EQ,1
Czech Republic,CZE,2006,The mandatory retirement age for men and women is the same (1=yes; 0=no),SG.AGE.MRET.EQ,1
Czech Republic,CZE,2005,The mandatory retirement age for men and women is the same (1=yes; 0=no),SG.AGE.MRET.EQ,1
Czech Republic,CZE,2004,The mandatory retirement age for men and women is the same (1=yes; 0=no),SG.AGE.MRET.EQ,1
Czech Republic,CZE,2003,The mandatory retirement age for men and women is the same (1=yes; 0=no),SG.AGE.MRET.EQ,1
Czech Republic,CZE,2002,The mandatory retirement age for men and women is the same (1=yes; 0=no),SG.AGE.MRET.EQ,1
Czech Republic,CZE,2001,The mandatory retirement age for men and women is the same (1=yes; 0=no),SG.AGE.MRET.EQ,1
Czech Republic,CZE,2000,The mandatory retirement age for men and women is the same (1=yes; 0=no),SG.AGE.MRET.EQ,1
Czech Republic,CZE,1999,The mandatory retirement age for men and women is the same (1=yes; 0=no),SG.AGE.MRET.EQ,1
Czech Republic,CZE,1998,The mandatory retirement age for men and women is the same (1=yes; 0=no),SG.AGE.MRET.EQ,1
Czech Republic,CZE,1997,The mandatory retirement age for men and women is the same (1=yes; 0=no),SG.AGE.MRET.EQ,1
Czech Republic,CZE,1996,The mandatory retirement age for men and women is the same (1=yes; 0=no),SG.AGE.MRET.EQ,1
Czech Republic,CZE,1995,The mandatory retirement age for men and women is the same (1=yes; 0=no),SG.AGE.MRET.EQ,1
Czech Republic,CZE,1994,The mandatory retirement age for men and women is the same (1=yes; 0=no),SG.AGE.MRET.EQ,1
Czech Republic,CZE,1993,The mandatory retirement age for men and women is the same (1=yes; 0=no),SG.AGE.MRET.EQ,1
Czech Republic,CZE,1992,The mandatory retirement age for men and women is the same (1=yes; 0=no),SG.AGE.MRET.EQ,1
Czech Republic,CZE,1991,The mandatory retirement age for men and women is the same (1=yes; 0=no),SG.AGE.MRET.EQ,1
Czech Republic,CZE,1990,The mandatory retirement age for men and women is the same (1=yes; 0=no),SG.AGE.MRET.EQ,1
Czech Republic,CZE,1989,The mandatory retirement age for men and women is the same (1=yes; 0=no),SG.AGE.MRET.EQ,1
Czech Republic,CZE,1988,The mandatory retirement age for men and women is the same (1=yes; 0=no),SG.AGE.MRET.EQ,1
Czech Republic,CZE,1987,The mandatory retirement age for men and women is the same (1=yes; 0=no),SG.AGE.MRET.EQ,1
Czech Republic,CZE,1986,The mandatory retirement age for men and women is the same (1=yes; 0=no),SG.AGE.MRET.EQ,1
Czech Republic,CZE,1985,The mandatory retirement age for men and women is the same (1=yes; 0=no),SG.AGE.MRET.EQ,1
Czech Republic,CZE,1984,The mandatory retirement age for men and women is the same (1=yes; 0=no),SG.AGE.MRET.EQ,1
Czech Republic,CZE,1983,The mandatory retirement age for men and women is the same (1=yes; 0=no),SG.AGE.MRET.EQ,1
Czech Republic,CZE,1982,The mandatory retirement age for men and women is the same (1=yes; 0=no),SG.AGE.MRET.EQ,1
Czech Republic,CZE,1981,The mandatory retirement age for men and women is the same (1=yes; 0=no),SG.AGE.MRET.EQ,1
Czech Republic,CZE,1980,The mandatory retirement age for men and women is the same (1=yes; 0=no),SG.AGE.MRET.EQ,1
Czech Republic,CZE,1979,The mandatory retirement age for men and women is the same (1=yes; 0=no),SG.AGE.MRET.EQ,1
Czech Republic,CZE,1978,The mandatory retirement age for men and women is the same (1=yes; 0=no),SG.AGE.MRET.EQ,1
Czech Republic,CZE,1977,The mandatory retirement age for men and women is the same (1=yes; 0=no),SG.AGE.MRET.EQ,1
Czech Republic,CZE,1976,The mandatory retirement age for men and women is the same (1=yes; 0=no),SG.AGE.MRET.EQ,1
Czech Republic,CZE,1975,The mandatory retirement age for men and women is the same (1=yes; 0=no),SG.AGE.MRET.EQ,1
Czech Republic,CZE,1974,The mandatory retirement age for men and women is the same (1=yes; 0=no),SG.AGE.MRET.EQ,1
Czech Republic,CZE,1973,The mandatory retirement age for men and women is the same (1=yes; 0=no),SG.AGE.MRET.EQ,1
Czech Republic,CZE,1972,The mandatory retirement age for men and women is the same (1=yes; 0=no),SG.AGE.MRET.EQ,1
Czech Republic,CZE,1971,The mandatory retirement age for men and women is the same (1=yes; 0=no),SG.AGE.MRET.EQ,1
Czech Republic,CZE,1970,The mandatory retirement age for men and women is the same (1=yes; 0=no),SG.AGE.MRET.EQ,1
Czech Republic,CZE,2021,The age at which men and women can retire with partial pension benefits is the same (1=yes; 0=no),SG.AGE.PAPN.EQ,0
Czech Republic,CZE,2020,The age at which men and women can retire with partial pension benefits is the same (1=yes; 0=no),SG.AGE.PAPN.EQ,0
Czech Republic,CZE,2019,The age at which men and women can retire with partial pension benefits is the same (1=yes; 0=no),SG.AGE.PAPN.EQ,0
Czech Republic,CZE,2018,The age at which men and women can retire with partial pension benefits is the same (1=yes; 0=no),SG.AGE.PAPN.EQ,0
Czech Republic,CZE,2017,The age at which men and women can retire with partial pension benefits is the same (1=yes; 0=no),SG.AGE.PAPN.EQ,0
Czech Republic,CZE,2016,The age at which men and women can retire with partial pension benefits is the same (1=yes; 0=no),SG.AGE.PAPN.EQ,0
Czech Republic,CZE,2015,The age at which men and women can retire with partial pension benefits is the same (1=yes; 0=no),SG.AGE.PAPN.EQ,0
Czech Republic,CZE,2014,The age at which men and women can retire with partial pension benefits is the same (1=yes; 0=no),SG.AGE.PAPN.EQ,0
Czech Republic,CZE,2013,The age at which men and women can retire with partial pension benefits is the same (1=yes; 0=no),SG.AGE.PAPN.EQ,0
Czech Republic,CZE,2012,The age at which men and women can retire with partial pension benefits is the same (1=yes; 0=no),SG.AGE.PAPN.EQ,0
Czech Republic,CZE,2011,The age at which men and women can retire with partial pension benefits is the same (1=yes; 0=no),SG.AGE.PAPN.EQ,0
Czech Republic,CZE,2010,The age at which men and women can retire with partial pension benefits is the same (1=yes; 0=no),SG.AGE.PAPN.EQ,0
Czech Republic,CZE,2009,The age at which men and women can retire with partial pension benefits is the same (1=yes; 0=no),SG.AGE.PAPN.EQ,0
Czech Republic,CZE,2008,The age at which men and women can retire with partial pension benefits is the same (1=yes; 0=no),SG.AGE.PAPN.EQ,0
Czech Republic,CZE,2007,The age at which men and women can retire with partial pension benefits is the same (1=yes; 0=no),SG.AGE.PAPN.EQ,0
Czech Republic,CZE,2006,The age at which men and women can retire with partial pension benefits is the same (1=yes; 0=no),SG.AGE.PAPN.EQ,0
Czech Republic,CZE,2005,The age at which men and women can retire with partial pension benefits is the same (1=yes; 0=no),SG.AGE.PAPN.EQ,0
Czech Republic,CZE,2004,The age at which men and women can retire with partial pension benefits is the same (1=yes; 0=no),SG.AGE.PAPN.EQ,0
Czech Republic,CZE,2003,The age at which men and women can retire with partial pension benefits is the same (1=yes; 0=no),SG.AGE.PAPN.EQ,0
Czech Republic,CZE,2002,The age at which men and women can retire with partial pension benefits is the same (1=yes; 0=no),SG.AGE.PAPN.EQ,0
Czech Republic,CZE,2001,The age at which men and women can retire with partial pension benefits is the same (1=yes; 0=no),SG.AGE.PAPN.EQ,0
Czech Republic,CZE,2000,The age at which men and women can retire with partial pension benefits is the same (1=yes; 0=no),SG.AGE.PAPN.EQ,0
Czech Republic,CZE,1999,The age at which men and women can retire with partial pension benefits is the same (1=yes; 0=no),SG.AGE.PAPN.EQ,0
Czech Republic,CZE,1998,The age at which men and women can retire with partial pension benefits is the same (1=yes; 0=no),SG.AGE.PAPN.EQ,0
Czech Republic,CZE,1997,The age at which men and women can retire with partial pension benefits is the same (1=yes; 0=no),SG.AGE.PAPN.EQ,0
Czech Republic,CZE,1996,The age at which men and women can retire with partial pension benefits is the same (1=yes; 0=no),SG.AGE.PAPN.EQ,0
Czech Republic,CZE,1995,The age at which men and women can retire with partial pension benefits is the same (1=yes; 0=no),SG.AGE.PAPN.EQ,0
Czech Republic,CZE,1994,The age at which men and women can retire with partial pension benefits is the same (1=yes; 0=no),SG.AGE.PAPN.EQ,0
Czech Republic,CZE,1993,The age at which men and women can retire with partial pension benefits is the same (1=yes; 0=no),SG.AGE.PAPN.EQ,0
Czech Republic,CZE,1992,The age at which men and women can retire with partial pension benefits is the same (1=yes; 0=no),SG.AGE.PAPN.EQ,0
Czech Republic,CZE,1991,The age at which men and women can retire with partial pension benefits is the same (1=yes; 0=no),SG.AGE.PAPN.EQ,0
Czech Republic,CZE,1990,The age at which men and women can retire with partial pension benefits is the same (1=yes; 0=no),SG.AGE.PAPN.EQ,0
Czech Republic,CZE,1989,The age at which men and women can retire with partial pension benefits is the same (1=yes; 0=no),SG.AGE.PAPN.EQ,0
Czech Republic,CZE,1988,The age at which men and women can retire with partial pension benefits is the same (1=yes; 0=no),SG.AGE.PAPN.EQ,0
Czech Republic,CZE,1987,The age at which men and women can retire with partial pension benefits is the same (1=yes; 0=no),SG.AGE.PAPN.EQ,0
Czech Republic,CZE,1986,The age at which men and women can retire with partial pension benefits is the same (1=yes; 0=no),SG.AGE.PAPN.EQ,0
Czech Republic,CZE,1985,The age at which men and women can retire with partial pension benefits is the same (1=yes; 0=no),SG.AGE.PAPN.EQ,0
Czech Republic,CZE,1984,The age at which men and women can retire with partial pension benefits is the same (1=yes; 0=no),SG.AGE.PAPN.EQ,0
Czech Republic,CZE,1983,The age at which men and women can retire with partial pension benefits is the same (1=yes; 0=no),SG.AGE.PAPN.EQ,0
Czech Republic,CZE,1982,The age at which men and women can retire with partial pension benefits is the same (1=yes; 0=no),SG.AGE.PAPN.EQ,0
Czech Republic,CZE,1981,The age at which men and women can retire with partial pension benefits is the same (1=yes; 0=no),SG.AGE.PAPN.EQ,0
Czech Republic,CZE,1980,The age at which men and women can retire with partial pension benefits is the same (1=yes; 0=no),SG.AGE.PAPN.EQ,0
Czech Republic,CZE,1979,The age at which men and women can retire with partial pension benefits is the same (1=yes; 0=no),SG.AGE.PAPN.EQ,0
Czech Republic,CZE,1978,The age at which men and women can retire with partial pension benefits is the same (1=yes; 0=no),SG.AGE.PAPN.EQ,0
Czech Republic,CZE,1977,The age at which men and women can retire with partial pension benefits is the same (1=yes; 0=no),SG.AGE.PAPN.EQ,0
Czech Republic,CZE,1976,The age at which men and women can retire with partial pension benefits is the same (1=yes; 0=no),SG.AGE.PAPN.EQ,0
Czech Republic,CZE,1975,The age at which men and women can retire with partial pension benefits is the same (1=yes; 0=no),SG.AGE.PAPN.EQ,0
Czech Republic,CZE,1974,The age at which men and women can retire with partial pension benefits is the same (1=yes; 0=no),SG.AGE.PAPN.EQ,0
Czech Republic,CZE,1973,The age at which men and women can retire with partial pension benefits is the same (1=yes; 0=no),SG.AGE.PAPN.EQ,0
Czech Republic,CZE,1972,The age at which men and women can retire with partial pension benefits is the same (1=yes; 0=no),SG.AGE.PAPN.EQ,0
Czech Republic,CZE,1971,The age at which men and women can retire with partial pension benefits is the same (1=yes; 0=no),SG.AGE.PAPN.EQ,0
Czech Republic,CZE,1970,The age at which men and women can retire with partial pension benefits is the same (1=yes; 0=no),SG.AGE.PAPN.EQ,0
Czech Republic,CZE,2021,"Retirement age with full benefits, female",SG.AGE.RTRE.FL.FE,61.7
Czech Republic,CZE,2021,"Retirement age with full benefits, male",SG.AGE.RTRE.FL.MA,64
Czech Republic,CZE,2021,"Retirement age with partial benefits, female",SG.AGE.RTRE.PL.FE,58.7
Czech Republic,CZE,2021,"Retirement age with partial benefits, male",SG.AGE.RTRE.PL.MA,60
Czech Republic,CZE,2021,A woman can apply for a passport in the same way as a man (1=yes; 0=no),SG.APL.PSPT.EQ,1
Czech Republic,CZE,2020,A woman can apply for a passport in the same way as a man (1=yes; 0=no),SG.APL.PSPT.EQ,1
Czech Republic,CZE,2019,A woman can apply for a passport in the same way as a man (1=yes; 0=no),SG.APL.PSPT.EQ,1
Czech Republic,CZE,2018,A woman can apply for a passport in the same way as a man (1=yes; 0=no),SG.APL.PSPT.EQ,1
Czech Republic,CZE,2017,A woman can apply for a passport in the same way as a man (1=yes; 0=no),SG.APL.PSPT.EQ,1
Czech Republic,CZE,2016,A woman can apply for a passport in the same way as a man (1=yes; 0=no),SG.APL.PSPT.EQ,1
Czech Republic,CZE,2015,A woman can apply for a passport in the same way as a man (1=yes; 0=no),SG.APL.PSPT.EQ,1
Czech Republic,CZE,2014,A woman can apply for a passport in the same way as a man (1=yes; 0=no),SG.APL.PSPT.EQ,1
Czech Republic,CZE,2013,A woman can apply for a passport in the same way as a man (1=yes; 0=no),SG.APL.PSPT.EQ,1
Czech Republic,CZE,2012,A woman can apply for a passport in the same way as a man (1=yes; 0=no),SG.APL.PSPT.EQ,1
Czech Republic,CZE,2011,A woman can apply for a passport in the same way as a man (1=yes; 0=no),SG.APL.PSPT.EQ,1
Czech Republic,CZE,2010,A woman can apply for a passport in the same way as a man (1=yes; 0=no),SG.APL.PSPT.EQ,1
Czech Republic,CZE,2009,A woman can apply for a passport in the same way as a man (1=yes; 0=no),SG.APL.PSPT.EQ,1
Czech Republic,CZE,2008,A woman can apply for a passport in the same way as a man (1=yes; 0=no),SG.APL.PSPT.EQ,1
Czech Republic,CZE,2007,A woman can apply for a passport in the same way as a man (1=yes; 0=no),SG.APL.PSPT.EQ,1
Czech Republic,CZE,2006,A woman can apply for a passport in the same way as a man (1=yes; 0=no),SG.APL.PSPT.EQ,1
Czech Republic,CZE,2005,A woman can apply for a passport in the same way as a man (1=yes; 0=no),SG.APL.PSPT.EQ,1
Czech Republic,CZE,2004,A woman can apply for a passport in the same way as a man (1=yes; 0=no),SG.APL.PSPT.EQ,1
Czech Republic,CZE,2003,A woman can apply for a passport in the same way as a man (1=yes; 0=no),SG.APL.PSPT.EQ,1
Czech Republic,CZE,2002,A woman can apply for a passport in the same way as a man (1=yes; 0=no),SG.APL.PSPT.EQ,1
Czech Republic,CZE,2001,A woman can apply for a passport in the same way as a man (1=yes; 0=no),SG.APL.PSPT.EQ,1
Czech Republic,CZE,2000,A woman can apply for a passport in the same way as a man (1=yes; 0=no),SG.APL.PSPT.EQ,1
Czech Republic,CZE,1999,A woman can apply for a passport in the same way as a man (1=yes; 0=no),SG.APL.PSPT.EQ,1
Czech Republic,CZE,1998,A woman can apply for a passport in the same way as a man (1=yes; 0=no),SG.APL.PSPT.EQ,1
Czech Republic,CZE,1997,A woman can apply for a passport in the same way as a man (1=yes; 0=no),SG.APL.PSPT.EQ,1
Czech Republic,CZE,1996,A woman can apply for a passport in the same way as a man (1=yes; 0=no),SG.APL.PSPT.EQ,1
Czech Republic,CZE,1995,A woman can apply for a passport in the same way as a man (1=yes; 0=no),SG.APL.PSPT.EQ,1
Czech Republic,CZE,1994,A woman can apply for a passport in the same way as a man (1=yes; 0=no),SG.APL.PSPT.EQ,1
Czech Republic,CZE,1993,A woman can apply for a passport in the same way as a man (1=yes; 0=no),SG.APL.PSPT.EQ,1
Czech Republic,CZE,1992,A woman can apply for a passport in the same way as a man (1=yes; 0=no),SG.APL.PSPT.EQ,1
Czech Republic,CZE,1991,A woman can apply for a passport in the same way as a man (1=yes; 0=no),SG.APL.PSPT.EQ,1
Czech Republic,CZE,1990,A woman can apply for a passport in the same way as a man (1=yes; 0=no),SG.APL.PSPT.EQ,1
Czech Republic,CZE,1989,A woman can apply for a passport in the same way as a man (1=yes; 0=no),SG.APL.PSPT.EQ,1
Czech Republic,CZE,1988,A woman can apply for a passport in the same way as a man (1=yes; 0=no),SG.APL.PSPT.EQ,1
Czech Republic,CZE,1987,A woman can apply for a passport in the same way as a man (1=yes; 0=no),SG.APL.PSPT.EQ,1
Czech Republic,CZE,1986,A woman can apply for a passport in the same way as a man (1=yes; 0=no),SG.APL.PSPT.EQ,1
Czech Republic,CZE,1985,A woman can apply for a passport in the same way as a man (1=yes; 0=no),SG.APL.PSPT.EQ,1
Czech Republic,CZE,1984,A woman can apply for a passport in the same way as a man (1=yes; 0=no),SG.APL.PSPT.EQ,1
Czech Republic,CZE,1983,A woman can apply for a passport in the same way as a man (1=yes; 0=no),SG.APL.PSPT.EQ,1
Czech Republic,CZE,1982,A woman can apply for a passport in the same way as a man (1=yes; 0=no),SG.APL.PSPT.EQ,1
Czech Republic,CZE,1981,A woman can apply for a passport in the same way as a man (1=yes; 0=no),SG.APL.PSPT.EQ,1
Czech Republic,CZE,1980,A woman can apply for a passport in the same way as a man (1=yes; 0=no),SG.APL.PSPT.EQ,1
Czech Republic,CZE,1979,A woman can apply for a passport in the same way as a man (1=yes; 0=no),SG.APL.PSPT.EQ,1
Czech Republic,CZE,1978,A woman can apply for a passport in the same way as a man (1=yes; 0=no),SG.APL.PSPT.EQ,1
Czech Republic,CZE,1977,A woman can apply for a passport in the same way as a man (1=yes; 0=no),SG.APL.PSPT.EQ,1
Czech Republic,CZE,1976,A woman can apply for a passport in the same way as a man (1=yes; 0=no),SG.APL.PSPT.EQ,1
Czech Republic,CZE,1975,A woman can apply for a passport in the same way as a man (1=yes; 0=no),SG.APL.PSPT.EQ,1
Czech Republic,CZE,1974,A woman can apply for a passport in the same way as a man (1=yes; 0=no),SG.APL.PSPT.EQ,1
Czech Republic,CZE,1973,A woman can apply for a passport in the same way as a man (1=yes; 0=no),SG.APL.PSPT.EQ,1
Czech Republic,CZE,1972,A woman can apply for a passport in the same way as a man (1=yes; 0=no),SG.APL.PSPT.EQ,1
Czech Republic,CZE,1971,A woman can apply for a passport in the same way as a man (1=yes; 0=no),SG.APL.PSPT.EQ,1
Czech Republic,CZE,1970,A woman can apply for a passport in the same way as a man (1=yes; 0=no),SG.APL.PSPT.EQ,1
Czech Republic,CZE,2021,A woman can register a business in the same way as a man (1=yes; 0=no),SG.BUS.REGT.EQ,1
Czech Republic,CZE,2020,A woman can register a business in the same way as a man (1=yes; 0=no),SG.BUS.REGT.EQ,1
Czech Republic,CZE,2019,A woman can register a business in the same way as a man (1=yes; 0=no),SG.BUS.REGT.EQ,1
Czech Republic,CZE,2018,A woman can register a business in the same way as a man (1=yes; 0=no),SG.BUS.REGT.EQ,1
Czech Republic,CZE,2017,A woman can register a business in the same way as a man (1=yes; 0=no),SG.BUS.REGT.EQ,1
Czech Republic,CZE,2016,A woman can register a business in the same way as a man (1=yes; 0=no),SG.BUS.REGT.EQ,1
Czech Republic,CZE,2015,A woman can register a business in the same way as a man (1=yes; 0=no),SG.BUS.REGT.EQ,1
Czech Republic,CZE,2014,A woman can register a business in the same way as a man (1=yes; 0=no),SG.BUS.REGT.EQ,1
Czech Republic,CZE,2013,A woman can register a business in the same way as a man (1=yes; 0=no),SG.BUS.REGT.EQ,1
Czech Republic,CZE,2012,A woman can register a business in the same way as a man (1=yes; 0=no),SG.BUS.REGT.EQ,1
Czech Republic,CZE,2011,A woman can register a business in the same way as a man (1=yes; 0=no),SG.BUS.REGT.EQ,1
Czech Republic,CZE,2010,A woman can register a business in the same way as a man (1=yes; 0=no),SG.BUS.REGT.EQ,1
Czech Republic,CZE,2009,A woman can register a business in the same way as a man (1=yes; 0=no),SG.BUS.REGT.EQ,1
Czech Republic,CZE,2008,A woman can register a business in the same way as a man (1=yes; 0=no),SG.BUS.REGT.EQ,1
Czech Republic,CZE,2007,A woman can register a business in the same way as a man (1=yes; 0=no),SG.BUS.REGT.EQ,1
Czech Republic,CZE,2006,A woman can register a business in the same way as a man (1=yes; 0=no),SG.BUS.REGT.EQ,1
Czech Republic,CZE,2005,A woman can register a business in the same way as a man (1=yes; 0=no),SG.BUS.REGT.EQ,1
Czech Republic,CZE,2004,A woman can register a business in the same way as a man (1=yes; 0=no),SG.BUS.REGT.EQ,1
Czech Republic,CZE,2003,A woman can register a business in the same way as a man (1=yes; 0=no),SG.BUS.REGT.EQ,1
Czech Republic,CZE,2002,A woman can register a business in the same way as a man (1=yes; 0=no),SG.BUS.REGT.EQ,1
Czech Republic,CZE,2001,A woman can register a business in the same way as a man (1=yes; 0=no),SG.BUS.REGT.EQ,1
Czech Republic,CZE,2000,A woman can register a business in the same way as a man (1=yes; 0=no),SG.BUS.REGT.EQ,1
Czech Republic,CZE,1999,A woman can register a business in the same way as a man (1=yes; 0=no),SG.BUS.REGT.EQ,1
Czech Republic,CZE,1998,A woman can register a business in the same way as a man (1=yes; 0=no),SG.BUS.REGT.EQ,1
Czech Republic,CZE,1997,A woman can register a business in the same way as a man (1=yes; 0=no),SG.BUS.REGT.EQ,1
Czech Republic,CZE,1996,A woman can register a business in the same way as a man (1=yes; 0=no),SG.BUS.REGT.EQ,1
Czech Republic,CZE,1995,A woman can register a business in the same way as a man (1=yes; 0=no),SG.BUS.REGT.EQ,1
Czech Republic,CZE,1994,A woman can register a business in the same way as a man (1=yes; 0=no),SG.BUS.REGT.EQ,1
Czech Republic,CZE,1993,A woman can register a business in the same way as a man (1=yes; 0=no),SG.BUS.REGT.EQ,1
Czech Republic,CZE,1992,A woman can register a business in the same way as a man (1=yes; 0=no),SG.BUS.REGT.EQ,1
Czech Republic,CZE,1991,A woman can register a business in the same way as a man (1=yes; 0=no),SG.BUS.REGT.EQ,1
Czech Republic,CZE,1990,A woman can register a business in the same way as a man (1=yes; 0=no),SG.BUS.REGT.EQ,1
Czech Republic,CZE,1989,A woman can register a business in the same way as a man (1=yes; 0=no),SG.BUS.REGT.EQ,1
Czech Republic,CZE,1988,A woman can register a business in the same way as a man (1=yes; 0=no),SG.BUS.REGT.EQ,1
Czech Republic,CZE,1987,A woman can register a business in the same way as a man (1=yes; 0=no),SG.BUS.REGT.EQ,1
Czech Republic,CZE,1986,A woman can register a business in the same way as a man (1=yes; 0=no),SG.BUS.REGT.EQ,1
Czech Republic,CZE,1985,A woman can register a business in the same way as a man (1=yes; 0=no),SG.BUS.REGT.EQ,1
Czech Republic,CZE,1984,A woman can register a business in the same way as a man (1=yes; 0=no),SG.BUS.REGT.EQ,1
Czech Republic,CZE,1983,A woman can register a business in the same way as a man (1=yes; 0=no),SG.BUS.REGT.EQ,1
Czech Republic,CZE,1982,A woman can register a business in the same way as a man (1=yes; 0=no),SG.BUS.REGT.EQ,1
Czech Republic,CZE,1981,A woman can register a business in the same way as a man (1=yes; 0=no),SG.BUS.REGT.EQ,1
Czech Republic,CZE,1980,A woman can register a business in the same way as a man (1=yes; 0=no),SG.BUS.REGT.EQ,1
Czech Republic,CZE,1979,A woman can register a business in the same way as a man (1=yes; 0=no),SG.BUS.REGT.EQ,1
Czech Republic,CZE,1978,A woman can register a business in the same way as a man (1=yes; 0=no),SG.BUS.REGT.EQ,1
Czech Republic,CZE,1977,A woman can register a business in the same way as a man (1=yes; 0=no),SG.BUS.REGT.EQ,1
Czech Republic,CZE,1976,A woman can register a business in the same way as a man (1=yes; 0=no),SG.BUS.REGT.EQ,1
Czech Republic,CZE,1975,A woman can register a business in the same way as a man (1=yes; 0=no),SG.BUS.REGT.EQ,1
Czech Republic,CZE,1974,A woman can register a business in the same way as a man (1=yes; 0=no),SG.BUS.REGT.EQ,1
Czech Republic,CZE,1973,A woman can register a business in the same way as a man (1=yes; 0=no),SG.BUS.REGT.EQ,1
Czech Republic,CZE,1972,A woman can register a business in the same way as a man (1=yes; 0=no),SG.BUS.REGT.EQ,1
Czech Republic,CZE,1971,A woman can register a business in the same way as a man (1=yes; 0=no),SG.BUS.REGT.EQ,1
Czech Republic,CZE,1970,A woman can register a business in the same way as a man (1=yes; 0=no),SG.BUS.REGT.EQ,1
Czech Republic,CZE,2021,A woman can sign a contract in the same way as a man (1=yes; 0=no),SG.CNT.SIGN.EQ,1
Czech Republic,CZE,2020,A woman can sign a contract in the same way as a man (1=yes; 0=no),SG.CNT.SIGN.EQ,1
Czech Republic,CZE,2019,A woman can sign a contract in the same way as a man (1=yes; 0=no),SG.CNT.SIGN.EQ,1
Czech Republic,CZE,2018,A woman can sign a contract in the same way as a man (1=yes; 0=no),SG.CNT.SIGN.EQ,1
Czech Republic,CZE,2017,A woman can sign a contract in the same way as a man (1=yes; 0=no),SG.CNT.SIGN.EQ,1
Czech Republic,CZE,2016,A woman can sign a contract in the same way as a man (1=yes; 0=no),SG.CNT.SIGN.EQ,1
Czech Republic,CZE,2015,A woman can sign a contract in the same way as a man (1=yes; 0=no),SG.CNT.SIGN.EQ,1
Czech Republic,CZE,2014,A woman can sign a contract in the same way as a man (1=yes; 0=no),SG.CNT.SIGN.EQ,1
Czech Republic,CZE,2013,A woman can sign a contract in the same way as a man (1=yes; 0=no),SG.CNT.SIGN.EQ,1
Czech Republic,CZE,2012,A woman can sign a contract in the same way as a man (1=yes; 0=no),SG.CNT.SIGN.EQ,1
Czech Republic,CZE,2011,A woman can sign a contract in the same way as a man (1=yes; 0=no),SG.CNT.SIGN.EQ,1
Czech Republic,CZE,2010,A woman can sign a contract in the same way as a man (1=yes; 0=no),SG.CNT.SIGN.EQ,1
Czech Republic,CZE,2009,A woman can sign a contract in the same way as a man (1=yes; 0=no),SG.CNT.SIGN.EQ,1
Czech Republic,CZE,2008,A woman can sign a contract in the same way as a man (1=yes; 0=no),SG.CNT.SIGN.EQ,1
Czech Republic,CZE,2007,A woman can sign a contract in the same way as a man (1=yes; 0=no),SG.CNT.SIGN.EQ,0
Czech Republic,CZE,2006,A woman can sign a contract in the same way as a man (1=yes; 0=no),SG.CNT.SIGN.EQ,0
Czech Republic,CZE,2005,A woman can sign a contract in the same way as a man (1=yes; 0=no),SG.CNT.SIGN.EQ,0
Czech Republic,CZE,2004,A woman can sign a contract in the same way as a man (1=yes; 0=no),SG.CNT.SIGN.EQ,0
Czech Republic,CZE,2003,A woman can sign a contract in the same way as a man (1=yes; 0=no),SG.CNT.SIGN.EQ,0
Czech Republic,CZE,2002,A woman can sign a contract in the same way as a man (1=yes; 0=no),SG.CNT.SIGN.EQ,0
Czech Republic,CZE,2001,A woman can sign a contract in the same way as a man (1=yes; 0=no),SG.CNT.SIGN.EQ,0
Czech Republic,CZE,2000,A woman can sign a contract in the same way as a man (1=yes; 0=no),SG.CNT.SIGN.EQ,0
Czech Republic,CZE,1999,A woman can sign a contract in the same way as a man (1=yes; 0=no),SG.CNT.SIGN.EQ,0
Czech Republic,CZE,1998,A woman can sign a contract in the same way as a man (1=yes; 0=no),SG.CNT.SIGN.EQ,0
Czech Republic,CZE,1997,A woman can sign a contract in the same way as a man (1=yes; 0=no),SG.CNT.SIGN.EQ,0
Czech Republic,CZE,1996,A woman can sign a contract in the same way as a man (1=yes; 0=no),SG.CNT.SIGN.EQ,0
Czech Republic,CZE,1995,A woman can sign a contract in the same way as a man (1=yes; 0=no),SG.CNT.SIGN.EQ,0
Czech Republic,CZE,1994,A woman can sign a contract in the same way as a man (1=yes; 0=no),SG.CNT.SIGN.EQ,0
Czech Republic,CZE,1993,A woman can sign a contract in the same way as a man (1=yes; 0=no),SG.CNT.SIGN.EQ,0
Czech Republic,CZE,1992,A woman can sign a contract in the same way as a man (1=yes; 0=no),SG.CNT.SIGN.EQ,0
Czech Republic,CZE,1991,A woman can sign a contract in the same way as a man (1=yes; 0=no),SG.CNT.SIGN.EQ,0
Czech Republic,CZE,1990,A woman can sign a contract in the same way as a man (1=yes; 0=no),SG.CNT.SIGN.EQ,0
Czech Republic,CZE,1989,A woman can sign a contract in the same way as a man (1=yes; 0=no),SG.CNT.SIGN.EQ,0
Czech Republic,CZE,1988,A woman can sign a contract in the same way as a man (1=yes; 0=no),SG.CNT.SIGN.EQ,0
Czech Republic,CZE,1987,A woman can sign a contract in the same way as a man (1=yes; 0=no),SG.CNT.SIGN.EQ,0
Czech Republic,CZE,1986,A woman can sign a contract in the same way as a man (1=yes; 0=no),SG.CNT.SIGN.EQ,0
Czech Republic,CZE,1985,A woman can sign a contract in the same way as a man (1=yes; 0=no),SG.CNT.SIGN.EQ,0
Czech Republic,CZE,1984,A woman can sign a contract in the same way as a man (1=yes; 0=no),SG.CNT.SIGN.EQ,0
Czech Republic,CZE,1983,A woman can sign a contract in the same way as a man (1=yes; 0=no),SG.CNT.SIGN.EQ,0
Czech Republic,CZE,1982,A woman can sign a contract in the same way as a man (1=yes; 0=no),SG.CNT.SIGN.EQ,0
Czech Republic,CZE,1981,A woman can sign a contract in the same way as a man (1=yes; 0=no),SG.CNT.SIGN.EQ,0
Czech Republic,CZE,1980,A woman can sign a contract in the same way as a man (1=yes; 0=no),SG.CNT.SIGN.EQ,0
Czech Republic,CZE,1979,A woman can sign a contract in the same way as a man (1=yes; 0=no),SG.CNT.SIGN.EQ,0
Czech Republic,CZE,1978,A woman can sign a contract in the same way as a man (1=yes; 0=no),SG.CNT.SIGN.EQ,0
Czech Republic,CZE,1977,A woman can sign a contract in the same way as a man (1=yes; 0=no),SG.CNT.SIGN.EQ,0
Czech Republic,CZE,1976,A woman can sign a contract in the same way as a man (1=yes; 0=no),SG.CNT.SIGN.EQ,0
Czech Republic,CZE,1975,A woman can sign a contract in the same way as a man (1=yes; 0=no),SG.CNT.SIGN.EQ,0
Czech Republic,CZE,1974,A woman can sign a contract in the same way as a man (1=yes; 0=no),SG.CNT.SIGN.EQ,0
Czech Republic,CZE,1973,A woman can sign a contract in the same way as a man (1=yes; 0=no),SG.CNT.SIGN.EQ,0
Czech Republic,CZE,1972,A woman can sign a contract in the same way as a man (1=yes; 0=no),SG.CNT.SIGN.EQ,0
Czech Republic,CZE,1971,A woman can sign a contract in the same way as a man (1=yes; 0=no),SG.CNT.SIGN.EQ,0
Czech Republic,CZE,1970,A woman can sign a contract in the same way as a man (1=yes; 0=no),SG.CNT.SIGN.EQ,0
Czech Republic,CZE,2021,A woman can travel outside the country in the same way as a man (1=yes; 0=no),SG.CTR.TRVL.EQ,1
Czech Republic,CZE,2020,A woman can travel outside the country in the same way as a man (1=yes; 0=no),SG.CTR.TRVL.EQ,1
Czech Republic,CZE,2019,A woman can travel outside the country in the same way as a man (1=yes; 0=no),SG.CTR.TRVL.EQ,1
Czech Republic,CZE,2018,A woman can travel outside the country in the same way as a man (1=yes; 0=no),SG.CTR.TRVL.EQ,1
Czech Republic,CZE,2017,A woman can travel outside the country in the same way as a man (1=yes; 0=no),SG.CTR.TRVL.EQ,1
Czech Republic,CZE,2016,A woman can travel outside the country in the same way as a man (1=yes; 0=no),SG.CTR.TRVL.EQ,1
Czech Republic,CZE,2015,A woman can travel outside the country in the same way as a man (1=yes; 0=no),SG.CTR.TRVL.EQ,1
Czech Republic,CZE,2014,A woman can travel outside the country in the same way as a man (1=yes; 0=no),SG.CTR.TRVL.EQ,1
Czech Republic,CZE,2013,A woman can travel outside the country in the same way as a man (1=yes; 0=no),SG.CTR.TRVL.EQ,1
Czech Republic,CZE,2012,A woman can travel outside the country in the same way as a man (1=yes; 0=no),SG.CTR.TRVL.EQ,1
Czech Republic,CZE,2011,A woman can travel outside the country in the same way as a man (1=yes; 0=no),SG.CTR.TRVL.EQ,1
Czech Republic,CZE,2010,A woman can travel outside the country in the same way as a man (1=yes; 0=no),SG.CTR.TRVL.EQ,1
Czech Republic,CZE,2009,A woman can travel outside the country in the same way as a man (1=yes; 0=no),SG.CTR.TRVL.EQ,1
Czech Republic,CZE,2008,A woman can travel outside the country in the same way as a man (1=yes; 0=no),SG.CTR.TRVL.EQ,1
Czech Republic,CZE,2007,A woman can travel outside the country in the same way as a man (1=yes; 0=no),SG.CTR.TRVL.EQ,1
Czech Republic,CZE,2006,A woman can travel outside the country in the same way as a man (1=yes; 0=no),SG.CTR.TRVL.EQ,1
Czech Republic,CZE,2005,A woman can travel outside the country in the same way as a man (1=yes; 0=no),SG.CTR.TRVL.EQ,1
Czech Republic,CZE,2004,A woman can travel outside the country in the same way as a man (1=yes; 0=no),SG.CTR.TRVL.EQ,1
Czech Republic,CZE,2003,A woman can travel outside the country in the same way as a man (1=yes; 0=no),SG.CTR.TRVL.EQ,1
Czech Republic,CZE,2002,A woman can travel outside the country in the same way as a man (1=yes; 0=no),SG.CTR.TRVL.EQ,1
Czech Republic,CZE,2001,A woman can travel outside the country in the same way as a man (1=yes; 0=no),SG.CTR.TRVL.EQ,1
Czech Republic,CZE,2000,A woman can travel outside the country in the same way as a man (1=yes; 0=no),SG.CTR.TRVL.EQ,1
Czech Republic,CZE,1999,A woman can travel outside the country in the same way as a man (1=yes; 0=no),SG.CTR.TRVL.EQ,1
Czech Republic,CZE,1998,A woman can travel outside the country in the same way as a man (1=yes; 0=no),SG.CTR.TRVL.EQ,1
Czech Republic,CZE,1997,A woman can travel outside the country in the same way as a man (1=yes; 0=no),SG.CTR.TRVL.EQ,1
Czech Republic,CZE,1996,A woman can travel outside the country in the same way as a man (1=yes; 0=no),SG.CTR.TRVL.EQ,1
Czech Republic,CZE,1995,A woman can travel outside the country in the same way as a man (1=yes; 0=no),SG.CTR.TRVL.EQ,1
Czech Republic,CZE,1994,A woman can travel outside the country in the same way as a man (1=yes; 0=no),SG.CTR.TRVL.EQ,1
Czech Republic,CZE,1993,A woman can travel outside the country in the same way as a man (1=yes; 0=no),SG.CTR.TRVL.EQ,1
Czech Republic,CZE,1992,A woman can travel outside the country in the same way as a man (1=yes; 0=no),SG.CTR.TRVL.EQ,1
Czech Republic,CZE,1991,A woman can travel outside the country in the same way as a man (1=yes; 0=no),SG.CTR.TRVL.EQ,1
Czech Republic,CZE,1990,A woman can travel outside the country in the same way as a man (1=yes; 0=no),SG.CTR.TRVL.EQ,1
Czech Republic,CZE,1989,A woman can travel outside the country in the same way as a man (1=yes; 0=no),SG.CTR.TRVL.EQ,1
Czech Republic,CZE,1988,A woman can travel outside the country in the same way as a man (1=yes; 0=no),SG.CTR.TRVL.EQ,1
Czech Republic,CZE,1987,A woman can travel outside the country in the same way as a man (1=yes; 0=no),SG.CTR.TRVL.EQ,1
Czech Republic,CZE,1986,A woman can travel outside the country in the same way as a man (1=yes; 0=no),SG.CTR.TRVL.EQ,1
Czech Republic,CZE,1985,A woman can travel outside the country in the same way as a man (1=yes; 0=no),SG.CTR.TRVL.EQ,1
Czech Republic,CZE,1984,A woman can travel outside the country in the same way as a man (1=yes; 0=no),SG.CTR.TRVL.EQ,1
Czech Republic,CZE,1983,A woman can travel outside the country in the same way as a man (1=yes; 0=no),SG.CTR.TRVL.EQ,1
Czech Republic,CZE,1982,A woman can travel outside the country in the same way as a man (1=yes; 0=no),SG.CTR.TRVL.EQ,1
Czech Republic,CZE,1981,A woman can travel outside the country in the same way as a man (1=yes; 0=no),SG.CTR.TRVL.EQ,1
Czech Republic,CZE,1980,A woman can travel outside the country in the same way as a man (1=yes; 0=no),SG.CTR.TRVL.EQ,1
Czech Republic,CZE,1979,A woman can travel outside the country in the same way as a man (1=yes; 0=no),SG.CTR.TRVL.EQ,1
Czech Republic,CZE,1978,A woman can travel outside the country in the same way as a man (1=yes; 0=no),SG.CTR.TRVL.EQ,1
Czech Republic,CZE,1977,A woman can travel outside the country in the same way as a man (1=yes; 0=no),SG.CTR.TRVL.EQ,1
Czech Republic,CZE,1976,A woman can travel outside the country in the same way as a man (1=yes; 0=no),SG.CTR.TRVL.EQ,1
Czech Republic,CZE,1975,A woman can travel outside the country in the same way as a man (1=yes; 0=no),SG.CTR.TRVL.EQ,1
Czech Republic,CZE,1974,A woman can travel outside the country in the same way as a man (1=yes; 0=no),SG.CTR.TRVL.EQ,1
Czech Republic,CZE,1973,A woman can travel outside the country in the same way as a man (1=yes; 0=no),SG.CTR.TRVL.EQ,1
Czech Republic,CZE,1972,A woman can travel outside the country in the same way as a man (1=yes; 0=no),SG.CTR.TRVL.EQ,1
Czech Republic,CZE,1971,A woman can travel outside the country in the same way as a man (1=yes; 0=no),SG.CTR.TRVL.EQ,1
Czech Republic,CZE,1970,A woman can travel outside the country in the same way as a man (1=yes; 0=no),SG.CTR.TRVL.EQ,1
Czech Republic,CZE,2021,Dismissal of pregnant workers is prohibited (1=yes; 0=no),SG.DML.PRGW,1
Czech Republic,CZE,2020,Dismissal of pregnant workers is prohibited (1=yes; 0=no),SG.DML.PRGW,1
Czech Republic,CZE,2019,Dismissal of pregnant workers is prohibited (1=yes; 0=no),SG.DML.PRGW,1
Czech Republic,CZE,2018,Dismissal of pregnant workers is prohibited (1=yes; 0=no),SG.DML.PRGW,1
Czech Republic,CZE,2017,Dismissal of pregnant workers is prohibited (1=yes; 0=no),SG.DML.PRGW,1
Czech Republic,CZE,2016,Dismissal of pregnant workers is prohibited (1=yes; 0=no),SG.DML.PRGW,1
Czech Republic,CZE,2015,Dismissal of pregnant workers is prohibited (1=yes; 0=no),SG.DML.PRGW,1
Czech Republic,CZE,2014,Dismissal of pregnant workers is prohibited (1=yes; 0=no),SG.DML.PRGW,1
Czech Republic,CZE,2013,Dismissal of pregnant workers is prohibited (1=yes; 0=no),SG.DML.PRGW,1
Czech Republic,CZE,2012,Dismissal of pregnant workers is prohibited (1=yes; 0=no),SG.DML.PRGW,1
Czech Republic,CZE,2011,Dismissal of pregnant workers is prohibited (1=yes; 0=no),SG.DML.PRGW,1
Czech Republic,CZE,2010,Dismissal of pregnant workers is prohibited (1=yes; 0=no),SG.DML.PRGW,1
Czech Republic,CZE,2009,Dismissal of pregnant workers is prohibited (1=yes; 0=no),SG.DML.PRGW,1
Czech Republic,CZE,2008,Dismissal of pregnant workers is prohibited (1=yes; 0=no),SG.DML.PRGW,1
Czech Republic,CZE,2007,Dismissal of pregnant workers is prohibited (1=yes; 0=no),SG.DML.PRGW,1
Czech Republic,CZE,2006,Dismissal of pregnant workers is prohibited (1=yes; 0=no),SG.DML.PRGW,1
Czech Republic,CZE,2005,Dismissal of pregnant workers is prohibited (1=yes; 0=no),SG.DML.PRGW,1
Czech Republic,CZE,2004,Dismissal of pregnant workers is prohibited (1=yes; 0=no),SG.DML.PRGW,1
Czech Republic,CZE,2003,Dismissal of pregnant workers is prohibited (1=yes; 0=no),SG.DML.PRGW,1
Czech Republic,CZE,2002,Dismissal of pregnant workers is prohibited (1=yes; 0=no),SG.DML.PRGW,1
Czech Republic,CZE,2001,Dismissal of pregnant workers is prohibited (1=yes; 0=no),SG.DML.PRGW,1
Czech Republic,CZE,2000,Dismissal of pregnant workers is prohibited (1=yes; 0=no),SG.DML.PRGW,1
Czech Republic,CZE,1999,Dismissal of pregnant workers is prohibited (1=yes; 0=no),SG.DML.PRGW,1
Czech Republic,CZE,1998,Dismissal of pregnant workers is prohibited (1=yes; 0=no),SG.DML.PRGW,1
Czech Republic,CZE,1997,Dismissal of pregnant workers is prohibited (1=yes; 0=no),SG.DML.PRGW,1
Czech Republic,CZE,1996,Dismissal of pregnant workers is prohibited (1=yes; 0=no),SG.DML.PRGW,1
Czech Republic,CZE,1995,Dismissal of pregnant workers is prohibited (1=yes; 0=no),SG.DML.PRGW,1
Czech Republic,CZE,1994,Dismissal of pregnant workers is prohibited (1=yes; 0=no),SG.DML.PRGW,1
Czech Republic,CZE,1993,Dismissal of pregnant workers is prohibited (1=yes; 0=no),SG.DML.PRGW,1
Czech Republic,CZE,1992,Dismissal of pregnant workers is prohibited (1=yes; 0=no),SG.DML.PRGW,1
Czech Republic,CZE,1991,Dismissal of pregnant workers is prohibited (1=yes; 0=no),SG.DML.PRGW,1
Czech Republic,CZE,1990,Dismissal of pregnant workers is prohibited (1=yes; 0=no),SG.DML.PRGW,1
Czech Republic,CZE,1989,Dismissal of pregnant workers is prohibited (1=yes; 0=no),SG.DML.PRGW,1
Czech Republic,CZE,1988,Dismissal of pregnant workers is prohibited (1=yes; 0=no),SG.DML.PRGW,1
Czech Republic,CZE,1987,Dismissal of pregnant workers is prohibited (1=yes; 0=no),SG.DML.PRGW,1
Czech Republic,CZE,1986,Dismissal of pregnant workers is prohibited (1=yes; 0=no),SG.DML.PRGW,1
Czech Republic,CZE,1985,Dismissal of pregnant workers is prohibited (1=yes; 0=no),SG.DML.PRGW,1
Czech Republic,CZE,1984,Dismissal of pregnant workers is prohibited (1=yes; 0=no),SG.DML.PRGW,1
Czech Republic,CZE,1983,Dismissal of pregnant workers is prohibited (1=yes; 0=no),SG.DML.PRGW,1
Czech Republic,CZE,1982,Dismissal of pregnant workers is prohibited (1=yes; 0=no),SG.DML.PRGW,1
Czech Republic,CZE,1981,Dismissal of pregnant workers is prohibited (1=yes; 0=no),SG.DML.PRGW,1
Czech Republic,CZE,1980,Dismissal of pregnant workers is prohibited (1=yes; 0=no),SG.DML.PRGW,1
Czech Republic,CZE,1979,Dismissal of pregnant workers is prohibited (1=yes; 0=no),SG.DML.PRGW,1
Czech Republic,CZE,1978,Dismissal of pregnant workers is prohibited (1=yes; 0=no),SG.DML.PRGW,1
Czech Republic,CZE,1977,Dismissal of pregnant workers is prohibited (1=yes; 0=no),SG.DML.PRGW,1
Czech Republic,CZE,1976,Dismissal of pregnant workers is prohibited (1=yes; 0=no),SG.DML.PRGW,1
Czech Republic,CZE,1975,Dismissal of pregnant workers is prohibited (1=yes; 0=no),SG.DML.PRGW,1
Czech Republic,CZE,1974,Dismissal of pregnant workers is prohibited (1=yes; 0=no),SG.DML.PRGW,1
Czech Republic,CZE,1973,Dismissal of pregnant workers is prohibited (1=yes; 0=no),SG.DML.PRGW,1
Czech Republic,CZE,1972,Dismissal of pregnant workers is prohibited (1=yes; 0=no),SG.DML.PRGW,1
Czech Republic,CZE,1971,Dismissal of pregnant workers is prohibited (1=yes; 0=no),SG.DML.PRGW,1
Czech Republic,CZE,1970,Dismissal of pregnant workers is prohibited (1=yes; 0=no),SG.DML.PRGW,1
Czech Republic,CZE,2021,A woman can work in a job deemed dangerous in the same way as a man (1=yes; 0=no),SG.DNG.WORK.DN.EQ,1
Czech Republic,CZE,2020,A woman can work in a job deemed dangerous in the same way as a man (1=yes; 0=no),SG.DNG.WORK.DN.EQ,1
Czech Republic,CZE,2019,A woman can work in a job deemed dangerous in the same way as a man (1=yes; 0=no),SG.DNG.WORK.DN.EQ,1
Czech Republic,CZE,2018,A woman can work in a job deemed dangerous in the same way as a man (1=yes; 0=no),SG.DNG.WORK.DN.EQ,1
Czech Republic,CZE,2017,A woman can work in a job deemed dangerous in the same way as a man (1=yes; 0=no),SG.DNG.WORK.DN.EQ,1
Czech Republic,CZE,2016,A woman can work in a job deemed dangerous in the same way as a man (1=yes; 0=no),SG.DNG.WORK.DN.EQ,1
Czech Republic,CZE,2015,A woman can work in a job deemed dangerous in the same way as a man (1=yes; 0=no),SG.DNG.WORK.DN.EQ,1
Czech Republic,CZE,2014,A woman can work in a job deemed dangerous in the same way as a man (1=yes; 0=no),SG.DNG.WORK.DN.EQ,1
Czech Republic,CZE,2013,A woman can work in a job deemed dangerous in the same way as a man (1=yes; 0=no),SG.DNG.WORK.DN.EQ,1
Czech Republic,CZE,2012,A woman can work in a job deemed dangerous in the same way as a man (1=yes; 0=no),SG.DNG.WORK.DN.EQ,1
Czech Republic,CZE,2011,A woman can work in a job deemed dangerous in the same way as a man (1=yes; 0=no),SG.DNG.WORK.DN.EQ,1
Czech Republic,CZE,2010,A woman can work in a job deemed dangerous in the same way as a man (1=yes; 0=no),SG.DNG.WORK.DN.EQ,1
Czech Republic,CZE,2009,A woman can work in a job deemed dangerous in the same way as a man (1=yes; 0=no),SG.DNG.WORK.DN.EQ,1
Czech Republic,CZE,2008,A woman can work in a job deemed dangerous in the same way as a man (1=yes; 0=no),SG.DNG.WORK.DN.EQ,1
Czech Republic,CZE,2007,A woman can work in a job deemed dangerous in the same way as a man (1=yes; 0=no),SG.DNG.WORK.DN.EQ,1
Czech Republic,CZE,2006,A woman can work in a job deemed dangerous in the same way as a man (1=yes; 0=no),SG.DNG.WORK.DN.EQ,1
Czech Republic,CZE,2005,A woman can work in a job deemed dangerous in the same way as a man (1=yes; 0=no),SG.DNG.WORK.DN.EQ,1
Czech Republic,CZE,2004,A woman can work in a job deemed dangerous in the same way as a man (1=yes; 0=no),SG.DNG.WORK.DN.EQ,1
Czech Republic,CZE,2003,A woman can work in a job deemed dangerous in the same way as a man (1=yes; 0=no),SG.DNG.WORK.DN.EQ,1
Czech Republic,CZE,2002,A woman can work in a job deemed dangerous in the same way as a man (1=yes; 0=no),SG.DNG.WORK.DN.EQ,1
Czech Republic,CZE,2001,A woman can work in a job deemed dangerous in the same way as a man (1=yes; 0=no),SG.DNG.WORK.DN.EQ,1
Czech Republic,CZE,2000,A woman can work in a job deemed dangerous in the same way as a man (1=yes; 0=no),SG.DNG.WORK.DN.EQ,1
Czech Republic,CZE,1999,A woman can work in a job deemed dangerous in the same way as a man (1=yes; 0=no),SG.DNG.WORK.DN.EQ,1
Czech Republic,CZE,1998,A woman can work in a job deemed dangerous in the same way as a man (1=yes; 0=no),SG.DNG.WORK.DN.EQ,1
Czech Republic,CZE,1997,A woman can work in a job deemed dangerous in the same way as a man (1=yes; 0=no),SG.DNG.WORK.DN.EQ,1
Czech Republic,CZE,1996,A woman can work in a job deemed dangerous in the same way as a man (1=yes; 0=no),SG.DNG.WORK.DN.EQ,1
Czech Republic,CZE,1995,A woman can work in a job deemed dangerous in the same way as a man (1=yes; 0=no),SG.DNG.WORK.DN.EQ,1
Czech Republic,CZE,1994,A woman can work in a job deemed dangerous in the same way as a man (1=yes; 0=no),SG.DNG.WORK.DN.EQ,1
Czech Republic,CZE,1993,A woman can work in a job deemed dangerous in the same way as a man (1=yes; 0=no),SG.DNG.WORK.DN.EQ,1
Czech Republic,CZE,1992,A woman can work in a job deemed dangerous in the same way as a man (1=yes; 0=no),SG.DNG.WORK.DN.EQ,1
Czech Republic,CZE,1991,A woman can work in a job deemed dangerous in the same way as a man (1=yes; 0=no),SG.DNG.WORK.DN.EQ,1
Czech Republic,CZE,1990,A woman can work in a job deemed dangerous in the same way as a man (1=yes; 0=no),SG.DNG.WORK.DN.EQ,1
Czech Republic,CZE,1989,A woman can work in a job deemed dangerous in the same way as a man (1=yes; 0=no),SG.DNG.WORK.DN.EQ,1
Czech Republic,CZE,1988,A woman can work in a job deemed dangerous in the same way as a man (1=yes; 0=no),SG.DNG.WORK.DN.EQ,1
Czech Republic,CZE,1987,A woman can work in a job deemed dangerous in the same way as a man (1=yes; 0=no),SG.DNG.WORK.DN.EQ,1
Czech Republic,CZE,1986,A woman can work in a job deemed dangerous in the same way as a man (1=yes; 0=no),SG.DNG.WORK.DN.EQ,1
Czech Republic,CZE,1985,A woman can work in a job deemed dangerous in the same way as a man (1=yes; 0=no),SG.DNG.WORK.DN.EQ,1
Czech Republic,CZE,1984,A woman can work in a job deemed dangerous in the same way as a man (1=yes; 0=no),SG.DNG.WORK.DN.EQ,1
Czech Republic,CZE,1983,A woman can work in a job deemed dangerous in the same way as a man (1=yes; 0=no),SG.DNG.WORK.DN.EQ,1
Czech Republic,CZE,1982,A woman can work in a job deemed dangerous in the same way as a man (1=yes; 0=no),SG.DNG.WORK.DN.EQ,1
Czech Republic,CZE,1981,A woman can work in a job deemed dangerous in the same way as a man (1=yes; 0=no),SG.DNG.WORK.DN.EQ,1
Czech Republic,CZE,1980,A woman can work in a job deemed dangerous in the same way as a man (1=yes; 0=no),SG.DNG.WORK.DN.EQ,1
Czech Republic,CZE,1979,A woman can work in a job deemed dangerous in the same way as a man (1=yes; 0=no),SG.DNG.WORK.DN.EQ,0
Czech Republic,CZE,1978,A woman can work in a job deemed dangerous in the same way as a man (1=yes; 0=no),SG.DNG.WORK.DN.EQ,0
Czech Republic,CZE,1977,A woman can work in a job deemed dangerous in the same way as a man (1=yes; 0=no),SG.DNG.WORK.DN.EQ,0
Czech Republic,CZE,1976,A woman can work in a job deemed dangerous in the same way as a man (1=yes; 0=no),SG.DNG.WORK.DN.EQ,0
Czech Republic,CZE,1975,A woman can work in a job deemed dangerous in the same way as a man (1=yes; 0=no),SG.DNG.WORK.DN.EQ,0
Czech Republic,CZE,1974,A woman can work in a job deemed dangerous in the same way as a man (1=yes; 0=no),SG.DNG.WORK.DN.EQ,0
Czech Republic,CZE,1973,A woman can work in a job deemed dangerous in the same way as a man (1=yes; 0=no),SG.DNG.WORK.DN.EQ,0
Czech Republic,CZE,1972,A woman can work in a job deemed dangerous in the same way as a man (1=yes; 0=no),SG.DNG.WORK.DN.EQ,0
Czech Republic,CZE,1971,A woman can work in a job deemed dangerous in the same way as a man (1=yes; 0=no),SG.DNG.WORK.DN.EQ,0
Czech Republic,CZE,1970,A woman can work in a job deemed dangerous in the same way as a man (1=yes; 0=no),SG.DNG.WORK.DN.EQ,0
Czech Republic,CZE,2020,Proportion of women in ministerial level positions (%),SG.GEN.MNST.ZS,30.7692307692308
Czech Republic,CZE,2019,Proportion of women in ministerial level positions (%),SG.GEN.MNST.ZS,28.5714285714285
Czech Republic,CZE,2018,Proportion of women in ministerial level positions (%),SG.GEN.MNST.ZS,28.6
Czech Republic,CZE,2016,Proportion of women in ministerial level positions (%),SG.GEN.MNST.ZS,17.6
Czech Republic,CZE,2015,Proportion of women in ministerial level positions (%),SG.GEN.MNST.ZS,18.8
Czech Republic,CZE,2014,Proportion of women in ministerial level positions (%),SG.GEN.MNST.ZS,7.1
Czech Republic,CZE,2012,Proportion of women in ministerial level positions (%),SG.GEN.MNST.ZS,13.3
Czech Republic,CZE,2010,Proportion of women in ministerial level positions (%),SG.GEN.MNST.ZS,17.6
Czech Republic,CZE,2008,Proportion of women in ministerial level positions (%),SG.GEN.MNST.ZS,12.5
Czech Republic,CZE,2005,Proportion of women in ministerial level positions (%),SG.GEN.MNST.ZS,11.1
Czech Republic,CZE,2006,Female professional and technical workers (% of total),SG.GEN.TECH.ZS,53
Czech Republic,CZE,2021,A woman can get a job in the same way as a man (1=yes; 0=no),SG.GET.JOBS.EQ,1
Czech Republic,CZE,2020,A woman can get a job in the same way as a man (1=yes; 0=no),SG.GET.JOBS.EQ,1
Czech Republic,CZE,2019,A woman can get a job in the same way as a man (1=yes; 0=no),SG.GET.JOBS.EQ,1
Czech Republic,CZE,2018,A woman can get a job in the same way as a man (1=yes; 0=no),SG.GET.JOBS.EQ,1
Czech Republic,CZE,2017,A woman can get a job in the same way as a man (1=yes; 0=no),SG.GET.JOBS.EQ,1
Czech Republic,CZE,2016,A woman can get a job in the same way as a man (1=yes; 0=no),SG.GET.JOBS.EQ,1
Czech Republic,CZE,2015,A woman can get a job in the same way as a man (1=yes; 0=no),SG.GET.JOBS.EQ,1
Czech Republic,CZE,2014,A woman can get a job in the same way as a man (1=yes; 0=no),SG.GET.JOBS.EQ,1
Czech Republic,CZE,2013,A woman can get a job in the same way as a man (1=yes; 0=no),SG.GET.JOBS.EQ,1
Czech Republic,CZE,2012,A woman can get a job in the same way as a man (1=yes; 0=no),SG.GET.JOBS.EQ,1
Czech Republic,CZE,2011,A woman can get a job in the same way as a man (1=yes; 0=no),SG.GET.JOBS.EQ,1
Czech Republic,CZE,2010,A woman can get a job in the same way as a man (1=yes; 0=no),SG.GET.JOBS.EQ,1
Czech Republic,CZE,2009,A woman can get a job in the same way as a man (1=yes; 0=no),SG.GET.JOBS.EQ,1
Czech Republic,CZE,2008,A woman can get a job in the same way as a man (1=yes; 0=no),SG.GET.JOBS.EQ,1
Czech Republic,CZE,2007,A woman can get a job in the same way as a man (1=yes; 0=no),SG.GET.JOBS.EQ,1
Czech Republic,CZE,2006,A woman can get a job in the same way as a man (1=yes; 0=no),SG.GET.JOBS.EQ,1
Czech Republic,CZE,2005,A woman can get a job in the same way as a man (1=yes; 0=no),SG.GET.JOBS.EQ,1
Czech Republic,CZE,2004,A woman can get a job in the same way as a man (1=yes; 0=no),SG.GET.JOBS.EQ,1
Czech Republic,CZE,2003,A woman can get a job in the same way as a man (1=yes; 0=no),SG.GET.JOBS.EQ,1
Czech Republic,CZE,2002,A woman can get a job in the same way as a man (1=yes; 0=no),SG.GET.JOBS.EQ,1
Czech Republic,CZE,2001,A woman can get a job in the same way as a man (1=yes; 0=no),SG.GET.JOBS.EQ,1
Czech Republic,CZE,2000,A woman can get a job in the same way as a man (1=yes; 0=no),SG.GET.JOBS.EQ,1
Czech Republic,CZE,1999,A woman can get a job in the same way as a man (1=yes; 0=no),SG.GET.JOBS.EQ,1
Czech Republic,CZE,1998,A woman can get a job in the same way as a man (1=yes; 0=no),SG.GET.JOBS.EQ,1
Czech Republic,CZE,1997,A woman can get a job in the same way as a man (1=yes; 0=no),SG.GET.JOBS.EQ,1
Czech Republic,CZE,1996,A woman can get a job in the same way as a man (1=yes; 0=no),SG.GET.JOBS.EQ,1
Czech Republic,CZE,1995,A woman can get a job in the same way as a man (1=yes; 0=no),SG.GET.JOBS.EQ,1
Czech Republic,CZE,1994,A woman can get a job in the same way as a man (1=yes; 0=no),SG.GET.JOBS.EQ,1
Czech Republic,CZE,1993,A woman can get a job in the same way as a man (1=yes; 0=no),SG.GET.JOBS.EQ,1
Czech Republic,CZE,1992,A woman can get a job in the same way as a man (1=yes; 0=no),SG.GET.JOBS.EQ,1
Czech Republic,CZE,1991,A woman can get a job in the same way as a man (1=yes; 0=no),SG.GET.JOBS.EQ,1
Czech Republic,CZE,1990,A woman can get a job in the same way as a man (1=yes; 0=no),SG.GET.JOBS.EQ,1
Czech Republic,CZE,1989,A woman can get a job in the same way as a man (1=yes; 0=no),SG.GET.JOBS.EQ,1
Czech Republic,CZE,1988,A woman can get a job in the same way as a man (1=yes; 0=no),SG.GET.JOBS.EQ,1
Czech Republic,CZE,1987,A woman can get a job in the same way as a man (1=yes; 0=no),SG.GET.JOBS.EQ,1
Czech Republic,CZE,1986,A woman can get a job in the same way as a man (1=yes; 0=no),SG.GET.JOBS.EQ,1
Czech Republic,CZE,1985,A woman can get a job in the same way as a man (1=yes; 0=no),SG.GET.JOBS.EQ,1
Czech Republic,CZE,1984,A woman can get a job in the same way as a man (1=yes; 0=no),SG.GET.JOBS.EQ,1
Czech Republic,CZE,1983,A woman can get a job in the same way as a man (1=yes; 0=no),SG.GET.JOBS.EQ,1
Czech Republic,CZE,1982,A woman can get a job in the same way as a man (1=yes; 0=no),SG.GET.JOBS.EQ,1
Czech Republic,CZE,1981,A woman can get a job in the same way as a man (1=yes; 0=no),SG.GET.JOBS.EQ,1
Czech Republic,CZE,1980,A woman can get a job in the same way as a man (1=yes; 0=no),SG.GET.JOBS.EQ,1
Czech Republic,CZE,1979,A woman can get a job in the same way as a man (1=yes; 0=no),SG.GET.JOBS.EQ,1
Czech Republic,CZE,1978,A woman can get a job in the same way as a man (1=yes; 0=no),SG.GET.JOBS.EQ,1
Czech Republic,CZE,1977,A woman can get a job in the same way as a man (1=yes; 0=no),SG.GET.JOBS.EQ,1
Czech Republic,CZE,1976,A woman can get a job in the same way as a man (1=yes; 0=no),SG.GET.JOBS.EQ,1
Czech Republic,CZE,1975,A woman can get a job in the same way as a man (1=yes; 0=no),SG.GET.JOBS.EQ,1
Czech Republic,CZE,1974,A woman can get a job in the same way as a man (1=yes; 0=no),SG.GET.JOBS.EQ,1
Czech Republic,CZE,1973,A woman can get a job in the same way as a man (1=yes; 0=no),SG.GET.JOBS.EQ,1
Czech Republic,CZE,1972,A woman can get a job in the same way as a man (1=yes; 0=no),SG.GET.JOBS.EQ,1
Czech Republic,CZE,1971,A woman can get a job in the same way as a man (1=yes; 0=no),SG.GET.JOBS.EQ,1
Czech Republic,CZE,1970,A woman can get a job in the same way as a man (1=yes; 0=no),SG.GET.JOBS.EQ,1
Czech Republic,CZE,2021,A woman can be head of household in the same way as a man (1=yes; 0=no),SG.HLD.HEAD.EQ,1
Czech Republic,CZE,2020,A woman can be head of household in the same way as a man (1=yes; 0=no),SG.HLD.HEAD.EQ,1
Czech Republic,CZE,2019,A woman can be head of household in the same way as a man (1=yes; 0=no),SG.HLD.HEAD.EQ,1
Czech Republic,CZE,2018,A woman can be head of household in the same way as a man (1=yes; 0=no),SG.HLD.HEAD.EQ,1
Czech Republic,CZE,2017,A woman can be head of household in the same way as a man (1=yes; 0=no),SG.HLD.HEAD.EQ,1
Czech Republic,CZE,2016,A woman can be head of household in the same way as a man (1=yes; 0=no),SG.HLD.HEAD.EQ,1
Czech Republic,CZE,2015,A woman can be head of household in the same way as a man (1=yes; 0=no),SG.HLD.HEAD.EQ,1
Czech Republic,CZE,2014,A woman can be head of household in the same way as a man (1=yes; 0=no),SG.HLD.HEAD.EQ,1
Czech Republic,CZE,2013,A woman can be head of household in the same way as a man (1=yes; 0=no),SG.HLD.HEAD.EQ,1
Czech Republic,CZE,2012,A woman can be head of household in the same way as a man (1=yes; 0=no),SG.HLD.HEAD.EQ,1
Czech Republic,CZE,2011,A woman can be head of household in the same way as a man (1=yes; 0=no),SG.HLD.HEAD.EQ,1
Czech Republic,CZE,2010,A woman can be head of household in the same way as a man (1=yes; 0=no),SG.HLD.HEAD.EQ,1
Czech Republic,CZE,2009,A woman can be head of household in the same way as a man (1=yes; 0=no),SG.HLD.HEAD.EQ,1
Czech Republic,CZE,2008,A woman can be head of household in the same way as a man (1=yes; 0=no),SG.HLD.HEAD.EQ,1
Czech Republic,CZE,2007,A woman can be head of household in the same way as a man (1=yes; 0=no),SG.HLD.HEAD.EQ,1
Czech Republic,CZE,2006,A woman can be head of household in the same way as a man (1=yes; 0=no),SG.HLD.HEAD.EQ,1
Czech Republic,CZE,2005,A woman can be head of household in the same way as a man (1=yes; 0=no),SG.HLD.HEAD.EQ,1
Czech Republic,CZE,2004,A woman can be head of household in the same way as a man (1=yes; 0=no),SG.HLD.HEAD.EQ,1
Czech Republic,CZE,2003,A woman can be head of household in the same way as a man (1=yes; 0=no),SG.HLD.HEAD.EQ,1
Czech Republic,CZE,2002,A woman can be head of household in the same way as a man (1=yes; 0=no),SG.HLD.HEAD.EQ,1
Czech Republic,CZE,2001,A woman can be head of household in the same way as a man (1=yes; 0=no),SG.HLD.HEAD.EQ,1
Czech Republic,CZE,2000,A woman can be head of household in the same way as a man (1=yes; 0=no),SG.HLD.HEAD.EQ,1
Czech Republic,CZE,1999,A woman can be head of household in the same way as a man (1=yes; 0=no),SG.HLD.HEAD.EQ,1
Czech Republic,CZE,1998,A woman can be head of household in the same way as a man (1=yes; 0=no),SG.HLD.HEAD.EQ,1
Czech Republic,CZE,1997,A woman can be head of household in the same way as a man (1=yes; 0=no),SG.HLD.HEAD.EQ,1
Czech Republic,CZE,1996,A woman can be head of household in the same way as a man (1=yes; 0=no),SG.HLD.HEAD.EQ,1
Czech Republic,CZE,1995,A woman can be head of household in the same way as a man (1=yes; 0=no),SG.HLD.HEAD.EQ,1
Czech Republic,CZE,1994,A woman can be head of household in the same way as a man (1=yes; 0=no),SG.HLD.HEAD.EQ,1
Czech Republic,CZE,1993,A woman can be head of household in the same way as a man (1=yes; 0=no),SG.HLD.HEAD.EQ,1
Czech Republic,CZE,1992,A woman can be head of household in the same way as a man (1=yes; 0=no),SG.HLD.HEAD.EQ,1
Czech Republic,CZE,1991,A woman can be head of household in the same way as a man (1=yes; 0=no),SG.HLD.HEAD.EQ,1
Czech Republic,CZE,1990,A woman can be head of household in the same way as a man (1=yes; 0=no),SG.HLD.HEAD.EQ,1
Czech Republic,CZE,1989,A woman can be head of household in the same way as a man (1=yes; 0=no),SG.HLD.HEAD.EQ,1
Czech Republic,CZE,1988,A woman can be head of household in the same way as a man (1=yes; 0=no),SG.HLD.HEAD.EQ,1
Czech Republic,CZE,1987,A woman can be head of household in the same way as a man (1=yes; 0=no),SG.HLD.HEAD.EQ,1
Czech Republic,CZE,1986,A woman can be head of household in the same way as a man (1=yes; 0=no),SG.HLD.HEAD.EQ,1
Czech Republic,CZE,1985,A woman can be head of household in the same way as a man (1=yes; 0=no),SG.HLD.HEAD.EQ,1
Czech Republic,CZE,1984,A woman can be head of household in the same way as a man (1=yes; 0=no),SG.HLD.HEAD.EQ,1
Czech Republic,CZE,1983,A woman can be head of household in the same way as a man (1=yes; 0=no),SG.HLD.HEAD.EQ,1
Czech Republic,CZE,1982,A woman can be head of household in the same way as a man (1=yes; 0=no),SG.HLD.HEAD.EQ,1
Czech Republic,CZE,1981,A woman can be head of household in the same way as a man (1=yes; 0=no),SG.HLD.HEAD.EQ,1
Czech Republic,CZE,1980,A woman can be head of household in the same way as a man (1=yes; 0=no),SG.HLD.HEAD.EQ,1
Czech Republic,CZE,1979,A woman can be head of household in the same way as a man (1=yes; 0=no),SG.HLD.HEAD.EQ,1
Czech Republic,CZE,1978,A woman can be head of household in the same way as a man (1=yes; 0=no),SG.HLD.HEAD.EQ,1
Czech Republic,CZE,1977,A woman can be head of household in the same way as a man (1=yes; 0=no),SG.HLD.HEAD.EQ,1
Czech Republic,CZE,1976,A woman can be head of household in the same way as a man (1=yes; 0=no),SG.HLD.HEAD.EQ,1
Czech Republic,CZE,1975,A woman can be head of household in the same way as a man (1=yes; 0=no),SG.HLD.HEAD.EQ,1
Czech Republic,CZE,1974,A woman can be head of household in the same way as a man (1=yes; 0=no),SG.HLD.HEAD.EQ,1
Czech Republic,CZE,1973,A woman can be head of household in the same way as a man (1=yes; 0=no),SG.HLD.HEAD.EQ,1
Czech Republic,CZE,1972,A woman can be head of household in the same way as a man (1=yes; 0=no),SG.HLD.HEAD.EQ,1
Czech Republic,CZE,1971,A woman can be head of household in the same way as a man (1=yes; 0=no),SG.HLD.HEAD.EQ,1
Czech Republic,CZE,1970,A woman can be head of household in the same way as a man (1=yes; 0=no),SG.HLD.HEAD.EQ,1
Czech Republic,CZE,2021,A woman can travel outside her home in the same way as a man (1=yes; 0=no),SG.HME.TRVL.EQ,1
Czech Republic,CZE,2020,A woman can travel outside her home in the same way as a man (1=yes; 0=no),SG.HME.TRVL.EQ,1
Czech Republic,CZE,2019,A woman can travel outside her home in the same way as a man (1=yes; 0=no),SG.HME.TRVL.EQ,1
Czech Republic,CZE,2018,A woman can travel outside her home in the same way as a man (1=yes; 0=no),SG.HME.TRVL.EQ,1
Czech Republic,CZE,2017,A woman can travel outside her home in the same way as a man (1=yes; 0=no),SG.HME.TRVL.EQ,1
Czech Republic,CZE,2016,A woman can travel outside her home in the same way as a man (1=yes; 0=no),SG.HME.TRVL.EQ,1
Czech Republic,CZE,2015,A woman can travel outside her home in the same way as a man (1=yes; 0=no),SG.HME.TRVL.EQ,1
Czech Republic,CZE,2014,A woman can travel outside her home in the same way as a man (1=yes; 0=no),SG.HME.TRVL.EQ,1
Czech Republic,CZE,2013,A woman can travel outside her home in the same way as a man (1=yes; 0=no),SG.HME.TRVL.EQ,1
Czech Republic,CZE,2012,A woman can travel outside her home in the same way as a man (1=yes; 0=no),SG.HME.TRVL.EQ,1
Czech Republic,CZE,2011,A woman can travel outside her home in the same way as a man (1=yes; 0=no),SG.HME.TRVL.EQ,1
Czech Republic,CZE,2010,A woman can travel outside her home in the same way as a man (1=yes; 0=no),SG.HME.TRVL.EQ,1
Czech Republic,CZE,2009,A woman can travel outside her home in the same way as a man (1=yes; 0=no),SG.HME.TRVL.EQ,1
Czech Republic,CZE,2008,A woman can travel outside her home in the same way as a man (1=yes; 0=no),SG.HME.TRVL.EQ,1
Czech Republic,CZE,2007,A woman can travel outside her home in the same way as a man (1=yes; 0=no),SG.HME.TRVL.EQ,1
Czech Republic,CZE,2006,A woman can travel outside her home in the same way as a man (1=yes; 0=no),SG.HME.TRVL.EQ,1
Czech Republic,CZE,2005,A woman can travel outside her home in the same way as a man (1=yes; 0=no),SG.HME.TRVL.EQ,1
Czech Republic,CZE,2004,A woman can travel outside her home in the same way as a man (1=yes; 0=no),SG.HME.TRVL.EQ,1
Czech Republic,CZE,2003,A woman can travel outside her home in the same way as a man (1=yes; 0=no),SG.HME.TRVL.EQ,1
Czech Republic,CZE,2002,A woman can travel outside her home in the same way as a man (1=yes; 0=no),SG.HME.TRVL.EQ,1
Czech Republic,CZE,2001,A woman can travel outside her home in the same way as a man (1=yes; 0=no),SG.HME.TRVL.EQ,1
Czech Republic,CZE,2000,A woman can travel outside her home in the same way as a man (1=yes; 0=no),SG.HME.TRVL.EQ,1
Czech Republic,CZE,1999,A woman can travel outside her home in the same way as a man (1=yes; 0=no),SG.HME.TRVL.EQ,1
Czech Republic,CZE,1998,A woman can travel outside her home in the same way as a man (1=yes; 0=no),SG.HME.TRVL.EQ,1
Czech Republic,CZE,1997,A woman can travel outside her home in the same way as a man (1=yes; 0=no),SG.HME.TRVL.EQ,1
Czech Republic,CZE,1996,A woman can travel outside her home in the same way as a man (1=yes; 0=no),SG.HME.TRVL.EQ,1
Czech Republic,CZE,1995,A woman can travel outside her home in the same way as a man (1=yes; 0=no),SG.HME.TRVL.EQ,1
Czech Republic,CZE,1994,A woman can travel outside her home in the same way as a man (1=yes; 0=no),SG.HME.TRVL.EQ,1
Czech Republic,CZE,1993,A woman can travel outside her home in the same way as a man (1=yes; 0=no),SG.HME.TRVL.EQ,1
Czech Republic,CZE,1992,A woman can travel outside her home in the same way as a man (1=yes; 0=no),SG.HME.TRVL.EQ,1
Czech Republic,CZE,1991,A woman can travel outside her home in the same way as a man (1=yes; 0=no),SG.HME.TRVL.EQ,1
Czech Republic,CZE,1990,A woman can travel outside her home in the same way as a man (1=yes; 0=no),SG.HME.TRVL.EQ,1
Czech Republic,CZE,1989,A woman can travel outside her home in the same way as a man (1=yes; 0=no),SG.HME.TRVL.EQ,1
Czech Republic,CZE,1988,A woman can travel outside her home in the same way as a man (1=yes; 0=no),SG.HME.TRVL.EQ,1
Czech Republic,CZE,1987,A woman can travel outside her home in the same way as a man (1=yes; 0=no),SG.HME.TRVL.EQ,1
Czech Republic,CZE,1986,A woman can travel outside her home in the same way as a man (1=yes; 0=no),SG.HME.TRVL.EQ,1
Czech Republic,CZE,1985,A woman can travel outside her home in the same way as a man (1=yes; 0=no),SG.HME.TRVL.EQ,1
Czech Republic,CZE,1984,A woman can travel outside her home in the same way as a man (1=yes; 0=no),SG.HME.TRVL.EQ,1
Czech Republic,CZE,1983,A woman can travel outside her home in the same way as a man (1=yes; 0=no),SG.HME.TRVL.EQ,1
Czech Republic,CZE,1982,A woman can travel outside her home in the same way as a man (1=yes; 0=no),SG.HME.TRVL.EQ,1
Czech Republic,CZE,1981,A woman can travel outside her home in the same way as a man (1=yes; 0=no),SG.HME.TRVL.EQ,1
Czech Republic,CZE,1980,A woman can travel outside her home in the same way as a man (1=yes; 0=no),SG.HME.TRVL.EQ,1
Czech Republic,CZE,1979,A woman can travel outside her home in the same way as a man (1=yes; 0=no),SG.HME.TRVL.EQ,1
Czech Republic,CZE,1978,A woman can travel outside her home in the same way as a man (1=yes; 0=no),SG.HME.TRVL.EQ,1
Czech Republic,CZE,1977,A woman can travel outside her home in the same way as a man (1=yes; 0=no),SG.HME.TRVL.EQ,1
Czech Republic,CZE,1976,A woman can travel outside her home in the same way as a man (1=yes; 0=no),SG.HME.TRVL.EQ,1
Czech Republic,CZE,1975,A woman can travel outside her home in the same way as a man (1=yes; 0=no),SG.HME.TRVL.EQ,1
Czech Republic,CZE,1974,A woman can travel outside her home in the same way as a man (1=yes; 0=no),SG.HME.TRVL.EQ,1
Czech Republic,CZE,1973,A woman can travel outside her home in the same way as a man (1=yes; 0=no),SG.HME.TRVL.EQ,1
Czech Republic,CZE,1972,A woman can travel outside her home in the same way as a man (1=yes; 0=no),SG.HME.TRVL.EQ,1
Czech Republic,CZE,1971,A woman can travel outside her home in the same way as a man (1=yes; 0=no),SG.HME.TRVL.EQ,1
Czech Republic,CZE,1970,A woman can travel outside her home in the same way as a man (1=yes; 0=no),SG.HME.TRVL.EQ,1
Czech Republic,CZE,2021,Male and female surviving spouses have equal rights to inherit assets (1=yes; 0=no),SG.IHT.ASST.EQ,1
Czech Republic,CZE,2020,Male and female surviving spouses have equal rights to inherit assets (1=yes; 0=no),SG.IHT.ASST.EQ,1
Czech Republic,CZE,2019,Male and female surviving spouses have equal rights to inherit assets (1=yes; 0=no),SG.IHT.ASST.EQ,1
Czech Republic,CZE,2018,Male and female surviving spouses have equal rights to inherit assets (1=yes; 0=no),SG.IHT.ASST.EQ,1
Czech Republic,CZE,2017,Male and female surviving spouses have equal rights to inherit assets (1=yes; 0=no),SG.IHT.ASST.EQ,1
Czech Republic,CZE,2016,Male and female surviving spouses have equal rights to inherit assets (1=yes; 0=no),SG.IHT.ASST.EQ,1
Czech Republic,CZE,2015,Male and female surviving spouses have equal rights to inherit assets (1=yes; 0=no),SG.IHT.ASST.EQ,1
Czech Republic,CZE,2014,Male and female surviving spouses have equal rights to inherit assets (1=yes; 0=no),SG.IHT.ASST.EQ,1
Czech Republic,CZE,2013,Male and female surviving spouses have equal rights to inherit assets (1=yes; 0=no),SG.IHT.ASST.EQ,1
Czech Republic,CZE,2012,Male and female surviving spouses have equal rights to inherit assets (1=yes; 0=no),SG.IHT.ASST.EQ,1
Czech Republic,CZE,2011,Male and female surviving spouses have equal rights to inherit assets (1=yes; 0=no),SG.IHT.ASST.EQ,1
Czech Republic,CZE,2010,Male and female surviving spouses have equal rights to inherit assets (1=yes; 0=no),SG.IHT.ASST.EQ,1
Czech Republic,CZE,2009,Male and female surviving spouses have equal rights to inherit assets (1=yes; 0=no),SG.IHT.ASST.EQ,1
Czech Republic,CZE,2008,Male and female surviving spouses have equal rights to inherit assets (1=yes; 0=no),SG.IHT.ASST.EQ,1
Czech Republic,CZE,2007,Male and female surviving spouses have equal rights to inherit assets (1=yes; 0=no),SG.IHT.ASST.EQ,1
Czech Republic,CZE,2006,Male and female surviving spouses have equal rights to inherit assets (1=yes; 0=no),SG.IHT.ASST.EQ,1
Czech Republic,CZE,2005,Male and female surviving spouses have equal rights to inherit assets (1=yes; 0=no),SG.IHT.ASST.EQ,1
Czech Republic,CZE,2004,Male and female surviving spouses have equal rights to inherit assets (1=yes; 0=no),SG.IHT.ASST.EQ,1
Czech Republic,CZE,2003,Male and female surviving spouses have equal rights to inherit assets (1=yes; 0=no),SG.IHT.ASST.EQ,1
Czech Republic,CZE,2002,Male and female surviving spouses have equal rights to inherit assets (1=yes; 0=no),SG.IHT.ASST.EQ,1
Czech Republic,CZE,2001,Male and female surviving spouses have equal rights to inherit assets (1=yes; 0=no),SG.IHT.ASST.EQ,1
Czech Republic,CZE,2000,Male and female surviving spouses have equal rights to inherit assets (1=yes; 0=no),SG.IHT.ASST.EQ,1
Czech Republic,CZE,1999,Male and female surviving spouses have equal rights to inherit assets (1=yes; 0=no),SG.IHT.ASST.EQ,1
Czech Republic,CZE,1998,Male and female surviving spouses have equal rights to inherit assets (1=yes; 0=no),SG.IHT.ASST.EQ,1
Czech Republic,CZE,1997,Male and female surviving spouses have equal rights to inherit assets (1=yes; 0=no),SG.IHT.ASST.EQ,1
Czech Republic,CZE,1996,Male and female surviving spouses have equal rights to inherit assets (1=yes; 0=no),SG.IHT.ASST.EQ,1
Czech Republic,CZE,1995,Male and female surviving spouses have equal rights to inherit assets (1=yes; 0=no),SG.IHT.ASST.EQ,1
Czech Republic,CZE,1994,Male and female surviving spouses have equal rights to inherit assets (1=yes; 0=no),SG.IHT.ASST.EQ,1
Czech Republic,CZE,1993,Male and female surviving spouses have equal rights to inherit assets (1=yes; 0=no),SG.IHT.ASST.EQ,1
Czech Republic,CZE,1992,Male and female surviving spouses have equal rights to inherit assets (1=yes; 0=no),SG.IHT.ASST.EQ,1
Czech Republic,CZE,1991,Male and female surviving spouses have equal rights to inherit assets (1=yes; 0=no),SG.IHT.ASST.EQ,1
Czech Republic,CZE,1990,Male and female surviving spouses have equal rights to inherit assets (1=yes; 0=no),SG.IHT.ASST.EQ,1
Czech Republic,CZE,1989,Male and female surviving spouses have equal rights to inherit assets (1=yes; 0=no),SG.IHT.ASST.EQ,1
Czech Republic,CZE,1988,Male and female surviving spouses have equal rights to inherit assets (1=yes; 0=no),SG.IHT.ASST.EQ,1
Czech Republic,CZE,1987,Male and female surviving spouses have equal rights to inherit assets (1=yes; 0=no),SG.IHT.ASST.EQ,1
Czech Republic,CZE,1986,Male and female surviving spouses have equal rights to inherit assets (1=yes; 0=no),SG.IHT.ASST.EQ,1
Czech Republic,CZE,1985,Male and female surviving spouses have equal rights to inherit assets (1=yes; 0=no),SG.IHT.ASST.EQ,1
Czech Republic,CZE,1984,Male and female surviving spouses have equal rights to inherit assets (1=yes; 0=no),SG.IHT.ASST.EQ,1
Czech Republic,CZE,1983,Male and female surviving spouses have equal rights to inherit assets (1=yes; 0=no),SG.IHT.ASST.EQ,1
Czech Republic,CZE,1982,Male and female surviving spouses have equal rights to inherit assets (1=yes; 0=no),SG.IHT.ASST.EQ,1
Czech Republic,CZE,1981,Male and female surviving spouses have equal rights to inherit assets (1=yes; 0=no),SG.IHT.ASST.EQ,1
Czech Republic,CZE,1980,Male and female surviving spouses have equal rights to inherit assets (1=yes; 0=no),SG.IHT.ASST.EQ,1
Czech Republic,CZE,1979,Male and female surviving spouses have equal rights to inherit assets (1=yes; 0=no),SG.IHT.ASST.EQ,1
Czech Republic,CZE,1978,Male and female surviving spouses have equal rights to inherit assets (1=yes; 0=no),SG.IHT.ASST.EQ,1
Czech Republic,CZE,1977,Male and female surviving spouses have equal rights to inherit assets (1=yes; 0=no),SG.IHT.ASST.EQ,1
Czech Republic,CZE,1976,Male and female surviving spouses have equal rights to inherit assets (1=yes; 0=no),SG.IHT.ASST.EQ,1
Czech Republic,CZE,1975,Male and female surviving spouses have equal rights to inherit assets (1=yes; 0=no),SG.IHT.ASST.EQ,1
Czech Republic,CZE,1974,Male and female surviving spouses have equal rights to inherit assets (1=yes; 0=no),SG.IHT.ASST.EQ,1
Czech Republic,CZE,1973,Male and female surviving spouses have equal rights to inherit assets (1=yes; 0=no),SG.IHT.ASST.EQ,1
Czech Republic,CZE,1972,Male and female surviving spouses have equal rights to inherit assets (1=yes; 0=no),SG.IHT.ASST.EQ,1
Czech Republic,CZE,1971,Male and female surviving spouses have equal rights to inherit assets (1=yes; 0=no),SG.IHT.ASST.EQ,1
Czech Republic,CZE,1970,Male and female surviving spouses have equal rights to inherit assets (1=yes; 0=no),SG.IHT.ASST.EQ,1
Czech Republic,CZE,2021,Sons and daughters have equal rights to inherit assets from their parents (1=yes; 0=no),SG.IHT.ASST.PT.EQ,1
Czech Republic,CZE,2020,Sons and daughters have equal rights to inherit assets from their parents (1=yes; 0=no),SG.IHT.ASST.PT.EQ,1
Czech Republic,CZE,2019,Sons and daughters have equal rights to inherit assets from their parents (1=yes; 0=no),SG.IHT.ASST.PT.EQ,1
Czech Republic,CZE,2018,Sons and daughters have equal rights to inherit assets from their parents (1=yes; 0=no),SG.IHT.ASST.PT.EQ,1
Czech Republic,CZE,2017,Sons and daughters have equal rights to inherit assets from their parents (1=yes; 0=no),SG.IHT.ASST.PT.EQ,1
Czech Republic,CZE,2016,Sons and daughters have equal rights to inherit assets from their parents (1=yes; 0=no),SG.IHT.ASST.PT.EQ,1
Czech Republic,CZE,2015,Sons and daughters have equal rights to inherit assets from their parents (1=yes; 0=no),SG.IHT.ASST.PT.EQ,1
Czech Republic,CZE,2014,Sons and daughters have equal rights to inherit assets from their parents (1=yes; 0=no),SG.IHT.ASST.PT.EQ,1
Czech Republic,CZE,2013,Sons and daughters have equal rights to inherit assets from their parents (1=yes; 0=no),SG.IHT.ASST.PT.EQ,1
Czech Republic,CZE,2012,Sons and daughters have equal rights to inherit assets from their parents (1=yes; 0=no),SG.IHT.ASST.PT.EQ,1
Czech Republic,CZE,2011,Sons and daughters have equal rights to inherit assets from their parents (1=yes; 0=no),SG.IHT.ASST.PT.EQ,1
Czech Republic,CZE,2010,Sons and daughters have equal rights to inherit assets from their parents (1=yes; 0=no),SG.IHT.ASST.PT.EQ,1
Czech Republic,CZE,2009,Sons and daughters have equal rights to inherit assets from their parents (1=yes; 0=no),SG.IHT.ASST.PT.EQ,1
Czech Republic,CZE,2008,Sons and daughters have equal rights to inherit assets from their parents (1=yes; 0=no),SG.IHT.ASST.PT.EQ,1
Czech Republic,CZE,2007,Sons and daughters have equal rights to inherit assets from their parents (1=yes; 0=no),SG.IHT.ASST.PT.EQ,1
Czech Republic,CZE,2006,Sons and daughters have equal rights to inherit assets from their parents (1=yes; 0=no),SG.IHT.ASST.PT.EQ,1
Czech Republic,CZE,2005,Sons and daughters have equal rights to inherit assets from their parents (1=yes; 0=no),SG.IHT.ASST.PT.EQ,1
Czech Republic,CZE,2004,Sons and daughters have equal rights to inherit assets from their parents (1=yes; 0=no),SG.IHT.ASST.PT.EQ,1
Czech Republic,CZE,2003,Sons and daughters have equal rights to inherit assets from their parents (1=yes; 0=no),SG.IHT.ASST.PT.EQ,1
Czech Republic,CZE,2002,Sons and daughters have equal rights to inherit assets from their parents (1=yes; 0=no),SG.IHT.ASST.PT.EQ,1
Czech Republic,CZE,2001,Sons and daughters have equal rights to inherit assets from their parents (1=yes; 0=no),SG.IHT.ASST.PT.EQ,1
Czech Republic,CZE,2000,Sons and daughters have equal rights to inherit assets from their parents (1=yes; 0=no),SG.IHT.ASST.PT.EQ,1
Czech Republic,CZE,1999,Sons and daughters have equal rights to inherit assets from their parents (1=yes; 0=no),SG.IHT.ASST.PT.EQ,1
Czech Republic,CZE,1998,Sons and daughters have equal rights to inherit assets from their parents (1=yes; 0=no),SG.IHT.ASST.PT.EQ,1
Czech Republic,CZE,1997,Sons and daughters have equal rights to inherit assets from their parents (1=yes; 0=no),SG.IHT.ASST.PT.EQ,1
Czech Republic,CZE,1996,Sons and daughters have equal rights to inherit assets from their parents (1=yes; 0=no),SG.IHT.ASST.PT.EQ,1
Czech Republic,CZE,1995,Sons and daughters have equal rights to inherit assets from their parents (1=yes; 0=no),SG.IHT.ASST.PT.EQ,1
Czech Republic,CZE,1994,Sons and daughters have equal rights to inherit assets from their parents (1=yes; 0=no),SG.IHT.ASST.PT.EQ,1
Czech Republic,CZE,1993,Sons and daughters have equal rights to inherit assets from their parents (1=yes; 0=no),SG.IHT.ASST.PT.EQ,1
Czech Republic,CZE,1992,Sons and daughters have equal rights to inherit assets from their parents (1=yes; 0=no),SG.IHT.ASST.PT.EQ,1
Czech Republic,CZE,1991,Sons and daughters have equal rights to inherit assets from their parents (1=yes; 0=no),SG.IHT.ASST.PT.EQ,1
Czech Republic,CZE,1990,Sons and daughters have equal rights to inherit assets from their parents (1=yes; 0=no),SG.IHT.ASST.PT.EQ,1
Czech Republic,CZE,1989,Sons and daughters have equal rights to inherit assets from their parents (1=yes; 0=no),SG.IHT.ASST.PT.EQ,1
Czech Republic,CZE,1988,Sons and daughters have equal rights to inherit assets from their parents (1=yes; 0=no),SG.IHT.ASST.PT.EQ,1
Czech Republic,CZE,1987,Sons and daughters have equal rights to inherit assets from their parents (1=yes; 0=no),SG.IHT.ASST.PT.EQ,1
Czech Republic,CZE,1986,Sons and daughters have equal rights to inherit assets from their parents (1=yes; 0=no),SG.IHT.ASST.PT.EQ,1
Czech Republic,CZE,1985,Sons and daughters have equal rights to inherit assets from their parents (1=yes; 0=no),SG.IHT.ASST.PT.EQ,1
Czech Republic,CZE,1984,Sons and daughters have equal rights to inherit assets from their parents (1=yes; 0=no),SG.IHT.ASST.PT.EQ,1
Czech Republic,CZE,1983,Sons and daughters have equal rights to inherit assets from their parents (1=yes; 0=no),SG.IHT.ASST.PT.EQ,1
Czech Republic,CZE,1982,Sons and daughters have equal rights to inherit assets from their parents (1=yes; 0=no),SG.IHT.ASST.PT.EQ,1
Czech Republic,CZE,1981,Sons and daughters have equal rights to inherit assets from their parents (1=yes; 0=no),SG.IHT.ASST.PT.EQ,1
Czech Republic,CZE,1980,Sons and daughters have equal rights to inherit assets from their parents (1=yes; 0=no),SG.IHT.ASST.PT.EQ,1
Czech Republic,CZE,1979,Sons and daughters have equal rights to inherit assets from their parents (1=yes; 0=no),SG.IHT.ASST.PT.EQ,1
Czech Republic,CZE,1978,Sons and daughters have equal rights to inherit assets from their parents (1=yes; 0=no),SG.IHT.ASST.PT.EQ,1
Czech Republic,CZE,1977,Sons and daughters have equal rights to inherit assets from their parents (1=yes; 0=no),SG.IHT.ASST.PT.EQ,1
Czech Republic,CZE,1976,Sons and daughters have equal rights to inherit assets from their parents (1=yes; 0=no),SG.IHT.ASST.PT.EQ,1
Czech Republic,CZE,1975,Sons and daughters have equal rights to inherit assets from their parents (1=yes; 0=no),SG.IHT.ASST.PT.EQ,1
Czech Republic,CZE,1974,Sons and daughters have equal rights to inherit assets from their parents (1=yes; 0=no),SG.IHT.ASST.PT.EQ,1
Czech Republic,CZE,1973,Sons and daughters have equal rights to inherit assets from their parents (1=yes; 0=no),SG.IHT.ASST.PT.EQ,1
Czech Republic,CZE,1972,Sons and daughters have equal rights to inherit assets from their parents (1=yes; 0=no),SG.IHT.ASST.PT.EQ,1
Czech Republic,CZE,1971,Sons and daughters have equal rights to inherit assets from their parents (1=yes; 0=no),SG.IHT.ASST.PT.EQ,1
Czech Republic,CZE,1970,Sons and daughters have equal rights to inherit assets from their parents (1=yes; 0=no),SG.IHT.ASST.PT.EQ,1
Czech Republic,CZE,2021,A woman can work in an industrial job in the same way as a man (1=yes; 0=no),SG.IND.WORK.EQ,1
Czech Republic,CZE,2020,A woman can work in an industrial job in the same way as a man (1=yes; 0=no),SG.IND.WORK.EQ,1
Czech Republic,CZE,2019,A woman can work in an industrial job in the same way as a man (1=yes; 0=no),SG.IND.WORK.EQ,1
Czech Republic,CZE,2018,A woman can work in an industrial job in the same way as a man (1=yes; 0=no),SG.IND.WORK.EQ,1
Czech Republic,CZE,2017,A woman can work in an industrial job in the same way as a man (1=yes; 0=no),SG.IND.WORK.EQ,1
Czech Republic,CZE,2016,A woman can work in an industrial job in the same way as a man (1=yes; 0=no),SG.IND.WORK.EQ,1
Czech Republic,CZE,2015,A woman can work in an industrial job in the same way as a man (1=yes; 0=no),SG.IND.WORK.EQ,1
Czech Republic,CZE,2014,A woman can work in an industrial job in the same way as a man (1=yes; 0=no),SG.IND.WORK.EQ,1
Czech Republic,CZE,2013,A woman can work in an industrial job in the same way as a man (1=yes; 0=no),SG.IND.WORK.EQ,1
Czech Republic,CZE,2012,A woman can work in an industrial job in the same way as a man (1=yes; 0=no),SG.IND.WORK.EQ,1
Czech Republic,CZE,2011,A woman can work in an industrial job in the same way as a man (1=yes; 0=no),SG.IND.WORK.EQ,0
Czech Republic,CZE,2010,A woman can work in an industrial job in the same way as a man (1=yes; 0=no),SG.IND.WORK.EQ,0
Czech Republic,CZE,2009,A woman can work in an industrial job in the same way as a man (1=yes; 0=no),SG.IND.WORK.EQ,0
Czech Republic,CZE,2008,A woman can work in an industrial job in the same way as a man (1=yes; 0=no),SG.IND.WORK.EQ,0
Czech Republic,CZE,2007,A woman can work in an industrial job in the same way as a man (1=yes; 0=no),SG.IND.WORK.EQ,0
Czech Republic,CZE,2006,A woman can work in an industrial job in the same way as a man (1=yes; 0=no),SG.IND.WORK.EQ,0
Czech Republic,CZE,2005,A woman can work in an industrial job in the same way as a man (1=yes; 0=no),SG.IND.WORK.EQ,0
Czech Republic,CZE,2004,A woman can work in an industrial job in the same way as a man (1=yes; 0=no),SG.IND.WORK.EQ,0
Czech Republic,CZE,2003,A woman can work in an industrial job in the same way as a man (1=yes; 0=no),SG.IND.WORK.EQ,0
Czech Republic,CZE,2002,A woman can work in an industrial job in the same way as a man (1=yes; 0=no),SG.IND.WORK.EQ,0
Czech Republic,CZE,2001,A woman can work in an industrial job in the same way as a man (1=yes; 0=no),SG.IND.WORK.EQ,0
Czech Republic,CZE,2000,A woman can work in an industrial job in the same way as a man (1=yes; 0=no),SG.IND.WORK.EQ,0
Czech Republic,CZE,1999,A woman can work in an industrial job in the same way as a man (1=yes; 0=no),SG.IND.WORK.EQ,0
Czech Republic,CZE,1998,A woman can work in an industrial job in the same way as a man (1=yes; 0=no),SG.IND.WORK.EQ,0
Czech Republic,CZE,1997,A woman can work in an industrial job in the same way as a man (1=yes; 0=no),SG.IND.WORK.EQ,0
Czech Republic,CZE,1996,A woman can work in an industrial job in the same way as a man (1=yes; 0=no),SG.IND.WORK.EQ,0
Czech Republic,CZE,1995,A woman can work in an industrial job in the same way as a man (1=yes; 0=no),SG.IND.WORK.EQ,0
Czech Republic,CZE,1994,A woman can work in an industrial job in the same way as a man (1=yes; 0=no),SG.IND.WORK.EQ,0
Czech Republic,CZE,1993,A woman can work in an industrial job in the same way as a man (1=yes; 0=no),SG.IND.WORK.EQ,0
Czech Republic,CZE,1992,A woman can work in an industrial job in the same way as a man (1=yes; 0=no),SG.IND.WORK.EQ,0
Czech Republic,CZE,1991,A woman can work in an industrial job in the same way as a man (1=yes; 0=no),SG.IND.WORK.EQ,0
Czech Republic,CZE,1990,A woman can work in an industrial job in the same way as a man (1=yes; 0=no),SG.IND.WORK.EQ,0
Czech Republic,CZE,1989,A woman can work in an industrial job in the same way as a man (1=yes; 0=no),SG.IND.WORK.EQ,0
Czech Republic,CZE,1988,A woman can work in an industrial job in the same way as a man (1=yes; 0=no),SG.IND.WORK.EQ,0
Czech Republic,CZE,1987,A woman can work in an industrial job in the same way as a man (1=yes; 0=no),SG.IND.WORK.EQ,0
Czech Republic,CZE,1986,A woman can work in an industrial job in the same way as a man (1=yes; 0=no),SG.IND.WORK.EQ,0
Czech Republic,CZE,1985,A woman can work in an industrial job in the same way as a man (1=yes; 0=no),SG.IND.WORK.EQ,0
Czech Republic,CZE,1984,A woman can work in an industrial job in the same way as a man (1=yes; 0=no),SG.IND.WORK.EQ,0
Czech Republic,CZE,1983,A woman can work in an industrial job in the same way as a man (1=yes; 0=no),SG.IND.WORK.EQ,0
Czech Republic,CZE,1982,A woman can work in an industrial job in the same way as a man (1=yes; 0=no),SG.IND.WORK.EQ,0
Czech Republic,CZE,1981,A woman can work in an industrial job in the same way as a man (1=yes; 0=no),SG.IND.WORK.EQ,0
Czech Republic,CZE,1980,A woman can work in an industrial job in the same way as a man (1=yes; 0=no),SG.IND.WORK.EQ,0
Czech Republic,CZE,1979,A woman can work in an industrial job in the same way as a man (1=yes; 0=no),SG.IND.WORK.EQ,0
Czech Republic,CZE,1978,A woman can work in an industrial job in the same way as a man (1=yes; 0=no),SG.IND.WORK.EQ,0
Czech Republic,CZE,1977,A woman can work in an industrial job in the same way as a man (1=yes; 0=no),SG.IND.WORK.EQ,0
Czech Republic,CZE,1976,A woman can work in an industrial job in the same way as a man (1=yes; 0=no),SG.IND.WORK.EQ,0
Czech Republic,CZE,1975,A woman can work in an industrial job in the same way as a man (1=yes; 0=no),SG.IND.WORK.EQ,0
Czech Republic,CZE,1974,A woman can work in an industrial job in the same way as a man (1=yes; 0=no),SG.IND.WORK.EQ,0
Czech Republic,CZE,1973,A woman can work in an industrial job in the same way as a man (1=yes; 0=no),SG.IND.WORK.EQ,0
Czech Republic,CZE,1972,A woman can work in an industrial job in the same way as a man (1=yes; 0=no),SG.IND.WORK.EQ,0
Czech Republic,CZE,1971,A woman can work in an industrial job in the same way as a man (1=yes; 0=no),SG.IND.WORK.EQ,0
Czech Republic,CZE,1970,A woman can work in an industrial job in the same way as a man (1=yes; 0=no),SG.IND.WORK.EQ,0
Czech Republic,CZE,2021,The law grants spouses equal administrative authority over assets during marriage (1=yes; 0=no),SG.LAW.ASST.AR,1
Czech Republic,CZE,2020,The law grants spouses equal administrative authority over assets during marriage (1=yes; 0=no),SG.LAW.ASST.AR,1
Czech Republic,CZE,2019,The law grants spouses equal administrative authority over assets during marriage (1=yes; 0=no),SG.LAW.ASST.AR,1
Czech Republic,CZE,2018,The law grants spouses equal administrative authority over assets during marriage (1=yes; 0=no),SG.LAW.ASST.AR,1
Czech Republic,CZE,2017,The law grants spouses equal administrative authority over assets during marriage (1=yes; 0=no),SG.LAW.ASST.AR,1
Czech Republic,CZE,2016,The law grants spouses equal administrative authority over assets during marriage (1=yes; 0=no),SG.LAW.ASST.AR,1
Czech Republic,CZE,2015,The law grants spouses equal administrative authority over assets during marriage (1=yes; 0=no),SG.LAW.ASST.AR,1
Czech Republic,CZE,2014,The law grants spouses equal administrative authority over assets during marriage (1=yes; 0=no),SG.LAW.ASST.AR,1
Czech Republic,CZE,2013,The law grants spouses equal administrative authority over assets during marriage (1=yes; 0=no),SG.LAW.ASST.AR,1
Czech Republic,CZE,2012,The law grants spouses equal administrative authority over assets during marriage (1=yes; 0=no),SG.LAW.ASST.AR,1
Czech Republic,CZE,2011,The law grants spouses equal administrative authority over assets during marriage (1=yes; 0=no),SG.LAW.ASST.AR,1
Czech Republic,CZE,2010,The law grants spouses equal administrative authority over assets during marriage (1=yes; 0=no),SG.LAW.ASST.AR,1
Czech Republic,CZE,2009,The law grants spouses equal administrative authority over assets during marriage (1=yes; 0=no),SG.LAW.ASST.AR,1
Czech Republic,CZE,2008,The law grants spouses equal administrative authority over assets during marriage (1=yes; 0=no),SG.LAW.ASST.AR,1
Czech Republic,CZE,2007,The law grants spouses equal administrative authority over assets during marriage (1=yes; 0=no),SG.LAW.ASST.AR,1
Czech Republic,CZE,2006,The law grants spouses equal administrative authority over assets during marriage (1=yes; 0=no),SG.LAW.ASST.AR,1
Czech Republic,CZE,2005,The law grants spouses equal administrative authority over assets during marriage (1=yes; 0=no),SG.LAW.ASST.AR,1
Czech Republic,CZE,2004,The law grants spouses equal administrative authority over assets during marriage (1=yes; 0=no),SG.LAW.ASST.AR,1
Czech Republic,CZE,2003,The law grants spouses equal administrative authority over assets during marriage (1=yes; 0=no),SG.LAW.ASST.AR,1
Czech Republic,CZE,2002,The law grants spouses equal administrative authority over assets during marriage (1=yes; 0=no),SG.LAW.ASST.AR,1
Czech Republic,CZE,2001,The law grants spouses equal administrative authority over assets during marriage (1=yes; 0=no),SG.LAW.ASST.AR,1
Czech Republic,CZE,2000,The law grants spouses equal administrative authority over assets during marriage (1=yes; 0=no),SG.LAW.ASST.AR,1
Czech Republic,CZE,1999,The law grants spouses equal administrative authority over assets during marriage (1=yes; 0=no),SG.LAW.ASST.AR,1
Czech Republic,CZE,1998,The law grants spouses equal administrative authority over assets during marriage (1=yes; 0=no),SG.LAW.ASST.AR,1
Czech Republic,CZE,1997,The law grants spouses equal administrative authority over assets during marriage (1=yes; 0=no),SG.LAW.ASST.AR,1
Czech Republic,CZE,1996,The law grants spouses equal administrative authority over assets during marriage (1=yes; 0=no),SG.LAW.ASST.AR,1
Czech Republic,CZE,1995,The law grants spouses equal administrative authority over assets during marriage (1=yes; 0=no),SG.LAW.ASST.AR,1
Czech Republic,CZE,1994,The law grants spouses equal administrative authority over assets during marriage (1=yes; 0=no),SG.LAW.ASST.AR,1
Czech Republic,CZE,1993,The law grants spouses equal administrative authority over assets during marriage (1=yes; 0=no),SG.LAW.ASST.AR,1
Czech Republic,CZE,1992,The law grants spouses equal administrative authority over assets during marriage (1=yes; 0=no),SG.LAW.ASST.AR,1
Czech Republic,CZE,1991,The law grants spouses equal administrative authority over assets during marriage (1=yes; 0=no),SG.LAW.ASST.AR,1
Czech Republic,CZE,1990,The law grants spouses equal administrative authority over assets during marriage (1=yes; 0=no),SG.LAW.ASST.AR,1
Czech Republic,CZE,1989,The law grants spouses equal administrative authority over assets during marriage (1=yes; 0=no),SG.LAW.ASST.AR,1
Czech Republic,CZE,1988,The law grants spouses equal administrative authority over assets during marriage (1=yes; 0=no),SG.LAW.ASST.AR,1
Czech Republic,CZE,1987,The law grants spouses equal administrative authority over assets during marriage (1=yes; 0=no),SG.LAW.ASST.AR,1
Czech Republic,CZE,1986,The law grants spouses equal administrative authority over assets during marriage (1=yes; 0=no),SG.LAW.ASST.AR,1
Czech Republic,CZE,1985,The law grants spouses equal administrative authority over assets during marriage (1=yes; 0=no),SG.LAW.ASST.AR,1
Czech Republic,CZE,1984,The law grants spouses equal administrative authority over assets during marriage (1=yes; 0=no),SG.LAW.ASST.AR,1
Czech Republic,CZE,1983,The law grants spouses equal administrative authority over assets during marriage (1=yes; 0=no),SG.LAW.ASST.AR,1
Czech Republic,CZE,1982,The law grants spouses equal administrative authority over assets during marriage (1=yes; 0=no),SG.LAW.ASST.AR,1
Czech Republic,CZE,1981,The law grants spouses equal administrative authority over assets during marriage (1=yes; 0=no),SG.LAW.ASST.AR,1
Czech Republic,CZE,1980,The law grants spouses equal administrative authority over assets during marriage (1=yes; 0=no),SG.LAW.ASST.AR,1
Czech Republic,CZE,1979,The law grants spouses equal administrative authority over assets during marriage (1=yes; 0=no),SG.LAW.ASST.AR,1
Czech Republic,CZE,1978,The law grants spouses equal administrative authority over assets during marriage (1=yes; 0=no),SG.LAW.ASST.AR,1
Czech Republic,CZE,1977,The law grants spouses equal administrative authority over assets during marriage (1=yes; 0=no),SG.LAW.ASST.AR,1
Czech Republic,CZE,1976,The law grants spouses equal administrative authority over assets during marriage (1=yes; 0=no),SG.LAW.ASST.AR,1
Czech Republic,CZE,1975,The law grants spouses equal administrative authority over assets during marriage (1=yes; 0=no),SG.LAW.ASST.AR,1
Czech Republic,CZE,1974,The law grants spouses equal administrative authority over assets during marriage (1=yes; 0=no),SG.LAW.ASST.AR,1
Czech Republic,CZE,1973,The law grants spouses equal administrative authority over assets during marriage (1=yes; 0=no),SG.LAW.ASST.AR,1
Czech Republic,CZE,1972,The law grants spouses equal administrative authority over assets during marriage (1=yes; 0=no),SG.LAW.ASST.AR,1
Czech Republic,CZE,1971,The law grants spouses equal administrative authority over assets during marriage (1=yes; 0=no),SG.LAW.ASST.AR,1
Czech Republic,CZE,1970,The law grants spouses equal administrative authority over assets during marriage (1=yes; 0=no),SG.LAW.ASST.AR,1
Czech Republic,CZE,2021,The law prohibits discrimination in access to credit based on gender (1=yes; 0=no),SG.LAW.CRDD.GR,1
Czech Republic,CZE,2020,The law prohibits discrimination in access to credit based on gender (1=yes; 0=no),SG.LAW.CRDD.GR,1
Czech Republic,CZE,2019,The law prohibits discrimination in access to credit based on gender (1=yes; 0=no),SG.LAW.CRDD.GR,1
Czech Republic,CZE,2018,The law prohibits discrimination in access to credit based on gender (1=yes; 0=no),SG.LAW.CRDD.GR,1
Czech Republic,CZE,2017,The law prohibits discrimination in access to credit based on gender (1=yes; 0=no),SG.LAW.CRDD.GR,1
Czech Republic,CZE,2016,The law prohibits discrimination in access to credit based on gender (1=yes; 0=no),SG.LAW.CRDD.GR,1
Czech Republic,CZE,2015,The law prohibits discrimination in access to credit based on gender (1=yes; 0=no),SG.LAW.CRDD.GR,1
Czech Republic,CZE,2014,The law prohibits discrimination in access to credit based on gender (1=yes; 0=no),SG.LAW.CRDD.GR,1
Czech Republic,CZE,2013,The law prohibits discrimination in access to credit based on gender (1=yes; 0=no),SG.LAW.CRDD.GR,1
Czech Republic,CZE,2012,The law prohibits discrimination in access to credit based on gender (1=yes; 0=no),SG.LAW.CRDD.GR,1
Czech Republic,CZE,2011,The law prohibits discrimination in access to credit based on gender (1=yes; 0=no),SG.LAW.CRDD.GR,1
Czech Republic,CZE,2010,The law prohibits discrimination in access to credit based on gender (1=yes; 0=no),SG.LAW.CRDD.GR,1
Czech Republic,CZE,2009,The law prohibits discrimination in access to credit based on gender (1=yes; 0=no),SG.LAW.CRDD.GR,1
Czech Republic,CZE,2008,The law prohibits discrimination in access to credit based on gender (1=yes; 0=no),SG.LAW.CRDD.GR,1
Czech Republic,CZE,2007,The law prohibits discrimination in access to credit based on gender (1=yes; 0=no),SG.LAW.CRDD.GR,1
Czech Republic,CZE,2006,The law prohibits discrimination in access to credit based on gender (1=yes; 0=no),SG.LAW.CRDD.GR,1
Czech Republic,CZE,2005,The law prohibits discrimination in access to credit based on gender (1=yes; 0=no),SG.LAW.CRDD.GR,1
Czech Republic,CZE,2004,The law prohibits discrimination in access to credit based on gender (1=yes; 0=no),SG.LAW.CRDD.GR,1
Czech Republic,CZE,2003,The law prohibits discrimination in access to credit based on gender (1=yes; 0=no),SG.LAW.CRDD.GR,1
Czech Republic,CZE,2002,The law prohibits discrimination in access to credit based on gender (1=yes; 0=no),SG.LAW.CRDD.GR,1
Czech Republic,CZE,2001,The law prohibits discrimination in access to credit based on gender (1=yes; 0=no),SG.LAW.CRDD.GR,1
Czech Republic,CZE,2000,The law prohibits discrimination in access to credit based on gender (1=yes; 0=no),SG.LAW.CRDD.GR,1
Czech Republic,CZE,1999,The law prohibits discrimination in access to credit based on gender (1=yes; 0=no),SG.LAW.CRDD.GR,1
Czech Republic,CZE,1998,The law prohibits discrimination in access to credit based on gender (1=yes; 0=no),SG.LAW.CRDD.GR,1
Czech Republic,CZE,1997,The law prohibits discrimination in access to credit based on gender (1=yes; 0=no),SG.LAW.CRDD.GR,1
Czech Republic,CZE,1996,The law prohibits discrimination in access to credit based on gender (1=yes; 0=no),SG.LAW.CRDD.GR,1
Czech Republic,CZE,1995,The law prohibits discrimination in access to credit based on gender (1=yes; 0=no),SG.LAW.CRDD.GR,1
Czech Republic,CZE,1994,The law prohibits discrimination in access to credit based on gender (1=yes; 0=no),SG.LAW.CRDD.GR,1
Czech Republic,CZE,1993,The law prohibits discrimination in access to credit based on gender (1=yes; 0=no),SG.LAW.CRDD.GR,1
Czech Republic,CZE,1992,The law prohibits discrimination in access to credit based on gender (1=yes; 0=no),SG.LAW.CRDD.GR,1
Czech Republic,CZE,1991,The law prohibits discrimination in access to credit based on gender (1=yes; 0=no),SG.LAW.CRDD.GR,1
Czech Republic,CZE,1990,The law prohibits discrimination in access to credit based on gender (1=yes; 0=no),SG.LAW.CRDD.GR,1
Czech Republic,CZE,1989,The law prohibits discrimination in access to credit based on gender (1=yes; 0=no),SG.LAW.CRDD.GR,1
Czech Republic,CZE,1988,The law prohibits discrimination in access to credit based on gender (1=yes; 0=no),SG.LAW.CRDD.GR,1
Czech Republic,CZE,1987,The law prohibits discrimination in access to credit based on gender (1=yes; 0=no),SG.LAW.CRDD.GR,1
Czech Republic,CZE,1986,The law prohibits discrimination in access to credit based on gender (1=yes; 0=no),SG.LAW.CRDD.GR,1
Czech Republic,CZE,1985,The law prohibits discrimination in access to credit based on gender (1=yes; 0=no),SG.LAW.CRDD.GR,1
Czech Republic,CZE,1984,The law prohibits discrimination in access to credit based on gender (1=yes; 0=no),SG.LAW.CRDD.GR,1
Czech Republic,CZE,1983,The law prohibits discrimination in access to credit based on gender (1=yes; 0=no),SG.LAW.CRDD.GR,1
Czech Republic,CZE,1982,The law prohibits discrimination in access to credit based on gender (1=yes; 0=no),SG.LAW.CRDD.GR,1
Czech Republic,CZE,1981,The law prohibits discrimination in access to credit based on gender (1=yes; 0=no),SG.LAW.CRDD.GR,1
Czech Republic,CZE,1980,The law prohibits discrimination in access to credit based on gender (1=yes; 0=no),SG.LAW.CRDD.GR,1
Czech Republic,CZE,1979,The law prohibits discrimination in access to credit based on gender (1=yes; 0=no),SG.LAW.CRDD.GR,1
Czech Republic,CZE,1978,The law prohibits discrimination in access to credit based on gender (1=yes; 0=no),SG.LAW.CRDD.GR,1
Czech Republic,CZE,1977,The law prohibits discrimination in access to credit based on gender (1=yes; 0=no),SG.LAW.CRDD.GR,1
Czech Republic,CZE,1976,The law prohibits discrimination in access to credit based on gender (1=yes; 0=no),SG.LAW.CRDD.GR,1
Czech Republic,CZE,1975,The law prohibits discrimination in access to credit based on gender (1=yes; 0=no),SG.LAW.CRDD.GR,1
Czech Republic,CZE,1974,The law prohibits discrimination in access to credit based on gender (1=yes; 0=no),SG.LAW.CRDD.GR,1
Czech Republic,CZE,1973,The law prohibits discrimination in access to credit based on gender (1=yes; 0=no),SG.LAW.CRDD.GR,1
Czech Republic,CZE,1972,The law prohibits discrimination in access to credit based on gender (1=yes; 0=no),SG.LAW.CRDD.GR,1
Czech Republic,CZE,1971,The law prohibits discrimination in access to credit based on gender (1=yes; 0=no),SG.LAW.CRDD.GR,1
Czech Republic,CZE,1970,The law prohibits discrimination in access to credit based on gender (1=yes; 0=no),SG.LAW.CRDD.GR,1
Czech Republic,CZE,2021,Law mandates equal remuneration for females and males for work of equal value (1=yes; 0=no),SG.LAW.EQRM.WK,1
Czech Republic,CZE,2020,Law mandates equal remuneration for females and males for work of equal value (1=yes; 0=no),SG.LAW.EQRM.WK,1
Czech Republic,CZE,2019,Law mandates equal remuneration for females and males for work of equal value (1=yes; 0=no),SG.LAW.EQRM.WK,1
Czech Republic,CZE,2018,Law mandates equal remuneration for females and males for work of equal value (1=yes; 0=no),SG.LAW.EQRM.WK,1
Czech Republic,CZE,2017,Law mandates equal remuneration for females and males for work of equal value (1=yes; 0=no),SG.LAW.EQRM.WK,1
Czech Republic,CZE,2016,Law mandates equal remuneration for females and males for work of equal value (1=yes; 0=no),SG.LAW.EQRM.WK,1
Czech Republic,CZE,2015,Law mandates equal remuneration for females and males for work of equal value (1=yes; 0=no),SG.LAW.EQRM.WK,1
Czech Republic,CZE,2014,Law mandates equal remuneration for females and males for work of equal value (1=yes; 0=no),SG.LAW.EQRM.WK,1
Czech Republic,CZE,2013,Law mandates equal remuneration for females and males for work of equal value (1=yes; 0=no),SG.LAW.EQRM.WK,1
Czech Republic,CZE,2012,Law mandates equal remuneration for females and males for work of equal value (1=yes; 0=no),SG.LAW.EQRM.WK,1
Czech Republic,CZE,2011,Law mandates equal remuneration for females and males for work of equal value (1=yes; 0=no),SG.LAW.EQRM.WK,1
Czech Republic,CZE,2010,Law mandates equal remuneration for females and males for work of equal value (1=yes; 0=no),SG.LAW.EQRM.WK,1
Czech Republic,CZE,2009,Law mandates equal remuneration for females and males for work of equal value (1=yes; 0=no),SG.LAW.EQRM.WK,1
Czech Republic,CZE,2008,Law mandates equal remuneration for females and males for work of equal value (1=yes; 0=no),SG.LAW.EQRM.WK,1
Czech Republic,CZE,2007,Law mandates equal remuneration for females and males for work of equal value (1=yes; 0=no),SG.LAW.EQRM.WK,1
Czech Republic,CZE,2006,Law mandates equal remuneration for females and males for work of equal value (1=yes; 0=no),SG.LAW.EQRM.WK,1
Czech Republic,CZE,2005,Law mandates equal remuneration for females and males for work of equal value (1=yes; 0=no),SG.LAW.EQRM.WK,1
Czech Republic,CZE,2004,Law mandates equal remuneration for females and males for work of equal value (1=yes; 0=no),SG.LAW.EQRM.WK,1
Czech Republic,CZE,2003,Law mandates equal remuneration for females and males for work of equal value (1=yes; 0=no),SG.LAW.EQRM.WK,1
Czech Republic,CZE,2002,Law mandates equal remuneration for females and males for work of equal value (1=yes; 0=no),SG.LAW.EQRM.WK,1
Czech Republic,CZE,2001,Law mandates equal remuneration for females and males for work of equal value (1=yes; 0=no),SG.LAW.EQRM.WK,1
Czech Republic,CZE,2000,Law mandates equal remuneration for females and males for work of equal value (1=yes; 0=no),SG.LAW.EQRM.WK,1
Czech Republic,CZE,1999,Law mandates equal remuneration for females and males for work of equal value (1=yes; 0=no),SG.LAW.EQRM.WK,1
Czech Republic,CZE,1998,Law mandates equal remuneration for females and males for work of equal value (1=yes; 0=no),SG.LAW.EQRM.WK,1
Czech Republic,CZE,1997,Law mandates equal remuneration for females and males for work of equal value (1=yes; 0=no),SG.LAW.EQRM.WK,1
Czech Republic,CZE,1996,Law mandates equal remuneration for females and males for work of equal value (1=yes; 0=no),SG.LAW.EQRM.WK,1
Czech Republic,CZE,1995,Law mandates equal remuneration for females and males for work of equal value (1=yes; 0=no),SG.LAW.EQRM.WK,1
Czech Republic,CZE,1994,Law mandates equal remuneration for females and males for work of equal value (1=yes; 0=no),SG.LAW.EQRM.WK,1
Czech Republic,CZE,1993,Law mandates equal remuneration for females and males for work of equal value (1=yes; 0=no),SG.LAW.EQRM.WK,1
Czech Republic,CZE,1992,Law mandates equal remuneration for females and males for work of equal value (1=yes; 0=no),SG.LAW.EQRM.WK,1
Czech Republic,CZE,1991,Law mandates equal remuneration for females and males for work of equal value (1=yes; 0=no),SG.LAW.EQRM.WK,1
Czech Republic,CZE,1990,Law mandates equal remuneration for females and males for work of equal value (1=yes; 0=no),SG.LAW.EQRM.WK,1
Czech Republic,CZE,1989,Law mandates equal remuneration for females and males for work of equal value (1=yes; 0=no),SG.LAW.EQRM.WK,1
Czech Republic,CZE,1988,Law mandates equal remuneration for females and males for work of equal value (1=yes; 0=no),SG.LAW.EQRM.WK,1
Czech Republic,CZE,1987,Law mandates equal remuneration for females and males for work of equal value (1=yes; 0=no),SG.LAW.EQRM.WK,1
Czech Republic,CZE,1986,Law mandates equal remuneration for females and males for work of equal value (1=yes; 0=no),SG.LAW.EQRM.WK,1
Czech Republic,CZE,1985,Law mandates equal remuneration for females and males for work of equal value (1=yes; 0=no),SG.LAW.EQRM.WK,1
Czech Republic,CZE,1984,Law mandates equal remuneration for females and males for work of equal value (1=yes; 0=no),SG.LAW.EQRM.WK,1
Czech Republic,CZE,1983,Law mandates equal remuneration for females and males for work of equal value (1=yes; 0=no),SG.LAW.EQRM.WK,1
Czech Republic,CZE,1982,Law mandates equal remuneration for females and males for work of equal value (1=yes; 0=no),SG.LAW.EQRM.WK,1
Czech Republic,CZE,1981,Law mandates equal remuneration for females and males for work of equal value (1=yes; 0=no),SG.LAW.EQRM.WK,1
Czech Republic,CZE,1980,Law mandates equal remuneration for females and males for work of equal value (1=yes; 0=no),SG.LAW.EQRM.WK,1
Czech Republic,CZE,1979,Law mandates equal remuneration for females and males for work of equal value (1=yes; 0=no),SG.LAW.EQRM.WK,1
Czech Republic,CZE,1978,Law mandates equal remuneration for females and males for work of equal value (1=yes; 0=no),SG.LAW.EQRM.WK,1
Czech Republic,CZE,1977,Law mandates equal remuneration for females and males for work of equal value (1=yes; 0=no),SG.LAW.EQRM.WK,1
Czech Republic,CZE,1976,Law mandates equal remuneration for females and males for work of equal value (1=yes; 0=no),SG.LAW.EQRM.WK,1
Czech Republic,CZE,1975,Law mandates equal remuneration for females and males for work of equal value (1=yes; 0=no),SG.LAW.EQRM.WK,1
Czech Republic,CZE,1974,Law mandates equal remuneration for females and males for work of equal value (1=yes; 0=no),SG.LAW.EQRM.WK,1
Czech Republic,CZE,1973,Law mandates equal remuneration for females and males for work of equal value (1=yes; 0=no),SG.LAW.EQRM.WK,1
Czech Republic,CZE,1972,Law mandates equal remuneration for females and males for work of equal value (1=yes; 0=no),SG.LAW.EQRM.WK,1
Czech Republic,CZE,1971,Law mandates equal remuneration for females and males for work of equal value (1=yes; 0=no),SG.LAW.EQRM.WK,1
Czech Republic,CZE,1970,Law mandates equal remuneration for females and males for work of equal value (1=yes; 0=no),SG.LAW.EQRM.WK,1
Czech Republic,CZE,2021,The law provides for the valuation of nonmonetary contributions (1=yes; 0=no),SG.LAW.NMCN,1
Czech Republic,CZE,2020,The law provides for the valuation of nonmonetary contributions (1=yes; 0=no),SG.LAW.NMCN,1
Czech Republic,CZE,2019,The law provides for the valuation of nonmonetary contributions (1=yes; 0=no),SG.LAW.NMCN,1
Czech Republic,CZE,2018,The law provides for the valuation of nonmonetary contributions (1=yes; 0=no),SG.LAW.NMCN,1
Czech Republic,CZE,2017,The law provides for the valuation of nonmonetary contributions (1=yes; 0=no),SG.LAW.NMCN,1
Czech Republic,CZE,2016,The law provides for the valuation of nonmonetary contributions (1=yes; 0=no),SG.LAW.NMCN,1
Czech Republic,CZE,2015,The law provides for the valuation of nonmonetary contributions (1=yes; 0=no),SG.LAW.NMCN,1
Czech Republic,CZE,2014,The law provides for the valuation of nonmonetary contributions (1=yes; 0=no),SG.LAW.NMCN,1
Czech Republic,CZE,2013,The law provides for the valuation of nonmonetary contributions (1=yes; 0=no),SG.LAW.NMCN,1
Czech Republic,CZE,2012,The law provides for the valuation of nonmonetary contributions (1=yes; 0=no),SG.LAW.NMCN,1
Czech Republic,CZE,2011,The law provides for the valuation of nonmonetary contributions (1=yes; 0=no),SG.LAW.NMCN,1
Czech Republic,CZE,2010,The law provides for the valuation of nonmonetary contributions (1=yes; 0=no),SG.LAW.NMCN,1
Czech Republic,CZE,2009,The law provides for the valuation of nonmonetary contributions (1=yes; 0=no),SG.LAW.NMCN,1
Czech Republic,CZE,2008,The law provides for the valuation of nonmonetary contributions (1=yes; 0=no),SG.LAW.NMCN,1
Czech Republic,CZE,2007,The law provides for the valuation of nonmonetary contributions (1=yes; 0=no),SG.LAW.NMCN,1
Czech Republic,CZE,2006,The law provides for the valuation of nonmonetary contributions (1=yes; 0=no),SG.LAW.NMCN,1
Czech Republic,CZE,2005,The law provides for the valuation of nonmonetary contributions (1=yes; 0=no),SG.LAW.NMCN,1
Czech Republic,CZE,2004,The law provides for the valuation of nonmonetary contributions (1=yes; 0=no),SG.LAW.NMCN,1
Czech Republic,CZE,2003,The law provides for the valuation of nonmonetary contributions (1=yes; 0=no),SG.LAW.NMCN,1
Czech Republic,CZE,2002,The law provides for the valuation of nonmonetary contributions (1=yes; 0=no),SG.LAW.NMCN,1
Czech Republic,CZE,2001,The law provides for the valuation of nonmonetary contributions (1=yes; 0=no),SG.LAW.NMCN,1
Czech Republic,CZE,2000,The law provides for the valuation of nonmonetary contributions (1=yes; 0=no),SG.LAW.NMCN,1
Czech Republic,CZE,1999,The law provides for the valuation of nonmonetary contributions (1=yes; 0=no),SG.LAW.NMCN,1
Czech Republic,CZE,1998,The law provides for the valuation of nonmonetary contributions (1=yes; 0=no),SG.LAW.NMCN,1
Czech Republic,CZE,1997,The law provides for the valuation of nonmonetary contributions (1=yes; 0=no),SG.LAW.NMCN,1
Czech Republic,CZE,1996,The law provides for the valuation of nonmonetary contributions (1=yes; 0=no),SG.LAW.NMCN,1
Czech Republic,CZE,1995,The law provides for the valuation of nonmonetary contributions (1=yes; 0=no),SG.LAW.NMCN,1
Czech Republic,CZE,1994,The law provides for the valuation of nonmonetary contributions (1=yes; 0=no),SG.LAW.NMCN,1
Czech Republic,CZE,1993,The law provides for the valuation of nonmonetary contributions (1=yes; 0=no),SG.LAW.NMCN,1
Czech Republic,CZE,1992,The law provides for the valuation of nonmonetary contributions (1=yes; 0=no),SG.LAW.NMCN,1
Czech Republic,CZE,1991,The law provides for the valuation of nonmonetary contributions (1=yes; 0=no),SG.LAW.NMCN,1
Czech Republic,CZE,1990,The law provides for the valuation of nonmonetary contributions (1=yes; 0=no),SG.LAW.NMCN,1
Czech Republic,CZE,1989,The law provides for the valuation of nonmonetary contributions (1=yes; 0=no),SG.LAW.NMCN,1
Czech Republic,CZE,1988,The law provides for the valuation of nonmonetary contributions (1=yes; 0=no),SG.LAW.NMCN,1
Czech Republic,CZE,1987,The law provides for the valuation of nonmonetary contributions (1=yes; 0=no),SG.LAW.NMCN,1
Czech Republic,CZE,1986,The law provides for the valuation of nonmonetary contributions (1=yes; 0=no),SG.LAW.NMCN,1
Czech Republic,CZE,1985,The law provides for the valuation of nonmonetary contributions (1=yes; 0=no),SG.LAW.NMCN,1
Czech Republic,CZE,1984,The law provides for the valuation of nonmonetary contributions (1=yes; 0=no),SG.LAW.NMCN,1
Czech Republic,CZE,1983,The law provides for the valuation of nonmonetary contributions (1=yes; 0=no),SG.LAW.NMCN,1
Czech Republic,CZE,1982,The law provides for the valuation of nonmonetary contributions (1=yes; 0=no),SG.LAW.NMCN,1
Czech Republic,CZE,1981,The law provides for the valuation of nonmonetary contributions (1=yes; 0=no),SG.LAW.NMCN,1
Czech Republic,CZE,1980,The law provides for the valuation of nonmonetary contributions (1=yes; 0=no),SG.LAW.NMCN,1
Czech Republic,CZE,1979,The law provides for the valuation of nonmonetary contributions (1=yes; 0=no),SG.LAW.NMCN,1
Czech Republic,CZE,1978,The law provides for the valuation of nonmonetary contributions (1=yes; 0=no),SG.LAW.NMCN,1
Czech Republic,CZE,1977,The law provides for the valuation of nonmonetary contributions (1=yes; 0=no),SG.LAW.NMCN,1
Czech Republic,CZE,1976,The law provides for the valuation of nonmonetary contributions (1=yes; 0=no),SG.LAW.NMCN,1
Czech Republic,CZE,1975,The law provides for the valuation of nonmonetary contributions (1=yes; 0=no),SG.LAW.NMCN,1
Czech Republic,CZE,1974,The law provides for the valuation of nonmonetary contributions (1=yes; 0=no),SG.LAW.NMCN,1
Czech Republic,CZE,1973,The law provides for the valuation of nonmonetary contributions (1=yes; 0=no),SG.LAW.NMCN,1
Czech Republic,CZE,1972,The law provides for the valuation of nonmonetary contributions (1=yes; 0=no),SG.LAW.NMCN,1
Czech Republic,CZE,1971,The law provides for the valuation of nonmonetary contributions (1=yes; 0=no),SG.LAW.NMCN,1
Czech Republic,CZE,1970,The law provides for the valuation of nonmonetary contributions (1=yes; 0=no),SG.LAW.NMCN,1
Czech Republic,CZE,2021,The law prohibits discrimination in employment based on gender (1=yes; 0=no),SG.LAW.NODC.HR,1
Czech Republic,CZE,2020,The law prohibits discrimination in employment based on gender (1=yes; 0=no),SG.LAW.NODC.HR,1
Czech Republic,CZE,2019,The law prohibits discrimination in employment based on gender (1=yes; 0=no),SG.LAW.NODC.HR,1
Czech Republic,CZE,2018,The law prohibits discrimination in employment based on gender (1=yes; 0=no),SG.LAW.NODC.HR,1
Czech Republic,CZE,2017,The law prohibits discrimination in employment based on gender (1=yes; 0=no),SG.LAW.NODC.HR,1
Czech Republic,CZE,2016,The law prohibits discrimination in employment based on gender (1=yes; 0=no),SG.LAW.NODC.HR,1
Czech Republic,CZE,2015,The law prohibits discrimination in employment based on gender (1=yes; 0=no),SG.LAW.NODC.HR,1
Czech Republic,CZE,2014,The law prohibits discrimination in employment based on gender (1=yes; 0=no),SG.LAW.NODC.HR,1
Czech Republic,CZE,2013,The law prohibits discrimination in employment based on gender (1=yes; 0=no),SG.LAW.NODC.HR,1
Czech Republic,CZE,2012,The law prohibits discrimination in employment based on gender (1=yes; 0=no),SG.LAW.NODC.HR,1
Czech Republic,CZE,2011,The law prohibits discrimination in employment based on gender (1=yes; 0=no),SG.LAW.NODC.HR,1
Czech Republic,CZE,2010,The law prohibits discrimination in employment based on gender (1=yes; 0=no),SG.LAW.NODC.HR,1
Czech Republic,CZE,2009,The law prohibits discrimination in employment based on gender (1=yes; 0=no),SG.LAW.NODC.HR,1
Czech Republic,CZE,2008,The law prohibits discrimination in employment based on gender (1=yes; 0=no),SG.LAW.NODC.HR,1
Czech Republic,CZE,2007,The law prohibits discrimination in employment based on gender (1=yes; 0=no),SG.LAW.NODC.HR,1
Czech Republic,CZE,2006,The law prohibits discrimination in employment based on gender (1=yes; 0=no),SG.LAW.NODC.HR,1
Czech Republic,CZE,2005,The law prohibits discrimination in employment based on gender (1=yes; 0=no),SG.LAW.NODC.HR,0
Czech Republic,CZE,2004,The law prohibits discrimination in employment based on gender (1=yes; 0=no),SG.LAW.NODC.HR,0
Czech Republic,CZE,2003,The law prohibits discrimination in employment based on gender (1=yes; 0=no),SG.LAW.NODC.HR,0
Czech Republic,CZE,2002,The law prohibits discrimination in employment based on gender (1=yes; 0=no),SG.LAW.NODC.HR,0
Czech Republic,CZE,2001,The law prohibits discrimination in employment based on gender (1=yes; 0=no),SG.LAW.NODC.HR,0
Czech Republic,CZE,2000,The law prohibits discrimination in employment based on gender (1=yes; 0=no),SG.LAW.NODC.HR,0
Czech Republic,CZE,1999,The law prohibits discrimination in employment based on gender (1=yes; 0=no),SG.LAW.NODC.HR,0
Czech Republic,CZE,1998,The law prohibits discrimination in employment based on gender (1=yes; 0=no),SG.LAW.NODC.HR,0
Czech Republic,CZE,1997,The law prohibits discrimination in employment based on gender (1=yes; 0=no),SG.LAW.NODC.HR,0
Czech Republic,CZE,1996,The law prohibits discrimination in employment based on gender (1=yes; 0=no),SG.LAW.NODC.HR,0
Czech Republic,CZE,1995,The law prohibits discrimination in employment based on gender (1=yes; 0=no),SG.LAW.NODC.HR,0
Czech Republic,CZE,1994,The law prohibits discrimination in employment based on gender (1=yes; 0=no),SG.LAW.NODC.HR,0
Czech Republic,CZE,1993,The law prohibits discrimination in employment based on gender (1=yes; 0=no),SG.LAW.NODC.HR,0
Czech Republic,CZE,1992,The law prohibits discrimination in employment based on gender (1=yes; 0=no),SG.LAW.NODC.HR,0
Czech Republic,CZE,1991,The law prohibits discrimination in employment based on gender (1=yes; 0=no),SG.LAW.NODC.HR,0
Czech Republic,CZE,1990,The law prohibits discrimination in employment based on gender (1=yes; 0=no),SG.LAW.NODC.HR,0
Czech Republic,CZE,1989,The law prohibits discrimination in employment based on gender (1=yes; 0=no),SG.LAW.NODC.HR,0
Czech Republic,CZE,1988,The law prohibits discrimination in employment based on gender (1=yes; 0=no),SG.LAW.NODC.HR,0
Czech Republic,CZE,1987,The law prohibits discrimination in employment based on gender (1=yes; 0=no),SG.LAW.NODC.HR,0
Czech Republic,CZE,1986,The law prohibits discrimination in employment based on gender (1=yes; 0=no),SG.LAW.NODC.HR,0
Czech Republic,CZE,1985,The law prohibits discrimination in employment based on gender (1=yes; 0=no),SG.LAW.NODC.HR,0
Czech Republic,CZE,1984,The law prohibits discrimination in employment based on gender (1=yes; 0=no),SG.LAW.NODC.HR,0
Czech Republic,CZE,1983,The law prohibits discrimination in employment based on gender (1=yes; 0=no),SG.LAW.NODC.HR,0
Czech Republic,CZE,1982,The law prohibits discrimination in employment based on gender (1=yes; 0=no),SG.LAW.NODC.HR,0
Czech Republic,CZE,1981,The law prohibits discrimination in employment based on gender (1=yes; 0=no),SG.LAW.NODC.HR,0
Czech Republic,CZE,1980,The law prohibits discrimination in employment based on gender (1=yes; 0=no),SG.LAW.NODC.HR,0
Czech Republic,CZE,1979,The law prohibits discrimination in employment based on gender (1=yes; 0=no),SG.LAW.NODC.HR,0
Czech Republic,CZE,1978,The law prohibits discrimination in employment based on gender (1=yes; 0=no),SG.LAW.NODC.HR,0
Czech Republic,CZE,1977,The law prohibits discrimination in employment based on gender (1=yes; 0=no),SG.LAW.NODC.HR,0
Czech Republic,CZE,1976,The law prohibits discrimination in employment based on gender (1=yes; 0=no),SG.LAW.NODC.HR,0
Czech Republic,CZE,1975,The law prohibits discrimination in employment based on gender (1=yes; 0=no),SG.LAW.NODC.HR,0
Czech Republic,CZE,1974,The law prohibits discrimination in employment based on gender (1=yes; 0=no),SG.LAW.NODC.HR,0
Czech Republic,CZE,1973,The law prohibits discrimination in employment based on gender (1=yes; 0=no),SG.LAW.NODC.HR,0
Czech Republic,CZE,1972,The law prohibits discrimination in employment based on gender (1=yes; 0=no),SG.LAW.NODC.HR,0
Czech Republic,CZE,1971,The law prohibits discrimination in employment based on gender (1=yes; 0=no),SG.LAW.NODC.HR,0
Czech Republic,CZE,1970,The law prohibits discrimination in employment based on gender (1=yes; 0=no),SG.LAW.NODC.HR,0
Czech Republic,CZE,2021,There is no legal provision that requires a married woman to obey her husband (1=yes; 0=no),SG.LAW.OBHB.MR.NO,1
Czech Republic,CZE,2020,There is no legal provision that requires a married woman to obey her husband (1=yes; 0=no),SG.LAW.OBHB.MR.NO,1
Czech Republic,CZE,2019,There is no legal provision that requires a married woman to obey her husband (1=yes; 0=no),SG.LAW.OBHB.MR.NO,1
Czech Republic,CZE,2018,There is no legal provision that requires a married woman to obey her husband (1=yes; 0=no),SG.LAW.OBHB.MR.NO,1
Czech Republic,CZE,2017,There is no legal provision that requires a married woman to obey her husband (1=yes; 0=no),SG.LAW.OBHB.MR.NO,1
Czech Republic,CZE,2016,There is no legal provision that requires a married woman to obey her husband (1=yes; 0=no),SG.LAW.OBHB.MR.NO,1
Czech Republic,CZE,2015,There is no legal provision that requires a married woman to obey her husband (1=yes; 0=no),SG.LAW.OBHB.MR.NO,1
Czech Republic,CZE,2014,There is no legal provision that requires a married woman to obey her husband (1=yes; 0=no),SG.LAW.OBHB.MR.NO,1
Czech Republic,CZE,2013,There is no legal provision that requires a married woman to obey her husband (1=yes; 0=no),SG.LAW.OBHB.MR.NO,1
Czech Republic,CZE,2012,There is no legal provision that requires a married woman to obey her husband (1=yes; 0=no),SG.LAW.OBHB.MR.NO,1
Czech Republic,CZE,2011,There is no legal provision that requires a married woman to obey her husband (1=yes; 0=no),SG.LAW.OBHB.MR.NO,1
Czech Republic,CZE,2010,There is no legal provision that requires a married woman to obey her husband (1=yes; 0=no),SG.LAW.OBHB.MR.NO,1
Czech Republic,CZE,2009,There is no legal provision that requires a married woman to obey her husband (1=yes; 0=no),SG.LAW.OBHB.MR.NO,1
Czech Republic,CZE,2008,There is no legal provision that requires a married woman to obey her husband (1=yes; 0=no),SG.LAW.OBHB.MR.NO,1
Czech Republic,CZE,2007,There is no legal provision that requires a married woman to obey her husband (1=yes; 0=no),SG.LAW.OBHB.MR.NO,1
Czech Republic,CZE,2006,There is no legal provision that requires a married woman to obey her husband (1=yes; 0=no),SG.LAW.OBHB.MR.NO,1
Czech Republic,CZE,2005,There is no legal provision that requires a married woman to obey her husband (1=yes; 0=no),SG.LAW.OBHB.MR.NO,1
Czech Republic,CZE,2004,There is no legal provision that requires a married woman to obey her husband (1=yes; 0=no),SG.LAW.OBHB.MR.NO,1
Czech Republic,CZE,2003,There is no legal provision that requires a married woman to obey her husband (1=yes; 0=no),SG.LAW.OBHB.MR.NO,1
Czech Republic,CZE,2002,There is no legal provision that requires a married woman to obey her husband (1=yes; 0=no),SG.LAW.OBHB.MR.NO,1
Czech Republic,CZE,2001,There is no legal provision that requires a married woman to obey her husband (1=yes; 0=no),SG.LAW.OBHB.MR.NO,1
Czech Republic,CZE,2000,There is no legal provision that requires a married woman to obey her husband (1=yes; 0=no),SG.LAW.OBHB.MR.NO,1
Czech Republic,CZE,1999,There is no legal provision that requires a married woman to obey her husband (1=yes; 0=no),SG.LAW.OBHB.MR.NO,1
Czech Republic,CZE,1998,There is no legal provision that requires a married woman to obey her husband (1=yes; 0=no),SG.LAW.OBHB.MR.NO,1
Czech Republic,CZE,1997,There is no legal provision that requires a married woman to obey her husband (1=yes; 0=no),SG.LAW.OBHB.MR.NO,1
Czech Republic,CZE,1996,There is no legal provision that requires a married woman to obey her husband (1=yes; 0=no),SG.LAW.OBHB.MR.NO,1
Czech Republic,CZE,1995,There is no legal provision that requires a married woman to obey her husband (1=yes; 0=no),SG.LAW.OBHB.MR.NO,1
Czech Republic,CZE,1994,There is no legal provision that requires a married woman to obey her husband (1=yes; 0=no),SG.LAW.OBHB.MR.NO,1
Czech Republic,CZE,1993,There is no legal provision that requires a married woman to obey her husband (1=yes; 0=no),SG.LAW.OBHB.MR.NO,1
Czech Republic,CZE,1992,There is no legal provision that requires a married woman to obey her husband (1=yes; 0=no),SG.LAW.OBHB.MR.NO,1
Czech Republic,CZE,1991,There is no legal provision that requires a married woman to obey her husband (1=yes; 0=no),SG.LAW.OBHB.MR.NO,1
Czech Republic,CZE,1990,There is no legal provision that requires a married woman to obey her husband (1=yes; 0=no),SG.LAW.OBHB.MR.NO,1
Czech Republic,CZE,1989,There is no legal provision that requires a married woman to obey her husband (1=yes; 0=no),SG.LAW.OBHB.MR.NO,1
Czech Republic,CZE,1988,There is no legal provision that requires a married woman to obey her husband (1=yes; 0=no),SG.LAW.OBHB.MR.NO,1
Czech Republic,CZE,1987,There is no legal provision that requires a married woman to obey her husband (1=yes; 0=no),SG.LAW.OBHB.MR.NO,1
Czech Republic,CZE,1986,There is no legal provision that requires a married woman to obey her husband (1=yes; 0=no),SG.LAW.OBHB.MR.NO,1
Czech Republic,CZE,1985,There is no legal provision that requires a married woman to obey her husband (1=yes; 0=no),SG.LAW.OBHB.MR.NO,1
Czech Republic,CZE,1984,There is no legal provision that requires a married woman to obey her husband (1=yes; 0=no),SG.LAW.OBHB.MR.NO,1
Czech Republic,CZE,1983,There is no legal provision that requires a married woman to obey her husband (1=yes; 0=no),SG.LAW.OBHB.MR.NO,1
Czech Republic,CZE,1982,There is no legal provision that requires a married woman to obey her husband (1=yes; 0=no),SG.LAW.OBHB.MR.NO,1
Czech Republic,CZE,1981,There is no legal provision that requires a married woman to obey her husband (1=yes; 0=no),SG.LAW.OBHB.MR.NO,1
Czech Republic,CZE,1980,There is no legal provision that requires a married woman to obey her husband (1=yes; 0=no),SG.LAW.OBHB.MR.NO,1
Czech Republic,CZE,1979,There is no legal provision that requires a married woman to obey her husband (1=yes; 0=no),SG.LAW.OBHB.MR.NO,1
Czech Republic,CZE,1978,There is no legal provision that requires a married woman to obey her husband (1=yes; 0=no),SG.LAW.OBHB.MR.NO,1
Czech Republic,CZE,1977,There is no legal provision that requires a married woman to obey her husband (1=yes; 0=no),SG.LAW.OBHB.MR.NO,1
Czech Republic,CZE,1976,There is no legal provision that requires a married woman to obey her husband (1=yes; 0=no),SG.LAW.OBHB.MR.NO,1
Czech Republic,CZE,1975,There is no legal provision that requires a married woman to obey her husband (1=yes; 0=no),SG.LAW.OBHB.MR.NO,1
Czech Republic,CZE,1974,There is no legal provision that requires a married woman to obey her husband (1=yes; 0=no),SG.LAW.OBHB.MR.NO,1
Czech Republic,CZE,1973,There is no legal provision that requires a married woman to obey her husband (1=yes; 0=no),SG.LAW.OBHB.MR.NO,1
Czech Republic,CZE,1972,There is no legal provision that requires a married woman to obey her husband (1=yes; 0=no),SG.LAW.OBHB.MR.NO,1
Czech Republic,CZE,1971,There is no legal provision that requires a married woman to obey her husband (1=yes; 0=no),SG.LAW.OBHB.MR.NO,1
Czech Republic,CZE,1970,There is no legal provision that requires a married woman to obey her husband (1=yes; 0=no),SG.LAW.OBHB.MR.NO,1
Czech Republic,CZE,2021,There is legislation specifically addressing domestic violence (1=yes; 0=no),SG.LEG.DVAW,1
Czech Republic,CZE,2020,There is legislation specifically addressing domestic violence (1=yes; 0=no),SG.LEG.DVAW,1
Czech Republic,CZE,2019,There is legislation specifically addressing domestic violence (1=yes; 0=no),SG.LEG.DVAW,1
Czech Republic,CZE,2018,There is legislation specifically addressing domestic violence (1=yes; 0=no),SG.LEG.DVAW,1
Czech Republic,CZE,2017,There is legislation specifically addressing domestic violence (1=yes; 0=no),SG.LEG.DVAW,1
Czech Republic,CZE,2016,There is legislation specifically addressing domestic violence (1=yes; 0=no),SG.LEG.DVAW,1
Czech Republic,CZE,2015,There is legislation specifically addressing domestic violence (1=yes; 0=no),SG.LEG.DVAW,1
Czech Republic,CZE,2014,There is legislation specifically addressing domestic violence (1=yes; 0=no),SG.LEG.DVAW,1
Czech Republic,CZE,2013,There is legislation specifically addressing domestic violence (1=yes; 0=no),SG.LEG.DVAW,1
Czech Republic,CZE,2012,There is legislation specifically addressing domestic violence (1=yes; 0=no),SG.LEG.DVAW,1
Czech Republic,CZE,2011,There is legislation specifically addressing domestic violence (1=yes; 0=no),SG.LEG.DVAW,1
Czech Republic,CZE,2010,There is legislation specifically addressing domestic violence (1=yes; 0=no),SG.LEG.DVAW,1
Czech Republic,CZE,2009,There is legislation specifically addressing domestic violence (1=yes; 0=no),SG.LEG.DVAW,1
Czech Republic,CZE,2008,There is legislation specifically addressing domestic violence (1=yes; 0=no),SG.LEG.DVAW,1
Czech Republic,CZE,2007,There is legislation specifically addressing domestic violence (1=yes; 0=no),SG.LEG.DVAW,1
Czech Republic,CZE,2006,There is legislation specifically addressing domestic violence (1=yes; 0=no),SG.LEG.DVAW,1
Czech Republic,CZE,2005,There is legislation specifically addressing domestic violence (1=yes; 0=no),SG.LEG.DVAW,0
Czech Republic,CZE,2004,There is legislation specifically addressing domestic violence (1=yes; 0=no),SG.LEG.DVAW,0
Czech Republic,CZE,2003,There is legislation specifically addressing domestic violence (1=yes; 0=no),SG.LEG.DVAW,0
Czech Republic,CZE,2002,There is legislation specifically addressing domestic violence (1=yes; 0=no),SG.LEG.DVAW,0
Czech Republic,CZE,2001,There is legislation specifically addressing domestic violence (1=yes; 0=no),SG.LEG.DVAW,0
Czech Republic,CZE,2000,There is legislation specifically addressing domestic violence (1=yes; 0=no),SG.LEG.DVAW,0
Czech Republic,CZE,1999,There is legislation specifically addressing domestic violence (1=yes; 0=no),SG.LEG.DVAW,0
Czech Republic,CZE,1998,There is legislation specifically addressing domestic violence (1=yes; 0=no),SG.LEG.DVAW,0
Czech Republic,CZE,1997,There is legislation specifically addressing domestic violence (1=yes; 0=no),SG.LEG.DVAW,0
Czech Republic,CZE,1996,There is legislation specifically addressing domestic violence (1=yes; 0=no),SG.LEG.DVAW,0
Czech Republic,CZE,1995,There is legislation specifically addressing domestic violence (1=yes; 0=no),SG.LEG.DVAW,0
Czech Republic,CZE,1994,There is legislation specifically addressing domestic violence (1=yes; 0=no),SG.LEG.DVAW,0
Czech Republic,CZE,1993,There is legislation specifically addressing domestic violence (1=yes; 0=no),SG.LEG.DVAW,0
Czech Republic,CZE,1992,There is legislation specifically addressing domestic violence (1=yes; 0=no),SG.LEG.DVAW,0
Czech Republic,CZE,1991,There is legislation specifically addressing domestic violence (1=yes; 0=no),SG.LEG.DVAW,0
Czech Republic,CZE,1990,There is legislation specifically addressing domestic violence (1=yes; 0=no),SG.LEG.DVAW,0
Czech Republic,CZE,1989,There is legislation specifically addressing domestic violence (1=yes; 0=no),SG.LEG.DVAW,0
Czech Republic,CZE,1988,There is legislation specifically addressing domestic violence (1=yes; 0=no),SG.LEG.DVAW,0
Czech Republic,CZE,1987,There is legislation specifically addressing domestic violence (1=yes; 0=no),SG.LEG.DVAW,0
Czech Republic,CZE,1986,There is legislation specifically addressing domestic violence (1=yes; 0=no),SG.LEG.DVAW,0
Czech Republic,CZE,1985,There is legislation specifically addressing domestic violence (1=yes; 0=no),SG.LEG.DVAW,0
Czech Republic,CZE,1984,There is legislation specifically addressing domestic violence (1=yes; 0=no),SG.LEG.DVAW,0
Czech Republic,CZE,1983,There is legislation specifically addressing domestic violence (1=yes; 0=no),SG.LEG.DVAW,0
Czech Republic,CZE,1982,There is legislation specifically addressing domestic violence (1=yes; 0=no),SG.LEG.DVAW,0
Czech Republic,CZE,1981,There is legislation specifically addressing domestic violence (1=yes; 0=no),SG.LEG.DVAW,0
Czech Republic,CZE,1980,There is legislation specifically addressing domestic violence (1=yes; 0=no),SG.LEG.DVAW,0
Czech Republic,CZE,1979,There is legislation specifically addressing domestic violence (1=yes; 0=no),SG.LEG.DVAW,0
Czech Republic,CZE,1978,There is legislation specifically addressing domestic violence (1=yes; 0=no),SG.LEG.DVAW,0
Czech Republic,CZE,1977,There is legislation specifically addressing domestic violence (1=yes; 0=no),SG.LEG.DVAW,0
Czech Republic,CZE,1976,There is legislation specifically addressing domestic violence (1=yes; 0=no),SG.LEG.DVAW,0
Czech Republic,CZE,1975,There is legislation specifically addressing domestic violence (1=yes; 0=no),SG.LEG.DVAW,0
Czech Republic,CZE,1974,There is legislation specifically addressing domestic violence (1=yes; 0=no),SG.LEG.DVAW,0
Czech Republic,CZE,1973,There is legislation specifically addressing domestic violence (1=yes; 0=no),SG.LEG.DVAW,0
Czech Republic,CZE,1972,There is legislation specifically addressing domestic violence (1=yes; 0=no),SG.LEG.DVAW,0
Czech Republic,CZE,1971,There is legislation specifically addressing domestic violence (1=yes; 0=no),SG.LEG.DVAW,0
Czech Republic,CZE,1970,There is legislation specifically addressing domestic violence (1=yes; 0=no),SG.LEG.DVAW,0
Czech Republic,CZE,2021,There is legislation on sexual harassment in employment (1=yes; 0=no),SG.LEG.SXHR.EM,1
Czech Republic,CZE,2020,There is legislation on sexual harassment in employment (1=yes; 0=no),SG.LEG.SXHR.EM,1
Czech Republic,CZE,2019,There is legislation on sexual harassment in employment (1=yes; 0=no),SG.LEG.SXHR.EM,1
Czech Republic,CZE,2018,There is legislation on sexual harassment in employment (1=yes; 0=no),SG.LEG.SXHR.EM,1
Czech Republic,CZE,2017,There is legislation on sexual harassment in employment (1=yes; 0=no),SG.LEG.SXHR.EM,1
Czech Republic,CZE,2016,There is legislation on sexual harassment in employment (1=yes; 0=no),SG.LEG.SXHR.EM,1
Czech Republic,CZE,2015,There is legislation on sexual harassment in employment (1=yes; 0=no),SG.LEG.SXHR.EM,1
Czech Republic,CZE,2014,There is legislation on sexual harassment in employment (1=yes; 0=no),SG.LEG.SXHR.EM,1
Czech Republic,CZE,2013,There is legislation on sexual harassment in employment (1=yes; 0=no),SG.LEG.SXHR.EM,1
Czech Republic,CZE,2012,There is legislation on sexual harassment in employment (1=yes; 0=no),SG.LEG.SXHR.EM,1
Czech Republic,CZE,2011,There is legislation on sexual harassment in employment (1=yes; 0=no),SG.LEG.SXHR.EM,1
Czech Republic,CZE,2010,There is legislation on sexual harassment in employment (1=yes; 0=no),SG.LEG.SXHR.EM,1
Czech Republic,CZE,2009,There is legislation on sexual harassment in employment (1=yes; 0=no),SG.LEG.SXHR.EM,1
Czech Republic,CZE,2008,There is legislation on sexual harassment in employment (1=yes; 0=no),SG.LEG.SXHR.EM,1
Czech Republic,CZE,2007,There is legislation on sexual harassment in employment (1=yes; 0=no),SG.LEG.SXHR.EM,1
Czech Republic,CZE,2006,There is legislation on sexual harassment in employment (1=yes; 0=no),SG.LEG.SXHR.EM,1
Czech Republic,CZE,2005,There is legislation on sexual harassment in employment (1=yes; 0=no),SG.LEG.SXHR.EM,0
Czech Republic,CZE,2004,There is legislation on sexual harassment in employment (1=yes; 0=no),SG.LEG.SXHR.EM,0
Czech Republic,CZE,2003,There is legislation on sexual harassment in employment (1=yes; 0=no),SG.LEG.SXHR.EM,0
Czech Republic,CZE,2002,There is legislation on sexual harassment in employment (1=yes; 0=no),SG.LEG.SXHR.EM,0
Czech Republic,CZE,2001,There is legislation on sexual harassment in employment (1=yes; 0=no),SG.LEG.SXHR.EM,0
Czech Republic,CZE,2000,There is legislation on sexual harassment in employment (1=yes; 0=no),SG.LEG.SXHR.EM,0
Czech Republic,CZE,1999,There is legislation on sexual harassment in employment (1=yes; 0=no),SG.LEG.SXHR.EM,0
Czech Republic,CZE,1998,There is legislation on sexual harassment in employment (1=yes; 0=no),SG.LEG.SXHR.EM,0
Czech Republic,CZE,1997,There is legislation on sexual harassment in employment (1=yes; 0=no),SG.LEG.SXHR.EM,0
Czech Republic,CZE,1996,There is legislation on sexual harassment in employment (1=yes; 0=no),SG.LEG.SXHR.EM,0
Czech Republic,CZE,1995,There is legislation on sexual harassment in employment (1=yes; 0=no),SG.LEG.SXHR.EM,0
Czech Republic,CZE,1994,There is legislation on sexual harassment in employment (1=yes; 0=no),SG.LEG.SXHR.EM,0
Czech Republic,CZE,1993,There is legislation on sexual harassment in employment (1=yes; 0=no),SG.LEG.SXHR.EM,0
Czech Republic,CZE,1992,There is legislation on sexual harassment in employment (1=yes; 0=no),SG.LEG.SXHR.EM,0
Czech Republic,CZE,1991,There is legislation on sexual harassment in employment (1=yes; 0=no),SG.LEG.SXHR.EM,0
Czech Republic,CZE,1990,There is legislation on sexual harassment in employment (1=yes; 0=no),SG.LEG.SXHR.EM,0
Czech Republic,CZE,1989,There is legislation on sexual harassment in employment (1=yes; 0=no),SG.LEG.SXHR.EM,0
Czech Republic,CZE,1988,There is legislation on sexual harassment in employment (1=yes; 0=no),SG.LEG.SXHR.EM,0
Czech Republic,CZE,1987,There is legislation on sexual harassment in employment (1=yes; 0=no),SG.LEG.SXHR.EM,0
Czech Republic,CZE,1986,There is legislation on sexual harassment in employment (1=yes; 0=no),SG.LEG.SXHR.EM,0
Czech Republic,CZE,1985,There is legislation on sexual harassment in employment (1=yes; 0=no),SG.LEG.SXHR.EM,0
Czech Republic,CZE,1984,There is legislation on sexual harassment in employment (1=yes; 0=no),SG.LEG.SXHR.EM,0
Czech Republic,CZE,1983,There is legislation on sexual harassment in employment (1=yes; 0=no),SG.LEG.SXHR.EM,0
Czech Republic,CZE,1982,There is legislation on sexual harassment in employment (1=yes; 0=no),SG.LEG.SXHR.EM,0
Czech Republic,CZE,1981,There is legislation on sexual harassment in employment (1=yes; 0=no),SG.LEG.SXHR.EM,0
Czech Republic,CZE,1980,There is legislation on sexual harassment in employment (1=yes; 0=no),SG.LEG.SXHR.EM,0
Czech Republic,CZE,1979,There is legislation on sexual harassment in employment (1=yes; 0=no),SG.LEG.SXHR.EM,0
Czech Republic,CZE,1978,There is legislation on sexual harassment in employment (1=yes; 0=no),SG.LEG.SXHR.EM,0
Czech Republic,CZE,1977,There is legislation on sexual harassment in employment (1=yes; 0=no),SG.LEG.SXHR.EM,0
Czech Republic,CZE,1976,There is legislation on sexual harassment in employment (1=yes; 0=no),SG.LEG.SXHR.EM,0
Czech Republic,CZE,1975,There is legislation on sexual harassment in employment (1=yes; 0=no),SG.LEG.SXHR.EM,0
Czech Republic,CZE,1974,There is legislation on sexual harassment in employment (1=yes; 0=no),SG.LEG.SXHR.EM,0
Czech Republic,CZE,1973,There is legislation on sexual harassment in employment (1=yes; 0=no),SG.LEG.SXHR.EM,0
Czech Republic,CZE,1972,There is legislation on sexual harassment in employment (1=yes; 0=no),SG.LEG.SXHR.EM,0
Czech Republic,CZE,1971,There is legislation on sexual harassment in employment (1=yes; 0=no),SG.LEG.SXHR.EM,0
Czech Republic,CZE,1970,There is legislation on sexual harassment in employment (1=yes; 0=no),SG.LEG.SXHR.EM,0
Czech Republic,CZE,2021,A woman can choose where to live in the same way as a man (1=yes; 0=no),SG.LOC.LIVE.EQ,1
Czech Republic,CZE,2020,A woman can choose where to live in the same way as a man (1=yes; 0=no),SG.LOC.LIVE.EQ,1
Czech Republic,CZE,2019,A woman can choose where to live in the same way as a man (1=yes; 0=no),SG.LOC.LIVE.EQ,1
Czech Republic,CZE,2018,A woman can choose where to live in the same way as a man (1=yes; 0=no),SG.LOC.LIVE.EQ,1
Czech Republic,CZE,2017,A woman can choose where to live in the same way as a man (1=yes; 0=no),SG.LOC.LIVE.EQ,1
Czech Republic,CZE,2016,A woman can choose where to live in the same way as a man (1=yes; 0=no),SG.LOC.LIVE.EQ,1
Czech Republic,CZE,2015,A woman can choose where to live in the same way as a man (1=yes; 0=no),SG.LOC.LIVE.EQ,1
Czech Republic,CZE,2014,A woman can choose where to live in the same way as a man (1=yes; 0=no),SG.LOC.LIVE.EQ,1
Czech Republic,CZE,2013,A woman can choose where to live in the same way as a man (1=yes; 0=no),SG.LOC.LIVE.EQ,1
Czech Republic,CZE,2012,A woman can choose where to live in the same way as a man (1=yes; 0=no),SG.LOC.LIVE.EQ,1
Czech Republic,CZE,2011,A woman can choose where to live in the same way as a man (1=yes; 0=no),SG.LOC.LIVE.EQ,1
Czech Republic,CZE,2010,A woman can choose where to live in the same way as a man (1=yes; 0=no),SG.LOC.LIVE.EQ,1
Czech Republic,CZE,2009,A woman can choose where to live in the same way as a man (1=yes; 0=no),SG.LOC.LIVE.EQ,1
Czech Republic,CZE,2008,A woman can choose where to live in the same way as a man (1=yes; 0=no),SG.LOC.LIVE.EQ,1
Czech Republic,CZE,2007,A woman can choose where to live in the same way as a man (1=yes; 0=no),SG.LOC.LIVE.EQ,1
Czech Republic,CZE,2006,A woman can choose where to live in the same way as a man (1=yes; 0=no),SG.LOC.LIVE.EQ,1
Czech Republic,CZE,2005,A woman can choose where to live in the same way as a man (1=yes; 0=no),SG.LOC.LIVE.EQ,1
Czech Republic,CZE,2004,A woman can choose where to live in the same way as a man (1=yes; 0=no),SG.LOC.LIVE.EQ,1
Czech Republic,CZE,2003,A woman can choose where to live in the same way as a man (1=yes; 0=no),SG.LOC.LIVE.EQ,1
Czech Republic,CZE,2002,A woman can choose where to live in the same way as a man (1=yes; 0=no),SG.LOC.LIVE.EQ,1
Czech Republic,CZE,2001,A woman can choose where to live in the same way as a man (1=yes; 0=no),SG.LOC.LIVE.EQ,1
Czech Republic,CZE,2000,A woman can choose where to live in the same way as a man (1=yes; 0=no),SG.LOC.LIVE.EQ,1
Czech Republic,CZE,1999,A woman can choose where to live in the same way as a man (1=yes; 0=no),SG.LOC.LIVE.EQ,1
Czech Republic,CZE,1998,A woman can choose where to live in the same way as a man (1=yes; 0=no),SG.LOC.LIVE.EQ,1
Czech Republic,CZE,1997,A woman can choose where to live in the same way as a man (1=yes; 0=no),SG.LOC.LIVE.EQ,1
Czech Republic,CZE,1996,A woman can choose where to live in the same way as a man (1=yes; 0=no),SG.LOC.LIVE.EQ,1
Czech Republic,CZE,1995,A woman can choose where to live in the same way as a man (1=yes; 0=no),SG.LOC.LIVE.EQ,1
Czech Republic,CZE,1994,A woman can choose where to live in the same way as a man (1=yes; 0=no),SG.LOC.LIVE.EQ,1
Czech Republic,CZE,1993,A woman can choose where to live in the same way as a man (1=yes; 0=no),SG.LOC.LIVE.EQ,1
Czech Republic,CZE,1992,A woman can choose where to live in the same way as a man (1=yes; 0=no),SG.LOC.LIVE.EQ,1
Czech Republic,CZE,1991,A woman can choose where to live in the same way as a man (1=yes; 0=no),SG.LOC.LIVE.EQ,1
Czech Republic,CZE,1990,A woman can choose where to live in the same way as a man (1=yes; 0=no),SG.LOC.LIVE.EQ,1
Czech Republic,CZE,1989,A woman can choose where to live in the same way as a man (1=yes; 0=no),SG.LOC.LIVE.EQ,1
Czech Republic,CZE,1988,A woman can choose where to live in the same way as a man (1=yes; 0=no),SG.LOC.LIVE.EQ,1
Czech Republic,CZE,1987,A woman can choose where to live in the same way as a man (1=yes; 0=no),SG.LOC.LIVE.EQ,1
Czech Republic,CZE,1986,A woman can choose where to live in the same way as a man (1=yes; 0=no),SG.LOC.LIVE.EQ,1
Czech Republic,CZE,1985,A woman can choose where to live in the same way as a man (1=yes; 0=no),SG.LOC.LIVE.EQ,1
Czech Republic,CZE,1984,A woman can choose where to live in the same way as a man (1=yes; 0=no),SG.LOC.LIVE.EQ,1
Czech Republic,CZE,1983,A woman can choose where to live in the same way as a man (1=yes; 0=no),SG.LOC.LIVE.EQ,1
Czech Republic,CZE,1982,A woman can choose where to live in the same way as a man (1=yes; 0=no),SG.LOC.LIVE.EQ,1
Czech Republic,CZE,1981,A woman can choose where to live in the same way as a man (1=yes; 0=no),SG.LOC.LIVE.EQ,1
Czech Republic,CZE,1980,A woman can choose where to live in the same way as a man (1=yes; 0=no),SG.LOC.LIVE.EQ,1
Czech Republic,CZE,1979,A woman can choose where to live in the same way as a man (1=yes; 0=no),SG.LOC.LIVE.EQ,1
Czech Republic,CZE,1978,A woman can choose where to live in the same way as a man (1=yes; 0=no),SG.LOC.LIVE.EQ,1
Czech Republic,CZE,1977,A woman can choose where to live in the same way as a man (1=yes; 0=no),SG.LOC.LIVE.EQ,1
Czech Republic,CZE,1976,A woman can choose where to live in the same way as a man (1=yes; 0=no),SG.LOC.LIVE.EQ,1
Czech Republic,CZE,1975,A woman can choose where to live in the same way as a man (1=yes; 0=no),SG.LOC.LIVE.EQ,1
Czech Republic,CZE,1974,A woman can choose where to live in the same way as a man (1=yes; 0=no),SG.LOC.LIVE.EQ,1
Czech Republic,CZE,1973,A woman can choose where to live in the same way as a man (1=yes; 0=no),SG.LOC.LIVE.EQ,1
Czech Republic,CZE,1972,A woman can choose where to live in the same way as a man (1=yes; 0=no),SG.LOC.LIVE.EQ,1
Czech Republic,CZE,1971,A woman can choose where to live in the same way as a man (1=yes; 0=no),SG.LOC.LIVE.EQ,1
Czech Republic,CZE,1970,A woman can choose where to live in the same way as a man (1=yes; 0=no),SG.LOC.LIVE.EQ,1
Czech Republic,CZE,2021,A woman can work at night in the same way as a man (1=yes; 0=no),SG.NGT.WORK.EQ,1
Czech Republic,CZE,2020,A woman can work at night in the same way as a man (1=yes; 0=no),SG.NGT.WORK.EQ,1
Czech Republic,CZE,2019,A woman can work at night in the same way as a man (1=yes; 0=no),SG.NGT.WORK.EQ,1
Czech Republic,CZE,2018,A woman can work at night in the same way as a man (1=yes; 0=no),SG.NGT.WORK.EQ,1
Czech Republic,CZE,2017,A woman can work at night in the same way as a man (1=yes; 0=no),SG.NGT.WORK.EQ,1
Czech Republic,CZE,2016,A woman can work at night in the same way as a man (1=yes; 0=no),SG.NGT.WORK.EQ,1
Czech Republic,CZE,2015,A woman can work at night in the same way as a man (1=yes; 0=no),SG.NGT.WORK.EQ,1
Czech Republic,CZE,2014,A woman can work at night in the same way as a man (1=yes; 0=no),SG.NGT.WORK.EQ,1
Czech Republic,CZE,2013,A woman can work at night in the same way as a man (1=yes; 0=no),SG.NGT.WORK.EQ,1
Czech Republic,CZE,2012,A woman can work at night in the same way as a man (1=yes; 0=no),SG.NGT.WORK.EQ,1
Czech Republic,CZE,2011,A woman can work at night in the same way as a man (1=yes; 0=no),SG.NGT.WORK.EQ,1
Czech Republic,CZE,2010,A woman can work at night in the same way as a man (1=yes; 0=no),SG.NGT.WORK.EQ,1
Czech Republic,CZE,2009,A woman can work at night in the same way as a man (1=yes; 0=no),SG.NGT.WORK.EQ,1
Czech Republic,CZE,2008,A woman can work at night in the same way as a man (1=yes; 0=no),SG.NGT.WORK.EQ,1
Czech Republic,CZE,2007,A woman can work at night in the same way as a man (1=yes; 0=no),SG.NGT.WORK.EQ,1
Czech Republic,CZE,2006,A woman can work at night in the same way as a man (1=yes; 0=no),SG.NGT.WORK.EQ,1
Czech Republic,CZE,2005,A woman can work at night in the same way as a man (1=yes; 0=no),SG.NGT.WORK.EQ,1
Czech Republic,CZE,2004,A woman can work at night in the same way as a man (1=yes; 0=no),SG.NGT.WORK.EQ,1
Czech Republic,CZE,2003,A woman can work at night in the same way as a man (1=yes; 0=no),SG.NGT.WORK.EQ,1
Czech Republic,CZE,2002,A woman can work at night in the same way as a man (1=yes; 0=no),SG.NGT.WORK.EQ,1
Czech Republic,CZE,2001,A woman can work at night in the same way as a man (1=yes; 0=no),SG.NGT.WORK.EQ,1
Czech Republic,CZE,2000,A woman can work at night in the same way as a man (1=yes; 0=no),SG.NGT.WORK.EQ,1
Czech Republic,CZE,1999,A woman can work at night in the same way as a man (1=yes; 0=no),SG.NGT.WORK.EQ,1
Czech Republic,CZE,1998,A woman can work at night in the same way as a man (1=yes; 0=no),SG.NGT.WORK.EQ,1
Czech Republic,CZE,1997,A woman can work at night in the same way as a man (1=yes; 0=no),SG.NGT.WORK.EQ,1
Czech Republic,CZE,1996,A woman can work at night in the same way as a man (1=yes; 0=no),SG.NGT.WORK.EQ,1
Czech Republic,CZE,1995,A woman can work at night in the same way as a man (1=yes; 0=no),SG.NGT.WORK.EQ,1
Czech Republic,CZE,1994,A woman can work at night in the same way as a man (1=yes; 0=no),SG.NGT.WORK.EQ,0
Czech Republic,CZE,1993,A woman can work at night in the same way as a man (1=yes; 0=no),SG.NGT.WORK.EQ,0
Czech Republic,CZE,1992,A woman can work at night in the same way as a man (1=yes; 0=no),SG.NGT.WORK.EQ,0
Czech Republic,CZE,1991,A woman can work at night in the same way as a man (1=yes; 0=no),SG.NGT.WORK.EQ,0
Czech Republic,CZE,1990,A woman can work at night in the same way as a man (1=yes; 0=no),SG.NGT.WORK.EQ,0
Czech Republic,CZE,1989,A woman can work at night in the same way as a man (1=yes; 0=no),SG.NGT.WORK.EQ,0
Czech Republic,CZE,1988,A woman can work at night in the same way as a man (1=yes; 0=no),SG.NGT.WORK.EQ,0
Czech Republic,CZE,1987,A woman can work at night in the same way as a man (1=yes; 0=no),SG.NGT.WORK.EQ,0
Czech Republic,CZE,1986,A woman can work at night in the same way as a man (1=yes; 0=no),SG.NGT.WORK.EQ,0
Czech Republic,CZE,1985,A woman can work at night in the same way as a man (1=yes; 0=no),SG.NGT.WORK.EQ,0
Czech Republic,CZE,1984,A woman can work at night in the same way as a man (1=yes; 0=no),SG.NGT.WORK.EQ,0
Czech Republic,CZE,1983,A woman can work at night in the same way as a man (1=yes; 0=no),SG.NGT.WORK.EQ,0
Czech Republic,CZE,1982,A woman can work at night in the same way as a man (1=yes; 0=no),SG.NGT.WORK.EQ,0
Czech Republic,CZE,1981,A woman can work at night in the same way as a man (1=yes; 0=no),SG.NGT.WORK.EQ,0
Czech Republic,CZE,1980,A woman can work at night in the same way as a man (1=yes; 0=no),SG.NGT.WORK.EQ,0
Czech Republic,CZE,1979,A woman can work at night in the same way as a man (1=yes; 0=no),SG.NGT.WORK.EQ,0
Czech Republic,CZE,1978,A woman can work at night in the same way as a man (1=yes; 0=no),SG.NGT.WORK.EQ,0
Czech Republic,CZE,1977,A woman can work at night in the same way as a man (1=yes; 0=no),SG.NGT.WORK.EQ,0
Czech Republic,CZE,1976,A woman can work at night in the same way as a man (1=yes; 0=no),SG.NGT.WORK.EQ,0
Czech Republic,CZE,1975,A woman can work at night in the same way as a man (1=yes; 0=no),SG.NGT.WORK.EQ,0
Czech Republic,CZE,1974,A woman can work at night in the same way as a man (1=yes; 0=no),SG.NGT.WORK.EQ,0
Czech Republic,CZE,1973,A woman can work at night in the same way as a man (1=yes; 0=no),SG.NGT.WORK.EQ,0
Czech Republic,CZE,1972,A woman can work at night in the same way as a man (1=yes; 0=no),SG.NGT.WORK.EQ,0
Czech Republic,CZE,1971,A woman can work at night in the same way as a man (1=yes; 0=no),SG.NGT.WORK.EQ,0
Czech Republic,CZE,1970,A woman can work at night in the same way as a man (1=yes; 0=no),SG.NGT.WORK.EQ,0
Czech Republic,CZE,2021,A woman can obtain a judgment of divorce in the same way as a man (1=yes; 0=no),SG.OBT.DVRC.EQ,1
Czech Republic,CZE,2020,A woman can obtain a judgment of divorce in the same way as a man (1=yes; 0=no),SG.OBT.DVRC.EQ,1
Czech Republic,CZE,2019,A woman can obtain a judgment of divorce in the same way as a man (1=yes; 0=no),SG.OBT.DVRC.EQ,1
Czech Republic,CZE,2018,A woman can obtain a judgment of divorce in the same way as a man (1=yes; 0=no),SG.OBT.DVRC.EQ,1
Czech Republic,CZE,2017,A woman can obtain a judgment of divorce in the same way as a man (1=yes; 0=no),SG.OBT.DVRC.EQ,1
Czech Republic,CZE,2016,A woman can obtain a judgment of divorce in the same way as a man (1=yes; 0=no),SG.OBT.DVRC.EQ,1
Czech Republic,CZE,2015,A woman can obtain a judgment of divorce in the same way as a man (1=yes; 0=no),SG.OBT.DVRC.EQ,1
Czech Republic,CZE,2014,A woman can obtain a judgment of divorce in the same way as a man (1=yes; 0=no),SG.OBT.DVRC.EQ,1
Czech Republic,CZE,2013,A woman can obtain a judgment of divorce in the same way as a man (1=yes; 0=no),SG.OBT.DVRC.EQ,1
Czech Republic,CZE,2012,A woman can obtain a judgment of divorce in the same way as a man (1=yes; 0=no),SG.OBT.DVRC.EQ,1
Czech Republic,CZE,2011,A woman can obtain a judgment of divorce in the same way as a man (1=yes; 0=no),SG.OBT.DVRC.EQ,1
Czech Republic,CZE,2010,A woman can obtain a judgment of divorce in the same way as a man (1=yes; 0=no),SG.OBT.DVRC.EQ,1
Czech Republic,CZE,2009,A woman can obtain a judgment of divorce in the same way as a man (1=yes; 0=no),SG.OBT.DVRC.EQ,1
Czech Republic,CZE,2008,A woman can obtain a judgment of divorce in the same way as a man (1=yes; 0=no),SG.OBT.DVRC.EQ,1
Czech Republic,CZE,2007,A woman can obtain a judgment of divorce in the same way as a man (1=yes; 0=no),SG.OBT.DVRC.EQ,1
Czech Republic,CZE,2006,A woman can obtain a judgment of divorce in the same way as a man (1=yes; 0=no),SG.OBT.DVRC.EQ,1
Czech Republic,CZE,2005,A woman can obtain a judgment of divorce in the same way as a man (1=yes; 0=no),SG.OBT.DVRC.EQ,1
Czech Republic,CZE,2004,A woman can obtain a judgment of divorce in the same way as a man (1=yes; 0=no),SG.OBT.DVRC.EQ,1
Czech Republic,CZE,2003,A woman can obtain a judgment of divorce in the same way as a man (1=yes; 0=no),SG.OBT.DVRC.EQ,1
Czech Republic,CZE,2002,A woman can obtain a judgment of divorce in the same way as a man (1=yes; 0=no),SG.OBT.DVRC.EQ,1
Czech Republic,CZE,2001,A woman can obtain a judgment of divorce in the same way as a man (1=yes; 0=no),SG.OBT.DVRC.EQ,1
Czech Republic,CZE,2000,A woman can obtain a judgment of divorce in the same way as a man (1=yes; 0=no),SG.OBT.DVRC.EQ,1
Czech Republic,CZE,1999,A woman can obtain a judgment of divorce in the same way as a man (1=yes; 0=no),SG.OBT.DVRC.EQ,1
Czech Republic,CZE,1998,A woman can obtain a judgment of divorce in the same way as a man (1=yes; 0=no),SG.OBT.DVRC.EQ,1
Czech Republic,CZE,1997,A woman can obtain a judgment of divorce in the same way as a man (1=yes; 0=no),SG.OBT.DVRC.EQ,1
Czech Republic,CZE,1996,A woman can obtain a judgment of divorce in the same way as a man (1=yes; 0=no),SG.OBT.DVRC.EQ,1
Czech Republic,CZE,1995,A woman can obtain a judgment of divorce in the same way as a man (1=yes; 0=no),SG.OBT.DVRC.EQ,1
Czech Republic,CZE,1994,A woman can obtain a judgment of divorce in the same way as a man (1=yes; 0=no),SG.OBT.DVRC.EQ,1
Czech Republic,CZE,1993,A woman can obtain a judgment of divorce in the same way as a man (1=yes; 0=no),SG.OBT.DVRC.EQ,1
Czech Republic,CZE,1992,A woman can obtain a judgment of divorce in the same way as a man (1=yes; 0=no),SG.OBT.DVRC.EQ,1
Czech Republic,CZE,1991,A woman can obtain a judgment of divorce in the same way as a man (1=yes; 0=no),SG.OBT.DVRC.EQ,1
Czech Republic,CZE,1990,A woman can obtain a judgment of divorce in the same way as a man (1=yes; 0=no),SG.OBT.DVRC.EQ,1
Czech Republic,CZE,1989,A woman can obtain a judgment of divorce in the same way as a man (1=yes; 0=no),SG.OBT.DVRC.EQ,1
Czech Republic,CZE,1988,A woman can obtain a judgment of divorce in the same way as a man (1=yes; 0=no),SG.OBT.DVRC.EQ,1
Czech Republic,CZE,1987,A woman can obtain a judgment of divorce in the same way as a man (1=yes; 0=no),SG.OBT.DVRC.EQ,1
Czech Republic,CZE,1986,A woman can obtain a judgment of divorce in the same way as a man (1=yes; 0=no),SG.OBT.DVRC.EQ,1
Czech Republic,CZE,1985,A woman can obtain a judgment of divorce in the same way as a man (1=yes; 0=no),SG.OBT.DVRC.EQ,1
Czech Republic,CZE,1984,A woman can obtain a judgment of divorce in the same way as a man (1=yes; 0=no),SG.OBT.DVRC.EQ,1
Czech Republic,CZE,1983,A woman can obtain a judgment of divorce in the same way as a man (1=yes; 0=no),SG.OBT.DVRC.EQ,1
Czech Republic,CZE,1982,A woman can obtain a judgment of divorce in the same way as a man (1=yes; 0=no),SG.OBT.DVRC.EQ,1
Czech Republic,CZE,1981,A woman can obtain a judgment of divorce in the same way as a man (1=yes; 0=no),SG.OBT.DVRC.EQ,1
Czech Republic,CZE,1980,A woman can obtain a judgment of divorce in the same way as a man (1=yes; 0=no),SG.OBT.DVRC.EQ,1
Czech Republic,CZE,1979,A woman can obtain a judgment of divorce in the same way as a man (1=yes; 0=no),SG.OBT.DVRC.EQ,1
Czech Republic,CZE,1978,A woman can obtain a judgment of divorce in the same way as a man (1=yes; 0=no),SG.OBT.DVRC.EQ,1
Czech Republic,CZE,1977,A woman can obtain a judgment of divorce in the same way as a man (1=yes; 0=no),SG.OBT.DVRC.EQ,1
Czech Republic,CZE,1976,A woman can obtain a judgment of divorce in the same way as a man (1=yes; 0=no),SG.OBT.DVRC.EQ,1
Czech Republic,CZE,1975,A woman can obtain a judgment of divorce in the same way as a man (1=yes; 0=no),SG.OBT.DVRC.EQ,1
Czech Republic,CZE,1974,A woman can obtain a judgment of divorce in the same way as a man (1=yes; 0=no),SG.OBT.DVRC.EQ,1
Czech Republic,CZE,1973,A woman can obtain a judgment of divorce in the same way as a man (1=yes; 0=no),SG.OBT.DVRC.EQ,1
Czech Republic,CZE,1972,A woman can obtain a judgment of divorce in the same way as a man (1=yes; 0=no),SG.OBT.DVRC.EQ,1
Czech Republic,CZE,1971,A woman can obtain a judgment of divorce in the same way as a man (1=yes; 0=no),SG.OBT.DVRC.EQ,1
Czech Republic,CZE,1970,A woman can obtain a judgment of divorce in the same way as a man (1=yes; 0=no),SG.OBT.DVRC.EQ,1
Czech Republic,CZE,2021,A woman can open a bank account in the same way as a man (1=yes; 0=no),SG.OPN.BANK.EQ,1
Czech Republic,CZE,2020,A woman can open a bank account in the same way as a man (1=yes; 0=no),SG.OPN.BANK.EQ,1
Czech Republic,CZE,2019,A woman can open a bank account in the same way as a man (1=yes; 0=no),SG.OPN.BANK.EQ,1
Czech Republic,CZE,2018,A woman can open a bank account in the same way as a man (1=yes; 0=no),SG.OPN.BANK.EQ,1
Czech Republic,CZE,2017,A woman can open a bank account in the same way as a man (1=yes; 0=no),SG.OPN.BANK.EQ,1
Czech Republic,CZE,2016,A woman can open a bank account in the same way as a man (1=yes; 0=no),SG.OPN.BANK.EQ,1
Czech Republic,CZE,2015,A woman can open a bank account in the same way as a man (1=yes; 0=no),SG.OPN.BANK.EQ,1
Czech Republic,CZE,2014,A woman can open a bank account in the same way as a man (1=yes; 0=no),SG.OPN.BANK.EQ,1
Czech Republic,CZE,2013,A woman can open a bank account in the same way as a man (1=yes; 0=no),SG.OPN.BANK.EQ,1
Czech Republic,CZE,2012,A woman can open a bank account in the same way as a man (1=yes; 0=no),SG.OPN.BANK.EQ,1
Czech Republic,CZE,2011,A woman can open a bank account in the same way as a man (1=yes; 0=no),SG.OPN.BANK.EQ,1
Czech Republic,CZE,2010,A woman can open a bank account in the same way as a man (1=yes; 0=no),SG.OPN.BANK.EQ,1
Czech Republic,CZE,2009,A woman can open a bank account in the same way as a man (1=yes; 0=no),SG.OPN.BANK.EQ,1
Czech Republic,CZE,2008,A woman can open a bank account in the same way as a man (1=yes; 0=no),SG.OPN.BANK.EQ,1
Czech Republic,CZE,2007,A woman can open a bank account in the same way as a man (1=yes; 0=no),SG.OPN.BANK.EQ,1
Czech Republic,CZE,2006,A woman can open a bank account in the same way as a man (1=yes; 0=no),SG.OPN.BANK.EQ,1
Czech Republic,CZE,2005,A woman can open a bank account in the same way as a man (1=yes; 0=no),SG.OPN.BANK.EQ,1
Czech Republic,CZE,2004,A woman can open a bank account in the same way as a man (1=yes; 0=no),SG.OPN.BANK.EQ,1
Czech Republic,CZE,2003,A woman can open a bank account in the same way as a man (1=yes; 0=no),SG.OPN.BANK.EQ,1
Czech Republic,CZE,2002,A woman can open a bank account in the same way as a man (1=yes; 0=no),SG.OPN.BANK.EQ,1
Czech Republic,CZE,2001,A woman can open a bank account in the same way as a man (1=yes; 0=no),SG.OPN.BANK.EQ,1
Czech Republic,CZE,2000,A woman can open a bank account in the same way as a man (1=yes; 0=no),SG.OPN.BANK.EQ,1
Czech Republic,CZE,1999,A woman can open a bank account in the same way as a man (1=yes; 0=no),SG.OPN.BANK.EQ,1
Czech Republic,CZE,1998,A woman can open a bank account in the same way as a man (1=yes; 0=no),SG.OPN.BANK.EQ,1
Czech Republic,CZE,1997,A woman can open a bank account in the same way as a man (1=yes; 0=no),SG.OPN.BANK.EQ,1
Czech Republic,CZE,1996,A woman can open a bank account in the same way as a man (1=yes; 0=no),SG.OPN.BANK.EQ,1
Czech Republic,CZE,1995,A woman can open a bank account in the same way as a man (1=yes; 0=no),SG.OPN.BANK.EQ,1
Czech Republic,CZE,1994,A woman can open a bank account in the same way as a man (1=yes; 0=no),SG.OPN.BANK.EQ,1
Czech Republic,CZE,1993,A woman can open a bank account in the same way as a man (1=yes; 0=no),SG.OPN.BANK.EQ,1
Czech Republic,CZE,1992,A woman can open a bank account in the same way as a man (1=yes; 0=no),SG.OPN.BANK.EQ,1
Czech Republic,CZE,1991,A woman can open a bank account in the same way as a man (1=yes; 0=no),SG.OPN.BANK.EQ,1
Czech Republic,CZE,1990,A woman can open a bank account in the same way as a man (1=yes; 0=no),SG.OPN.BANK.EQ,1
Czech Republic,CZE,1989,A woman can open a bank account in the same way as a man (1=yes; 0=no),SG.OPN.BANK.EQ,1
Czech Republic,CZE,1988,A woman can open a bank account in the same way as a man (1=yes; 0=no),SG.OPN.BANK.EQ,1
Czech Republic,CZE,1987,A woman can open a bank account in the same way as a man (1=yes; 0=no),SG.OPN.BANK.EQ,1
Czech Republic,CZE,1986,A woman can open a bank account in the same way as a man (1=yes; 0=no),SG.OPN.BANK.EQ,1
Czech Republic,CZE,1985,A woman can open a bank account in the same way as a man (1=yes; 0=no),SG.OPN.BANK.EQ,1
Czech Republic,CZE,1984,A woman can open a bank account in the same way as a man (1=yes; 0=no),SG.OPN.BANK.EQ,1
Czech Republic,CZE,1983,A woman can open a bank account in the same way as a man (1=yes; 0=no),SG.OPN.BANK.EQ,1
Czech Republic,CZE,1982,A woman can open a bank account in the same way as a man (1=yes; 0=no),SG.OPN.BANK.EQ,1
Czech Republic,CZE,1981,A woman can open a bank account in the same way as a man (1=yes; 0=no),SG.OPN.BANK.EQ,1
Czech Republic,CZE,1980,A woman can open a bank account in the same way as a man (1=yes; 0=no),SG.OPN.BANK.EQ,1
Czech Republic,CZE,1979,A woman can open a bank account in the same way as a man (1=yes; 0=no),SG.OPN.BANK.EQ,1
Czech Republic,CZE,1978,A woman can open a bank account in the same way as a man (1=yes; 0=no),SG.OPN.BANK.EQ,1
Czech Republic,CZE,1977,A woman can open a bank account in the same way as a man (1=yes; 0=no),SG.OPN.BANK.EQ,1
Czech Republic,CZE,1976,A woman can open a bank account in the same way as a man (1=yes; 0=no),SG.OPN.BANK.EQ,1
Czech Republic,CZE,1975,A woman can open a bank account in the same way as a man (1=yes; 0=no),SG.OPN.BANK.EQ,1
Czech Republic,CZE,1974,A woman can open a bank account in the same way as a man (1=yes; 0=no),SG.OPN.BANK.EQ,1
Czech Republic,CZE,1973,A woman can open a bank account in the same way as a man (1=yes; 0=no),SG.OPN.BANK.EQ,1
Czech Republic,CZE,1972,A woman can open a bank account in the same way as a man (1=yes; 0=no),SG.OPN.BANK.EQ,1
Czech Republic,CZE,1971,A woman can open a bank account in the same way as a man (1=yes; 0=no),SG.OPN.BANK.EQ,1
Czech Republic,CZE,1970,A woman can open a bank account in the same way as a man (1=yes; 0=no),SG.OPN.BANK.EQ,1
Czech Republic,CZE,2021,Men and women have equal ownership rights to immovable property (1=yes; 0=no),SG.OWN.PRRT.IM,1
Czech Republic,CZE,2020,Men and women have equal ownership rights to immovable property (1=yes; 0=no),SG.OWN.PRRT.IM,1
Czech Republic,CZE,2019,Men and women have equal ownership rights to immovable property (1=yes; 0=no),SG.OWN.PRRT.IM,1
Czech Republic,CZE,2018,Men and women have equal ownership rights to immovable property (1=yes; 0=no),SG.OWN.PRRT.IM,1
Czech Republic,CZE,2017,Men and women have equal ownership rights to immovable property (1=yes; 0=no),SG.OWN.PRRT.IM,1
Czech Republic,CZE,2016,Men and women have equal ownership rights to immovable property (1=yes; 0=no),SG.OWN.PRRT.IM,1
Czech Republic,CZE,2015,Men and women have equal ownership rights to immovable property (1=yes; 0=no),SG.OWN.PRRT.IM,1
Czech Republic,CZE,2014,Men and women have equal ownership rights to immovable property (1=yes; 0=no),SG.OWN.PRRT.IM,1
Czech Republic,CZE,2013,Men and women have equal ownership rights to immovable property (1=yes; 0=no),SG.OWN.PRRT.IM,1
Czech Republic,CZE,2012,Men and women have equal ownership rights to immovable property (1=yes; 0=no),SG.OWN.PRRT.IM,1
Czech Republic,CZE,2011,Men and women have equal ownership rights to immovable property (1=yes; 0=no),SG.OWN.PRRT.IM,1
Czech Republic,CZE,2010,Men and women have equal ownership rights to immovable property (1=yes; 0=no),SG.OWN.PRRT.IM,1
Czech Republic,CZE,2009,Men and women have equal ownership rights to immovable property (1=yes; 0=no),SG.OWN.PRRT.IM,1
Czech Republic,CZE,2008,Men and women have equal ownership rights to immovable property (1=yes; 0=no),SG.OWN.PRRT.IM,1
Czech Republic,CZE,2007,Men and women have equal ownership rights to immovable property (1=yes; 0=no),SG.OWN.PRRT.IM,1
Czech Republic,CZE,2006,Men and women have equal ownership rights to immovable property (1=yes; 0=no),SG.OWN.PRRT.IM,1
Czech Republic,CZE,2005,Men and women have equal ownership rights to immovable property (1=yes; 0=no),SG.OWN.PRRT.IM,1
Czech Republic,CZE,2004,Men and women have equal ownership rights to immovable property (1=yes; 0=no),SG.OWN.PRRT.IM,1
Czech Republic,CZE,2003,Men and women have equal ownership rights to immovable property (1=yes; 0=no),SG.OWN.PRRT.IM,1
Czech Republic,CZE,2002,Men and women have equal ownership rights to immovable property (1=yes; 0=no),SG.OWN.PRRT.IM,1
Czech Republic,CZE,2001,Men and women have equal ownership rights to immovable property (1=yes; 0=no),SG.OWN.PRRT.IM,1
Czech Republic,CZE,2000,Men and women have equal ownership rights to immovable property (1=yes; 0=no),SG.OWN.PRRT.IM,1
Czech Republic,CZE,1999,Men and women have equal ownership rights to immovable property (1=yes; 0=no),SG.OWN.PRRT.IM,1
Czech Republic,CZE,1998,Men and women have equal ownership rights to immovable property (1=yes; 0=no),SG.OWN.PRRT.IM,1
Czech Republic,CZE,1997,Men and women have equal ownership rights to immovable property (1=yes; 0=no),SG.OWN.PRRT.IM,1
Czech Republic,CZE,1996,Men and women have equal ownership rights to immovable property (1=yes; 0=no),SG.OWN.PRRT.IM,1
Czech Republic,CZE,1995,Men and women have equal ownership rights to immovable property (1=yes; 0=no),SG.OWN.PRRT.IM,1
Czech Republic,CZE,1994,Men and women have equal ownership rights to immovable property (1=yes; 0=no),SG.OWN.PRRT.IM,1
Czech Republic,CZE,1993,Men and women have equal ownership rights to immovable property (1=yes; 0=no),SG.OWN.PRRT.IM,1
Czech Republic,CZE,1992,Men and women have equal ownership rights to immovable property (1=yes; 0=no),SG.OWN.PRRT.IM,1
Czech Republic,CZE,1991,Men and women have equal ownership rights to immovable property (1=yes; 0=no),SG.OWN.PRRT.IM,1
Czech Republic,CZE,1990,Men and women have equal ownership rights to immovable property (1=yes; 0=no),SG.OWN.PRRT.IM,1
Czech Republic,CZE,1989,Men and women have equal ownership rights to immovable property (1=yes; 0=no),SG.OWN.PRRT.IM,1
Czech Republic,CZE,1988,Men and women have equal ownership rights to immovable property (1=yes; 0=no),SG.OWN.PRRT.IM,1
Czech Republic,CZE,1987,Men and women have equal ownership rights to immovable property (1=yes; 0=no),SG.OWN.PRRT.IM,1
Czech Republic,CZE,1986,Men and women have equal ownership rights to immovable property (1=yes; 0=no),SG.OWN.PRRT.IM,1
Czech Republic,CZE,1985,Men and women have equal ownership rights to immovable property (1=yes; 0=no),SG.OWN.PRRT.IM,1
Czech Republic,CZE,1984,Men and women have equal ownership rights to immovable property (1=yes; 0=no),SG.OWN.PRRT.IM,1
Czech Republic,CZE,1983,Men and women have equal ownership rights to immovable property (1=yes; 0=no),SG.OWN.PRRT.IM,1
Czech Republic,CZE,1982,Men and women have equal ownership rights to immovable property (1=yes; 0=no),SG.OWN.PRRT.IM,1
Czech Republic,CZE,1981,Men and women have equal ownership rights to immovable property (1=yes; 0=no),SG.OWN.PRRT.IM,1
Czech Republic,CZE,1980,Men and women have equal ownership rights to immovable property (1=yes; 0=no),SG.OWN.PRRT.IM,1
Czech Republic,CZE,1979,Men and women have equal ownership rights to immovable property (1=yes; 0=no),SG.OWN.PRRT.IM,1
Czech Republic,CZE,1978,Men and women have equal ownership rights to immovable property (1=yes; 0=no),SG.OWN.PRRT.IM,1
Czech Republic,CZE,1977,Men and women have equal ownership rights to immovable property (1=yes; 0=no),SG.OWN.PRRT.IM,1
Czech Republic,CZE,1976,Men and women have equal ownership rights to immovable property (1=yes; 0=no),SG.OWN.PRRT.IM,1
Czech Republic,CZE,1975,Men and women have equal ownership rights to immovable property (1=yes; 0=no),SG.OWN.PRRT.IM,1
Czech Republic,CZE,1974,Men and women have equal ownership rights to immovable property (1=yes; 0=no),SG.OWN.PRRT.IM,1
Czech Republic,CZE,1973,Men and women have equal ownership rights to immovable property (1=yes; 0=no),SG.OWN.PRRT.IM,1
Czech Republic,CZE,1972,Men and women have equal ownership rights to immovable property (1=yes; 0=no),SG.OWN.PRRT.IM,1
Czech Republic,CZE,1971,Men and women have equal ownership rights to immovable property (1=yes; 0=no),SG.OWN.PRRT.IM,1
Czech Republic,CZE,1970,Men and women have equal ownership rights to immovable property (1=yes; 0=no),SG.OWN.PRRT.IM,1
Czech Republic,CZE,2021,Criminal penalties or civil remedies exist for sexual harassment in employment (1=yes; 0=no),SG.PEN.SXHR.EM,1
Czech Republic,CZE,2020,Criminal penalties or civil remedies exist for sexual harassment in employment (1=yes; 0=no),SG.PEN.SXHR.EM,1
Czech Republic,CZE,2019,Criminal penalties or civil remedies exist for sexual harassment in employment (1=yes; 0=no),SG.PEN.SXHR.EM,1
Czech Republic,CZE,2018,Criminal penalties or civil remedies exist for sexual harassment in employment (1=yes; 0=no),SG.PEN.SXHR.EM,1
Czech Republic,CZE,2017,Criminal penalties or civil remedies exist for sexual harassment in employment (1=yes; 0=no),SG.PEN.SXHR.EM,1
Czech Republic,CZE,2016,Criminal penalties or civil remedies exist for sexual harassment in employment (1=yes; 0=no),SG.PEN.SXHR.EM,1
Czech Republic,CZE,2015,Criminal penalties or civil remedies exist for sexual harassment in employment (1=yes; 0=no),SG.PEN.SXHR.EM,1
Czech Republic,CZE,2014,Criminal penalties or civil remedies exist for sexual harassment in employment (1=yes; 0=no),SG.PEN.SXHR.EM,1
Czech Republic,CZE,2013,Criminal penalties or civil remedies exist for sexual harassment in employment (1=yes; 0=no),SG.PEN.SXHR.EM,1
Czech Republic,CZE,2012,Criminal penalties or civil remedies exist for sexual harassment in employment (1=yes; 0=no),SG.PEN.SXHR.EM,1
Czech Republic,CZE,2011,Criminal penalties or civil remedies exist for sexual harassment in employment (1=yes; 0=no),SG.PEN.SXHR.EM,1
Czech Republic,CZE,2010,Criminal penalties or civil remedies exist for sexual harassment in employment (1=yes; 0=no),SG.PEN.SXHR.EM,1
Czech Republic,CZE,2009,Criminal penalties or civil remedies exist for sexual harassment in employment (1=yes; 0=no),SG.PEN.SXHR.EM,1
Czech Republic,CZE,2008,Criminal penalties or civil remedies exist for sexual harassment in employment (1=yes; 0=no),SG.PEN.SXHR.EM,1
Czech Republic,CZE,2007,Criminal penalties or civil remedies exist for sexual harassment in employment (1=yes; 0=no),SG.PEN.SXHR.EM,0
Czech Republic,CZE,2006,Criminal penalties or civil remedies exist for sexual harassment in employment (1=yes; 0=no),SG.PEN.SXHR.EM,0
Czech Republic,CZE,2005,Criminal penalties or civil remedies exist for sexual harassment in employment (1=yes; 0=no),SG.PEN.SXHR.EM,0
Czech Republic,CZE,2004,Criminal penalties or civil remedies exist for sexual harassment in employment (1=yes; 0=no),SG.PEN.SXHR.EM,0
Czech Republic,CZE,2003,Criminal penalties or civil remedies exist for sexual harassment in employment (1=yes; 0=no),SG.PEN.SXHR.EM,0
Czech Republic,CZE,2002,Criminal penalties or civil remedies exist for sexual harassment in employment (1=yes; 0=no),SG.PEN.SXHR.EM,0
Czech Republic,CZE,2001,Criminal penalties or civil remedies exist for sexual harassment in employment (1=yes; 0=no),SG.PEN.SXHR.EM,0
Czech Republic,CZE,2000,Criminal penalties or civil remedies exist for sexual harassment in employment (1=yes; 0=no),SG.PEN.SXHR.EM,0
Czech Republic,CZE,1999,Criminal penalties or civil remedies exist for sexual harassment in employment (1=yes; 0=no),SG.PEN.SXHR.EM,0
Czech Republic,CZE,1998,Criminal penalties or civil remedies exist for sexual harassment in employment (1=yes; 0=no),SG.PEN.SXHR.EM,0
Czech Republic,CZE,1997,Criminal penalties or civil remedies exist for sexual harassment in employment (1=yes; 0=no),SG.PEN.SXHR.EM,0
Czech Republic,CZE,1996,Criminal penalties or civil remedies exist for sexual harassment in employment (1=yes; 0=no),SG.PEN.SXHR.EM,0
Czech Republic,CZE,1995,Criminal penalties or civil remedies exist for sexual harassment in employment (1=yes; 0=no),SG.PEN.SXHR.EM,0
Czech Republic,CZE,1994,Criminal penalties or civil remedies exist for sexual harassment in employment (1=yes; 0=no),SG.PEN.SXHR.EM,0
Czech Republic,CZE,1993,Criminal penalties or civil remedies exist for sexual harassment in employment (1=yes; 0=no),SG.PEN.SXHR.EM,0
Czech Republic,CZE,1992,Criminal penalties or civil remedies exist for sexual harassment in employment (1=yes; 0=no),SG.PEN.SXHR.EM,0
Czech Republic,CZE,1991,Criminal penalties or civil remedies exist for sexual harassment in employment (1=yes; 0=no),SG.PEN.SXHR.EM,0
Czech Republic,CZE,1990,Criminal penalties or civil remedies exist for sexual harassment in employment (1=yes; 0=no),SG.PEN.SXHR.EM,0
Czech Republic,CZE,1989,Criminal penalties or civil remedies exist for sexual harassment in employment (1=yes; 0=no),SG.PEN.SXHR.EM,0
Czech Republic,CZE,1988,Criminal penalties or civil remedies exist for sexual harassment in employment (1=yes; 0=no),SG.PEN.SXHR.EM,0
Czech Republic,CZE,1987,Criminal penalties or civil remedies exist for sexual harassment in employment (1=yes; 0=no),SG.PEN.SXHR.EM,0
Czech Republic,CZE,1986,Criminal penalties or civil remedies exist for sexual harassment in employment (1=yes; 0=no),SG.PEN.SXHR.EM,0
Czech Republic,CZE,1985,Criminal penalties or civil remedies exist for sexual harassment in employment (1=yes; 0=no),SG.PEN.SXHR.EM,0
Czech Republic,CZE,1984,Criminal penalties or civil remedies exist for sexual harassment in employment (1=yes; 0=no),SG.PEN.SXHR.EM,0
Czech Republic,CZE,1983,Criminal penalties or civil remedies exist for sexual harassment in employment (1=yes; 0=no),SG.PEN.SXHR.EM,0
Czech Republic,CZE,1982,Criminal penalties or civil remedies exist for sexual harassment in employment (1=yes; 0=no),SG.PEN.SXHR.EM,0
Czech Republic,CZE,1981,Criminal penalties or civil remedies exist for sexual harassment in employment (1=yes; 0=no),SG.PEN.SXHR.EM,0
Czech Republic,CZE,1980,Criminal penalties or civil remedies exist for sexual harassment in employment (1=yes; 0=no),SG.PEN.SXHR.EM,0
Czech Republic,CZE,1979,Criminal penalties or civil remedies exist for sexual harassment in employment (1=yes; 0=no),SG.PEN.SXHR.EM,0
Czech Republic,CZE,1978,Criminal penalties or civil remedies exist for sexual harassment in employment (1=yes; 0=no),SG.PEN.SXHR.EM,0
Czech Republic,CZE,1977,Criminal penalties or civil remedies exist for sexual harassment in employment (1=yes; 0=no),SG.PEN.SXHR.EM,0
Czech Republic,CZE,1976,Criminal penalties or civil remedies exist for sexual harassment in employment (1=yes; 0=no),SG.PEN.SXHR.EM,0
Czech Republic,CZE,1975,Criminal penalties or civil remedies exist for sexual harassment in employment (1=yes; 0=no),SG.PEN.SXHR.EM,0
Czech Republic,CZE,1974,Criminal penalties or civil remedies exist for sexual harassment in employment (1=yes; 0=no),SG.PEN.SXHR.EM,0
Czech Republic,CZE,1973,Criminal penalties or civil remedies exist for sexual harassment in employment (1=yes; 0=no),SG.PEN.SXHR.EM,0
Czech Republic,CZE,1972,Criminal penalties or civil remedies exist for sexual harassment in employment (1=yes; 0=no),SG.PEN.SXHR.EM,0
Czech Republic,CZE,1971,Criminal penalties or civil remedies exist for sexual harassment in employment (1=yes; 0=no),SG.PEN.SXHR.EM,0
Czech Republic,CZE,1970,Criminal penalties or civil remedies exist for sexual harassment in employment (1=yes; 0=no),SG.PEN.SXHR.EM,0
Czech Republic,CZE,2019,Female migrants (% of international migrant stock),SG.POP.MIGR.FE.ZS,42.804341677963
Czech Republic,CZE,2015,Female migrants (% of international migrant stock),SG.POP.MIGR.FE.ZS,42.555960562271
Czech Republic,CZE,2010,Female migrants (% of international migrant stock),SG.POP.MIGR.FE.ZS,40.7367256137498
Czech Republic,CZE,2005,Female migrants (% of international migrant stock),SG.POP.MIGR.FE.ZS,43.6600111614063
Czech Republic,CZE,2000,Female migrants (% of international migrant stock),SG.POP.MIGR.FE.ZS,45.9995742541522
Czech Republic,CZE,1995,Female migrants (% of international migrant stock),SG.POP.MIGR.FE.ZS,46.6665056282912
Czech Republic,CZE,1990,Female migrants (% of international migrant stock),SG.POP.MIGR.FE.ZS,47.9998912984401
Czech Republic,CZE,2017,Women with a national identity card or equivalent foundational identity document (% of women ages 15+),SG.REG.NLID.FE.ZS,99.18012
Czech Republic,CZE,2017,Men with a national identity card or equivalent foundational identity document (% of men ages 15+),SG.REG.NLID.MA.ZS,97.77586
Czech Republic,CZE,2021,A woman has the same rights to remarry as a man (1=yes; 0=no),SG.REM.RIGT.EQ,1
Czech Republic,CZE,2020,A woman has the same rights to remarry as a man (1=yes; 0=no),SG.REM.RIGT.EQ,1
Czech Republic,CZE,2019,A woman has the same rights to remarry as a man (1=yes; 0=no),SG.REM.RIGT.EQ,1
Czech Republic,CZE,2018,A woman has the same rights to remarry as a man (1=yes; 0=no),SG.REM.RIGT.EQ,1
Czech Republic,CZE,2017,A woman has the same rights to remarry as a man (1=yes; 0=no),SG.REM.RIGT.EQ,1
Czech Republic,CZE,2016,A woman has the same rights to remarry as a man (1=yes; 0=no),SG.REM.RIGT.EQ,1
Czech Republic,CZE,2015,A woman has the same rights to remarry as a man (1=yes; 0=no),SG.REM.RIGT.EQ,1
Czech Republic,CZE,2014,A woman has the same rights to remarry as a man (1=yes; 0=no),SG.REM.RIGT.EQ,1
Czech Republic,CZE,2013,A woman has the same rights to remarry as a man (1=yes; 0=no),SG.REM.RIGT.EQ,1
Czech Republic,CZE,2012,A woman has the same rights to remarry as a man (1=yes; 0=no),SG.REM.RIGT.EQ,1
Czech Republic,CZE,2011,A woman has the same rights to remarry as a man (1=yes; 0=no),SG.REM.RIGT.EQ,1
Czech Republic,CZE,2010,A woman has the same rights to remarry as a man (1=yes; 0=no),SG.REM.RIGT.EQ,1
Czech Republic,CZE,2009,A woman has the same rights to remarry as a man (1=yes; 0=no),SG.REM.RIGT.EQ,1
Czech Republic,CZE,2008,A woman has the same rights to remarry as a man (1=yes; 0=no),SG.REM.RIGT.EQ,1
Czech Republic,CZE,2007,A woman has the same rights to remarry as a man (1=yes; 0=no),SG.REM.RIGT.EQ,1
Czech Republic,CZE,2006,A woman has the same rights to remarry as a man (1=yes; 0=no),SG.REM.RIGT.EQ,1
Czech Republic,CZE,2005,A woman has the same rights to remarry as a man (1=yes; 0=no),SG.REM.RIGT.EQ,1
Czech Republic,CZE,2004,A woman has the same rights to remarry as a man (1=yes; 0=no),SG.REM.RIGT.EQ,1
Czech Republic,CZE,2003,A woman has the same rights to remarry as a man (1=yes; 0=no),SG.REM.RIGT.EQ,1
Czech Republic,CZE,2002,A woman has the same rights to remarry as a man (1=yes; 0=no),SG.REM.RIGT.EQ,1
Czech Republic,CZE,2001,A woman has the same rights to remarry as a man (1=yes; 0=no),SG.REM.RIGT.EQ,1
Czech Republic,CZE,2000,A woman has the same rights to remarry as a man (1=yes; 0=no),SG.REM.RIGT.EQ,1
Czech Republic,CZE,1999,A woman has the same rights to remarry as a man (1=yes; 0=no),SG.REM.RIGT.EQ,1
Czech Republic,CZE,1998,A woman has the same rights to remarry as a man (1=yes; 0=no),SG.REM.RIGT.EQ,1
Czech Republic,CZE,1997,A woman has the same rights to remarry as a man (1=yes; 0=no),SG.REM.RIGT.EQ,1
Czech Republic,CZE,1996,A woman has the same rights to remarry as a man (1=yes; 0=no),SG.REM.RIGT.EQ,1
Czech Republic,CZE,1995,A woman has the same rights to remarry as a man (1=yes; 0=no),SG.REM.RIGT.EQ,1
Czech Republic,CZE,1994,A woman has the same rights to remarry as a man (1=yes; 0=no),SG.REM.RIGT.EQ,1
Czech Republic,CZE,1993,A woman has the same rights to remarry as a man (1=yes; 0=no),SG.REM.RIGT.EQ,1
Czech Republic,CZE,1992,A woman has the same rights to remarry as a man (1=yes; 0=no),SG.REM.RIGT.EQ,1
Czech Republic,CZE,1991,A woman has the same rights to remarry as a man (1=yes; 0=no),SG.REM.RIGT.EQ,1
Czech Republic,CZE,1990,A woman has the same rights to remarry as a man (1=yes; 0=no),SG.REM.RIGT.EQ,1
Czech Republic,CZE,1989,A woman has the same rights to remarry as a man (1=yes; 0=no),SG.REM.RIGT.EQ,1
Czech Republic,CZE,1988,A woman has the same rights to remarry as a man (1=yes; 0=no),SG.REM.RIGT.EQ,1
Czech Republic,CZE,1987,A woman has the same rights to remarry as a man (1=yes; 0=no),SG.REM.RIGT.EQ,1
Czech Republic,CZE,1986,A woman has the same rights to remarry as a man (1=yes; 0=no),SG.REM.RIGT.EQ,1
Czech Republic,CZE,1985,A woman has the same rights to remarry as a man (1=yes; 0=no),SG.REM.RIGT.EQ,1
Czech Republic,CZE,1984,A woman has the same rights to remarry as a man (1=yes; 0=no),SG.REM.RIGT.EQ,1
Czech Republic,CZE,1983,A woman has the same rights to remarry as a man (1=yes; 0=no),SG.REM.RIGT.EQ,1
Czech Republic,CZE,1982,A woman has the same rights to remarry as a man (1=yes; 0=no),SG.REM.RIGT.EQ,1
Czech Republic,CZE,1981,A woman has the same rights to remarry as a man (1=yes; 0=no),SG.REM.RIGT.EQ,1
Czech Republic,CZE,1980,A woman has the same rights to remarry as a man (1=yes; 0=no),SG.REM.RIGT.EQ,1
Czech Republic,CZE,1979,A woman has the same rights to remarry as a man (1=yes; 0=no),SG.REM.RIGT.EQ,1
Czech Republic,CZE,1978,A woman has the same rights to remarry as a man (1=yes; 0=no),SG.REM.RIGT.EQ,1
Czech Republic,CZE,1977,A woman has the same rights to remarry as a man (1=yes; 0=no),SG.REM.RIGT.EQ,1
Czech Republic,CZE,1976,A woman has the same rights to remarry as a man (1=yes; 0=no),SG.REM.RIGT.EQ,1
Czech Republic,CZE,1975,A woman has the same rights to remarry as a man (1=yes; 0=no),SG.REM.RIGT.EQ,1
Czech Republic,CZE,1974,A woman has the same rights to remarry as a man (1=yes; 0=no),SG.REM.RIGT.EQ,1
Czech Republic,CZE,1973,A woman has the same rights to remarry as a man (1=yes; 0=no),SG.REM.RIGT.EQ,1
Czech Republic,CZE,1972,A woman has the same rights to remarry as a man (1=yes; 0=no),SG.REM.RIGT.EQ,1
Czech Republic,CZE,1971,A woman has the same rights to remarry as a man (1=yes; 0=no),SG.REM.RIGT.EQ,1
Czech Republic,CZE,1970,A woman has the same rights to remarry as a man (1=yes; 0=no),SG.REM.RIGT.EQ,1
Czech Republic,CZE,2021,Length of paid maternity leave (calendar days),SH.MMR.LEVE,196
Czech Republic,CZE,2020,Length of paid maternity leave (calendar days),SH.MMR.LEVE,196
Czech Republic,CZE,2019,Length of paid maternity leave (calendar days),SH.MMR.LEVE,196
Czech Republic,CZE,2018,Length of paid maternity leave (calendar days),SH.MMR.LEVE,196
Czech Republic,CZE,2017,Length of paid maternity leave (calendar days),SH.MMR.LEVE,196
Czech Republic,CZE,2016,Length of paid maternity leave (calendar days),SH.MMR.LEVE,196
Czech Republic,CZE,2015,Length of paid maternity leave (calendar days),SH.MMR.LEVE,196
Czech Republic,CZE,2014,Length of paid maternity leave (calendar days),SH.MMR.LEVE,196
Czech Republic,CZE,2013,Length of paid maternity leave (calendar days),SH.MMR.LEVE,196
Czech Republic,CZE,2012,Length of paid maternity leave (calendar days),SH.MMR.LEVE,196
Czech Republic,CZE,2011,Length of paid maternity leave (calendar days),SH.MMR.LEVE,196
Czech Republic,CZE,2010,Length of paid maternity leave (calendar days),SH.MMR.LEVE,196
Czech Republic,CZE,2009,Length of paid maternity leave (calendar days),SH.MMR.LEVE,196
Czech Republic,CZE,2008,Length of paid maternity leave (calendar days),SH.MMR.LEVE,196
Czech Republic,CZE,2007,Length of paid maternity leave (calendar days),SH.MMR.LEVE,196
Czech Republic,CZE,2006,Length of paid maternity leave (calendar days),SH.MMR.LEVE,196
Czech Republic,CZE,2005,Length of paid maternity leave (calendar days),SH.MMR.LEVE,196
Czech Republic,CZE,2004,Length of paid maternity leave (calendar days),SH.MMR.LEVE,196
Czech Republic,CZE,2003,Length of paid maternity leave (calendar days),SH.MMR.LEVE,196
Czech Republic,CZE,2002,Length of paid maternity leave (calendar days),SH.MMR.LEVE,196
Czech Republic,CZE,2001,Length of paid maternity leave (calendar days),SH.MMR.LEVE,196
Czech Republic,CZE,2000,Length of paid maternity leave (calendar days),SH.MMR.LEVE,196
Czech Republic,CZE,1999,Length of paid maternity leave (calendar days),SH.MMR.LEVE,196
Czech Republic,CZE,1998,Length of paid maternity leave (calendar days),SH.MMR.LEVE,196
Czech Republic,CZE,1997,Length of paid maternity leave (calendar days),SH.MMR.LEVE,196
Czech Republic,CZE,1996,Length of paid maternity leave (calendar days),SH.MMR.LEVE,196
Czech Republic,CZE,1995,Length of paid maternity leave (calendar days),SH.MMR.LEVE,196
Czech Republic,CZE,1994,Length of paid maternity leave (calendar days),SH.MMR.LEVE,196
Czech Republic,CZE,1993,Length of paid maternity leave (calendar days),SH.MMR.LEVE,196
Czech Republic,CZE,1992,Length of paid maternity leave (calendar days),SH.MMR.LEVE,196
Czech Republic,CZE,1991,Length of paid maternity leave (calendar days),SH.MMR.LEVE,196
Czech Republic,CZE,1990,Length of paid maternity leave (calendar days),SH.MMR.LEVE,196
Czech Republic,CZE,1989,Length of paid maternity leave (calendar days),SH.MMR.LEVE,196
Czech Republic,CZE,1988,Length of paid maternity leave (calendar days),SH.MMR.LEVE,196
Czech Republic,CZE,1987,Length of paid maternity leave (calendar days),SH.MMR.LEVE,154
Czech Republic,CZE,1986,Length of paid maternity leave (calendar days),SH.MMR.LEVE,154
Czech Republic,CZE,1985,Length of paid maternity leave (calendar days),SH.MMR.LEVE,154
Czech Republic,CZE,1984,Length of paid maternity leave (calendar days),SH.MMR.LEVE,154
Czech Republic,CZE,1983,Length of paid maternity leave (calendar days),SH.MMR.LEVE,154
Czech Republic,CZE,1982,Length of paid maternity leave (calendar days),SH.MMR.LEVE,154
Czech Republic,CZE,1981,Length of paid maternity leave (calendar days),SH.MMR.LEVE,154
Czech Republic,CZE,1980,Length of paid maternity leave (calendar days),SH.MMR.LEVE,154
Czech Republic,CZE,1979,Length of paid maternity leave (calendar days),SH.MMR.LEVE,154
Czech Republic,CZE,1978,Length of paid maternity leave (calendar days),SH.MMR.LEVE,154
Czech Republic,CZE,1977,Length of paid maternity leave (calendar days),SH.MMR.LEVE,154
Czech Republic,CZE,1976,Length of paid maternity leave (calendar days),SH.MMR.LEVE,154
Czech Republic,CZE,1975,Length of paid maternity leave (calendar days),SH.MMR.LEVE,154
Czech Republic,CZE,1974,Length of paid maternity leave (calendar days),SH.MMR.LEVE,154
Czech Republic,CZE,1973,Length of paid maternity leave (calendar days),SH.MMR.LEVE,154
Czech Republic,CZE,1972,Length of paid maternity leave (calendar days),SH.MMR.LEVE,154
Czech Republic,CZE,1971,Length of paid maternity leave (calendar days),SH.MMR.LEVE,154
Czech Republic,CZE,1970,Length of paid maternity leave (calendar days),SH.MMR.LEVE,154
Czech Republic,CZE,2021,Paid leave of at least 14 weeks available to mothers (1=yes; 0=no),SH.MMR.LEVE.AL,1
Czech Republic,CZE,2020,Paid leave of at least 14 weeks available to mothers (1=yes; 0=no),SH.MMR.LEVE.AL,1
Czech Republic,CZE,2019,Paid leave of at least 14 weeks available to mothers (1=yes; 0=no),SH.MMR.LEVE.AL,1
Czech Republic,CZE,2018,Paid leave of at least 14 weeks available to mothers (1=yes; 0=no),SH.MMR.LEVE.AL,1
Czech Republic,CZE,2017,Paid leave of at least 14 weeks available to mothers (1=yes; 0=no),SH.MMR.LEVE.AL,1
Czech Republic,CZE,2016,Paid leave of at least 14 weeks available to mothers (1=yes; 0=no),SH.MMR.LEVE.AL,1
Czech Republic,CZE,2015,Paid leave of at least 14 weeks available to mothers (1=yes; 0=no),SH.MMR.LEVE.AL,1
Czech Republic,CZE,2014,Paid leave of at least 14 weeks available to mothers (1=yes; 0=no),SH.MMR.LEVE.AL,1
Czech Republic,CZE,2013,Paid leave of at least 14 weeks available to mothers (1=yes; 0=no),SH.MMR.LEVE.AL,1
Czech Republic,CZE,2012,Paid leave of at least 14 weeks available to mothers (1=yes; 0=no),SH.MMR.LEVE.AL,1
Czech Republic,CZE,2011,Paid leave of at least 14 weeks available to mothers (1=yes; 0=no),SH.MMR.LEVE.AL,1
Czech Republic,CZE,2010,Paid leave of at least 14 weeks available to mothers (1=yes; 0=no),SH.MMR.LEVE.AL,1
Czech Republic,CZE,2009,Paid leave of at least 14 weeks available to mothers (1=yes; 0=no),SH.MMR.LEVE.AL,1
Czech Republic,CZE,2008,Paid leave of at least 14 weeks available to mothers (1=yes; 0=no),SH.MMR.LEVE.AL,1
Czech Republic,CZE,2007,Paid leave of at least 14 weeks available to mothers (1=yes; 0=no),SH.MMR.LEVE.AL,1
Czech Republic,CZE,2006,Paid leave of at least 14 weeks available to mothers (1=yes; 0=no),SH.MMR.LEVE.AL,1
Czech Republic,CZE,2005,Paid leave of at least 14 weeks available to mothers (1=yes; 0=no),SH.MMR.LEVE.AL,1
Czech Republic,CZE,2004,Paid leave of at least 14 weeks available to mothers (1=yes; 0=no),SH.MMR.LEVE.AL,1
Czech Republic,CZE,2003,Paid leave of at least 14 weeks available to mothers (1=yes; 0=no),SH.MMR.LEVE.AL,1
Czech Republic,CZE,2002,Paid leave of at least 14 weeks available to mothers (1=yes; 0=no),SH.MMR.LEVE.AL,1
Czech Republic,CZE,2001,Paid leave of at least 14 weeks available to mothers (1=yes; 0=no),SH.MMR.LEVE.AL,1
Czech Republic,CZE,2000,Paid leave of at least 14 weeks available to mothers (1=yes; 0=no),SH.MMR.LEVE.AL,1
Czech Republic,CZE,1999,Paid leave of at least 14 weeks available to mothers (1=yes; 0=no),SH.MMR.LEVE.AL,1
Czech Republic,CZE,1998,Paid leave of at least 14 weeks available to mothers (1=yes; 0=no),SH.MMR.LEVE.AL,1
Czech Republic,CZE,1997,Paid leave of at least 14 weeks available to mothers (1=yes; 0=no),SH.MMR.LEVE.AL,1
Czech Republic,CZE,1996,Paid leave of at least 14 weeks available to mothers (1=yes; 0=no),SH.MMR.LEVE.AL,1
Czech Republic,CZE,1995,Paid leave of at least 14 weeks available to mothers (1=yes; 0=no),SH.MMR.LEVE.AL,1
Czech Republic,CZE,1994,Paid leave of at least 14 weeks available to mothers (1=yes; 0=no),SH.MMR.LEVE.AL,1
Czech Republic,CZE,1993,Paid leave of at least 14 weeks available to mothers (1=yes; 0=no),SH.MMR.LEVE.AL,1
Czech Republic,CZE,1992,Paid leave of at least 14 weeks available to mothers (1=yes; 0=no),SH.MMR.LEVE.AL,1
Czech Republic,CZE,1991,Paid leave of at least 14 weeks available to mothers (1=yes; 0=no),SH.MMR.LEVE.AL,1
Czech Republic,CZE,1990,Paid leave of at least 14 weeks available to mothers (1=yes; 0=no),SH.MMR.LEVE.AL,1
Czech Republic,CZE,1989,Paid leave of at least 14 weeks available to mothers (1=yes; 0=no),SH.MMR.LEVE.AL,1
Czech Republic,CZE,1988,Paid leave of at least 14 weeks available to mothers (1=yes; 0=no),SH.MMR.LEVE.AL,1
Czech Republic,CZE,1987,Paid leave of at least 14 weeks available to mothers (1=yes; 0=no),SH.MMR.LEVE.AL,1
Czech Republic,CZE,1986,Paid leave of at least 14 weeks available to mothers (1=yes; 0=no),SH.MMR.LEVE.AL,1
Czech Republic,CZE,1985,Paid leave of at least 14 weeks available to mothers (1=yes; 0=no),SH.MMR.LEVE.AL,1
Czech Republic,CZE,1984,Paid leave of at least 14 weeks available to mothers (1=yes; 0=no),SH.MMR.LEVE.AL,1
Czech Republic,CZE,1983,Paid leave of at least 14 weeks available to mothers (1=yes; 0=no),SH.MMR.LEVE.AL,1
Czech Republic,CZE,1982,Paid leave of at least 14 weeks available to mothers (1=yes; 0=no),SH.MMR.LEVE.AL,1
Czech Republic,CZE,1981,Paid leave of at least 14 weeks available to mothers (1=yes; 0=no),SH.MMR.LEVE.AL,1
Czech Republic,CZE,1980,Paid leave of at least 14 weeks available to mothers (1=yes; 0=no),SH.MMR.LEVE.AL,1
Czech Republic,CZE,1979,Paid leave of at least 14 weeks available to mothers (1=yes; 0=no),SH.MMR.LEVE.AL,1
Czech Republic,CZE,1978,Paid leave of at least 14 weeks available to mothers (1=yes; 0=no),SH.MMR.LEVE.AL,1
Czech Republic,CZE,1977,Paid leave of at least 14 weeks available to mothers (1=yes; 0=no),SH.MMR.LEVE.AL,1
Czech Republic,CZE,1976,Paid leave of at least 14 weeks available to mothers (1=yes; 0=no),SH.MMR.LEVE.AL,1
Czech Republic,CZE,1975,Paid leave of at least 14 weeks available to mothers (1=yes; 0=no),SH.MMR.LEVE.AL,1
Czech Republic,CZE,1974,Paid leave of at least 14 weeks available to mothers (1=yes; 0=no),SH.MMR.LEVE.AL,1
Czech Republic,CZE,1973,Paid leave of at least 14 weeks available to mothers (1=yes; 0=no),SH.MMR.LEVE.AL,1
Czech Republic,CZE,1972,Paid leave of at least 14 weeks available to mothers (1=yes; 0=no),SH.MMR.LEVE.AL,1
Czech Republic,CZE,1971,Paid leave of at least 14 weeks available to mothers (1=yes; 0=no),SH.MMR.LEVE.AL,1
Czech Republic,CZE,1970,Paid leave of at least 14 weeks available to mothers (1=yes; 0=no),SH.MMR.LEVE.AL,1
Czech Republic,CZE,2021,The government administers 100% of maternity leave benefits (1=yes; 0=no),SH.MMR.LEVE.GT,1
Czech Republic,CZE,2020,The government administers 100% of maternity leave benefits (1=yes; 0=no),SH.MMR.LEVE.GT,1
Czech Republic,CZE,2019,The government administers 100% of maternity leave benefits (1=yes; 0=no),SH.MMR.LEVE.GT,1
Czech Republic,CZE,2018,The government administers 100% of maternity leave benefits (1=yes; 0=no),SH.MMR.LEVE.GT,1
Czech Republic,CZE,2017,The government administers 100% of maternity leave benefits (1=yes; 0=no),SH.MMR.LEVE.GT,1
Czech Republic,CZE,2016,The government administers 100% of maternity leave benefits (1=yes; 0=no),SH.MMR.LEVE.GT,1
Czech Republic,CZE,2015,The government administers 100% of maternity leave benefits (1=yes; 0=no),SH.MMR.LEVE.GT,1
Czech Republic,CZE,2014,The government administers 100% of maternity leave benefits (1=yes; 0=no),SH.MMR.LEVE.GT,1
Czech Republic,CZE,2013,The government administers 100% of maternity leave benefits (1=yes; 0=no),SH.MMR.LEVE.GT,1
Czech Republic,CZE,2012,The government administers 100% of maternity leave benefits (1=yes; 0=no),SH.MMR.LEVE.GT,1
Czech Republic,CZE,2011,The government administers 100% of maternity leave benefits (1=yes; 0=no),SH.MMR.LEVE.GT,1
Czech Republic,CZE,2010,The government administers 100% of maternity leave benefits (1=yes; 0=no),SH.MMR.LEVE.GT,1
Czech Republic,CZE,2009,The government administers 100% of maternity leave benefits (1=yes; 0=no),SH.MMR.LEVE.GT,1
Czech Republic,CZE,2008,The government administers 100% of maternity leave benefits (1=yes; 0=no),SH.MMR.LEVE.GT,1
Czech Republic,CZE,2007,The government administers 100% of maternity leave benefits (1=yes; 0=no),SH.MMR.LEVE.GT,1
Czech Republic,CZE,2006,The government administers 100% of maternity leave benefits (1=yes; 0=no),SH.MMR.LEVE.GT,1
Czech Republic,CZE,2005,The government administers 100% of maternity leave benefits (1=yes; 0=no),SH.MMR.LEVE.GT,1
Czech Republic,CZE,2004,The government administers 100% of maternity leave benefits (1=yes; 0=no),SH.MMR.LEVE.GT,1
Czech Republic,CZE,2003,The government administers 100% of maternity leave benefits (1=yes; 0=no),SH.MMR.LEVE.GT,1
Czech Republic,CZE,2002,The government administers 100% of maternity leave benefits (1=yes; 0=no),SH.MMR.LEVE.GT,1
Czech Republic,CZE,2001,The government administers 100% of maternity leave benefits (1=yes; 0=no),SH.MMR.LEVE.GT,1
Czech Republic,CZE,2000,The government administers 100% of maternity leave benefits (1=yes; 0=no),SH.MMR.LEVE.GT,1
Czech Republic,CZE,1999,The government administers 100% of maternity leave benefits (1=yes; 0=no),SH.MMR.LEVE.GT,1
Czech Republic,CZE,1998,The government administers 100% of maternity leave benefits (1=yes; 0=no),SH.MMR.LEVE.GT,1
Czech Republic,CZE,1997,The government administers 100% of maternity leave benefits (1=yes; 0=no),SH.MMR.LEVE.GT,1
Czech Republic,CZE,1996,The government administers 100% of maternity leave benefits (1=yes; 0=no),SH.MMR.LEVE.GT,1
Czech Republic,CZE,1995,The government administers 100% of maternity leave benefits (1=yes; 0=no),SH.MMR.LEVE.GT,1
Czech Republic,CZE,1994,The government administers 100% of maternity leave benefits (1=yes; 0=no),SH.MMR.LEVE.GT,1
Czech Republic,CZE,1993,The government administers 100% of maternity leave benefits (1=yes; 0=no),SH.MMR.LEVE.GT,1
Czech Republic,CZE,1992,The government administers 100% of maternity leave benefits (1=yes; 0=no),SH.MMR.LEVE.GT,1
Czech Republic,CZE,1991,The government administers 100% of maternity leave benefits (1=yes; 0=no),SH.MMR.LEVE.GT,1
Czech Republic,CZE,1990,The government administers 100% of maternity leave benefits (1=yes; 0=no),SH.MMR.LEVE.GT,1
Czech Republic,CZE,1989,The government administers 100% of maternity leave benefits (1=yes; 0=no),SH.MMR.LEVE.GT,1
Czech Republic,CZE,1988,The government administers 100% of maternity leave benefits (1=yes; 0=no),SH.MMR.LEVE.GT,1
Czech Republic,CZE,1987,The government administers 100% of maternity leave benefits (1=yes; 0=no),SH.MMR.LEVE.GT,1
Czech Republic,CZE,1986,The government administers 100% of maternity leave benefits (1=yes; 0=no),SH.MMR.LEVE.GT,1
Czech Republic,CZE,1985,The government administers 100% of maternity leave benefits (1=yes; 0=no),SH.MMR.LEVE.GT,1
Czech Republic,CZE,1984,The government administers 100% of maternity leave benefits (1=yes; 0=no),SH.MMR.LEVE.GT,1
Czech Republic,CZE,1983,The government administers 100% of maternity leave benefits (1=yes; 0=no),SH.MMR.LEVE.GT,1
Czech Republic,CZE,1982,The government administers 100% of maternity leave benefits (1=yes; 0=no),SH.MMR.LEVE.GT,1
Czech Republic,CZE,1981,The government administers 100% of maternity leave benefits (1=yes; 0=no),SH.MMR.LEVE.GT,1
Czech Republic,CZE,1980,The government administers 100% of maternity leave benefits (1=yes; 0=no),SH.MMR.LEVE.GT,1
Czech Republic,CZE,1979,The government administers 100% of maternity leave benefits (1=yes; 0=no),SH.MMR.LEVE.GT,1
Czech Republic,CZE,1978,The government administers 100% of maternity leave benefits (1=yes; 0=no),SH.MMR.LEVE.GT,1
Czech Republic,CZE,1977,The government administers 100% of maternity leave benefits (1=yes; 0=no),SH.MMR.LEVE.GT,1
Czech Republic,CZE,1976,The government administers 100% of maternity leave benefits (1=yes; 0=no),SH.MMR.LEVE.GT,1
Czech Republic,CZE,1975,The government administers 100% of maternity leave benefits (1=yes; 0=no),SH.MMR.LEVE.GT,1
Czech Republic,CZE,1974,The government administers 100% of maternity leave benefits (1=yes; 0=no),SH.MMR.LEVE.GT,1
Czech Republic,CZE,1973,The government administers 100% of maternity leave benefits (1=yes; 0=no),SH.MMR.LEVE.GT,1
Czech Republic,CZE,1972,The government administers 100% of maternity leave benefits (1=yes; 0=no),SH.MMR.LEVE.GT,1
Czech Republic,CZE,1971,The government administers 100% of maternity leave benefits (1=yes; 0=no),SH.MMR.LEVE.GT,1
Czech Republic,CZE,1970,The government administers 100% of maternity leave benefits (1=yes; 0=no),SH.MMR.LEVE.GT,1
Czech Republic,CZE,2021,Length of paid shared parental leave (calendar days),SH.PAR.LEVE,720
Czech Republic,CZE,2020,Length of paid shared parental leave (calendar days),SH.PAR.LEVE,720
Czech Republic,CZE,2019,Length of paid shared parental leave (calendar days),SH.PAR.LEVE,720
Czech Republic,CZE,2018,Length of paid shared parental leave (calendar days),SH.PAR.LEVE,720
Czech Republic,CZE,2017,Length of paid shared parental leave (calendar days),SH.PAR.LEVE,720
Czech Republic,CZE,2016,Length of paid shared parental leave (calendar days),SH.PAR.LEVE,720
Czech Republic,CZE,2015,Length of paid shared parental leave (calendar days),SH.PAR.LEVE,720
Czech Republic,CZE,2014,Length of paid shared parental leave (calendar days),SH.PAR.LEVE,720
Czech Republic,CZE,2013,Length of paid shared parental leave (calendar days),SH.PAR.LEVE,720
Czech Republic,CZE,2012,Length of paid shared parental leave (calendar days),SH.PAR.LEVE,720
Czech Republic,CZE,2011,Length of paid shared parental leave (calendar days),SH.PAR.LEVE,720
Czech Republic,CZE,2010,Length of paid shared parental leave (calendar days),SH.PAR.LEVE,720
Czech Republic,CZE,2009,Length of paid shared parental leave (calendar days),SH.PAR.LEVE,720
Czech Republic,CZE,2008,Length of paid shared parental leave (calendar days),SH.PAR.LEVE,720
Czech Republic,CZE,2007,Length of paid shared parental leave (calendar days),SH.PAR.LEVE,1095
Czech Republic,CZE,2006,Length of paid shared parental leave (calendar days),SH.PAR.LEVE,1095
Czech Republic,CZE,2005,Length of paid shared parental leave (calendar days),SH.PAR.LEVE,1095
Czech Republic,CZE,2004,Length of paid shared parental leave (calendar days),SH.PAR.LEVE,1095
Czech Republic,CZE,2003,Length of paid shared parental leave (calendar days),SH.PAR.LEVE,1460
Czech Republic,CZE,2002,Length of paid shared parental leave (calendar days),SH.PAR.LEVE,1460
Czech Republic,CZE,2001,Length of paid shared parental leave (calendar days),SH.PAR.LEVE,1460
Czech Republic,CZE,2000,Length of paid shared parental leave (calendar days),SH.PAR.LEVE,1460
Czech Republic,CZE,1999,Length of paid shared parental leave (calendar days),SH.PAR.LEVE,1460
Czech Republic,CZE,1998,Length of paid shared parental leave (calendar days),SH.PAR.LEVE,1460
Czech Republic,CZE,1997,Length of paid shared parental leave (calendar days),SH.PAR.LEVE,1460
Czech Republic,CZE,1996,Length of paid shared parental leave (calendar days),SH.PAR.LEVE,1460
Czech Republic,CZE,1995,Length of paid shared parental leave (calendar days),SH.PAR.LEVE,1095
Czech Republic,CZE,1994,Length of paid shared parental leave (calendar days),SH.PAR.LEVE,1095
Czech Republic,CZE,1993,Length of paid shared parental leave (calendar days),SH.PAR.LEVE,1095
Czech Republic,CZE,1992,Length of paid shared parental leave (calendar days),SH.PAR.LEVE,1095
Czech Republic,CZE,1991,Length of paid shared parental leave (calendar days),SH.PAR.LEVE,1095
Czech Republic,CZE,1990,Length of paid shared parental leave (calendar days),SH.PAR.LEVE,0
Czech Republic,CZE,1989,Length of paid shared parental leave (calendar days),SH.PAR.LEVE,0
Czech Republic,CZE,1988,Length of paid shared parental leave (calendar days),SH.PAR.LEVE,0
Czech Republic,CZE,1987,Length of paid shared parental leave (calendar days),SH.PAR.LEVE,0
Czech Republic,CZE,1986,Length of paid shared parental leave (calendar days),SH.PAR.LEVE,0
Czech Republic,CZE,1985,Length of paid shared parental leave (calendar days),SH.PAR.LEVE,0
Czech Republic,CZE,1984,Length of paid shared parental leave (calendar days),SH.PAR.LEVE,0
Czech Republic,CZE,1983,Length of paid shared parental leave (calendar days),SH.PAR.LEVE,0
Czech Republic,CZE,1982,Length of paid shared parental leave (calendar days),SH.PAR.LEVE,0
Czech Republic,CZE,1981,Length of paid shared parental leave (calendar days),SH.PAR.LEVE,0
Czech Republic,CZE,1980,Length of paid shared parental leave (calendar days),SH.PAR.LEVE,0
Czech Republic,CZE,1979,Length of paid shared parental leave (calendar days),SH.PAR.LEVE,0
Czech Republic,CZE,1978,Length of paid shared parental leave (calendar days),SH.PAR.LEVE,0
Czech Republic,CZE,1977,Length of paid shared parental leave (calendar days),SH.PAR.LEVE,0
Czech Republic,CZE,1976,Length of paid shared parental leave (calendar days),SH.PAR.LEVE,0
Czech Republic,CZE,1975,Length of paid shared parental leave (calendar days),SH.PAR.LEVE,0
Czech Republic,CZE,1974,Length of paid shared parental leave (calendar days),SH.PAR.LEVE,0
Czech Republic,CZE,1973,Length of paid shared parental leave (calendar days),SH.PAR.LEVE,0
Czech Republic,CZE,1972,Length of paid shared parental leave (calendar days),SH.PAR.LEVE,0
Czech Republic,CZE,1971,Length of paid shared parental leave (calendar days),SH.PAR.LEVE,0
Czech Republic,CZE,1970,Length of paid shared parental leave (calendar days),SH.PAR.LEVE,0
Czech Republic,CZE,2021,There is paid parental leave (1=yes; 0=no),SH.PAR.LEVE.AL,1
Czech Republic,CZE,2020,There is paid parental leave (1=yes; 0=no),SH.PAR.LEVE.AL,1
Czech Republic,CZE,2019,There is paid parental leave (1=yes; 0=no),SH.PAR.LEVE.AL,1
Czech Republic,CZE,2018,There is paid parental leave (1=yes; 0=no),SH.PAR.LEVE.AL,1
Czech Republic,CZE,2017,There is paid parental leave (1=yes; 0=no),SH.PAR.LEVE.AL,1
Czech Republic,CZE,2016,There is paid parental leave (1=yes; 0=no),SH.PAR.LEVE.AL,1
Czech Republic,CZE,2015,There is paid parental leave (1=yes; 0=no),SH.PAR.LEVE.AL,1
Czech Republic,CZE,2014,There is paid parental leave (1=yes; 0=no),SH.PAR.LEVE.AL,1
Czech Republic,CZE,2013,There is paid parental leave (1=yes; 0=no),SH.PAR.LEVE.AL,1
Czech Republic,CZE,2012,There is paid parental leave (1=yes; 0=no),SH.PAR.LEVE.AL,1
Czech Republic,CZE,2011,There is paid parental leave (1=yes; 0=no),SH.PAR.LEVE.AL,1
Czech Republic,CZE,2010,There is paid parental leave (1=yes; 0=no),SH.PAR.LEVE.AL,1
Czech Republic,CZE,2009,There is paid parental leave (1=yes; 0=no),SH.PAR.LEVE.AL,1
Czech Republic,CZE,2008,There is paid parental leave (1=yes; 0=no),SH.PAR.LEVE.AL,1
Czech Republic,CZE,2007,There is paid parental leave (1=yes; 0=no),SH.PAR.LEVE.AL,1
Czech Republic,CZE,2006,There is paid parental leave (1=yes; 0=no),SH.PAR.LEVE.AL,1
Czech Republic,CZE,2005,There is paid parental leave (1=yes; 0=no),SH.PAR.LEVE.AL,1
Czech Republic,CZE,2004,There is paid parental leave (1=yes; 0=no),SH.PAR.LEVE.AL,1
Czech Republic,CZE,2003,There is paid parental leave (1=yes; 0=no),SH.PAR.LEVE.AL,1
Czech Republic,CZE,2002,There is paid parental leave (1=yes; 0=no),SH.PAR.LEVE.AL,1
Czech Republic,CZE,2001,There is paid parental leave (1=yes; 0=no),SH.PAR.LEVE.AL,1
Czech Republic,CZE,2000,There is paid parental leave (1=yes; 0=no),SH.PAR.LEVE.AL,1
Czech Republic,CZE,1999,There is paid parental leave (1=yes; 0=no),SH.PAR.LEVE.AL,1
Czech Republic,CZE,1998,There is paid parental leave (1=yes; 0=no),SH.PAR.LEVE.AL,1
Czech Republic,CZE,1997,There is paid parental leave (1=yes; 0=no),SH.PAR.LEVE.AL,1
Czech Republic,CZE,1996,There is paid parental leave (1=yes; 0=no),SH.PAR.LEVE.AL,1
Czech Republic,CZE,1995,There is paid parental leave (1=yes; 0=no),SH.PAR.LEVE.AL,1
Czech Republic,CZE,1994,There is paid parental leave (1=yes; 0=no),SH.PAR.LEVE.AL,1
Czech Republic,CZE,1993,There is paid parental leave (1=yes; 0=no),SH.PAR.LEVE.AL,1
Czech Republic,CZE,1992,There is paid parental leave (1=yes; 0=no),SH.PAR.LEVE.AL,1
Czech Republic,CZE,1991,There is paid parental leave (1=yes; 0=no),SH.PAR.LEVE.AL,1
Czech Republic,CZE,1990,There is paid parental leave (1=yes; 0=no),SH.PAR.LEVE.AL,0
Czech Republic,CZE,1989,There is paid parental leave (1=yes; 0=no),SH.PAR.LEVE.AL,0
Czech Republic,CZE,1988,There is paid parental leave (1=yes; 0=no),SH.PAR.LEVE.AL,0
Czech Republic,CZE,1987,There is paid parental leave (1=yes; 0=no),SH.PAR.LEVE.AL,0
Czech Republic,CZE,1986,There is paid parental leave (1=yes; 0=no),SH.PAR.LEVE.AL,0
Czech Republic,CZE,1985,There is paid parental leave (1=yes; 0=no),SH.PAR.LEVE.AL,0
Czech Republic,CZE,1984,There is paid parental leave (1=yes; 0=no),SH.PAR.LEVE.AL,0
Czech Republic,CZE,1983,There is paid parental leave (1=yes; 0=no),SH.PAR.LEVE.AL,0
Czech Republic,CZE,1982,There is paid parental leave (1=yes; 0=no),SH.PAR.LEVE.AL,0
Czech Republic,CZE,1981,There is paid parental leave (1=yes; 0=no),SH.PAR.LEVE.AL,0
Czech Republic,CZE,1980,There is paid parental leave (1=yes; 0=no),SH.PAR.LEVE.AL,0
Czech Republic,CZE,1979,There is paid parental leave (1=yes; 0=no),SH.PAR.LEVE.AL,0
Czech Republic,CZE,1978,There is paid parental leave (1=yes; 0=no),SH.PAR.LEVE.AL,0
Czech Republic,CZE,1977,There is paid parental leave (1=yes; 0=no),SH.PAR.LEVE.AL,0
Czech Republic,CZE,1976,There is paid parental leave (1=yes; 0=no),SH.PAR.LEVE.AL,0
Czech Republic,CZE,1975,There is paid parental leave (1=yes; 0=no),SH.PAR.LEVE.AL,0
Czech Republic,CZE,1974,There is paid parental leave (1=yes; 0=no),SH.PAR.LEVE.AL,0
Czech Republic,CZE,1973,There is paid parental leave (1=yes; 0=no),SH.PAR.LEVE.AL,0
Czech Republic,CZE,1972,There is paid parental leave (1=yes; 0=no),SH.PAR.LEVE.AL,0
Czech Republic,CZE,1971,There is paid parental leave (1=yes; 0=no),SH.PAR.LEVE.AL,0
Czech Republic,CZE,1970,There is paid parental leave (1=yes; 0=no),SH.PAR.LEVE.AL,0
Czech Republic,CZE,2021,Length of paid parental leave for mother (calendar days),SH.PAR.LEVE.FE,0
Czech Republic,CZE,2020,Length of paid parental leave for mother (calendar days),SH.PAR.LEVE.FE,0
Czech Republic,CZE,2019,Length of paid parental leave for mother (calendar days),SH.PAR.LEVE.FE,0
Czech Republic,CZE,2018,Length of paid parental leave for mother (calendar days),SH.PAR.LEVE.FE,0
Czech Republic,CZE,2017,Length of paid parental leave for mother (calendar days),SH.PAR.LEVE.FE,0
Czech Republic,CZE,2016,Length of paid parental leave for mother (calendar days),SH.PAR.LEVE.FE,0
Czech Republic,CZE,2015,Length of paid parental leave for mother (calendar days),SH.PAR.LEVE.FE,0
Czech Republic,CZE,2014,Length of paid parental leave for mother (calendar days),SH.PAR.LEVE.FE,0
Czech Republic,CZE,2013,Length of paid parental leave for mother (calendar days),SH.PAR.LEVE.FE,0
Czech Republic,CZE,2012,Length of paid parental leave for mother (calendar days),SH.PAR.LEVE.FE,0
Czech Republic,CZE,2011,Length of paid parental leave for mother (calendar days),SH.PAR.LEVE.FE,0
Czech Republic,CZE,2010,Length of paid parental leave for mother (calendar days),SH.PAR.LEVE.FE,0
Czech Republic,CZE,2009,Length of paid parental leave for mother (calendar days),SH.PAR.LEVE.FE,0
Czech Republic,CZE,2008,Length of paid parental leave for mother (calendar days),SH.PAR.LEVE.FE,0
Czech Republic,CZE,2007,Length of paid parental leave for mother (calendar days),SH.PAR.LEVE.FE,0
Czech Republic,CZE,2006,Length of paid parental leave for mother (calendar days),SH.PAR.LEVE.FE,0
Czech Republic,CZE,2005,Length of paid parental leave for mother (calendar days),SH.PAR.LEVE.FE,0
Czech Republic,CZE,2004,Length of paid parental leave for mother (calendar days),SH.PAR.LEVE.FE,0
Czech Republic,CZE,2003,Length of paid parental leave for mother (calendar days),SH.PAR.LEVE.FE,0
Czech Republic,CZE,2002,Length of paid parental leave for mother (calendar days),SH.PAR.LEVE.FE,0
Czech Republic,CZE,2001,Length of paid parental leave for mother (calendar days),SH.PAR.LEVE.FE,0
Czech Republic,CZE,2000,Length of paid parental leave for mother (calendar days),SH.PAR.LEVE.FE,0
Czech Republic,CZE,1999,Length of paid parental leave for mother (calendar days),SH.PAR.LEVE.FE,0
Czech Republic,CZE,1998,Length of paid parental leave for mother (calendar days),SH.PAR.LEVE.FE,0
Czech Republic,CZE,1997,Length of paid parental leave for mother (calendar days),SH.PAR.LEVE.FE,0
Czech Republic,CZE,1996,Length of paid parental leave for mother (calendar days),SH.PAR.LEVE.FE,0
Czech Republic,CZE,1995,Length of paid parental leave for mother (calendar days),SH.PAR.LEVE.FE,0
Czech Republic,CZE,1994,Length of paid parental leave for mother (calendar days),SH.PAR.LEVE.FE,0
Czech Republic,CZE,1993,Length of paid parental leave for mother (calendar days),SH.PAR.LEVE.FE,0
Czech Republic,CZE,1992,Length of paid parental leave for mother (calendar days),SH.PAR.LEVE.FE,0
Czech Republic,CZE,1991,Length of paid parental leave for mother (calendar days),SH.PAR.LEVE.FE,0
Czech Republic,CZE,1990,Length of paid parental leave for mother (calendar days),SH.PAR.LEVE.FE,0
Czech Republic,CZE,1989,Length of paid parental leave for mother (calendar days),SH.PAR.LEVE.FE,0
Czech Republic,CZE,1988,Length of paid parental leave for mother (calendar days),SH.PAR.LEVE.FE,0
Czech Republic,CZE,1987,Length of paid parental leave for mother (calendar days),SH.PAR.LEVE.FE,0
Czech Republic,CZE,1986,Length of paid parental leave for mother (calendar days),SH.PAR.LEVE.FE,0
Czech Republic,CZE,1985,Length of paid parental leave for mother (calendar days),SH.PAR.LEVE.FE,0
Czech Republic,CZE,1984,Length of paid parental leave for mother (calendar days),SH.PAR.LEVE.FE,0
Czech Republic,CZE,1983,Length of paid parental leave for mother (calendar days),SH.PAR.LEVE.FE,0
Czech Republic,CZE,1982,Length of paid parental leave for mother (calendar days),SH.PAR.LEVE.FE,0
Czech Republic,CZE,1981,Length of paid parental leave for mother (calendar days),SH.PAR.LEVE.FE,0
Czech Republic,CZE,1980,Length of paid parental leave for mother (calendar days),SH.PAR.LEVE.FE,0
Czech Republic,CZE,1979,Length of paid parental leave for mother (calendar days),SH.PAR.LEVE.FE,0
Czech Republic,CZE,1978,Length of paid parental leave for mother (calendar days),SH.PAR.LEVE.FE,0
Czech Republic,CZE,1977,Length of paid parental leave for mother (calendar days),SH.PAR.LEVE.FE,0
Czech Republic,CZE,1976,Length of paid parental leave for mother (calendar days),SH.PAR.LEVE.FE,0
Czech Republic,CZE,1975,Length of paid parental leave for mother (calendar days),SH.PAR.LEVE.FE,0
Czech Republic,CZE,1974,Length of paid parental leave for mother (calendar days),SH.PAR.LEVE.FE,0
Czech Republic,CZE,1973,Length of paid parental leave for mother (calendar days),SH.PAR.LEVE.FE,0
Czech Republic,CZE,1972,Length of paid parental leave for mother (calendar days),SH.PAR.LEVE.FE,0
Czech Republic,CZE,1971,Length of paid parental leave for mother (calendar days),SH.PAR.LEVE.FE,0
Czech Republic,CZE,1970,Length of paid parental leave for mother (calendar days),SH.PAR.LEVE.FE,0
Czech Republic,CZE,2021,Length of paid parental leave for father (calendar days),SH.PAR.LEVE.MA,0
Czech Republic,CZE,2020,Length of paid parental leave for father (calendar days),SH.PAR.LEVE.MA,0
Czech Republic,CZE,2019,Length of paid parental leave for father (calendar days),SH.PAR.LEVE.MA,0
Czech Republic,CZE,2018,Length of paid parental leave for father (calendar days),SH.PAR.LEVE.MA,0
Czech Republic,CZE,2017,Length of paid parental leave for father (calendar days),SH.PAR.LEVE.MA,0
Czech Republic,CZE,2016,Length of paid parental leave for father (calendar days),SH.PAR.LEVE.MA,0
Czech Republic,CZE,2015,Length of paid parental leave for father (calendar days),SH.PAR.LEVE.MA,0
Czech Republic,CZE,2014,Length of paid parental leave for father (calendar days),SH.PAR.LEVE.MA,0
Czech Republic,CZE,2013,Length of paid parental leave for father (calendar days),SH.PAR.LEVE.MA,0
Czech Republic,CZE,2012,Length of paid parental leave for father (calendar days),SH.PAR.LEVE.MA,0
Czech Republic,CZE,2011,Length of paid parental leave for father (calendar days),SH.PAR.LEVE.MA,0
Czech Republic,CZE,2010,Length of paid parental leave for father (calendar days),SH.PAR.LEVE.MA,0
Czech Republic,CZE,2009,Length of paid parental leave for father (calendar days),SH.PAR.LEVE.MA,0
Czech Republic,CZE,2008,Length of paid parental leave for father (calendar days),SH.PAR.LEVE.MA,0
Czech Republic,CZE,2007,Length of paid parental leave for father (calendar days),SH.PAR.LEVE.MA,0
Czech Republic,CZE,2006,Length of paid parental leave for father (calendar days),SH.PAR.LEVE.MA,0
Czech Republic,CZE,2005,Length of paid parental leave for father (calendar days),SH.PAR.LEVE.MA,0
Czech Republic,CZE,2004,Length of paid parental leave for father (calendar days),SH.PAR.LEVE.MA,0
Czech Republic,CZE,2003,Length of paid parental leave for father (calendar days),SH.PAR.LEVE.MA,0
Czech Republic,CZE,2002,Length of paid parental leave for father (calendar days),SH.PAR.LEVE.MA,0
Czech Republic,CZE,2001,Length of paid parental leave for father (calendar days),SH.PAR.LEVE.MA,0
Czech Republic,CZE,2000,Length of paid parental leave for father (calendar days),SH.PAR.LEVE.MA,0
Czech Republic,CZE,1999,Length of paid parental leave for father (calendar days),SH.PAR.LEVE.MA,0
Czech Republic,CZE,1998,Length of paid parental leave for father (calendar days),SH.PAR.LEVE.MA,0
Czech Republic,CZE,1997,Length of paid parental leave for father (calendar days),SH.PAR.LEVE.MA,0
Czech Republic,CZE,1996,Length of paid parental leave for father (calendar days),SH.PAR.LEVE.MA,0
Czech Republic,CZE,1995,Length of paid parental leave for father (calendar days),SH.PAR.LEVE.MA,0
Czech Republic,CZE,1994,Length of paid parental leave for father (calendar days),SH.PAR.LEVE.MA,0
Czech Republic,CZE,1993,Length of paid parental leave for father (calendar days),SH.PAR.LEVE.MA,0
Czech Republic,CZE,1992,Length of paid parental leave for father (calendar days),SH.PAR.LEVE.MA,0
Czech Republic,CZE,1991,Length of paid parental leave for father (calendar days),SH.PAR.LEVE.MA,0
Czech Republic,CZE,1990,Length of paid parental leave for father (calendar days),SH.PAR.LEVE.MA,0
Czech Republic,CZE,1989,Length of paid parental leave for father (calendar days),SH.PAR.LEVE.MA,0
Czech Republic,CZE,1988,Length of paid parental leave for father (calendar days),SH.PAR.LEVE.MA,0
Czech Republic,CZE,1987,Length of paid parental leave for father (calendar days),SH.PAR.LEVE.MA,0
Czech Republic,CZE,1986,Length of paid parental leave for father (calendar days),SH.PAR.LEVE.MA,0
Czech Republic,CZE,1985,Length of paid parental leave for father (calendar days),SH.PAR.LEVE.MA,0
Czech Republic,CZE,1984,Length of paid parental leave for father (calendar days),SH.PAR.LEVE.MA,0
Czech Republic,CZE,1983,Length of paid parental leave for father (calendar days),SH.PAR.LEVE.MA,0
Czech Republic,CZE,1982,Length of paid parental leave for father (calendar days),SH.PAR.LEVE.MA,0
Czech Republic,CZE,1981,Length of paid parental leave for father (calendar days),SH.PAR.LEVE.MA,0
Czech Republic,CZE,1980,Length of paid parental leave for father (calendar days),SH.PAR.LEVE.MA,0
Czech Republic,CZE,1979,Length of paid parental leave for father (calendar days),SH.PAR.LEVE.MA,0
Czech Republic,CZE,1978,Length of paid parental leave for father (calendar days),SH.PAR.LEVE.MA,0
Czech Republic,CZE,1977,Length of paid parental leave for father (calendar days),SH.PAR.LEVE.MA,0
Czech Republic,CZE,1976,Length of paid parental leave for father (calendar days),SH.PAR.LEVE.MA,0
Czech Republic,CZE,1975,Length of paid parental leave for father (calendar days),SH.PAR.LEVE.MA,0
Czech Republic,CZE,1974,Length of paid parental leave for father (calendar days),SH.PAR.LEVE.MA,0
Czech Republic,CZE,1973,Length of paid parental leave for father (calendar days),SH.PAR.LEVE.MA,0
Czech Republic,CZE,1972,Length of paid parental leave for father (calendar days),SH.PAR.LEVE.MA,0
Czech Republic,CZE,1971,Length of paid parental leave for father (calendar days),SH.PAR.LEVE.MA,0
Czech Republic,CZE,1970,Length of paid parental leave for father (calendar days),SH.PAR.LEVE.MA,0
Czech Republic,CZE,2021,Length of paid paternity leave (calendar days),SH.PTR.LEVE,7
Czech Republic,CZE,2020,Length of paid paternity leave (calendar days),SH.PTR.LEVE,7
Czech Republic,CZE,2019,Length of paid paternity leave (calendar days),SH.PTR.LEVE,7
Czech Republic,CZE,2018,Length of paid paternity leave (calendar days),SH.PTR.LEVE,7
Czech Republic,CZE,2017,Length of paid paternity leave (calendar days),SH.PTR.LEVE,0
Czech Republic,CZE,2016,Length of paid paternity leave (calendar days),SH.PTR.LEVE,0
Czech Republic,CZE,2015,Length of paid paternity leave (calendar days),SH.PTR.LEVE,0
Czech Republic,CZE,2014,Length of paid paternity leave (calendar days),SH.PTR.LEVE,0
Czech Republic,CZE,2013,Length of paid paternity leave (calendar days),SH.PTR.LEVE,0
Czech Republic,CZE,2012,Length of paid paternity leave (calendar days),SH.PTR.LEVE,0
Czech Republic,CZE,2011,Length of paid paternity leave (calendar days),SH.PTR.LEVE,0
Czech Republic,CZE,2010,Length of paid paternity leave (calendar days),SH.PTR.LEVE,0
Czech Republic,CZE,2009,Length of paid paternity leave (calendar days),SH.PTR.LEVE,0
Czech Republic,CZE,2008,Length of paid paternity leave (calendar days),SH.PTR.LEVE,0
Czech Republic,CZE,2007,Length of paid paternity leave (calendar days),SH.PTR.LEVE,0
Czech Republic,CZE,2006,Length of paid paternity leave (calendar days),SH.PTR.LEVE,0
Czech Republic,CZE,2005,Length of paid paternity leave (calendar days),SH.PTR.LEVE,0
Czech Republic,CZE,2004,Length of paid paternity leave (calendar days),SH.PTR.LEVE,0
Czech Republic,CZE,2003,Length of paid paternity leave (calendar days),SH.PTR.LEVE,0
Czech Republic,CZE,2002,Length of paid paternity leave (calendar days),SH.PTR.LEVE,0
Czech Republic,CZE,2001,Length of paid paternity leave (calendar days),SH.PTR.LEVE,0
Czech Republic,CZE,2000,Length of paid paternity leave (calendar days),SH.PTR.LEVE,0
Czech Republic,CZE,1999,Length of paid paternity leave (calendar days),SH.PTR.LEVE,0
Czech Republic,CZE,1998,Length of paid paternity leave (calendar days),SH.PTR.LEVE,0
Czech Republic,CZE,1997,Length of paid paternity leave (calendar days),SH.PTR.LEVE,0
Czech Republic,CZE,1996,Length of paid paternity leave (calendar days),SH.PTR.LEVE,0
Czech Republic,CZE,1995,Length of paid paternity leave (calendar days),SH.PTR.LEVE,0
Czech Republic,CZE,1994,Length of paid paternity leave (calendar days),SH.PTR.LEVE,0
Czech Republic,CZE,1993,Length of paid paternity leave (calendar days),SH.PTR.LEVE,0
Czech Republic,CZE,1992,Length of paid paternity leave (calendar days),SH.PTR.LEVE,0
Czech Republic,CZE,1991,Length of paid paternity leave (calendar days),SH.PTR.LEVE,0
Czech Republic,CZE,1990,Length of paid paternity leave (calendar days),SH.PTR.LEVE,0
Czech Republic,CZE,1989,Length of paid paternity leave (calendar days),SH.PTR.LEVE,0
Czech Republic,CZE,1988,Length of paid paternity leave (calendar days),SH.PTR.LEVE,0
Czech Republic,CZE,1987,Length of paid paternity leave (calendar days),SH.PTR.LEVE,0
Czech Republic,CZE,1986,Length of paid paternity leave (calendar days),SH.PTR.LEVE,0
Czech Republic,CZE,1985,Length of paid paternity leave (calendar days),SH.PTR.LEVE,0
Czech Republic,CZE,1984,Length of paid paternity leave (calendar days),SH.PTR.LEVE,0
Czech Republic,CZE,1983,Length of paid paternity leave (calendar days),SH.PTR.LEVE,0
Czech Republic,CZE,1982,Length of paid paternity leave (calendar days),SH.PTR.LEVE,0
Czech Republic,CZE,1981,Length of paid paternity leave (calendar days),SH.PTR.LEVE,0
Czech Republic,CZE,1980,Length of paid paternity leave (calendar days),SH.PTR.LEVE,0
Czech Republic,CZE,1979,Length of paid paternity leave (calendar days),SH.PTR.LEVE,0
Czech Republic,CZE,1978,Length of paid paternity leave (calendar days),SH.PTR.LEVE,0
Czech Republic,CZE,1977,Length of paid paternity leave (calendar days),SH.PTR.LEVE,0
Czech Republic,CZE,1976,Length of paid paternity leave (calendar days),SH.PTR.LEVE,0
Czech Republic,CZE,1975,Length of paid paternity leave (calendar days),SH.PTR.LEVE,0
Czech Republic,CZE,1974,Length of paid paternity leave (calendar days),SH.PTR.LEVE,0
Czech Republic,CZE,1973,Length of paid paternity leave (calendar days),SH.PTR.LEVE,0
Czech Republic,CZE,1972,Length of paid paternity leave (calendar days),SH.PTR.LEVE,0
Czech Republic,CZE,1971,Length of paid paternity leave (calendar days),SH.PTR.LEVE,0
Czech Republic,CZE,1970,Length of paid paternity leave (calendar days),SH.PTR.LEVE,0
Czech Republic,CZE,2021,Paid leave is available to fathers (1=yes; 0=no),SH.PTR.LEVE.AL,1
Czech Republic,CZE,2020,Paid leave is available to fathers (1=yes; 0=no),SH.PTR.LEVE.AL,1
Czech Republic,CZE,2019,Paid leave is available to fathers (1=yes; 0=no),SH.PTR.LEVE.AL,1
Czech Republic,CZE,2018,Paid leave is available to fathers (1=yes; 0=no),SH.PTR.LEVE.AL,1
Czech Republic,CZE,2017,Paid leave is available to fathers (1=yes; 0=no),SH.PTR.LEVE.AL,0
Czech Republic,CZE,2016,Paid leave is available to fathers (1=yes; 0=no),SH.PTR.LEVE.AL,0
Czech Republic,CZE,2015,Paid leave is available to fathers (1=yes; 0=no),SH.PTR.LEVE.AL,0
Czech Republic,CZE,2014,Paid leave is available to fathers (1=yes; 0=no),SH.PTR.LEVE.AL,0
Czech Republic,CZE,2013,Paid leave is available to fathers (1=yes; 0=no),SH.PTR.LEVE.AL,0
Czech Republic,CZE,2012,Paid leave is available to fathers (1=yes; 0=no),SH.PTR.LEVE.AL,0
Czech Republic,CZE,2011,Paid leave is available to fathers (1=yes; 0=no),SH.PTR.LEVE.AL,0
Czech Republic,CZE,2010,Paid leave is available to fathers (1=yes; 0=no),SH.PTR.LEVE.AL,0
Czech Republic,CZE,2009,Paid leave is available to fathers (1=yes; 0=no),SH.PTR.LEVE.AL,0
Czech Republic,CZE,2008,Paid leave is available to fathers (1=yes; 0=no),SH.PTR.LEVE.AL,0
Czech Republic,CZE,2007,Paid leave is available to fathers (1=yes; 0=no),SH.PTR.LEVE.AL,0
Czech Republic,CZE,2006,Paid leave is available to fathers (1=yes; 0=no),SH.PTR.LEVE.AL,0
Czech Republic,CZE,2005,Paid leave is available to fathers (1=yes; 0=no),SH.PTR.LEVE.AL,0
Czech Republic,CZE,2004,Paid leave is available to fathers (1=yes; 0=no),SH.PTR.LEVE.AL,0
Czech Republic,CZE,2003,Paid leave is available to fathers (1=yes; 0=no),SH.PTR.LEVE.AL,0
Czech Republic,CZE,2002,Paid leave is available to fathers (1=yes; 0=no),SH.PTR.LEVE.AL,0
Czech Republic,CZE,2001,Paid leave is available to fathers (1=yes; 0=no),SH.PTR.LEVE.AL,0
Czech Republic,CZE,2000,Paid leave is available to fathers (1=yes; 0=no),SH.PTR.LEVE.AL,0
Czech Republic,CZE,1999,Paid leave is available to fathers (1=yes; 0=no),SH.PTR.LEVE.AL,0
Czech Republic,CZE,1998,Paid leave is available to fathers (1=yes; 0=no),SH.PTR.LEVE.AL,0
Czech Republic,CZE,1997,Paid leave is available to fathers (1=yes; 0=no),SH.PTR.LEVE.AL,0
Czech Republic,CZE,1996,Paid leave is available to fathers (1=yes; 0=no),SH.PTR.LEVE.AL,0
Czech Republic,CZE,1995,Paid leave is available to fathers (1=yes; 0=no),SH.PTR.LEVE.AL,0
Czech Republic,CZE,1994,Paid leave is available to fathers (1=yes; 0=no),SH.PTR.LEVE.AL,0
Czech Republic,CZE,1993,Paid leave is available to fathers (1=yes; 0=no),SH.PTR.LEVE.AL,0
Czech Republic,CZE,1992,Paid leave is available to fathers (1=yes; 0=no),SH.PTR.LEVE.AL,0
Czech Republic,CZE,1991,Paid leave is available to fathers (1=yes; 0=no),SH.PTR.LEVE.AL,0
Czech Republic,CZE,1990,Paid leave is available to fathers (1=yes; 0=no),SH.PTR.LEVE.AL,0
Czech Republic,CZE,1989,Paid leave is available to fathers (1=yes; 0=no),SH.PTR.LEVE.AL,0
Czech Republic,CZE,1988,Paid leave is available to fathers (1=yes; 0=no),SH.PTR.LEVE.AL,0
Czech Republic,CZE,1987,Paid leave is available to fathers (1=yes; 0=no),SH.PTR.LEVE.AL,0
Czech Republic,CZE,1986,Paid leave is available to fathers (1=yes; 0=no),SH.PTR.LEVE.AL,0
Czech Republic,CZE,1985,Paid leave is available to fathers (1=yes; 0=no),SH.PTR.LEVE.AL,0
Czech Republic,CZE,1984,Paid leave is available to fathers (1=yes; 0=no),SH.PTR.LEVE.AL,0
Czech Republic,CZE,1983,Paid leave is available to fathers (1=yes; 0=no),SH.PTR.LEVE.AL,0
Czech Republic,CZE,1982,Paid leave is available to fathers (1=yes; 0=no),SH.PTR.LEVE.AL,0
Czech Republic,CZE,1981,Paid leave is available to fathers (1=yes; 0=no),SH.PTR.LEVE.AL,0
Czech Republic,CZE,1980,Paid leave is available to fathers (1=yes; 0=no),SH.PTR.LEVE.AL,0
Czech Republic,CZE,1979,Paid leave is available to fathers (1=yes; 0=no),SH.PTR.LEVE.AL,0
Czech Republic,CZE,1978,Paid leave is available to fathers (1=yes; 0=no),SH.PTR.LEVE.AL,0
Czech Republic,CZE,1977,Paid leave is available to fathers (1=yes; 0=no),SH.PTR.LEVE.AL,0
Czech Republic,CZE,1976,Paid leave is available to fathers (1=yes; 0=no),SH.PTR.LEVE.AL,0
Czech Republic,CZE,1975,Paid leave is available to fathers (1=yes; 0=no),SH.PTR.LEVE.AL,0
Czech Republic,CZE,1974,Paid leave is available to fathers (1=yes; 0=no),SH.PTR.LEVE.AL,0
Czech Republic,CZE,1973,Paid leave is available to fathers (1=yes; 0=no),SH.PTR.LEVE.AL,0
Czech Republic,CZE,1972,Paid leave is available to fathers (1=yes; 0=no),SH.PTR.LEVE.AL,0
Czech Republic,CZE,1971,Paid leave is available to fathers (1=yes; 0=no),SH.PTR.LEVE.AL,0
Czech Republic,CZE,1970,Paid leave is available to fathers (1=yes; 0=no),SH.PTR.LEVE.AL,0
Czech Republic,CZE,2016,"Prevalence of obesity, female (% of female population ages 18+)",SH.STA.OB18.FE.ZS,25.4
Czech Republic,CZE,2015,"Prevalence of obesity, female (% of female population ages 18+)",SH.STA.OB18.FE.ZS,25.2
Czech Republic,CZE,2014,"Prevalence of obesity, female (% of female population ages 18+)",SH.STA.OB18.FE.ZS,25
Czech Republic,CZE,2013,"Prevalence of obesity, female (% of female population ages 18+)",SH.STA.OB18.FE.ZS,24.7
Czech Republic,CZE,2012,"Prevalence of obesity, female (% of female population ages 18+)",SH.STA.OB18.FE.ZS,24.5
Czech Republic,CZE,2011,"Prevalence of obesity, female (% of female population ages 18+)",SH.STA.OB18.FE.ZS,24.3
Czech Republic,CZE,2010,"Prevalence of obesity, female (% of female population ages 18+)",SH.STA.OB18.FE.ZS,24
Czech Republic,CZE,2009,"Prevalence of obesity, female (% of female population ages 18+)",SH.STA.OB18.FE.ZS,23.8
Czech Republic,CZE,2008,"Prevalence of obesity, female (% of female population ages 18+)",SH.STA.OB18.FE.ZS,23.6
Czech Republic,CZE,2007,"Prevalence of obesity, female (% of female population ages 18+)",SH.STA.OB18.FE.ZS,23.4
Czech Republic,CZE,2006,"Prevalence of obesity, female (% of female population ages 18+)",SH.STA.OB18.FE.ZS,23.2
Czech Republic,CZE,2005,"Prevalence of obesity, female (% of female population ages 18+)",SH.STA.OB18.FE.ZS,23.1
Czech Republic,CZE,2004,"Prevalence of obesity, female (% of female population ages 18+)",SH.STA.OB18.FE.ZS,22.9
Czech Republic,CZE,2003,"Prevalence of obesity, female (% of female population ages 18+)",SH.STA.OB18.FE.ZS,22.7
Czech Republic,CZE,2002,"Prevalence of obesity, female (% of female population ages 18+)",SH.STA.OB18.FE.ZS,22.6
Czech Republic,CZE,2001,"Prevalence of obesity, female (% of female population ages 18+)",SH.STA.OB18.FE.ZS,22.4
Czech Republic,CZE,2000,"Prevalence of obesity, female (% of female population ages 18+)",SH.STA.OB18.FE.ZS,22.3
Czech Republic,CZE,1999,"Prevalence of obesity, female (% of female population ages 18+)",SH.STA.OB18.FE.ZS,22.1
Czech Republic,CZE,1998,"Prevalence of obesity, female (% of female population ages 18+)",SH.STA.OB18.FE.ZS,22
Czech Republic,CZE,1997,"Prevalence of obesity, female (% of female population ages 18+)",SH.STA.OB18.FE.ZS,21.9
Czech Republic,CZE,1996,"Prevalence of obesity, female (% of female population ages 18+)",SH.STA.OB18.FE.ZS,21.8
Czech Republic,CZE,1995,"Prevalence of obesity, female (% of female population ages 18+)",SH.STA.OB18.FE.ZS,21.7
Czech Republic,CZE,1994,"Prevalence of obesity, female (% of female population ages 18+)",SH.STA.OB18.FE.ZS,21.6
Czech Republic,CZE,1993,"Prevalence of obesity, female (% of female population ages 18+)",SH.STA.OB18.FE.ZS,21.5
Czech Republic,CZE,1992,"Prevalence of obesity, female (% of female population ages 18+)",SH.STA.OB18.FE.ZS,21.4
Czech Republic,CZE,1991,"Prevalence of obesity, female (% of female population ages 18+)",SH.STA.OB18.FE.ZS,21.3
Czech Republic,CZE,1990,"Prevalence of obesity, female (% of female population ages 18+)",SH.STA.OB18.FE.ZS,21.2
Czech Republic,CZE,1989,"Prevalence of obesity, female (% of female population ages 18+)",SH.STA.OB18.FE.ZS,21.1
Czech Republic,CZE,1988,"Prevalence of obesity, female (% of female population ages 18+)",SH.STA.OB18.FE.ZS,21
Czech Republic,CZE,1987,"Prevalence of obesity, female (% of female population ages 18+)",SH.STA.OB18.FE.ZS,20.8
Czech Republic,CZE,1986,"Prevalence of obesity, female (% of female population ages 18+)",SH.STA.OB18.FE.ZS,20.7
Czech Republic,CZE,1985,"Prevalence of obesity, female (% of female population ages 18+)",SH.STA.OB18.FE.ZS,20.5
Czech Republic,CZE,1984,"Prevalence of obesity, female (% of female population ages 18+)",SH.STA.OB18.FE.ZS,20.3
Czech Republic,CZE,1983,"Prevalence of obesity, female (% of female population ages 18+)",SH.STA.OB18.FE.ZS,20.1
Czech Republic,CZE,1982,"Prevalence of obesity, female (% of female population ages 18+)",SH.STA.OB18.FE.ZS,19.8
Czech Republic,CZE,1981,"Prevalence of obesity, female (% of female population ages 18+)",SH.STA.OB18.FE.ZS,19.5
Czech Republic,CZE,1980,"Prevalence of obesity, female (% of female population ages 18+)",SH.STA.OB18.FE.ZS,19.1
Czech Republic,CZE,1979,"Prevalence of obesity, female (% of female population ages 18+)",SH.STA.OB18.FE.ZS,18.7
Czech Republic,CZE,1978,"Prevalence of obesity, female (% of female population ages 18+)",SH.STA.OB18.FE.ZS,18.3
Czech Republic,CZE,1977,"Prevalence of obesity, female (% of female population ages 18+)",SH.STA.OB18.FE.ZS,17.9
Czech Republic,CZE,1976,"Prevalence of obesity, female (% of female population ages 18+)",SH.STA.OB18.FE.ZS,17.5
Czech Republic,CZE,1975,"Prevalence of obesity, female (% of female population ages 18+)",SH.STA.OB18.FE.ZS,17.1
Czech Republic,CZE,2016,"Prevalence of obesity, male (% of male population ages 18+)",SH.STA.OB18.MA.ZS,26.4
Czech Republic,CZE,2015,"Prevalence of obesity, male (% of male population ages 18+)",SH.STA.OB18.MA.ZS,25.9
Czech Republic,CZE,2014,"Prevalence of obesity, male (% of male population ages 18+)",SH.STA.OB18.MA.ZS,25.4
Czech Republic,CZE,2013,"Prevalence of obesity, male (% of male population ages 18+)",SH.STA.OB18.MA.ZS,24.9
Czech Republic,CZE,2012,"Prevalence of obesity, male (% of male population ages 18+)",SH.STA.OB18.MA.ZS,24.5
Czech Republic,CZE,2011,"Prevalence of obesity, male (% of male population ages 18+)",SH.STA.OB18.MA.ZS,24
Czech Republic,CZE,2010,"Prevalence of obesity, male (% of male population ages 18+)",SH.STA.OB18.MA.ZS,23.6
Czech Republic,CZE,2009,"Prevalence of obesity, male (% of male population ages 18+)",SH.STA.OB18.MA.ZS,23.1
Czech Republic,CZE,2008,"Prevalence of obesity, male (% of male population ages 18+)",SH.STA.OB18.MA.ZS,22.7
Czech Republic,CZE,2007,"Prevalence of obesity, male (% of male population ages 18+)",SH.STA.OB18.MA.ZS,22.2
Czech Republic,CZE,2006,"Prevalence of obesity, male (% of male population ages 18+)",SH.STA.OB18.MA.ZS,21.8
Czech Republic,CZE,2005,"Prevalence of obesity, male (% of male population ages 18+)",SH.STA.OB18.MA.ZS,21.4
Czech Republic,CZE,2004,"Prevalence of obesity, male (% of male population ages 18+)",SH.STA.OB18.MA.ZS,21
Czech Republic,CZE,2003,"Prevalence of obesity, male (% of male population ages 18+)",SH.STA.OB18.MA.ZS,20.6
Czech Republic,CZE,2002,"Prevalence of obesity, male (% of male population ages 18+)",SH.STA.OB18.MA.ZS,20.2
Czech Republic,CZE,2001,"Prevalence of obesity, male (% of male population ages 18+)",SH.STA.OB18.MA.ZS,19.8
Czech Republic,CZE,2000,"Prevalence of obesity, male (% of male population ages 18+)",SH.STA.OB18.MA.ZS,19.4
Czech Republic,CZE,1999,"Prevalence of obesity, male (% of male population ages 18+)",SH.STA.OB18.MA.ZS,19
Czech Republic,CZE,1998,"Prevalence of obesity, male (% of male population ages 18+)",SH.STA.OB18.MA.ZS,18.7
Czech Republic,CZE,1997,"Prevalence of obesity, male (% of male population ages 18+)",SH.STA.OB18.MA.ZS,18.3
Czech Republic,CZE,1996,"Prevalence of obesity, male (% of male population ages 18+)",SH.STA.OB18.MA.ZS,18
Czech Republic,CZE,1995,"Prevalence of obesity, male (% of male population ages 18+)",SH.STA.OB18.MA.ZS,17.6
Czech Republic,CZE,1994,"Prevalence of obesity, male (% of male population ages 18+)",SH.STA.OB18.MA.ZS,17.3
Czech Republic,CZE,1993,"Prevalence of obesity, male (% of male population ages 18+)",SH.STA.OB18.MA.ZS,17
Czech Republic,CZE,1992,"Prevalence of obesity, male (% of male population ages 18+)",SH.STA.OB18.MA.ZS,16.6
Czech Republic,CZE,1991,"Prevalence of obesity, male (% of male population ages 18+)",SH.STA.OB18.MA.ZS,16.3
Czech Republic,CZE,1990,"Prevalence of obesity, male (% of male population ages 18+)",SH.STA.OB18.MA.ZS,16
Czech Republic,CZE,1989,"Prevalence of obesity, male (% of male population ages 18+)",SH.STA.OB18.MA.ZS,15.7
Czech Republic,CZE,1988,"Prevalence of obesity, male (% of male population ages 18+)",SH.STA.OB18.MA.ZS,15.3
Czech Republic,CZE,1987,"Prevalence of obesity, male (% of male population ages 18+)",SH.STA.OB18.MA.ZS,15
Czech Republic,CZE,1986,"Prevalence of obesity, male (% of male population ages 18+)",SH.STA.OB18.MA.ZS,14.7
Czech Republic,CZE,1985,"Prevalence of obesity, male (% of male population ages 18+)",SH.STA.OB18.MA.ZS,14.3
Czech Republic,CZE,1984,"Prevalence of obesity, male (% of male population ages 18+)",SH.STA.OB18.MA.ZS,14
Czech Republic,CZE,1983,"Prevalence of obesity, male (% of male population ages 18+)",SH.STA.OB18.MA.ZS,13.6
Czech Republic,CZE,1982,"Prevalence of obesity, male (% of male population ages 18+)",SH.STA.OB18.MA.ZS,13.2
Czech Republic,CZE,1981,"Prevalence of obesity, male (% of male population ages 18+)",SH.STA.OB18.MA.ZS,12.7
Czech Republic,CZE,1980,"Prevalence of obesity, male (% of male population ages 18+)",SH.STA.OB18.MA.ZS,12.3
Czech Republic,CZE,1979,"Prevalence of obesity, male (% of male population ages 18+)",SH.STA.OB18.MA.ZS,11.8
Czech Republic,CZE,1978,"Prevalence of obesity, male (% of male population ages 18+)",SH.STA.OB18.MA.ZS,11.3
Czech Republic,CZE,1977,"Prevalence of obesity, male (% of male population ages 18+)",SH.STA.OB18.MA.ZS,10.8
Czech Republic,CZE,1976,"Prevalence of obesity, male (% of male population ages 18+)",SH.STA.OB18.MA.ZS,10.4
Czech Republic,CZE,1975,"Prevalence of obesity, male (% of male population ages 18+)",SH.STA.OB18.MA.ZS,10
Czech Republic,CZE,2020,"Time-related underemployment, female (% of employment)",SL.EMP.UNDR.FE.ZS,0.509999990463257
Czech Republic,CZE,2019,"Time-related underemployment, female (% of employment)",SL.EMP.UNDR.FE.ZS,0.479999989271164
Czech Republic,CZE,2018,"Time-related underemployment, female (% of employment)",SL.EMP.UNDR.FE.ZS,0.600000023841858
Czech Republic,CZE,2017,"Time-related underemployment, female (% of employment)",SL.EMP.UNDR.FE.ZS,0.779999971389771
Czech Republic,CZE,2016,"Time-related underemployment, female (% of employment)",SL.EMP.UNDR.FE.ZS,0.910000026226044
Czech Republic,CZE,2015,"Time-related underemployment, female (% of employment)",SL.EMP.UNDR.FE.ZS,0.980000019073486
Czech Republic,CZE,2014,"Time-related underemployment, female (% of employment)",SL.EMP.UNDR.FE.ZS,1.17999994754791
Czech Republic,CZE,2013,"Time-related underemployment, female (% of employment)",SL.EMP.UNDR.FE.ZS,1.4099999666214
Czech Republic,CZE,2012,"Time-related underemployment, female (% of employment)",SL.EMP.UNDR.FE.ZS,1
Czech Republic,CZE,2011,"Time-related underemployment, female (% of employment)",SL.EMP.UNDR.FE.ZS,1
Czech Republic,CZE,2010,"Time-related underemployment, female (% of employment)",SL.EMP.UNDR.FE.ZS,1.13999998569489
Czech Republic,CZE,2009,"Time-related underemployment, female (% of employment)",SL.EMP.UNDR.FE.ZS,0.910000026226044
Czech Republic,CZE,2008,"Time-related underemployment, female (% of employment)",SL.EMP.UNDR.FE.ZS,0.670000016689301
Czech Republic,CZE,2007,"Time-related underemployment, female (% of employment)",SL.EMP.UNDR.FE.ZS,0.680000007152557
Czech Republic,CZE,2006,"Time-related underemployment, female (% of employment)",SL.EMP.UNDR.FE.ZS,0.829999983310699
Czech Republic,CZE,2005,"Time-related underemployment, female (% of employment)",SL.EMP.UNDR.FE.ZS,0.629999995231628
Czech Republic,CZE,2004,"Time-related underemployment, female (% of employment)",SL.EMP.UNDR.FE.ZS,0.730000019073486
Czech Republic,CZE,2003,"Time-related underemployment, female (% of employment)",SL.EMP.UNDR.FE.ZS,0.740000009536743
Czech Republic,CZE,2002,"Time-related underemployment, female (% of employment)",SL.EMP.UNDR.FE.ZS,0.540000021457672
Czech Republic,CZE,2020,"Time-related underemployment, male (% of employment)",SL.EMP.UNDR.MA.ZS,0.270000010728836
Czech Republic,CZE,2019,"Time-related underemployment, male (% of employment)",SL.EMP.UNDR.MA.ZS,0.200000002980232
Czech Republic,CZE,2018,"Time-related underemployment, male (% of employment)",SL.EMP.UNDR.MA.ZS,0.189999997615814
Czech Republic,CZE,2017,"Time-related underemployment, male (% of employment)",SL.EMP.UNDR.MA.ZS,0.200000002980232
Czech Republic,CZE,2016,"Time-related underemployment, male (% of employment)",SL.EMP.UNDR.MA.ZS,0.230000004172325
Czech Republic,CZE,2015,"Time-related underemployment, male (% of employment)",SL.EMP.UNDR.MA.ZS,0.340000003576279
Czech Republic,CZE,2014,"Time-related underemployment, male (% of employment)",SL.EMP.UNDR.MA.ZS,0.400000005960464
Czech Republic,CZE,2013,"Time-related underemployment, male (% of employment)",SL.EMP.UNDR.MA.ZS,0.349999994039536
Czech Republic,CZE,2012,"Time-related underemployment, male (% of employment)",SL.EMP.UNDR.MA.ZS,0.319999992847443
Czech Republic,CZE,2011,"Time-related underemployment, male (% of employment)",SL.EMP.UNDR.MA.ZS,0.310000002384186
Czech Republic,CZE,2010,"Time-related underemployment, male (% of employment)",SL.EMP.UNDR.MA.ZS,0.389999985694885
Czech Republic,CZE,2009,"Time-related underemployment, male (% of employment)",SL.EMP.UNDR.MA.ZS,0.389999985694885
Czech Republic,CZE,2008,"Time-related underemployment, male (% of employment)",SL.EMP.UNDR.MA.ZS,0.129999995231628
Czech Republic,CZE,2007,"Time-related underemployment, male (% of employment)",SL.EMP.UNDR.MA.ZS,0.140000000596046
Czech Republic,CZE,2006,"Time-related underemployment, male (% of employment)",SL.EMP.UNDR.MA.ZS,0.119999997317791
Czech Republic,CZE,2005,"Time-related underemployment, male (% of employment)",SL.EMP.UNDR.MA.ZS,0.150000005960464
Czech Republic,CZE,2004,"Time-related underemployment, male (% of employment)",SL.EMP.UNDR.MA.ZS,0.100000001490116
Czech Republic,CZE,2003,"Time-related underemployment, male (% of employment)",SL.EMP.UNDR.MA.ZS,0.0700000002980232
Czech Republic,CZE,2002,"Time-related underemployment, male (% of employment)",SL.EMP.UNDR.MA.ZS,0.109999999403954
Czech Republic,CZE,2021,"Labor force, female",SL.TLF.TOTL.FE.IN,2382928
Czech Republic,CZE,2020,"Labor force, female",SL.TLF.TOTL.FE.IN,2389531
Czech Republic,CZE,2019,"Labor force, female",SL.TLF.TOTL.FE.IN,2421341
Czech Republic,CZE,2018,"Labor force, female",SL.TLF.TOTL.FE.IN,2425223
Czech Republic,CZE,2017,"Labor force, female",SL.TLF.TOTL.FE.IN,2401448
Czech Republic,CZE,2016,"Labor force, female",SL.TLF.TOTL.FE.IN,2381265
Czech Republic,CZE,2015,"Labor force, female",SL.TLF.TOTL.FE.IN,2351561
Czech Republic,CZE,2014,"Labor force, female",SL.TLF.TOTL.FE.IN,2335184
Czech Republic,CZE,2013,"Labor force, female",SL.TLF.TOTL.FE.IN,2340456
Czech Republic,CZE,2012,"Labor force, female",SL.TLF.TOTL.FE.IN,2303802
Czech Republic,CZE,2011,"Labor force, female",SL.TLF.TOTL.FE.IN,2278718
Czech Republic,CZE,2010,"Labor force, female",SL.TLF.TOTL.FE.IN,2272527
Czech Republic,CZE,2009,"Labor force, female",SL.TLF.TOTL.FE.IN,2279830
Czech Republic,CZE,2008,"Labor force, female",SL.TLF.TOTL.FE.IN,2259295
Czech Republic,CZE,2007,"Labor force, female",SL.TLF.TOTL.FE.IN,2261757
Czech Republic,CZE,2006,"Labor force, female",SL.TLF.TOTL.FE.IN,2284240
Czech Republic,CZE,2005,"Labor force, female",SL.TLF.TOTL.FE.IN,2283031
Czech Republic,CZE,2004,"Labor force, female",SL.TLF.TOTL.FE.IN,2266781
Czech Republic,CZE,2003,"Labor force, female",SL.TLF.TOTL.FE.IN,2276351
Czech Republic,CZE,2002,"Labor force, female",SL.TLF.TOTL.FE.IN,2265660
Czech Republic,CZE,2001,"Labor force, female",SL.TLF.TOTL.FE.IN,2276950
Czech Republic,CZE,2000,"Labor force, female",SL.TLF.TOTL.FE.IN,2290152
Czech Republic,CZE,1999,"Labor force, female",SL.TLF.TOTL.FE.IN,2305192
Czech Republic,CZE,1998,"Labor force, female",SL.TLF.TOTL.FE.IN,2286708
Czech Republic,CZE,1997,"Labor force, female",SL.TLF.TOTL.FE.IN,2273933
Czech Republic,CZE,1996,"Labor force, female",SL.TLF.TOTL.FE.IN,2275899
Czech Republic,CZE,1995,"Labor force, female",SL.TLF.TOTL.FE.IN,2287462
Czech Republic,CZE,1994,"Labor force, female",SL.TLF.TOTL.FE.IN,2285654
Czech Republic,CZE,1993,"Labor force, female",SL.TLF.TOTL.FE.IN,2257381
Czech Republic,CZE,1992,"Labor force, female",SL.TLF.TOTL.FE.IN,2237412
Czech Republic,CZE,1991,"Labor force, female",SL.TLF.TOTL.FE.IN,2219983
Czech Republic,CZE,1990,"Labor force, female",SL.TLF.TOTL.FE.IN,2216323
Czech Republic,CZE,2020,Ratio of female to male youth unemployment rate (%) (national estimate),SL.UEM.1524.FM.NE.ZS,126.869807667529
Czech Republic,CZE,2019,Ratio of female to male youth unemployment rate (%) (national estimate),SL.UEM.1524.FM.NE.ZS,112.149534709423
Czech Republic,CZE,2018,Ratio of female to male youth unemployment rate (%) (national estimate),SL.UEM.1524.FM.NE.ZS,112.676055707416
Czech Republic,CZE,2017,Ratio of female to male youth unemployment rate (%) (national estimate),SL.UEM.1524.FM.NE.ZS,118.403249771115
Czech Republic,CZE,2016,Ratio of female to male youth unemployment rate (%) (national estimate),SL.UEM.1524.FM.NE.ZS,115.035315782646
Czech Republic,CZE,2015,Ratio of female to male youth unemployment rate (%) (national estimate),SL.UEM.1524.FM.NE.ZS,127.473504365672
Czech Republic,CZE,2014,Ratio of female to male youth unemployment rate (%) (national estimate),SL.UEM.1524.FM.NE.ZS,113.696811335383
Czech Republic,CZE,2013,Ratio of female to male youth unemployment rate (%) (national estimate),SL.UEM.1524.FM.NE.ZS,104.289550459906
Czech Republic,CZE,2012,Ratio of female to male youth unemployment rate (%) (national estimate),SL.UEM.1524.FM.NE.ZS,95.6696848745143
Czech Republic,CZE,2011,Ratio of female to male youth unemployment rate (%) (national estimate),SL.UEM.1524.FM.NE.ZS,98.9531650796091
Czech Republic,CZE,2010,Ratio of female to male youth unemployment rate (%) (national estimate),SL.UEM.1524.FM.NE.ZS,101.31578823536
Czech Republic,CZE,2009,Ratio of female to male youth unemployment rate (%) (national estimate),SL.UEM.1524.FM.NE.ZS,100.541843162437
Czech Republic,CZE,2008,Ratio of female to male youth unemployment rate (%) (national estimate),SL.UEM.1524.FM.NE.ZS,101.01729788653
Czech Republic,CZE,2007,Ratio of female to male youth unemployment rate (%) (national estimate),SL.UEM.1524.FM.NE.ZS,103.588291869364
Czech Republic,CZE,2006,Ratio of female to male youth unemployment rate (%) (national estimate),SL.UEM.1524.FM.NE.ZS,112.33453148944
Czech Republic,CZE,2005,Ratio of female to male youth unemployment rate (%) (national estimate),SL.UEM.1524.FM.NE.ZS,98.5005123410581
Czech Republic,CZE,2004,Ratio of female to male youth unemployment rate (%) (national estimate),SL.UEM.1524.FM.NE.ZS,83.6601307771537
Czech Republic,CZE,2003,Ratio of female to male youth unemployment rate (%) (national estimate),SL.UEM.1524.FM.NE.ZS,107.849199220086
Czech Republic,CZE,2002,Ratio of female to male youth unemployment rate (%) (national estimate),SL.UEM.1524.FM.NE.ZS,95.4140109823192
Czech Republic,CZE,2001,Ratio of female to male youth unemployment rate (%) (national estimate),SL.UEM.1524.FM.NE.ZS,98.4175275468498
Czech Republic,CZE,2000,Ratio of female to male youth unemployment rate (%) (national estimate),SL.UEM.1524.FM.NE.ZS,94.2693412247648
Czech Republic,CZE,1999,Ratio of female to male youth unemployment rate (%) (national estimate),SL.UEM.1524.FM.NE.ZS,104.1820436384
Czech Republic,CZE,1998,Ratio of female to male youth unemployment rate (%) (national estimate),SL.UEM.1524.FM.NE.ZS,137.284484242536
Czech Republic,CZE,1997,Ratio of female to male youth unemployment rate (%) (national estimate),SL.UEM.1524.FM.NE.ZS,106.351548442394
Czech Republic,CZE,1996,Ratio of female to male youth unemployment rate (%) (national estimate),SL.UEM.1524.FM.NE.ZS,129.750776085889
Czech Republic,CZE,1995,Ratio of female to male youth unemployment rate (%) (national estimate),SL.UEM.1524.FM.NE.ZS,121.338908182579
Czech Republic,CZE,1994,Ratio of female to male youth unemployment rate (%) (national estimate),SL.UEM.1524.FM.NE.ZS,125.318068882342
Czech Republic,CZE,1993,Ratio of female to male youth unemployment rate (%) (national estimate),SL.UEM.1524.FM.NE.ZS,151.362991510862
Czech Republic,CZE,1991,Ratio of female to male youth unemployment rate (%) (national estimate),SL.UEM.1524.FM.NE.ZS,79.571989471361
Czech Republic,CZE,2020,Ratio of female to male youth unemployment rate (% ages 15-24) (modeled ILO estimate),SL.UEM.1524.FM.ZS,126.448225622499
Czech Republic,CZE,2019,Ratio of female to male youth unemployment rate (% ages 15-24) (modeled ILO estimate),SL.UEM.1524.FM.ZS,112.086676931478
Czech Republic,CZE,2018,Ratio of female to male youth unemployment rate (% ages 15-24) (modeled ILO estimate),SL.UEM.1524.FM.ZS,112.605563796173
Czech Republic,CZE,2017,Ratio of female to male youth unemployment rate (% ages 15-24) (modeled ILO estimate),SL.UEM.1524.FM.ZS,118.349988938614
Czech Republic,CZE,2016,Ratio of female to male youth unemployment rate (% ages 15-24) (modeled ILO estimate),SL.UEM.1524.FM.ZS,114.949594659578
Czech Republic,CZE,2015,Ratio of female to male youth unemployment rate (% ages 15-24) (modeled ILO estimate),SL.UEM.1524.FM.ZS,127.595342385325
Czech Republic,CZE,2014,Ratio of female to male youth unemployment rate (% ages 15-24) (modeled ILO estimate),SL.UEM.1524.FM.ZS,113.608880090139
Czech Republic,CZE,2013,Ratio of female to male youth unemployment rate (% ages 15-24) (modeled ILO estimate),SL.UEM.1524.FM.ZS,104.480496504953
Czech Republic,CZE,2012,Ratio of female to male youth unemployment rate (% ages 15-24) (modeled ILO estimate),SL.UEM.1524.FM.ZS,95.9448566073947
Czech Republic,CZE,2011,Ratio of female to male youth unemployment rate (% ages 15-24) (modeled ILO estimate),SL.UEM.1524.FM.ZS,98.9887795582649
Czech Republic,CZE,2010,Ratio of female to male youth unemployment rate (% ages 15-24) (modeled ILO estimate),SL.UEM.1524.FM.ZS,101.42010559545
Czech Republic,CZE,2009,Ratio of female to male youth unemployment rate (% ages 15-24) (modeled ILO estimate),SL.UEM.1524.FM.ZS,100.493296856231
Czech Republic,CZE,2008,Ratio of female to male youth unemployment rate (% ages 15-24) (modeled ILO estimate),SL.UEM.1524.FM.ZS,100.935720196295
Czech Republic,CZE,2007,Ratio of female to male youth unemployment rate (% ages 15-24) (modeled ILO estimate),SL.UEM.1524.FM.ZS,103.629338575426
Czech Republic,CZE,2006,Ratio of female to male youth unemployment rate (% ages 15-24) (modeled ILO estimate),SL.UEM.1524.FM.ZS,112.349226187615
Czech Republic,CZE,2005,Ratio of female to male youth unemployment rate (% ages 15-24) (modeled ILO estimate),SL.UEM.1524.FM.ZS,98.524093293344
Czech Republic,CZE,2004,Ratio of female to male youth unemployment rate (% ages 15-24) (modeled ILO estimate),SL.UEM.1524.FM.ZS,83.8299318398757
Czech Republic,CZE,2003,Ratio of female to male youth unemployment rate (% ages 15-24) (modeled ILO estimate),SL.UEM.1524.FM.ZS,108.85264838028
Czech Republic,CZE,2002,Ratio of female to male youth unemployment rate (% ages 15-24) (modeled ILO estimate),SL.UEM.1524.FM.ZS,96.2527365727486
Czech Republic,CZE,2001,Ratio of female to male youth unemployment rate (% ages 15-24) (modeled ILO estimate),SL.UEM.1524.FM.ZS,99.5075715728274
Czech Republic,CZE,2000,Ratio of female to male youth unemployment rate (% ages 15-24) (modeled ILO estimate),SL.UEM.1524.FM.ZS,95.4537591701798
Czech Republic,CZE,1999,Ratio of female to male youth unemployment rate (% ages 15-24) (modeled ILO estimate),SL.UEM.1524.FM.ZS,105.270339582084
Czech Republic,CZE,1998,Ratio of female to male youth unemployment rate (% ages 15-24) (modeled ILO estimate),SL.UEM.1524.FM.ZS,138.450718263373
Czech Republic,CZE,1997,Ratio of female to male youth unemployment rate (% ages 15-24) (modeled ILO estimate),SL.UEM.1524.FM.ZS,107.069661711186
Czech Republic,CZE,1996,Ratio of female to male youth unemployment rate (% ages 15-24) (modeled ILO estimate),SL.UEM.1524.FM.ZS,129.648706148385
Czech Republic,CZE,1995,Ratio of female to male youth unemployment rate (% ages 15-24) (modeled ILO estimate),SL.UEM.1524.FM.ZS,121.807471140344
Czech Republic,CZE,1994,Ratio of female to male youth unemployment rate (% ages 15-24) (modeled ILO estimate),SL.UEM.1524.FM.ZS,125.254708888252
Czech Republic,CZE,1993,Ratio of female to male youth unemployment rate (% ages 15-24) (modeled ILO estimate),SL.UEM.1524.FM.ZS,151.35874252658
Czech Republic,CZE,1992,Ratio of female to male youth unemployment rate (% ages 15-24) (modeled ILO estimate),SL.UEM.1524.FM.ZS,130.784532519925
Czech Republic,CZE,1991,Ratio of female to male youth unemployment rate (% ages 15-24) (modeled ILO estimate),SL.UEM.1524.FM.ZS,82.5525968978896
Czech Republic,CZE,2017,"Life expectancy at age 60, female (years)",SP.DYN.LE60.FE.IN,23.836561
Czech Republic,CZE,2012,"Life expectancy at age 60, female (years)",SP.DYN.LE60.FE.IN,23.342618
Czech Republic,CZE,2007,"Life expectancy at age 60, female (years)",SP.DYN.LE60.FE.IN,22.5458439999999
Czech Republic,CZE,2002,"Life expectancy at age 60, female (years)",SP.DYN.LE60.FE.IN,21.523838
Czech Republic,CZE,1997,"Life expectancy at age 60, female (years)",SP.DYN.LE60.FE.IN,20.7005009999999
Czech Republic,CZE,1992,"Life expectancy at age 60, female (years)",SP.DYN.LE60.FE.IN,19.761073
Czech Republic,CZE,1987,"Life expectancy at age 60, female (years)",SP.DYN.LE60.FE.IN,18.9286759999999
Czech Republic,CZE,1982,"Life expectancy at age 60, female (years)",SP.DYN.LE60.FE.IN,18.478465
Czech Republic,CZE,1977,"Life expectancy at age 60, female (years)",SP.DYN.LE60.FE.IN,18.5626299999999
Czech Republic,CZE,1972,"Life expectancy at age 60, female (years)",SP.DYN.LE60.FE.IN,18.305651
Czech Republic,CZE,1967,"Life expectancy at age 60, female (years)",SP.DYN.LE60.FE.IN,18.338996
Czech Republic,CZE,1962,"Life expectancy at age 60, female (years)",SP.DYN.LE60.FE.IN,18.2823889999999
Czech Republic,CZE,2017,"Life expectancy at age 60, male (years)",SP.DYN.LE60.MA.IN,20.005486
Czech Republic,CZE,2012,"Life expectancy at age 60, male (years)",SP.DYN.LE60.MA.IN,19.142786
Czech Republic,CZE,2007,"Life expectancy at age 60, male (years)",SP.DYN.LE60.MA.IN,18.40698
Czech Republic,CZE,2002,"Life expectancy at age 60, male (years)",SP.DYN.LE60.MA.IN,17.363005
Czech Republic,CZE,1997,"Life expectancy at age 60, male (years)",SP.DYN.LE60.MA.IN,16.439357
Czech Republic,CZE,1992,"Life expectancy at age 60, male (years)",SP.DYN.LE60.MA.IN,15.366603
Czech Republic,CZE,1987,"Life expectancy at age 60, male (years)",SP.DYN.LE60.MA.IN,14.622139
Czech Republic,CZE,1982,"Life expectancy at age 60, male (years)",SP.DYN.LE60.MA.IN,14.39009
Czech Republic,CZE,1977,"Life expectancy at age 60, male (years)",SP.DYN.LE60.MA.IN,14.517968
Czech Republic,CZE,1972,"Life expectancy at age 60, male (years)",SP.DYN.LE60.MA.IN,14.296195
Czech Republic,CZE,1967,"Life expectancy at age 60, male (years)",SP.DYN.LE60.MA.IN,14.469085
Czech Republic,CZE,1962,"Life expectancy at age 60, male (years)",SP.DYN.LE60.MA.IN,14.8466
Czech Republic,CZE,2018,"Age at first marriage, female",SP.DYN.SMAM.FE,32.4
Czech Republic,CZE,2017,"Age at first marriage, female",SP.DYN.SMAM.FE,32.2999999999999
Czech Republic,CZE,2016,"Age at first marriage, female",SP.DYN.SMAM.FE,32
Czech Republic,CZE,2015,"Age at first marriage, female",SP.DYN.SMAM.FE,31.7
Czech Republic,CZE,2014,"Age at first marriage, female",SP.DYN.SMAM.FE,31.3
Czech Republic,CZE,2013,"Age at first marriage, female",SP.DYN.SMAM.FE,30.9
Czech Republic,CZE,2012,"Age at first marriage, female",SP.DYN.SMAM.FE,30.4
Czech Republic,CZE,2011,"Age at first marriage, female",SP.DYN.SMAM.FE,28.5
Czech Republic,CZE,2009,"Age at first marriage, female",SP.DYN.SMAM.FE,29.8
Czech Republic,CZE,2008,"Age at first marriage, female",SP.DYN.SMAM.FE,29.3
Czech Republic,CZE,2007,"Age at first marriage, female",SP.DYN.SMAM.FE,28.9
Czech Republic,CZE,2006,"Age at first marriage, female",SP.DYN.SMAM.FE,28.5
Czech Republic,CZE,2005,"Age at first marriage, female",SP.DYN.SMAM.FE,28.1
Czech Republic,CZE,2004,"Age at first marriage, female",SP.DYN.SMAM.FE,27.6
Czech Republic,CZE,2002,"Age at first marriage, female",SP.DYN.SMAM.FE,26.6
Czech Republic,CZE,2001,"Age at first marriage, female",SP.DYN.SMAM.FE,25.8
Czech Republic,CZE,1996,"Age at first marriage, female",SP.DYN.SMAM.FE,23.9
Czech Republic,CZE,1995,"Age at first marriage, female",SP.DYN.SMAM.FE,23.4
Czech Republic,CZE,1994,"Age at first marriage, female",SP.DYN.SMAM.FE,23
Czech Republic,CZE,1993,"Age at first marriage, female",SP.DYN.SMAM.FE,22.5
Czech Republic,CZE,1991,"Age at first marriage, female",SP.DYN.SMAM.FE,21.9
Czech Republic,CZE,1980,"Age at first marriage, female",SP.DYN.SMAM.FE,21.3
Czech Republic,CZE,1970,"Age at first marriage, female",SP.DYN.SMAM.FE,21.2
Czech Republic,CZE,2015,"Rural population, female (% of total)",SP.RUR.TOTL.FE.ZS,13.3723088344469
Czech Republic,CZE,2010,"Rural population, female (% of total)",SP.RUR.TOTL.FE.ZS,13.3409133977639
Czech Republic,CZE,2005,"Rural population, female (% of total)",SP.RUR.TOTL.FE.ZS,13.2538363796305
Czech Republic,CZE,2000,"Rural population, female (% of total)",SP.RUR.TOTL.FE.ZS,13.1109160081943
Czech Republic,CZE,1995,"Rural population, female (% of total)",SP.RUR.TOTL.FE.ZS,12.8445691072638
Czech Republic,CZE,1990,"Rural population, female (% of total)",SP.RUR.TOTL.FE.ZS,12.5702111175673
Czech Republic,CZE,1985,"Rural population, female (% of total)",SP.RUR.TOTL.FE.ZS,12.5072604065828
Czech Republic,CZE,1980,"Rural population, female (% of total)",SP.RUR.TOTL.FE.ZS,12.6248424318821
Czech Republic,CZE,2015,"Rural population, male (% of total)",SP.RUR.TOTL.MA.ZS,13.6321455085375
Czech Republic,CZE,2010,"Rural population, male (% of total)",SP.RUR.TOTL.MA.ZS,13.4072389615312
Czech Republic,CZE,2005,"Rural population, male (% of total)",SP.RUR.TOTL.MA.ZS,13.1463200078194
Czech Republic,CZE,2000,"Rural population, male (% of total)",SP.RUR.TOTL.MA.ZS,12.9060579455663
Czech Republic,CZE,1995,"Rural population, male (% of total)",SP.RUR.TOTL.MA.ZS,12.5157171873489
Czech Republic,CZE,1990,"Rural population, male (% of total)",SP.RUR.TOTL.MA.ZS,12.2118923106721
Czech Republic,CZE,1985,"Rural population, male (% of total)",SP.RUR.TOTL.MA.ZS,12.1297192642788
Czech Republic,CZE,1980,"Rural population, male (% of total)",SP.RUR.TOTL.MA.ZS,12.2078929506448
Czech Republic,CZE,2015,"Urban population, female (% of total)",SP.URB.TOTL.FE.ZS,37.3608017817372
Czech Republic,CZE,2010,"Urban population, female (% of total)",SP.URB.TOTL.FE.ZS,37.5497441728255
Czech Republic,CZE,2005,"Urban population, female (% of total)",SP.URB.TOTL.FE.ZS,38.0119245430554
Czech Republic,CZE,2000,"Urban population, female (% of total)",SP.URB.TOTL.FE.ZS,38.2206613988879
Czech Republic,CZE,1995,"Urban population, female (% of total)",SP.URB.TOTL.FE.ZS,38.5627236676661
Czech Republic,CZE,1990,"Urban population, female (% of total)",SP.URB.TOTL.FE.ZS,38.8921169862483
Czech Republic,CZE,1985,"Urban population, female (% of total)",SP.URB.TOTL.FE.ZS,38.9835430784124
Czech Republic,CZE,1980,"Urban population, female (% of total)",SP.URB.TOTL.FE.ZS,38.9217492485213
Czech Republic,CZE,2015,"Urban population, male (% of total)",SP.URB.TOTL.MA.ZS,35.6347438752784
Czech Republic,CZE,2010,"Urban population, male (% of total)",SP.URB.TOTL.MA.ZS,35.7021034678795
Czech Republic,CZE,2005,"Urban population, male (% of total)",SP.URB.TOTL.MA.ZS,35.5879190694947
Czech Republic,CZE,2000,"Urban population, male (% of total)",SP.URB.TOTL.MA.ZS,35.7623646473515
Czech Republic,CZE,1995,"Urban population, male (% of total)",SP.URB.TOTL.MA.ZS,36.0769900377213
Czech Republic,CZE,1990,"Urban population, male (% of total)",SP.URB.TOTL.MA.ZS,36.3257795855123
Czech Republic,CZE,1985,"Urban population, male (% of total)",SP.URB.TOTL.MA.ZS,36.379477250726
Czech Republic,CZE,1980,"Urban population, male (% of total)",SP.URB.TOTL.MA.ZS,36.2455153689518
Czech Republic,CZE,2017,Maternal leave benefits (% of wages paid in covered period),SH.MMR.WAGE.ZS,70
Czech Republic,CZE,2015,Maternal leave benefits (% of wages paid in covered period),SH.MMR.WAGE.ZS,70
Czech Republic,CZE,2013,Maternal leave benefits (% of wages paid in covered period),SH.MMR.WAGE.ZS,70
Czech Republic,CZE,2011,Maternal leave benefits (% of wages paid in covered period),SH.MMR.WAGE.ZS,70
Czech Republic,CZE,2009,Maternal leave benefits (% of wages paid in covered period),SH.MMR.WAGE.ZS,70
Czech Republic,CZE,2018,"Age at first marriage, male",SP.DYN.SMAM.MA,34.7999999999999
Czech Republic,CZE,2017,"Age at first marriage, male",SP.DYN.SMAM.MA,34.6
Czech Republic,CZE,2016,"Age at first marriage, male",SP.DYN.SMAM.MA,34.4
Czech Republic,CZE,2015,"Age at first marriage, male",SP.DYN.SMAM.MA,34.1
Czech Republic,CZE,2014,"Age at first marriage, male",SP.DYN.SMAM.MA,33.7
Czech Republic,CZE,2013,"Age at first marriage, male",SP.DYN.SMAM.MA,33.2999999999999
Czech Republic,CZE,2012,"Age at first marriage, male",SP.DYN.SMAM.MA,32.9
Czech Republic,CZE,2011,"Age at first marriage, male",SP.DYN.SMAM.MA,31.1
Czech Republic,CZE,2009,"Age at first marriage, male",SP.DYN.SMAM.MA,32.1
Czech Republic,CZE,2008,"Age at first marriage, male",SP.DYN.SMAM.MA,31.6
Czech Republic,CZE,2007,"Age at first marriage, male",SP.DYN.SMAM.MA,31.2
Czech Republic,CZE,2006,"Age at first marriage, male",SP.DYN.SMAM.MA,30.9
Czech Republic,CZE,2005,"Age at first marriage, male",SP.DYN.SMAM.MA,30.5
Czech Republic,CZE,2004,"Age at first marriage, male",SP.DYN.SMAM.MA,30.1
Czech Republic,CZE,2002,"Age at first marriage, male",SP.DYN.SMAM.MA,29.2
Czech Republic,CZE,2001,"Age at first marriage, male",SP.DYN.SMAM.MA,28.6
Czech Republic,CZE,1996,"Age at first marriage, male",SP.DYN.SMAM.MA,26.8
Czech Republic,CZE,1995,"Age at first marriage, male",SP.DYN.SMAM.MA,26.4
Czech Republic,CZE,1994,"Age at first marriage, male",SP.DYN.SMAM.MA,26
Czech Republic,CZE,1993,"Age at first marriage, male",SP.DYN.SMAM.MA,25.6
Czech Republic,CZE,1991,"Age at first marriage, male",SP.DYN.SMAM.MA,25.2
Czech Republic,CZE,1980,"Age at first marriage, male",SP.DYN.SMAM.MA,24.6
Czech Republic,CZE,1970,"Age at first marriage, male",SP.DYN.SMAM.MA,24.3
Czech Republic,CZE,2021,"Age population, age 00, female, interpolated",SP.POP.AG00.FE.IN,56412
Czech Republic,CZE,2020,"Age population, age 00, female, interpolated",SP.POP.AG00.FE.IN,57113
Czech Republic,CZE,2019,"Age population, age 00, female, interpolated",SP.POP.AG00.FE.IN,56049
Czech Republic,CZE,2018,"Age population, age 00, female, interpolated",SP.POP.AG00.FE.IN,53573
Czech Republic,CZE,2017,"Age population, age 00, female, interpolated",SP.POP.AG00.FE.IN,50532
Czech Republic,CZE,2016,"Age population, age 00, female, interpolated",SP.POP.AG00.FE.IN,48120
Czech Republic,CZE,2015,"Age population, age 00, female, interpolated",SP.POP.AG00.FE.IN,47162
Czech Republic,CZE,2014,"Age population, age 00, female, interpolated",SP.POP.AG00.FE.IN,48071
Czech Republic,CZE,2013,"Age population, age 00, female, interpolated",SP.POP.AG00.FE.IN,50392
Czech Republic,CZE,2012,"Age population, age 00, female, interpolated",SP.POP.AG00.FE.IN,53469
Czech Republic,CZE,2011,"Age population, age 00, female, interpolated",SP.POP.AG00.FE.IN,56328
Czech Republic,CZE,2010,"Age population, age 00, female, interpolated",SP.POP.AG00.FE.IN,58254
Czech Republic,CZE,2009,"Age population, age 00, female, interpolated",SP.POP.AG00.FE.IN,59295
Czech Republic,CZE,2008,"Age population, age 00, female, interpolated",SP.POP.AG00.FE.IN,59501
Czech Republic,CZE,2007,"Age population, age 00, female, interpolated",SP.POP.AG00.FE.IN,58757
Czech Republic,CZE,2006,"Age population, age 00, female, interpolated",SP.POP.AG00.FE.IN,57010
Czech Republic,CZE,2005,"Age population, age 00, female, interpolated",SP.POP.AG00.FE.IN,54307
Czech Republic,CZE,2004,"Age population, age 00, female, interpolated",SP.POP.AG00.FE.IN,50172
Czech Republic,CZE,2003,"Age population, age 00, female, interpolated",SP.POP.AG00.FE.IN,45071
Czech Republic,CZE,2002,"Age population, age 00, female, interpolated",SP.POP.AG00.FE.IN,39938
Czech Republic,CZE,2001,"Age population, age 00, female, interpolated",SP.POP.AG00.FE.IN,36032
Czech Republic,CZE,2000,"Age population, age 00, female, interpolated",SP.POP.AG00.FE.IN,34246
Czech Republic,CZE,1999,"Age population, age 00, female, interpolated",SP.POP.AG00.FE.IN,34979
Czech Republic,CZE,1998,"Age population, age 00, female, interpolated",SP.POP.AG00.FE.IN,37820
Czech Republic,CZE,1997,"Age population, age 00, female, interpolated",SP.POP.AG00.FE.IN,42234
Czech Republic,CZE,1996,"Age population, age 00, female, interpolated",SP.POP.AG00.FE.IN,47388
Czech Republic,CZE,1995,"Age population, age 00, female, interpolated",SP.POP.AG00.FE.IN,52608
Czech Republic,CZE,1994,"Age population, age 00, female, interpolated",SP.POP.AG00.FE.IN,57941
Czech Republic,CZE,1993,"Age population, age 00, female, interpolated",SP.POP.AG00.FE.IN,63400
Czech Republic,CZE,1992,"Age population, age 00, female, interpolated",SP.POP.AG00.FE.IN,68126
Czech Republic,CZE,1991,"Age population, age 00, female, interpolated",SP.POP.AG00.FE.IN,71099
Czech Republic,CZE,1990,"Age population, age 00, female, interpolated",SP.POP.AG00.FE.IN,71712
Czech Republic,CZE,1989,"Age population, age 00, female, interpolated",SP.POP.AG00.FE.IN,68989
Czech Republic,CZE,1988,"Age population, age 00, female, interpolated",SP.POP.AG00.FE.IN,63729
Czech Republic,CZE,1987,"Age population, age 00, female, interpolated",SP.POP.AG00.FE.IN,57632
Czech Republic,CZE,1986,"Age population, age 00, female, interpolated",SP.POP.AG00.FE.IN,53054
Czech Republic,CZE,1985,"Age population, age 00, female, interpolated",SP.POP.AG00.FE.IN,51651
Czech Republic,CZE,1984,"Age population, age 00, female, interpolated",SP.POP.AG00.FE.IN,54202
Czech Republic,CZE,1983,"Age population, age 00, female, interpolated",SP.POP.AG00.FE.IN,59914
Czech Republic,CZE,1982,"Age population, age 00, female, interpolated",SP.POP.AG00.FE.IN,67604
Czech Republic,CZE,1981,"Age population, age 00, female, interpolated",SP.POP.AG00.FE.IN,75487
Czech Republic,CZE,1980,"Age population, age 00, female, interpolated",SP.POP.AG00.FE.IN,82195
Czech Republic,CZE,1979,"Age population, age 00, female, interpolated",SP.POP.AG00.FE.IN,87707
Czech Republic,CZE,1978,"Age population, age 00, female, interpolated",SP.POP.AG00.FE.IN,92085
Czech Republic,CZE,1977,"Age population, age 00, female, interpolated",SP.POP.AG00.FE.IN,94896
Czech Republic,CZE,1976,"Age population, age 00, female, interpolated",SP.POP.AG00.FE.IN,95784
Czech Republic,CZE,1975,"Age population, age 00, female, interpolated",SP.POP.AG00.FE.IN,94613
Czech Republic,CZE,1974,"Age population, age 00, female, interpolated",SP.POP.AG00.FE.IN,90747
Czech Republic,CZE,1973,"Age population, age 00, female, interpolated",SP.POP.AG00.FE.IN,84618
Czech Republic,CZE,1972,"Age population, age 00, female, interpolated",SP.POP.AG00.FE.IN,77520
Czech Republic,CZE,1971,"Age population, age 00, female, interpolated",SP.POP.AG00.FE.IN,71222
Czech Republic,CZE,1970,"Age population, age 00, female, interpolated",SP.POP.AG00.FE.IN,66994
Czech Republic,CZE,1969,"Age population, age 00, female, interpolated",SP.POP.AG00.FE.IN,65529
Czech Republic,CZE,1968,"Age population, age 00, female, interpolated",SP.POP.AG00.FE.IN,66336
Czech Republic,CZE,1967,"Age population, age 00, female, interpolated",SP.POP.AG00.FE.IN,68464
Czech Republic,CZE,1966,"Age population, age 00, female, interpolated",SP.POP.AG00.FE.IN,70477
Czech Republic,CZE,1965,"Age population, age 00, female, interpolated",SP.POP.AG00.FE.IN,71359
Czech Republic,CZE,1964,"Age population, age 00, female, interpolated",SP.POP.AG00.FE.IN,70824
Czech Republic,CZE,1963,"Age population, age 00, female, interpolated",SP.POP.AG00.FE.IN,69228
Czech Republic,CZE,1962,"Age population, age 00, female, interpolated",SP.POP.AG00.FE.IN,67171
Czech Republic,CZE,1961,"Age population, age 00, female, interpolated",SP.POP.AG00.FE.IN,65547
Czech Republic,CZE,1960,"Age population, age 00, female, interpolated",SP.POP.AG00.FE.IN,64992
Czech Republic,CZE,2021,"Age population, age 00, male, interpolated",SP.POP.AG00.MA.IN,59598
Czech Republic,CZE,2020,"Age population, age 00, male, interpolated",SP.POP.AG00.MA.IN,60340
Czech Republic,CZE,2019,"Age population, age 00, male, interpolated",SP.POP.AG00.MA.IN,59228
Czech Republic,CZE,2018,"Age population, age 00, male, interpolated",SP.POP.AG00.MA.IN,56640
Czech Republic,CZE,2017,"Age population, age 00, male, interpolated",SP.POP.AG00.MA.IN,53462
Czech Republic,CZE,2016,"Age population, age 00, male, interpolated",SP.POP.AG00.MA.IN,50946
Czech Republic,CZE,2015,"Age population, age 00, male, interpolated",SP.POP.AG00.MA.IN,49956
Czech Republic,CZE,2014,"Age population, age 00, male, interpolated",SP.POP.AG00.MA.IN,50917
Czech Republic,CZE,2013,"Age population, age 00, male, interpolated",SP.POP.AG00.MA.IN,53370
Czech Republic,CZE,2012,"Age population, age 00, male, interpolated",SP.POP.AG00.MA.IN,56610
Czech Republic,CZE,2011,"Age population, age 00, male, interpolated",SP.POP.AG00.MA.IN,59596
Czech Republic,CZE,2010,"Age population, age 00, male, interpolated",SP.POP.AG00.MA.IN,61558
Czech Republic,CZE,2009,"Age population, age 00, male, interpolated",SP.POP.AG00.MA.IN,62671
Czech Republic,CZE,2008,"Age population, age 00, male, interpolated",SP.POP.AG00.MA.IN,62859
Czech Republic,CZE,2007,"Age population, age 00, male, interpolated",SP.POP.AG00.MA.IN,62028
Czech Republic,CZE,2006,"Age population, age 00, male, interpolated",SP.POP.AG00.MA.IN,60170
Czech Republic,CZE,2005,"Age population, age 00, male, interpolated",SP.POP.AG00.MA.IN,57361
Czech Republic,CZE,2004,"Age population, age 00, male, interpolated",SP.POP.AG00.MA.IN,52958
Czech Republic,CZE,2003,"Age population, age 00, male, interpolated",SP.POP.AG00.MA.IN,47597
Czech Republic,CZE,2002,"Age population, age 00, male, interpolated",SP.POP.AG00.MA.IN,42231
Czech Republic,CZE,2001,"Age population, age 00, male, interpolated",SP.POP.AG00.MA.IN,38152
Czech Republic,CZE,2000,"Age population, age 00, male, interpolated",SP.POP.AG00.MA.IN,36283
Czech Republic,CZE,1999,"Age population, age 00, male, interpolated",SP.POP.AG00.MA.IN,37051
Czech Republic,CZE,1998,"Age population, age 00, male, interpolated",SP.POP.AG00.MA.IN,40027
Czech Republic,CZE,1997,"Age population, age 00, male, interpolated",SP.POP.AG00.MA.IN,44651
Czech Republic,CZE,1996,"Age population, age 00, male, interpolated",SP.POP.AG00.MA.IN,50057
Czech Republic,CZE,1995,"Age population, age 00, male, interpolated",SP.POP.AG00.MA.IN,55543
Czech Republic,CZE,1994,"Age population, age 00, male, interpolated",SP.POP.AG00.MA.IN,61140
Czech Republic,CZE,1993,"Age population, age 00, male, interpolated",SP.POP.AG00.MA.IN,66873
Czech Republic,CZE,1992,"Age population, age 00, male, interpolated",SP.POP.AG00.MA.IN,71838
Czech Republic,CZE,1991,"Age population, age 00, male, interpolated",SP.POP.AG00.MA.IN,74971
Czech Republic,CZE,1990,"Age population, age 00, male, interpolated",SP.POP.AG00.MA.IN,75640
Czech Republic,CZE,1989,"Age population, age 00, male, interpolated",SP.POP.AG00.MA.IN,72744
Czech Republic,CZE,1988,"Age population, age 00, male, interpolated",SP.POP.AG00.MA.IN,67191
Czech Republic,CZE,1987,"Age population, age 00, male, interpolated",SP.POP.AG00.MA.IN,60759
Czech Republic,CZE,1986,"Age population, age 00, male, interpolated",SP.POP.AG00.MA.IN,55919
Czech Republic,CZE,1985,"Age population, age 00, male, interpolated",SP.POP.AG00.MA.IN,54408
Czech Republic,CZE,1984,"Age population, age 00, male, interpolated",SP.POP.AG00.MA.IN,57086
Czech Republic,CZE,1983,"Age population, age 00, male, interpolated",SP.POP.AG00.MA.IN,63092
Czech Republic,CZE,1982,"Age population, age 00, male, interpolated",SP.POP.AG00.MA.IN,71178
Czech Republic,CZE,1981,"Age population, age 00, male, interpolated",SP.POP.AG00.MA.IN,79469
Czech Republic,CZE,1980,"Age population, age 00, male, interpolated",SP.POP.AG00.MA.IN,86527
Czech Republic,CZE,1979,"Age population, age 00, male, interpolated",SP.POP.AG00.MA.IN,92308
Czech Republic,CZE,1978,"Age population, age 00, male, interpolated",SP.POP.AG00.MA.IN,96895
Czech Republic,CZE,1977,"Age population, age 00, male, interpolated",SP.POP.AG00.MA.IN,99833
Czech Republic,CZE,1976,"Age population, age 00, male, interpolated",SP.POP.AG00.MA.IN,100760
Czech Republic,CZE,1975,"Age population, age 00, male, interpolated",SP.POP.AG00.MA.IN,99542
Czech Republic,CZE,1974,"Age population, age 00, male, interpolated",SP.POP.AG00.MA.IN,95431
Czech Republic,CZE,1973,"Age population, age 00, male, interpolated",SP.POP.AG00.MA.IN,88952
Czech Republic,CZE,1972,"Age population, age 00, male, interpolated",SP.POP.AG00.MA.IN,81482
Czech Republic,CZE,1971,"Age population, age 00, male, interpolated",SP.POP.AG00.MA.IN,74882
Czech Republic,CZE,1970,"Age population, age 00, male, interpolated",SP.POP.AG00.MA.IN,70489
Czech Republic,CZE,1969,"Age population, age 00, male, interpolated",SP.POP.AG00.MA.IN,68903
Czech Republic,CZE,1968,"Age population, age 00, male, interpolated",SP.POP.AG00.MA.IN,69744
Czech Republic,CZE,1967,"Age population, age 00, male, interpolated",SP.POP.AG00.MA.IN,71989
Czech Republic,CZE,1966,"Age population, age 00, male, interpolated",SP.POP.AG00.MA.IN,74098
Czech Republic,CZE,1965,"Age population, age 00, male, interpolated",SP.POP.AG00.MA.IN,74972
Czech Republic,CZE,1964,"Age population, age 00, male, interpolated",SP.POP.AG00.MA.IN,74486
Czech Republic,CZE,1963,"Age population, age 00, male, interpolated",SP.POP.AG00.MA.IN,72831
Czech Republic,CZE,1962,"Age population, age 00, male, interpolated",SP.POP.AG00.MA.IN,70659
Czech Republic,CZE,1961,"Age population, age 00, male, interpolated",SP.POP.AG00.MA.IN,68945
Czech Republic,CZE,1960,"Age population, age 00, male, interpolated",SP.POP.AG00.MA.IN,68373
Czech Republic,CZE,2021,"Age population, age 01, female, interpolated",SP.POP.AG01.FE.IN,56564
Czech Republic,CZE,2020,"Age population, age 01, female, interpolated",SP.POP.AG01.FE.IN,55083
Czech Republic,CZE,2019,"Age population, age 01, female, interpolated",SP.POP.AG01.FE.IN,54777
Czech Republic,CZE,2018,"Age population, age 01, female, interpolated",SP.POP.AG01.FE.IN,53821
Czech Republic,CZE,2017,"Age population, age 01, female, interpolated",SP.POP.AG01.FE.IN,52621
Czech Republic,CZE,2016,"Age population, age 01, female, interpolated",SP.POP.AG01.FE.IN,48344
Czech Republic,CZE,2015,"Age population, age 01, female, interpolated",SP.POP.AG01.FE.IN,51524
Czech Republic,CZE,2014,"Age population, age 01, female, interpolated",SP.POP.AG01.FE.IN,52308
Czech Republic,CZE,2013,"Age population, age 01, female, interpolated",SP.POP.AG01.FE.IN,53796
Czech Republic,CZE,2012,"Age population, age 01, female, interpolated",SP.POP.AG01.FE.IN,55511
Czech Republic,CZE,2011,"Age population, age 01, female, interpolated",SP.POP.AG01.FE.IN,58195
Czech Republic,CZE,2010,"Age population, age 01, female, interpolated",SP.POP.AG01.FE.IN,57102
Czech Republic,CZE,2009,"Age population, age 01, female, interpolated",SP.POP.AG01.FE.IN,56512
Czech Republic,CZE,2008,"Age population, age 01, female, interpolated",SP.POP.AG01.FE.IN,55053
Czech Republic,CZE,2007,"Age population, age 01, female, interpolated",SP.POP.AG01.FE.IN,52946
Czech Republic,CZE,2006,"Age population, age 01, female, interpolated",SP.POP.AG01.FE.IN,53381
Czech Republic,CZE,2005,"Age population, age 01, female, interpolated",SP.POP.AG01.FE.IN,48180
Czech Republic,CZE,2004,"Age population, age 01, female, interpolated",SP.POP.AG01.FE.IN,45547
Czech Republic,CZE,2003,"Age population, age 01, female, interpolated",SP.POP.AG01.FE.IN,42916
Czech Republic,CZE,2002,"Age population, age 01, female, interpolated",SP.POP.AG01.FE.IN,40720
Czech Republic,CZE,2001,"Age population, age 01, female, interpolated",SP.POP.AG01.FE.IN,35433
Czech Republic,CZE,2000,"Age population, age 01, female, interpolated",SP.POP.AG01.FE.IN,39593
Czech Republic,CZE,1999,"Age population, age 01, female, interpolated",SP.POP.AG01.FE.IN,41325
Czech Republic,CZE,1998,"Age population, age 01, female, interpolated",SP.POP.AG01.FE.IN,44422
Czech Republic,CZE,1997,"Age population, age 01, female, interpolated",SP.POP.AG01.FE.IN,48361
Czech Republic,CZE,1996,"Age population, age 01, female, interpolated",SP.POP.AG01.FE.IN,52903
Czech Republic,CZE,1995,"Age population, age 01, female, interpolated",SP.POP.AG01.FE.IN,55964
Czech Republic,CZE,1994,"Age population, age 01, female, interpolated",SP.POP.AG01.FE.IN,58949
Czech Republic,CZE,1993,"Age population, age 01, female, interpolated",SP.POP.AG01.FE.IN,61463
Czech Republic,CZE,1992,"Age population, age 01, female, interpolated",SP.POP.AG01.FE.IN,63355
Czech Republic,CZE,1991,"Age population, age 01, female, interpolated",SP.POP.AG01.FE.IN,69676
Czech Republic,CZE,1990,"Age population, age 01, female, interpolated",SP.POP.AG01.FE.IN,65003
Czech Republic,CZE,1989,"Age population, age 01, female, interpolated",SP.POP.AG01.FE.IN,64160
Czech Republic,CZE,1988,"Age population, age 01, female, interpolated",SP.POP.AG01.FE.IN,62444
Czech Republic,CZE,1987,"Age population, age 01, female, interpolated",SP.POP.AG01.FE.IN,60694
Czech Republic,CZE,1986,"Age population, age 01, female, interpolated",SP.POP.AG01.FE.IN,53441
Czech Republic,CZE,1985,"Age population, age 01, female, interpolated",SP.POP.AG01.FE.IN,61126
Czech Republic,CZE,1984,"Age population, age 01, female, interpolated",SP.POP.AG01.FE.IN,64606
Czech Republic,CZE,1983,"Age population, age 01, female, interpolated",SP.POP.AG01.FE.IN,69925
Czech Republic,CZE,1982,"Age population, age 01, female, interpolated",SP.POP.AG01.FE.IN,76156
Czech Republic,CZE,1981,"Age population, age 01, female, interpolated",SP.POP.AG01.FE.IN,82601
Czech Republic,CZE,1980,"Age population, age 01, female, interpolated",SP.POP.AG01.FE.IN,86352
Czech Republic,CZE,1979,"Age population, age 01, female, interpolated",SP.POP.AG01.FE.IN,89258
Czech Republic,CZE,1978,"Age population, age 01, female, interpolated",SP.POP.AG01.FE.IN,90717
Czech Republic,CZE,1977,"Age population, age 01, female, interpolated",SP.POP.AG01.FE.IN,90755
Czech Republic,CZE,1976,"Age population, age 01, female, interpolated",SP.POP.AG01.FE.IN,93222
Czech Republic,CZE,1975,"Age population, age 01, female, interpolated",SP.POP.AG01.FE.IN,87433
Czech Republic,CZE,1974,"Age population, age 01, female, interpolated",SP.POP.AG01.FE.IN,83947
Czech Republic,CZE,1973,"Age population, age 01, female, interpolated",SP.POP.AG01.FE.IN,79379
Czech Republic,CZE,1972,"Age population, age 01, female, interpolated",SP.POP.AG01.FE.IN,74444
Czech Republic,CZE,1971,"Age population, age 01, female, interpolated",SP.POP.AG01.FE.IN,67569
Czech Republic,CZE,1970,"Age population, age 01, female, interpolated",SP.POP.AG01.FE.IN,66940
Czech Republic,CZE,1969,"Age population, age 01, female, interpolated",SP.POP.AG01.FE.IN,65508
Czech Republic,CZE,1968,"Age population, age 01, female, interpolated",SP.POP.AG01.FE.IN,65514
Czech Republic,CZE,1967,"Age population, age 01, female, interpolated",SP.POP.AG01.FE.IN,66436
Czech Republic,CZE,1966,"Age population, age 01, female, interpolated",SP.POP.AG01.FE.IN,70333
Czech Republic,CZE,1965,"Age population, age 01, female, interpolated",SP.POP.AG01.FE.IN,68089
Czech Republic,CZE,1964,"Age population, age 01, female, interpolated",SP.POP.AG01.FE.IN,68084
Czech Republic,CZE,1963,"Age population, age 01, female, interpolated",SP.POP.AG01.FE.IN,67633
Czech Republic,CZE,1962,"Age population, age 01, female, interpolated",SP.POP.AG01.FE.IN,67115
Czech Republic,CZE,1961,"Age population, age 01, female, interpolated",SP.POP.AG01.FE.IN,65328
Czech Republic,CZE,1960,"Age population, age 01, female, interpolated",SP.POP.AG01.FE.IN,67917
Czech Republic,CZE,2021,"Age population, age 01, male, interpolated",SP.POP.AG01.MA.IN,59756
Czech Republic,CZE,2020,"Age population, age 01, male, interpolated",SP.POP.AG01.MA.IN,58221
Czech Republic,CZE,2019,"Age population, age 01, male, interpolated",SP.POP.AG01.MA.IN,57901
Czech Republic,CZE,2018,"Age population, age 01, male, interpolated",SP.POP.AG01.MA.IN,56902
Czech Republic,CZE,2017,"Age population, age 01, male, interpolated",SP.POP.AG01.MA.IN,55647
Czech Republic,CZE,2016,"Age population, age 01, male, interpolated",SP.POP.AG01.MA.IN,51177
Czech Republic,CZE,2015,"Age population, age 01, male, interpolated",SP.POP.AG01.MA.IN,54502
Czech Republic,CZE,2014,"Age population, age 01, male, interpolated",SP.POP.AG01.MA.IN,55320
Czech Republic,CZE,2013,"Age population, age 01, male, interpolated",SP.POP.AG01.MA.IN,56884
Czech Republic,CZE,2012,"Age population, age 01, male, interpolated",SP.POP.AG01.MA.IN,58681
Czech Republic,CZE,2011,"Age population, age 01, male, interpolated",SP.POP.AG01.MA.IN,61526
Czech Republic,CZE,2010,"Age population, age 01, male, interpolated",SP.POP.AG01.MA.IN,60263
Czech Republic,CZE,2009,"Age population, age 01, male, interpolated",SP.POP.AG01.MA.IN,59668
Czech Republic,CZE,2008,"Age population, age 01, male, interpolated",SP.POP.AG01.MA.IN,58121
Czech Republic,CZE,2007,"Age population, age 01, male, interpolated",SP.POP.AG01.MA.IN,55881
Czech Republic,CZE,2006,"Age population, age 01, male, interpolated",SP.POP.AG01.MA.IN,56321
Czech Republic,CZE,2005,"Age population, age 01, male, interpolated",SP.POP.AG01.MA.IN,50906
Czech Republic,CZE,2004,"Age population, age 01, male, interpolated",SP.POP.AG01.MA.IN,48091
Czech Republic,CZE,2003,"Age population, age 01, male, interpolated",SP.POP.AG01.MA.IN,45323
Czech Republic,CZE,2002,"Age population, age 01, male, interpolated",SP.POP.AG01.MA.IN,43036
Czech Republic,CZE,2001,"Age population, age 01, male, interpolated",SP.POP.AG01.MA.IN,37512
Czech Republic,CZE,2000,"Age population, age 01, male, interpolated",SP.POP.AG01.MA.IN,41879
Czech Republic,CZE,1999,"Age population, age 01, male, interpolated",SP.POP.AG01.MA.IN,43701
Czech Republic,CZE,1998,"Age population, age 01, male, interpolated",SP.POP.AG01.MA.IN,46951
Czech Republic,CZE,1997,"Age population, age 01, male, interpolated",SP.POP.AG01.MA.IN,51082
Czech Republic,CZE,1996,"Age population, age 01, male, interpolated",SP.POP.AG01.MA.IN,55845
Czech Republic,CZE,1995,"Age population, age 01, male, interpolated",SP.POP.AG01.MA.IN,59069
Czech Republic,CZE,1994,"Age population, age 01, male, interpolated",SP.POP.AG01.MA.IN,62195
Czech Republic,CZE,1993,"Age population, age 01, male, interpolated",SP.POP.AG01.MA.IN,64829
Czech Republic,CZE,1992,"Age population, age 01, male, interpolated",SP.POP.AG01.MA.IN,66812
Czech Republic,CZE,1991,"Age population, age 01, male, interpolated",SP.POP.AG01.MA.IN,73459
Czech Republic,CZE,1990,"Age population, age 01, male, interpolated",SP.POP.AG01.MA.IN,68570
Czech Republic,CZE,1989,"Age population, age 01, male, interpolated",SP.POP.AG01.MA.IN,67653
Czech Republic,CZE,1988,"Age population, age 01, male, interpolated",SP.POP.AG01.MA.IN,65830
Czech Republic,CZE,1987,"Age population, age 01, male, interpolated",SP.POP.AG01.MA.IN,63974
Czech Republic,CZE,1986,"Age population, age 01, male, interpolated",SP.POP.AG01.MA.IN,56308
Czech Republic,CZE,1985,"Age population, age 01, male, interpolated",SP.POP.AG01.MA.IN,64370
Czech Republic,CZE,1984,"Age population, age 01, male, interpolated",SP.POP.AG01.MA.IN,68022
Czech Republic,CZE,1983,"Age population, age 01, male, interpolated",SP.POP.AG01.MA.IN,73607
Czech Republic,CZE,1982,"Age population, age 01, male, interpolated",SP.POP.AG01.MA.IN,80150
Czech Republic,CZE,1981,"Age population, age 01, male, interpolated",SP.POP.AG01.MA.IN,86935
Czech Republic,CZE,1980,"Age population, age 01, male, interpolated",SP.POP.AG01.MA.IN,90864
Czech Republic,CZE,1979,"Age population, age 01, male, interpolated",SP.POP.AG01.MA.IN,93901
Czech Republic,CZE,1978,"Age population, age 01, male, interpolated",SP.POP.AG01.MA.IN,95419
Czech Republic,CZE,1977,"Age population, age 01, male, interpolated",SP.POP.AG01.MA.IN,95443
Czech Republic,CZE,1976,"Age population, age 01, male, interpolated",SP.POP.AG01.MA.IN,98039
Czech Republic,CZE,1975,"Age population, age 01, male, interpolated",SP.POP.AG01.MA.IN,91949
Czech Republic,CZE,1974,"Age population, age 01, male, interpolated",SP.POP.AG01.MA.IN,88231
Czech Republic,CZE,1973,"Age population, age 01, male, interpolated",SP.POP.AG01.MA.IN,83384
Czech Republic,CZE,1972,"Age population, age 01, male, interpolated",SP.POP.AG01.MA.IN,78174
Czech Republic,CZE,1971,"Age population, age 01, male, interpolated",SP.POP.AG01.MA.IN,71004
Czech Republic,CZE,1970,"Age population, age 01, male, interpolated",SP.POP.AG01.MA.IN,70356
Czech Republic,CZE,1969,"Age population, age 01, male, interpolated",SP.POP.AG01.MA.IN,68820
Czech Republic,CZE,1968,"Age population, age 01, male, interpolated",SP.POP.AG01.MA.IN,68843
Czech Republic,CZE,1967,"Age population, age 01, male, interpolated",SP.POP.AG01.MA.IN,69848
Czech Republic,CZE,1966,"Age population, age 01, male, interpolated",SP.POP.AG01.MA.IN,73921
Czech Republic,CZE,1965,"Age population, age 01, male, interpolated",SP.POP.AG01.MA.IN,71570
Czech Republic,CZE,1964,"Age population, age 01, male, interpolated",SP.POP.AG01.MA.IN,71647
Czech Republic,CZE,1963,"Age population, age 01, male, interpolated",SP.POP.AG01.MA.IN,71199
Czech Republic,CZE,1962,"Age population, age 01, male, interpolated",SP.POP.AG01.MA.IN,70642
Czech Republic,CZE,1961,"Age population, age 01, male, interpolated",SP.POP.AG01.MA.IN,68726
Czech Republic,CZE,1960,"Age population, age 01, male, interpolated",SP.POP.AG01.MA.IN,71447
Czech Republic,CZE,2021,"Age population, age 02, female, interpolated",SP.POP.AG02.FE.IN,55015
Czech Republic,CZE,2020,"Age population, age 02, female, interpolated",SP.POP.AG02.FE.IN,53742
Czech Republic,CZE,2019,"Age population, age 02, female, interpolated",SP.POP.AG02.FE.IN,53974
Czech Republic,CZE,2018,"Age population, age 02, female, interpolated",SP.POP.AG02.FE.IN,54107
Czech Republic,CZE,2017,"Age population, age 02, female, interpolated",SP.POP.AG02.FE.IN,49480
Czech Republic,CZE,2016,"Age population, age 02, female, interpolated",SP.POP.AG02.FE.IN,51919
Czech Republic,CZE,2015,"Age population, age 02, female, interpolated",SP.POP.AG02.FE.IN,54625
Czech Republic,CZE,2014,"Age population, age 02, female, interpolated",SP.POP.AG02.FE.IN,55189
Czech Republic,CZE,2013,"Age population, age 02, female, interpolated",SP.POP.AG02.FE.IN,55911
Czech Republic,CZE,2012,"Age population, age 02, female, interpolated",SP.POP.AG02.FE.IN,58114
Czech Republic,CZE,2011,"Age population, age 02, female, interpolated",SP.POP.AG02.FE.IN,57160
Czech Republic,CZE,2010,"Age population, age 02, female, interpolated",SP.POP.AG02.FE.IN,55613
Czech Republic,CZE,2009,"Age population, age 02, female, interpolated",SP.POP.AG02.FE.IN,53902
Czech Republic,CZE,2008,"Age population, age 02, female, interpolated",SP.POP.AG02.FE.IN,51377
Czech Republic,CZE,2007,"Age population, age 02, female, interpolated",SP.POP.AG02.FE.IN,52554
Czech Republic,CZE,2006,"Age population, age 02, female, interpolated",SP.POP.AG02.FE.IN,48111
Czech Republic,CZE,2005,"Age population, age 02, female, interpolated",SP.POP.AG02.FE.IN,43887
Czech Republic,CZE,2004,"Age population, age 02, female, interpolated",SP.POP.AG02.FE.IN,42523
Czech Republic,CZE,2003,"Age population, age 02, female, interpolated",SP.POP.AG02.FE.IN,41852
Czech Republic,CZE,2002,"Age population, age 02, female, interpolated",SP.POP.AG02.FE.IN,36562
Czech Republic,CZE,2001,"Age population, age 02, female, interpolated",SP.POP.AG02.FE.IN,39926
Czech Republic,CZE,2000,"Age population, age 02, female, interpolated",SP.POP.AG02.FE.IN,44189
Czech Republic,CZE,1999,"Age population, age 02, female, interpolated",SP.POP.AG02.FE.IN,46567
Czech Republic,CZE,1998,"Age population, age 02, female, interpolated",SP.POP.AG02.FE.IN,49694
Czech Republic,CZE,1997,"Age population, age 02, female, interpolated",SP.POP.AG02.FE.IN,53218
Czech Republic,CZE,1996,"Age population, age 02, female, interpolated",SP.POP.AG02.FE.IN,56037
Czech Republic,CZE,1995,"Age population, age 02, female, interpolated",SP.POP.AG02.FE.IN,58480
Czech Republic,CZE,1994,"Age population, age 02, female, interpolated",SP.POP.AG02.FE.IN,59784
Czech Republic,CZE,1993,"Age population, age 02, female, interpolated",SP.POP.AG02.FE.IN,60261
Czech Republic,CZE,1992,"Age population, age 02, female, interpolated",SP.POP.AG02.FE.IN,67788
Czech Republic,CZE,1991,"Age population, age 02, female, interpolated",SP.POP.AG02.FE.IN,64418
Czech Republic,CZE,1990,"Age population, age 02, female, interpolated",SP.POP.AG02.FE.IN,60820
Czech Republic,CZE,1989,"Age population, age 02, female, interpolated",SP.POP.AG02.FE.IN,61489
Czech Republic,CZE,1988,"Age population, age 02, female, interpolated",SP.POP.AG02.FE.IN,62487
Czech Republic,CZE,1987,"Age population, age 02, female, interpolated",SP.POP.AG02.FE.IN,55132
Czech Republic,CZE,1986,"Age population, age 02, female, interpolated",SP.POP.AG02.FE.IN,61580
Czech Republic,CZE,1985,"Age population, age 02, female, interpolated",SP.POP.AG02.FE.IN,69000
Czech Republic,CZE,1984,"Age population, age 02, female, interpolated",SP.POP.AG02.FE.IN,72934
Czech Republic,CZE,1983,"Age population, age 02, female, interpolated",SP.POP.AG02.FE.IN,77640
Czech Republic,CZE,1982,"Age population, age 02, female, interpolated",SP.POP.AG02.FE.IN,82988
Czech Republic,CZE,1981,"Age population, age 02, female, interpolated",SP.POP.AG02.FE.IN,86431
Czech Republic,CZE,1980,"Age population, age 02, female, interpolated",SP.POP.AG02.FE.IN,88800
Czech Republic,CZE,1979,"Age population, age 02, female, interpolated",SP.POP.AG02.FE.IN,89632
Czech Republic,CZE,1978,"Age population, age 02, female, interpolated",SP.POP.AG02.FE.IN,88877
Czech Republic,CZE,1977,"Age population, age 02, female, interpolated",SP.POP.AG02.FE.IN,91952
Czech Republic,CZE,1976,"Age population, age 02, female, interpolated",SP.POP.AG02.FE.IN,87029
Czech Republic,CZE,1975,"Age population, age 02, female, interpolated",SP.POP.AG02.FE.IN,81439
Czech Republic,CZE,1974,"Age population, age 02, female, interpolated",SP.POP.AG02.FE.IN,78325
Czech Republic,CZE,1973,"Age population, age 02, female, interpolated",SP.POP.AG02.FE.IN,75023
Czech Republic,CZE,1972,"Age population, age 02, female, interpolated",SP.POP.AG02.FE.IN,68089
Czech Republic,CZE,1971,"Age population, age 02, female, interpolated",SP.POP.AG02.FE.IN,67090
Czech Republic,CZE,1970,"Age population, age 02, female, interpolated",SP.POP.AG02.FE.IN,66804
Czech Republic,CZE,1969,"Age population, age 02, female, interpolated",SP.POP.AG02.FE.IN,65515
Czech Republic,CZE,1968,"Age population, age 02, female, interpolated",SP.POP.AG02.FE.IN,65037
Czech Republic,CZE,1967,"Age population, age 02, female, interpolated",SP.POP.AG02.FE.IN,69325
Czech Republic,CZE,1966,"Age population, age 02, female, interpolated",SP.POP.AG02.FE.IN,67706
Czech Republic,CZE,1965,"Age population, age 02, female, interpolated",SP.POP.AG02.FE.IN,66116
Czech Republic,CZE,1964,"Age population, age 02, female, interpolated",SP.POP.AG02.FE.IN,66620
Czech Republic,CZE,1963,"Age population, age 02, female, interpolated",SP.POP.AG02.FE.IN,67135
Czech Republic,CZE,1962,"Age population, age 02, female, interpolated",SP.POP.AG02.FE.IN,65640
Czech Republic,CZE,1961,"Age population, age 02, female, interpolated",SP.POP.AG02.FE.IN,68005
Czech Republic,CZE,1960,"Age population, age 02, female, interpolated",SP.POP.AG02.FE.IN,70898
Czech Republic,CZE,2021,"Age population, age 02, male, interpolated",SP.POP.AG02.MA.IN,58139
Czech Republic,CZE,2020,"Age population, age 02, male, interpolated",SP.POP.AG02.MA.IN,56818
Czech Republic,CZE,2019,"Age population, age 02, male, interpolated",SP.POP.AG02.MA.IN,57060
Czech Republic,CZE,2018,"Age population, age 02, male, interpolated",SP.POP.AG02.MA.IN,57198
Czech Republic,CZE,2017,"Age population, age 02, male, interpolated",SP.POP.AG02.MA.IN,52356
Czech Republic,CZE,2016,"Age population, age 02, male, interpolated",SP.POP.AG02.MA.IN,54901
Czech Republic,CZE,2015,"Age population, age 02, male, interpolated",SP.POP.AG02.MA.IN,57727
Czech Republic,CZE,2014,"Age population, age 02, male, interpolated",SP.POP.AG02.MA.IN,58305
Czech Republic,CZE,2013,"Age population, age 02, male, interpolated",SP.POP.AG02.MA.IN,59057
Czech Republic,CZE,2012,"Age population, age 02, male, interpolated",SP.POP.AG02.MA.IN,61425
Czech Republic,CZE,2011,"Age population, age 02, male, interpolated",SP.POP.AG02.MA.IN,60365
Czech Republic,CZE,2010,"Age population, age 02, male, interpolated",SP.POP.AG02.MA.IN,58639
Czech Republic,CZE,2009,"Age population, age 02, male, interpolated",SP.POP.AG02.MA.IN,56870
Czech Republic,CZE,2008,"Age population, age 02, male, interpolated",SP.POP.AG02.MA.IN,54214
Czech Republic,CZE,2007,"Age population, age 02, male, interpolated",SP.POP.AG02.MA.IN,55436
Czech Republic,CZE,2006,"Age population, age 02, male, interpolated",SP.POP.AG02.MA.IN,50775
Czech Republic,CZE,2005,"Age population, age 02, male, interpolated",SP.POP.AG02.MA.IN,46383
Czech Republic,CZE,2004,"Age population, age 02, male, interpolated",SP.POP.AG02.MA.IN,44908
Czech Republic,CZE,2003,"Age population, age 02, male, interpolated",SP.POP.AG02.MA.IN,44197
Czech Republic,CZE,2002,"Age population, age 02, male, interpolated",SP.POP.AG02.MA.IN,38668
Czech Republic,CZE,2001,"Age population, age 02, male, interpolated",SP.POP.AG02.MA.IN,42215
Czech Republic,CZE,2000,"Age population, age 02, male, interpolated",SP.POP.AG02.MA.IN,46693
Czech Republic,CZE,1999,"Age population, age 02, male, interpolated",SP.POP.AG02.MA.IN,49196
Czech Republic,CZE,1998,"Age population, age 02, male, interpolated",SP.POP.AG02.MA.IN,52481
Czech Republic,CZE,1997,"Age population, age 02, male, interpolated",SP.POP.AG02.MA.IN,56174
Czech Republic,CZE,1996,"Age population, age 02, male, interpolated",SP.POP.AG02.MA.IN,59136
Czech Republic,CZE,1995,"Age population, age 02, male, interpolated",SP.POP.AG02.MA.IN,61710
Czech Republic,CZE,1994,"Age population, age 02, male, interpolated",SP.POP.AG02.MA.IN,63067
Czech Republic,CZE,1993,"Age population, age 02, male, interpolated",SP.POP.AG02.MA.IN,63556
Czech Republic,CZE,1992,"Age population, age 02, male, interpolated",SP.POP.AG02.MA.IN,71459
Czech Republic,CZE,1991,"Age population, age 02, male, interpolated",SP.POP.AG02.MA.IN,67917
Czech Republic,CZE,1990,"Age population, age 02, male, interpolated",SP.POP.AG02.MA.IN,64151
Czech Republic,CZE,1989,"Age population, age 02, male, interpolated",SP.POP.AG02.MA.IN,64826
Czech Republic,CZE,1988,"Age population, age 02, male, interpolated",SP.POP.AG02.MA.IN,65858
Czech Republic,CZE,1987,"Age population, age 02, male, interpolated",SP.POP.AG02.MA.IN,58083
Czech Republic,CZE,1986,"Age population, age 02, male, interpolated",SP.POP.AG02.MA.IN,64859
Czech Republic,CZE,1985,"Age population, age 02, male, interpolated",SP.POP.AG02.MA.IN,72639
Czech Republic,CZE,1984,"Age population, age 02, male, interpolated",SP.POP.AG02.MA.IN,76768
Czech Republic,CZE,1983,"Age population, age 02, male, interpolated",SP.POP.AG02.MA.IN,81704
Czech Republic,CZE,1982,"Age population, age 02, male, interpolated",SP.POP.AG02.MA.IN,87331
Czech Republic,CZE,1981,"Age population, age 02, male, interpolated",SP.POP.AG02.MA.IN,90929
Czech Republic,CZE,1980,"Age population, age 02, male, interpolated",SP.POP.AG02.MA.IN,93407
Czech Republic,CZE,1979,"Age population, age 02, male, interpolated",SP.POP.AG02.MA.IN,94262
Czech Republic,CZE,1978,"Age population, age 02, male, interpolated",SP.POP.AG02.MA.IN,93450
Czech Republic,CZE,1977,"Age population, age 02, male, interpolated",SP.POP.AG02.MA.IN,96680
Czech Republic,CZE,1976,"Age population, age 02, male, interpolated",SP.POP.AG02.MA.IN,91489
Czech Republic,CZE,1975,"Age population, age 02, male, interpolated",SP.POP.AG02.MA.IN,85610
Czech Republic,CZE,1974,"Age population, age 02, male, interpolated",SP.POP.AG02.MA.IN,82280
Czech Republic,CZE,1973,"Age population, age 02, male, interpolated",SP.POP.AG02.MA.IN,78758
Czech Republic,CZE,1972,"Age population, age 02, male, interpolated",SP.POP.AG02.MA.IN,71503
Czech Republic,CZE,1971,"Age population, age 02, male, interpolated",SP.POP.AG02.MA.IN,70436
Czech Republic,CZE,1970,"Age population, age 02, male, interpolated",SP.POP.AG02.MA.IN,70158
Czech Republic,CZE,1969,"Age population, age 02, male, interpolated",SP.POP.AG02.MA.IN,68785
Czech Republic,CZE,1968,"Age population, age 02, male, interpolated",SP.POP.AG02.MA.IN,68317
Czech Republic,CZE,1967,"Age population, age 02, male, interpolated",SP.POP.AG02.MA.IN,72831
Czech Republic,CZE,1966,"Age population, age 02, male, interpolated",SP.POP.AG02.MA.IN,71185
Czech Republic,CZE,1965,"Age population, age 02, male, interpolated",SP.POP.AG02.MA.IN,69515
Czech Republic,CZE,1964,"Age population, age 02, male, interpolated",SP.POP.AG02.MA.IN,70130
Czech Republic,CZE,1963,"Age population, age 02, male, interpolated",SP.POP.AG02.MA.IN,70696
Czech Republic,CZE,1962,"Age population, age 02, male, interpolated",SP.POP.AG02.MA.IN,69075
Czech Republic,CZE,1961,"Age population, age 02, male, interpolated",SP.POP.AG02.MA.IN,71534
Czech Republic,CZE,1960,"Age population, age 02, male, interpolated",SP.POP.AG02.MA.IN,74553
Czech Republic,CZE,2021,"Age population, age 03, female, interpolated",SP.POP.AG03.FE.IN,53968
Czech Republic,CZE,2020,"Age population, age 03, female, interpolated",SP.POP.AG03.FE.IN,52990
Czech Republic,CZE,2019,"Age population, age 03, female, interpolated",SP.POP.AG03.FE.IN,53565
Czech Republic,CZE,2018,"Age population, age 03, female, interpolated",SP.POP.AG03.FE.IN,50594
Czech Republic,CZE,2017,"Age population, age 03, female, interpolated",SP.POP.AG03.FE.IN,52265
Czech Republic,CZE,2016,"Age population, age 03, female, interpolated",SP.POP.AG03.FE.IN,54523
Czech Republic,CZE,2015,"Age population, age 03, female, interpolated",SP.POP.AG03.FE.IN,56603
Czech Republic,CZE,2014,"Age population, age 03, female, interpolated",SP.POP.AG03.FE.IN,56875
Czech Republic,CZE,2013,"Age population, age 03, female, interpolated",SP.POP.AG03.FE.IN,58006
Czech Republic,CZE,2012,"Age population, age 03, female, interpolated",SP.POP.AG03.FE.IN,57196
Czech Republic,CZE,2011,"Age population, age 03, female, interpolated",SP.POP.AG03.FE.IN,55740
Czech Republic,CZE,2010,"Age population, age 03, female, interpolated",SP.POP.AG03.FE.IN,53882
Czech Republic,CZE,2009,"Age population, age 03, female, interpolated",SP.POP.AG03.FE.IN,51502
Czech Republic,CZE,2008,"Age population, age 03, female, interpolated",SP.POP.AG03.FE.IN,51768
Czech Republic,CZE,2007,"Age population, age 03, female, interpolated",SP.POP.AG03.FE.IN,48131
Czech Republic,CZE,2006,"Age population, age 03, female, interpolated",SP.POP.AG03.FE.IN,44335
Czech Republic,CZE,2005,"Age population, age 03, female, interpolated",SP.POP.AG03.FE.IN,41230
Czech Republic,CZE,2004,"Age population, age 03, female, interpolated",SP.POP.AG03.FE.IN,40917
Czech Republic,CZE,2003,"Age population, age 03, female, interpolated",SP.POP.AG03.FE.IN,37673
Czech Republic,CZE,2002,"Age population, age 03, female, interpolated",SP.POP.AG03.FE.IN,40195
Czech Republic,CZE,2001,"Age population, age 03, female, interpolated",SP.POP.AG03.FE.IN,43987
Czech Republic,CZE,2000,"Age population, age 03, female, interpolated",SP.POP.AG03.FE.IN,48099
Czech Republic,CZE,1999,"Age population, age 03, female, interpolated",SP.POP.AG03.FE.IN,50818
Czech Republic,CZE,1998,"Age population, age 03, female, interpolated",SP.POP.AG03.FE.IN,53535
Czech Republic,CZE,1997,"Age population, age 03, female, interpolated",SP.POP.AG03.FE.IN,56130
Czech Republic,CZE,1996,"Age population, age 03, female, interpolated",SP.POP.AG03.FE.IN,58413
Czech Republic,CZE,1995,"Age population, age 03, female, interpolated",SP.POP.AG03.FE.IN,60289
Czech Republic,CZE,1994,"Age population, age 03, female, interpolated",SP.POP.AG03.FE.IN,60501
Czech Republic,CZE,1993,"Age population, age 03, female, interpolated",SP.POP.AG03.FE.IN,65978
Czech Republic,CZE,1992,"Age population, age 03, female, interpolated",SP.POP.AG03.FE.IN,63965
Czech Republic,CZE,1991,"Age population, age 03, female, interpolated",SP.POP.AG03.FE.IN,61140
Czech Republic,CZE,1990,"Age population, age 03, female, interpolated",SP.POP.AG03.FE.IN,58845
Czech Republic,CZE,1989,"Age population, age 03, female, interpolated",SP.POP.AG03.FE.IN,60684
Czech Republic,CZE,1988,"Age population, age 03, female, interpolated",SP.POP.AG03.FE.IN,56782
Czech Republic,CZE,1987,"Age population, age 03, female, interpolated",SP.POP.AG03.FE.IN,61918
Czech Republic,CZE,1986,"Age population, age 03, female, interpolated",SP.POP.AG03.FE.IN,68624
Czech Republic,CZE,1985,"Age population, age 03, female, interpolated",SP.POP.AG03.FE.IN,75377
Czech Republic,CZE,1984,"Age population, age 03, female, interpolated",SP.POP.AG03.FE.IN,79356
Czech Republic,CZE,1983,"Age population, age 03, female, interpolated",SP.POP.AG03.FE.IN,83360
Czech Republic,CZE,1982,"Age population, age 03, female, interpolated",SP.POP.AG03.FE.IN,86490
Czech Republic,CZE,1981,"Age population, age 03, female, interpolated",SP.POP.AG03.FE.IN,88678
Czech Republic,CZE,1980,"Age population, age 03, female, interpolated",SP.POP.AG03.FE.IN,89752
Czech Republic,CZE,1979,"Age population, age 03, female, interpolated",SP.POP.AG03.FE.IN,88995
Czech Republic,CZE,1978,"Age population, age 03, female, interpolated",SP.POP.AG03.FE.IN,90714
Czech Republic,CZE,1977,"Age population, age 03, female, interpolated",SP.POP.AG03.FE.IN,86738
Czech Republic,CZE,1976,"Age population, age 03, female, interpolated",SP.POP.AG03.FE.IN,81655
Czech Republic,CZE,1975,"Age population, age 03, female, interpolated",SP.POP.AG03.FE.IN,76540
Czech Republic,CZE,1974,"Age population, age 03, female, interpolated",SP.POP.AG03.FE.IN,73790
Czech Republic,CZE,1973,"Age population, age 03, female, interpolated",SP.POP.AG03.FE.IN,68581
Czech Republic,CZE,1972,"Age population, age 03, female, interpolated",SP.POP.AG03.FE.IN,67185
Czech Republic,CZE,1971,"Age population, age 03, female, interpolated",SP.POP.AG03.FE.IN,66688
Czech Republic,CZE,1970,"Age population, age 03, female, interpolated",SP.POP.AG03.FE.IN,66624
Czech Republic,CZE,1969,"Age population, age 03, female, interpolated",SP.POP.AG03.FE.IN,65573
Czech Republic,CZE,1968,"Age population, age 03, female, interpolated",SP.POP.AG03.FE.IN,68327
Czech Republic,CZE,1967,"Age population, age 03, female, interpolated",SP.POP.AG03.FE.IN,67340
Czech Republic,CZE,1966,"Age population, age 03, female, interpolated",SP.POP.AG03.FE.IN,66140
Czech Republic,CZE,1965,"Age population, age 03, female, interpolated",SP.POP.AG03.FE.IN,65285
Czech Republic,CZE,1964,"Age population, age 03, female, interpolated",SP.POP.AG03.FE.IN,66268
Czech Republic,CZE,1963,"Age population, age 03, female, interpolated",SP.POP.AG03.FE.IN,65931
Czech Republic,CZE,1962,"Age population, age 03, female, interpolated",SP.POP.AG03.FE.IN,68069
Czech Republic,CZE,1961,"Age population, age 03, female, interpolated",SP.POP.AG03.FE.IN,70834
Czech Republic,CZE,1960,"Age population, age 03, female, interpolated",SP.POP.AG03.FE.IN,73860
Czech Republic,CZE,2021,"Age population, age 03, male, interpolated",SP.POP.AG03.MA.IN,57045
Czech Republic,CZE,2020,"Age population, age 03, male, interpolated",SP.POP.AG03.MA.IN,56029
Czech Republic,CZE,2019,"Age population, age 03, male, interpolated",SP.POP.AG03.MA.IN,56628
Czech Republic,CZE,2018,"Age population, age 03, male, interpolated",SP.POP.AG03.MA.IN,53516
Czech Republic,CZE,2017,"Age population, age 03, male, interpolated",SP.POP.AG03.MA.IN,55256
Czech Republic,CZE,2016,"Age population, age 03, male, interpolated",SP.POP.AG03.MA.IN,57607
Czech Republic,CZE,2015,"Age population, age 03, male, interpolated",SP.POP.AG03.MA.IN,59775
Czech Republic,CZE,2014,"Age population, age 03, male, interpolated",SP.POP.AG03.MA.IN,60042
Czech Republic,CZE,2013,"Age population, age 03, male, interpolated",SP.POP.AG03.MA.IN,61270
Czech Republic,CZE,2012,"Age population, age 03, male, interpolated",SP.POP.AG03.MA.IN,60400
Czech Republic,CZE,2011,"Age population, age 03, male, interpolated",SP.POP.AG03.MA.IN,58820
Czech Republic,CZE,2010,"Age population, age 03, male, interpolated",SP.POP.AG03.MA.IN,56781
Czech Republic,CZE,2009,"Age population, age 03, male, interpolated",SP.POP.AG03.MA.IN,54313
Czech Republic,CZE,2008,"Age population, age 03, male, interpolated",SP.POP.AG03.MA.IN,54612
Czech Republic,CZE,2007,"Age population, age 03, male, interpolated",SP.POP.AG03.MA.IN,50782
Czech Republic,CZE,2006,"Age population, age 03, male, interpolated",SP.POP.AG03.MA.IN,46803
Czech Republic,CZE,2005,"Age population, age 03, male, interpolated",SP.POP.AG03.MA.IN,43582
Czech Republic,CZE,2004,"Age population, age 03, male, interpolated",SP.POP.AG03.MA.IN,43216
Czech Republic,CZE,2003,"Age population, age 03, male, interpolated",SP.POP.AG03.MA.IN,39807
Czech Republic,CZE,2002,"Age population, age 03, male, interpolated",SP.POP.AG03.MA.IN,42468
Czech Republic,CZE,2001,"Age population, age 03, male, interpolated",SP.POP.AG03.MA.IN,46468
Czech Republic,CZE,2000,"Age population, age 03, male, interpolated",SP.POP.AG03.MA.IN,50792
Czech Republic,CZE,1999,"Age population, age 03, male, interpolated",SP.POP.AG03.MA.IN,53655
Czech Republic,CZE,1998,"Age population, age 03, male, interpolated",SP.POP.AG03.MA.IN,56509
Czech Republic,CZE,1997,"Age population, age 03, male, interpolated",SP.POP.AG03.MA.IN,59232
Czech Republic,CZE,1996,"Age population, age 03, male, interpolated",SP.POP.AG03.MA.IN,61630
Czech Republic,CZE,1995,"Age population, age 03, male, interpolated",SP.POP.AG03.MA.IN,63606
Czech Republic,CZE,1994,"Age population, age 03, male, interpolated",SP.POP.AG03.MA.IN,63811
Czech Republic,CZE,1993,"Age population, age 03, male, interpolated",SP.POP.AG03.MA.IN,69558
Czech Republic,CZE,1992,"Age population, age 03, male, interpolated",SP.POP.AG03.MA.IN,67427
Czech Republic,CZE,1991,"Age population, age 03, male, interpolated",SP.POP.AG03.MA.IN,64452
Czech Republic,CZE,1990,"Age population, age 03, male, interpolated",SP.POP.AG03.MA.IN,62049
Czech Republic,CZE,1989,"Age population, age 03, male, interpolated",SP.POP.AG03.MA.IN,63955
Czech Republic,CZE,1988,"Age population, age 03, male, interpolated",SP.POP.AG03.MA.IN,59808
Czech Republic,CZE,1987,"Age population, age 03, male, interpolated",SP.POP.AG03.MA.IN,65205
Czech Republic,CZE,1986,"Age population, age 03, male, interpolated",SP.POP.AG03.MA.IN,72252
Czech Republic,CZE,1985,"Age population, age 03, male, interpolated",SP.POP.AG03.MA.IN,79329
Czech Republic,CZE,1984,"Age population, age 03, male, interpolated",SP.POP.AG03.MA.IN,83504
Czech Republic,CZE,1983,"Age population, age 03, male, interpolated",SP.POP.AG03.MA.IN,87714
Czech Republic,CZE,1982,"Age population, age 03, male, interpolated",SP.POP.AG03.MA.IN,90982
Czech Republic,CZE,1981,"Age population, age 03, male, interpolated",SP.POP.AG03.MA.IN,93261
Czech Republic,CZE,1980,"Age population, age 03, male, interpolated",SP.POP.AG03.MA.IN,94379
Czech Republic,CZE,1979,"Age population, age 03, male, interpolated",SP.POP.AG03.MA.IN,93561
Czech Republic,CZE,1978,"Age population, age 03, male, interpolated",SP.POP.AG03.MA.IN,95363
Czech Republic,CZE,1977,"Age population, age 03, male, interpolated",SP.POP.AG03.MA.IN,91164
Czech Republic,CZE,1976,"Age population, age 03, male, interpolated",SP.POP.AG03.MA.IN,85806
Czech Republic,CZE,1975,"Age population, age 03, male, interpolated",SP.POP.AG03.MA.IN,80427
Czech Republic,CZE,1974,"Age population, age 03, male, interpolated",SP.POP.AG03.MA.IN,77481
Czech Republic,CZE,1973,"Age population, age 03, male, interpolated",SP.POP.AG03.MA.IN,72004
Czech Republic,CZE,1972,"Age population, age 03, male, interpolated",SP.POP.AG03.MA.IN,70500
Czech Republic,CZE,1971,"Age population, age 03, male, interpolated",SP.POP.AG03.MA.IN,69967
Czech Republic,CZE,1970,"Age population, age 03, male, interpolated",SP.POP.AG03.MA.IN,69935
Czech Republic,CZE,1969,"Age population, age 03, male, interpolated",SP.POP.AG03.MA.IN,68819
Czech Republic,CZE,1968,"Age population, age 03, male, interpolated",SP.POP.AG03.MA.IN,71727
Czech Republic,CZE,1967,"Age population, age 03, male, interpolated",SP.POP.AG03.MA.IN,70764
Czech Republic,CZE,1966,"Age population, age 03, male, interpolated",SP.POP.AG03.MA.IN,69555
Czech Republic,CZE,1965,"Age population, age 03, male, interpolated",SP.POP.AG03.MA.IN,68649
Czech Republic,CZE,1964,"Age population, age 03, male, interpolated",SP.POP.AG03.MA.IN,69765
Czech Republic,CZE,1963,"Age population, age 03, male, interpolated",SP.POP.AG03.MA.IN,69399
Czech Republic,CZE,1962,"Age population, age 03, male, interpolated",SP.POP.AG03.MA.IN,71616
Czech Republic,CZE,1961,"Age population, age 03, male, interpolated",SP.POP.AG03.MA.IN,74476
Czech Republic,CZE,1960,"Age population, age 03, male, interpolated",SP.POP.AG03.MA.IN,77615
Czech Republic,CZE,2021,"Age population, age 04, female, interpolated",SP.POP.AG04.FE.IN,53355
Czech Republic,CZE,2020,"Age population, age 04, female, interpolated",SP.POP.AG04.FE.IN,52726
Czech Republic,CZE,2019,"Age population, age 04, female, interpolated",SP.POP.AG04.FE.IN,51715
Czech Republic,CZE,2018,"Age population, age 04, female, interpolated",SP.POP.AG04.FE.IN,52588
Czech Republic,CZE,2017,"Age population, age 04, female, interpolated",SP.POP.AG04.FE.IN,54369
Czech Republic,CZE,2016,"Age population, age 04, female, interpolated",SP.POP.AG04.FE.IN,56246
Czech Republic,CZE,2015,"Age population, age 04, female, interpolated",SP.POP.AG04.FE.IN,57596
Czech Republic,CZE,2014,"Age population, age 04, female, interpolated",SP.POP.AG04.FE.IN,57878
Czech Republic,CZE,2013,"Age population, age 04, female, interpolated",SP.POP.AG04.FE.IN,57206
Czech Republic,CZE,2012,"Age population, age 04, female, interpolated",SP.POP.AG04.FE.IN,55846
Czech Republic,CZE,2011,"Age population, age 04, female, interpolated",SP.POP.AG04.FE.IN,54040
Czech Republic,CZE,2010,"Age population, age 04, female, interpolated",SP.POP.AG04.FE.IN,52006
Czech Republic,CZE,2009,"Age population, age 04, female, interpolated",SP.POP.AG04.FE.IN,50954
Czech Republic,CZE,2008,"Age population, age 04, female, interpolated",SP.POP.AG04.FE.IN,48189
Czech Republic,CZE,2007,"Age population, age 04, female, interpolated",SP.POP.AG04.FE.IN,44864
Czech Republic,CZE,2006,"Age population, age 04, female, interpolated",SP.POP.AG04.FE.IN,41912
Czech Republic,CZE,2005,"Age population, age 04, female, interpolated",SP.POP.AG04.FE.IN,40010
Czech Republic,CZE,2004,"Age population, age 04, female, interpolated",SP.POP.AG04.FE.IN,38820
Czech Republic,CZE,2003,"Age population, age 04, female, interpolated",SP.POP.AG04.FE.IN,40445
Czech Republic,CZE,2002,"Age population, age 04, female, interpolated",SP.POP.AG04.FE.IN,43714
Czech Republic,CZE,2001,"Age population, age 04, female, interpolated",SP.POP.AG04.FE.IN,47628
Czech Republic,CZE,2000,"Age population, age 04, female, interpolated",SP.POP.AG04.FE.IN,51389
Czech Republic,CZE,1999,"Age population, age 04, female, interpolated",SP.POP.AG04.FE.IN,53840
Czech Republic,CZE,1998,"Age population, age 04, female, interpolated",SP.POP.AG04.FE.IN,56225
Czech Republic,CZE,1997,"Age population, age 04, female, interpolated",SP.POP.AG04.FE.IN,58367
Czech Republic,CZE,1996,"Age population, age 04, female, interpolated",SP.POP.AG04.FE.IN,60151
Czech Republic,CZE,1995,"Age population, age 04, female, interpolated",SP.POP.AG04.FE.IN,61523
Czech Republic,CZE,1994,"Age population, age 04, female, interpolated",SP.POP.AG04.FE.IN,64162
Czech Republic,CZE,1993,"Age population, age 04, female, interpolated",SP.POP.AG04.FE.IN,63588
Czech Republic,CZE,1992,"Age population, age 04, female, interpolated",SP.POP.AG04.FE.IN,61585
Czech Republic,CZE,1991,"Age population, age 04, female, interpolated",SP.POP.AG04.FE.IN,59616
Czech Republic,CZE,1990,"Age population, age 04, female, interpolated",SP.POP.AG04.FE.IN,58759
Czech Republic,CZE,1989,"Age population, age 04, female, interpolated",SP.POP.AG04.FE.IN,58475
Czech Republic,CZE,1988,"Age population, age 04, female, interpolated",SP.POP.AG04.FE.IN,62213
Czech Republic,CZE,1987,"Age population, age 04, female, interpolated",SP.POP.AG04.FE.IN,68117
Czech Republic,CZE,1986,"Age population, age 04, female, interpolated",SP.POP.AG04.FE.IN,74592
Czech Republic,CZE,1985,"Age population, age 04, female, interpolated",SP.POP.AG04.FE.IN,80362
Czech Republic,CZE,1984,"Age population, age 04, female, interpolated",SP.POP.AG04.FE.IN,83716
Czech Republic,CZE,1983,"Age population, age 04, female, interpolated",SP.POP.AG04.FE.IN,86534
Czech Republic,CZE,1982,"Age population, age 04, female, interpolated",SP.POP.AG04.FE.IN,88536
Czech Republic,CZE,1981,"Age population, age 04, female, interpolated",SP.POP.AG04.FE.IN,89533
Czech Republic,CZE,1980,"Age population, age 04, female, interpolated",SP.POP.AG04.FE.IN,89418
Czech Republic,CZE,1979,"Age population, age 04, female, interpolated",SP.POP.AG04.FE.IN,89410
Czech Republic,CZE,1978,"Age population, age 04, female, interpolated",SP.POP.AG04.FE.IN,86479
Czech Republic,CZE,1977,"Age population, age 04, female, interpolated",SP.POP.AG04.FE.IN,81978
Czech Republic,CZE,1976,"Age population, age 04, female, interpolated",SP.POP.AG04.FE.IN,77069
Czech Republic,CZE,1975,"Age population, age 04, female, interpolated",SP.POP.AG04.FE.IN,72640
Czech Republic,CZE,1974,"Age population, age 04, female, interpolated",SP.POP.AG04.FE.IN,69095
Czech Republic,CZE,1973,"Age population, age 04, female, interpolated",SP.POP.AG04.FE.IN,67252
Czech Republic,CZE,1972,"Age population, age 04, female, interpolated",SP.POP.AG04.FE.IN,66519
Czech Republic,CZE,1971,"Age population, age 04, female, interpolated",SP.POP.AG04.FE.IN,66379
Czech Republic,CZE,1970,"Age population, age 04, female, interpolated",SP.POP.AG04.FE.IN,66444
Czech Republic,CZE,1969,"Age population, age 04, female, interpolated",SP.POP.AG04.FE.IN,67320
Czech Republic,CZE,1968,"Age population, age 04, female, interpolated",SP.POP.AG04.FE.IN,66983
Czech Republic,CZE,1967,"Age population, age 04, female, interpolated",SP.POP.AG04.FE.IN,66180
Czech Republic,CZE,1966,"Age population, age 04, female, interpolated",SP.POP.AG04.FE.IN,65520
Czech Republic,CZE,1965,"Age population, age 04, female, interpolated",SP.POP.AG04.FE.IN,65444
Czech Republic,CZE,1964,"Age population, age 04, female, interpolated",SP.POP.AG04.FE.IN,66200
Czech Republic,CZE,1963,"Age population, age 04, female, interpolated",SP.POP.AG04.FE.IN,68111
Czech Republic,CZE,1962,"Age population, age 04, female, interpolated",SP.POP.AG04.FE.IN,70744
Czech Republic,CZE,1961,"Age population, age 04, female, interpolated",SP.POP.AG04.FE.IN,73723
Czech Republic,CZE,1960,"Age population, age 04, female, interpolated",SP.POP.AG04.FE.IN,76731
Czech Republic,CZE,2021,"Age population, age 04, male, interpolated",SP.POP.AG04.MA.IN,56402
Czech Republic,CZE,2020,"Age population, age 04, male, interpolated",SP.POP.AG04.MA.IN,55748
Czech Republic,CZE,2019,"Age population, age 04, male, interpolated",SP.POP.AG04.MA.IN,54686
Czech Republic,CZE,2018,"Age population, age 04, male, interpolated",SP.POP.AG04.MA.IN,55590
Czech Republic,CZE,2017,"Age population, age 04, male, interpolated",SP.POP.AG04.MA.IN,57440
Czech Republic,CZE,2016,"Age population, age 04, male, interpolated",SP.POP.AG04.MA.IN,59389
Czech Republic,CZE,2015,"Age population, age 04, male, interpolated",SP.POP.AG04.MA.IN,60791
Czech Republic,CZE,2014,"Age population, age 04, male, interpolated",SP.POP.AG04.MA.IN,61091
Czech Republic,CZE,2013,"Age population, age 04, male, interpolated",SP.POP.AG04.MA.IN,60381
Czech Republic,CZE,2012,"Age population, age 04, male, interpolated",SP.POP.AG04.MA.IN,58936
Czech Republic,CZE,2011,"Age population, age 04, male, interpolated",SP.POP.AG04.MA.IN,56997
Czech Republic,CZE,2010,"Age population, age 04, male, interpolated",SP.POP.AG04.MA.IN,54789
Czech Republic,CZE,2009,"Age population, age 04, male, interpolated",SP.POP.AG04.MA.IN,53738
Czech Republic,CZE,2008,"Age population, age 04, male, interpolated",SP.POP.AG04.MA.IN,50848
Czech Republic,CZE,2007,"Age population, age 04, male, interpolated",SP.POP.AG04.MA.IN,47349
Czech Republic,CZE,2006,"Age population, age 04, male, interpolated",SP.POP.AG04.MA.IN,44256
Czech Republic,CZE,2005,"Age population, age 04, male, interpolated",SP.POP.AG04.MA.IN,42294
Czech Republic,CZE,2004,"Age population, age 04, male, interpolated",SP.POP.AG04.MA.IN,41007
Czech Republic,CZE,2003,"Age population, age 04, male, interpolated",SP.POP.AG04.MA.IN,42706
Czech Republic,CZE,2002,"Age population, age 04, male, interpolated",SP.POP.AG04.MA.IN,46154
Czech Republic,CZE,2001,"Age population, age 04, male, interpolated",SP.POP.AG04.MA.IN,50285
Czech Republic,CZE,2000,"Age population, age 04, male, interpolated",SP.POP.AG04.MA.IN,54243
Czech Republic,CZE,1999,"Age population, age 04, male, interpolated",SP.POP.AG04.MA.IN,56826
Czech Republic,CZE,1998,"Age population, age 04, male, interpolated",SP.POP.AG04.MA.IN,59333
Czech Republic,CZE,1997,"Age population, age 04, male, interpolated",SP.POP.AG04.MA.IN,61580
Czech Republic,CZE,1996,"Age population, age 04, male, interpolated",SP.POP.AG04.MA.IN,63452
Czech Republic,CZE,1995,"Age population, age 04, male, interpolated",SP.POP.AG04.MA.IN,64895
Czech Republic,CZE,1994,"Age population, age 04, male, interpolated",SP.POP.AG04.MA.IN,67654
Czech Republic,CZE,1993,"Age population, age 04, male, interpolated",SP.POP.AG04.MA.IN,67031
Czech Republic,CZE,1992,"Age population, age 04, male, interpolated",SP.POP.AG04.MA.IN,64906
Czech Republic,CZE,1991,"Age population, age 04, male, interpolated",SP.POP.AG04.MA.IN,62827
Czech Republic,CZE,1990,"Age population, age 04, male, interpolated",SP.POP.AG04.MA.IN,61930
Czech Republic,CZE,1989,"Age population, age 04, male, interpolated",SP.POP.AG04.MA.IN,61586
Czech Republic,CZE,1988,"Age population, age 04, male, interpolated",SP.POP.AG04.MA.IN,65497
Czech Republic,CZE,1987,"Age population, age 04, male, interpolated",SP.POP.AG04.MA.IN,71703
Czech Republic,CZE,1986,"Age population, age 04, male, interpolated",SP.POP.AG04.MA.IN,78508
Czech Republic,CZE,1985,"Age population, age 04, male, interpolated",SP.POP.AG04.MA.IN,84550
Czech Republic,CZE,1984,"Age population, age 04, male, interpolated",SP.POP.AG04.MA.IN,88075
Czech Republic,CZE,1983,"Age population, age 04, male, interpolated",SP.POP.AG04.MA.IN,91022
Czech Republic,CZE,1982,"Age population, age 04, male, interpolated",SP.POP.AG04.MA.IN,93103
Czech Republic,CZE,1981,"Age population, age 04, male, interpolated",SP.POP.AG04.MA.IN,94131
Czech Republic,CZE,1980,"Age population, age 04, male, interpolated",SP.POP.AG04.MA.IN,94002
Czech Republic,CZE,1979,"Age population, age 04, male, interpolated",SP.POP.AG04.MA.IN,93979
Czech Republic,CZE,1978,"Age population, age 04, male, interpolated",SP.POP.AG04.MA.IN,90880
Czech Republic,CZE,1977,"Age population, age 04, male, interpolated",SP.POP.AG04.MA.IN,86129
Czech Republic,CZE,1976,"Age population, age 04, male, interpolated",SP.POP.AG04.MA.IN,80956
Czech Republic,CZE,1975,"Age population, age 04, male, interpolated",SP.POP.AG04.MA.IN,76300
Czech Republic,CZE,1974,"Age population, age 04, male, interpolated",SP.POP.AG04.MA.IN,72545
Czech Republic,CZE,1973,"Age population, age 04, male, interpolated",SP.POP.AG04.MA.IN,70566
Czech Republic,CZE,1972,"Age population, age 04, male, interpolated",SP.POP.AG04.MA.IN,69761
Czech Republic,CZE,1971,"Age population, age 04, male, interpolated",SP.POP.AG04.MA.IN,69611
Czech Republic,CZE,1970,"Age population, age 04, male, interpolated",SP.POP.AG04.MA.IN,69726
Czech Republic,CZE,1969,"Age population, age 04, male, interpolated",SP.POP.AG04.MA.IN,70631
Czech Republic,CZE,1968,"Age population, age 04, male, interpolated",SP.POP.AG04.MA.IN,70329
Czech Republic,CZE,1967,"Age population, age 04, male, interpolated",SP.POP.AG04.MA.IN,69559
Czech Republic,CZE,1966,"Age population, age 04, male, interpolated",SP.POP.AG04.MA.IN,68910
Czech Republic,CZE,1965,"Age population, age 04, male, interpolated",SP.POP.AG04.MA.IN,68810
Czech Republic,CZE,1964,"Age population, age 04, male, interpolated",SP.POP.AG04.MA.IN,69663
Czech Republic,CZE,1963,"Age population, age 04, male, interpolated",SP.POP.AG04.MA.IN,71672
Czech Republic,CZE,1962,"Age population, age 04, male, interpolated",SP.POP.AG04.MA.IN,74395
Czech Republic,CZE,1961,"Age population, age 04, male, interpolated",SP.POP.AG04.MA.IN,77461
Czech Republic,CZE,1960,"Age population, age 04, male, interpolated",SP.POP.AG04.MA.IN,80560
Czech Republic,CZE,2021,"Age population, age 05, female, interpolated",SP.POP.AG05.FE.IN,53109
Czech Republic,CZE,2020,"Age population, age 05, female, interpolated",SP.POP.AG05.FE.IN,52851
Czech Republic,CZE,2019,"Age population, age 05, female, interpolated",SP.POP.AG05.FE.IN,52919
Czech Republic,CZE,2018,"Age population, age 05, female, interpolated",SP.POP.AG05.FE.IN,54192
Czech Republic,CZE,2017,"Age population, age 05, female, interpolated",SP.POP.AG05.FE.IN,55836
Czech Republic,CZE,2016,"Age population, age 05, female, interpolated",SP.POP.AG05.FE.IN,57179
Czech Republic,CZE,2015,"Age population, age 05, female, interpolated",SP.POP.AG05.FE.IN,57742
Czech Republic,CZE,2014,"Age population, age 05, female, interpolated",SP.POP.AG05.FE.IN,57196
Czech Republic,CZE,2013,"Age population, age 05, female, interpolated",SP.POP.AG05.FE.IN,55927
Czech Republic,CZE,2012,"Age population, age 05, female, interpolated",SP.POP.AG05.FE.IN,54177
Czech Republic,CZE,2011,"Age population, age 05, female, interpolated",SP.POP.AG05.FE.IN,52163
Czech Republic,CZE,2010,"Age population, age 05, female, interpolated",SP.POP.AG05.FE.IN,50079
Czech Republic,CZE,2009,"Age population, age 05, female, interpolated",SP.POP.AG05.FE.IN,48222
Czech Republic,CZE,2008,"Age population, age 05, female, interpolated",SP.POP.AG05.FE.IN,45429
Czech Republic,CZE,2007,"Age population, age 05, female, interpolated",SP.POP.AG05.FE.IN,42671
Czech Republic,CZE,2006,"Age population, age 05, female, interpolated",SP.POP.AG05.FE.IN,40705
Czech Republic,CZE,2005,"Age population, age 05, female, interpolated",SP.POP.AG05.FE.IN,40029
Czech Republic,CZE,2004,"Age population, age 05, female, interpolated",SP.POP.AG05.FE.IN,40735
Czech Republic,CZE,2003,"Age population, age 05, female, interpolated",SP.POP.AG05.FE.IN,43422
Czech Republic,CZE,2002,"Age population, age 05, female, interpolated",SP.POP.AG05.FE.IN,47079
Czech Republic,CZE,2001,"Age population, age 05, female, interpolated",SP.POP.AG05.FE.IN,50861
Czech Republic,CZE,2000,"Age population, age 05, female, interpolated",SP.POP.AG05.FE.IN,54124
Czech Republic,CZE,1999,"Age population, age 05, female, interpolated",SP.POP.AG05.FE.IN,56308
Czech Republic,CZE,1998,"Age population, age 05, female, interpolated",SP.POP.AG05.FE.IN,58324
Czech Republic,CZE,1997,"Age population, age 05, female, interpolated",SP.POP.AG05.FE.IN,60036
Czech Republic,CZE,1996,"Age population, age 05, female, interpolated",SP.POP.AG05.FE.IN,61371
Czech Republic,CZE,1995,"Age population, age 05, female, interpolated",SP.POP.AG05.FE.IN,62316
Czech Republic,CZE,1994,"Age population, age 05, female, interpolated",SP.POP.AG05.FE.IN,63208
Czech Republic,CZE,1993,"Age population, age 05, female, interpolated",SP.POP.AG05.FE.IN,62102
Czech Republic,CZE,1992,"Age population, age 05, female, interpolated",SP.POP.AG05.FE.IN,60509
Czech Republic,CZE,1991,"Age population, age 05, female, interpolated",SP.POP.AG05.FE.IN,59619
Czech Republic,CZE,1990,"Age population, age 05, female, interpolated",SP.POP.AG05.FE.IN,60246
Czech Republic,CZE,1989,"Age population, age 05, female, interpolated",SP.POP.AG05.FE.IN,62559
Czech Republic,CZE,1988,"Age population, age 05, female, interpolated",SP.POP.AG05.FE.IN,67566
Czech Republic,CZE,1987,"Age population, age 05, female, interpolated",SP.POP.AG05.FE.IN,73665
Czech Republic,CZE,1986,"Age population, age 05, female, interpolated",SP.POP.AG05.FE.IN,79505
Czech Republic,CZE,1985,"Age population, age 05, female, interpolated",SP.POP.AG05.FE.IN,84061
Czech Republic,CZE,1984,"Age population, age 05, female, interpolated",SP.POP.AG05.FE.IN,86562
Czech Republic,CZE,1983,"Age population, age 05, female, interpolated",SP.POP.AG05.FE.IN,88378
Czech Republic,CZE,1982,"Age population, age 05, female, interpolated",SP.POP.AG05.FE.IN,89293
Czech Republic,CZE,1981,"Age population, age 05, female, interpolated",SP.POP.AG05.FE.IN,89186
Czech Republic,CZE,1980,"Age population, age 05, female, interpolated",SP.POP.AG05.FE.IN,88012
Czech Republic,CZE,1979,"Age population, age 05, female, interpolated",SP.POP.AG05.FE.IN,86157
Czech Republic,CZE,1978,"Age population, age 05, female, interpolated",SP.POP.AG05.FE.IN,82330
Czech Republic,CZE,1977,"Age population, age 05, female, interpolated",SP.POP.AG05.FE.IN,77698
Czech Republic,CZE,1976,"Age population, age 05, female, interpolated",SP.POP.AG05.FE.IN,73238
Czech Republic,CZE,1975,"Age population, age 05, female, interpolated",SP.POP.AG05.FE.IN,69648
Czech Republic,CZE,1974,"Age population, age 05, female, interpolated",SP.POP.AG05.FE.IN,67342
Czech Republic,CZE,1973,"Age population, age 05, female, interpolated",SP.POP.AG05.FE.IN,66322
Czech Republic,CZE,1972,"Age population, age 05, female, interpolated",SP.POP.AG05.FE.IN,66079
Czech Republic,CZE,1971,"Age population, age 05, female, interpolated",SP.POP.AG05.FE.IN,66175
Czech Republic,CZE,1970,"Age population, age 05, female, interpolated",SP.POP.AG05.FE.IN,66304
Czech Republic,CZE,1969,"Age population, age 05, female, interpolated",SP.POP.AG05.FE.IN,66618
Czech Republic,CZE,1968,"Age population, age 05, female, interpolated",SP.POP.AG05.FE.IN,66230
Czech Republic,CZE,1967,"Age population, age 05, female, interpolated",SP.POP.AG05.FE.IN,65771
Czech Republic,CZE,1966,"Age population, age 05, female, interpolated",SP.POP.AG05.FE.IN,65733
Czech Republic,CZE,1965,"Age population, age 05, female, interpolated",SP.POP.AG05.FE.IN,66439
Czech Republic,CZE,1964,"Age population, age 05, female, interpolated",SP.POP.AG05.FE.IN,68129
Czech Republic,CZE,1963,"Age population, age 05, female, interpolated",SP.POP.AG05.FE.IN,70631
Czech Republic,CZE,1962,"Age population, age 05, female, interpolated",SP.POP.AG05.FE.IN,73558
Czech Republic,CZE,1961,"Age population, age 05, female, interpolated",SP.POP.AG05.FE.IN,76583
Czech Republic,CZE,1960,"Age population, age 05, female, interpolated",SP.POP.AG05.FE.IN,79436
Czech Republic,CZE,2021,"Age population, age 05, male, interpolated",SP.POP.AG05.MA.IN,56141
Czech Republic,CZE,2020,"Age population, age 05, male, interpolated",SP.POP.AG05.MA.IN,55871
Czech Republic,CZE,2019,"Age population, age 05, male, interpolated",SP.POP.AG05.MA.IN,55934
Czech Republic,CZE,2018,"Age population, age 05, male, interpolated",SP.POP.AG05.MA.IN,57252
Czech Republic,CZE,2017,"Age population, age 05, male, interpolated",SP.POP.AG05.MA.IN,58954
Czech Republic,CZE,2016,"Age population, age 05, male, interpolated",SP.POP.AG05.MA.IN,60342
Czech Republic,CZE,2015,"Age population, age 05, male, interpolated",SP.POP.AG05.MA.IN,60918
Czech Republic,CZE,2014,"Age population, age 05, male, interpolated",SP.POP.AG05.MA.IN,60339
Czech Republic,CZE,2013,"Age population, age 05, male, interpolated",SP.POP.AG05.MA.IN,59000
Czech Republic,CZE,2012,"Age population, age 05, male, interpolated",SP.POP.AG05.MA.IN,57150
Czech Republic,CZE,2011,"Age population, age 05, male, interpolated",SP.POP.AG05.MA.IN,55004
Czech Republic,CZE,2010,"Age population, age 05, male, interpolated",SP.POP.AG05.MA.IN,52760
Czech Republic,CZE,2009,"Age population, age 05, male, interpolated",SP.POP.AG05.MA.IN,50868
Czech Republic,CZE,2008,"Age population, age 05, male, interpolated",SP.POP.AG05.MA.IN,47951
Czech Republic,CZE,2007,"Age population, age 05, male, interpolated",SP.POP.AG05.MA.IN,45050
Czech Republic,CZE,2006,"Age population, age 05, male, interpolated",SP.POP.AG05.MA.IN,42988
Czech Republic,CZE,2005,"Age population, age 05, male, interpolated",SP.POP.AG05.MA.IN,42311
Czech Republic,CZE,2004,"Age population, age 05, male, interpolated",SP.POP.AG05.MA.IN,43011
Czech Republic,CZE,2003,"Age population, age 05, male, interpolated",SP.POP.AG05.MA.IN,45823
Czech Republic,CZE,2002,"Age population, age 05, male, interpolated",SP.POP.AG05.MA.IN,49681
Czech Republic,CZE,2001,"Age population, age 05, male, interpolated",SP.POP.AG05.MA.IN,53676
Czech Republic,CZE,2000,"Age population, age 05, male, interpolated",SP.POP.AG05.MA.IN,57113
Czech Republic,CZE,1999,"Age population, age 05, male, interpolated",SP.POP.AG05.MA.IN,59417
Czech Republic,CZE,1998,"Age population, age 05, male, interpolated",SP.POP.AG05.MA.IN,61536
Czech Republic,CZE,1997,"Age population, age 05, male, interpolated",SP.POP.AG05.MA.IN,63329
Czech Republic,CZE,1996,"Age population, age 05, male, interpolated",SP.POP.AG05.MA.IN,64726
Czech Republic,CZE,1995,"Age population, age 05, male, interpolated",SP.POP.AG05.MA.IN,65718
Czech Republic,CZE,1994,"Age population, age 05, male, interpolated",SP.POP.AG05.MA.IN,66637
Czech Republic,CZE,1993,"Age population, age 05, male, interpolated",SP.POP.AG05.MA.IN,65451
Czech Republic,CZE,1992,"Age population, age 05, male, interpolated",SP.POP.AG05.MA.IN,63752
Czech Republic,CZE,1991,"Age population, age 05, male, interpolated",SP.POP.AG05.MA.IN,62801
Czech Republic,CZE,1990,"Age population, age 05, male, interpolated",SP.POP.AG05.MA.IN,63460
Czech Republic,CZE,1989,"Age population, age 05, male, interpolated",SP.POP.AG05.MA.IN,65850
Czech Republic,CZE,1988,"Age population, age 05, male, interpolated",SP.POP.AG05.MA.IN,71098
Czech Republic,CZE,1987,"Age population, age 05, male, interpolated",SP.POP.AG05.MA.IN,77512
Czech Republic,CZE,1986,"Age population, age 05, male, interpolated",SP.POP.AG05.MA.IN,83651
Czech Republic,CZE,1985,"Age population, age 05, male, interpolated",SP.POP.AG05.MA.IN,88414
Czech Republic,CZE,1984,"Age population, age 05, male, interpolated",SP.POP.AG05.MA.IN,91039
Czech Republic,CZE,1983,"Age population, age 05, male, interpolated",SP.POP.AG05.MA.IN,92931
Czech Republic,CZE,1982,"Age population, age 05, male, interpolated",SP.POP.AG05.MA.IN,93871
Czech Republic,CZE,1981,"Age population, age 05, male, interpolated",SP.POP.AG05.MA.IN,93740
Czech Republic,CZE,1980,"Age population, age 05, male, interpolated",SP.POP.AG05.MA.IN,92499
Czech Republic,CZE,1979,"Age population, age 05, male, interpolated",SP.POP.AG05.MA.IN,90532
Czech Republic,CZE,1978,"Age population, age 05, male, interpolated",SP.POP.AG05.MA.IN,86490
Czech Republic,CZE,1977,"Age population, age 05, male, interpolated",SP.POP.AG05.MA.IN,81603
Czech Republic,CZE,1976,"Age population, age 05, male, interpolated",SP.POP.AG05.MA.IN,76903
Czech Republic,CZE,1975,"Age population, age 05, male, interpolated",SP.POP.AG05.MA.IN,73131
Czech Republic,CZE,1974,"Age population, age 05, male, interpolated",SP.POP.AG05.MA.IN,70672
Czech Republic,CZE,1973,"Age population, age 05, male, interpolated",SP.POP.AG05.MA.IN,69558
Czech Republic,CZE,1972,"Age population, age 05, male, interpolated",SP.POP.AG05.MA.IN,69272
Czech Republic,CZE,1971,"Age population, age 05, male, interpolated",SP.POP.AG05.MA.IN,69379
Czech Republic,CZE,1970,"Age population, age 05, male, interpolated",SP.POP.AG05.MA.IN,69571
Czech Republic,CZE,1969,"Age population, age 05, male, interpolated",SP.POP.AG05.MA.IN,69901
Czech Republic,CZE,1968,"Age population, age 05, male, interpolated",SP.POP.AG05.MA.IN,69549
Czech Republic,CZE,1967,"Age population, age 05, male, interpolated",SP.POP.AG05.MA.IN,69135
Czech Republic,CZE,1966,"Age population, age 05, male, interpolated",SP.POP.AG05.MA.IN,69129
Czech Republic,CZE,1965,"Age population, age 05, male, interpolated",SP.POP.AG05.MA.IN,69836
Czech Republic,CZE,1964,"Age population, age 05, male, interpolated",SP.POP.AG05.MA.IN,71667
Czech Republic,CZE,1963,"Age population, age 05, male, interpolated",SP.POP.AG05.MA.IN,74286
Czech Republic,CZE,1962,"Age population, age 05, male, interpolated",SP.POP.AG05.MA.IN,77301
Czech Republic,CZE,1961,"Age population, age 05, male, interpolated",SP.POP.AG05.MA.IN,80396
Czech Republic,CZE,1960,"Age population, age 05, male, interpolated",SP.POP.AG05.MA.IN,83314
Czech Republic,CZE,2016,"Own-account workers, female (% of female employment) (modeled ILO estimate)",SL.EMP.OWAC.FE.ZS,10.6789999008179
Czech Republic,CZE,2015,"Own-account workers, female (% of female employment) (modeled ILO estimate)",SL.EMP.OWAC.FE.ZS,9.875
Czech Republic,CZE,2014,"Own-account workers, female (% of female employment) (modeled ILO estimate)",SL.EMP.OWAC.FE.ZS,10.1300001144409
Czech Republic,CZE,2013,"Own-account workers, female (% of female employment) (modeled ILO estimate)",SL.EMP.OWAC.FE.ZS,10.0380001068115
Czech Republic,CZE,2012,"Own-account workers, female (% of female employment) (modeled ILO estimate)",SL.EMP.OWAC.FE.ZS,10.6529998779297
Czech Republic,CZE,2011,"Own-account workers, female (% of female employment) (modeled ILO estimate)",SL.EMP.OWAC.FE.ZS,10.0970001220703
Czech Republic,CZE,2010,"Own-account workers, female (% of female employment) (modeled ILO estimate)",SL.EMP.OWAC.FE.ZS,9.32699966430664
Czech Republic,CZE,2009,"Own-account workers, female (% of female employment) (modeled ILO estimate)",SL.EMP.OWAC.FE.ZS,8.45600032806396
Czech Republic,CZE,2008,"Own-account workers, female (% of female employment) (modeled ILO estimate)",SL.EMP.OWAC.FE.ZS,7.71199989318848
Czech Republic,CZE,2007,"Own-account workers, female (% of female employment) (modeled ILO estimate)",SL.EMP.OWAC.FE.ZS,7.63000011444092
Czech Republic,CZE,2006,"Own-account workers, female (% of female employment) (modeled ILO estimate)",SL.EMP.OWAC.FE.ZS,7.38700008392334
Czech Republic,CZE,2005,"Own-account workers, female (% of female employment) (modeled ILO estimate)",SL.EMP.OWAC.FE.ZS,7.17000007629395
Czech Republic,CZE,2004,"Own-account workers, female (% of female employment) (modeled ILO estimate)",SL.EMP.OWAC.FE.ZS,7.88100004196167
Czech Republic,CZE,2003,"Own-account workers, female (% of female employment) (modeled ILO estimate)",SL.EMP.OWAC.FE.ZS,8.32800006866455
Czech Republic,CZE,2002,"Own-account workers, female (% of female employment) (modeled ILO estimate)",SL.EMP.OWAC.FE.ZS,7.19000005722046
Czech Republic,CZE,2001,"Own-account workers, female (% of female employment) (modeled ILO estimate)",SL.EMP.OWAC.FE.ZS,7.06300020217896
Czech Republic,CZE,2000,"Own-account workers, female (% of female employment) (modeled ILO estimate)",SL.EMP.OWAC.FE.ZS,6.76999998092651
Czech Republic,CZE,1999,"Own-account workers, female (% of female employment) (modeled ILO estimate)",SL.EMP.OWAC.FE.ZS,6.58199977874756
Czech Republic,CZE,1998,"Own-account workers, female (% of female employment) (modeled ILO estimate)",SL.EMP.OWAC.FE.ZS,5.97900009155273
Czech Republic,CZE,1997,"Own-account workers, female (% of female employment) (modeled ILO estimate)",SL.EMP.OWAC.FE.ZS,5.17999982833862
Czech Republic,CZE,1996,"Own-account workers, female (% of female employment) (modeled ILO estimate)",SL.EMP.OWAC.FE.ZS,7.02299976348877
Czech Republic,CZE,1995,"Own-account workers, female (% of female employment) (modeled ILO estimate)",SL.EMP.OWAC.FE.ZS,7.11600017547607
Czech Republic,CZE,1994,"Own-account workers, female (% of female employment) (modeled ILO estimate)",SL.EMP.OWAC.FE.ZS,6.11600017547607
Czech Republic,CZE,1993,"Own-account workers, female (% of female employment) (modeled ILO estimate)",SL.EMP.OWAC.FE.ZS,5.79500007629395
Czech Republic,CZE,1992,"Own-account workers, female (% of female employment) (modeled ILO estimate)",SL.EMP.OWAC.FE.ZS,5.34499979019165
Czech Republic,CZE,1991,"Own-account workers, female (% of female employment) (modeled ILO estimate)",SL.EMP.OWAC.FE.ZS,4.64400005340576
Czech Republic,CZE,2016,"Own-account workers, male (% of male employment) (modeled ILO estimate)",SL.EMP.OWAC.MA.ZS,15.7150001525879
Czech Republic,CZE,2015,"Own-account workers, male (% of male employment) (modeled ILO estimate)",SL.EMP.OWAC.MA.ZS,15.8149995803833
Czech Republic,CZE,2014,"Own-account workers, male (% of male employment) (modeled ILO estimate)",SL.EMP.OWAC.MA.ZS,16.8700008392334
Czech Republic,CZE,2013,"Own-account workers, male (% of male employment) (modeled ILO estimate)",SL.EMP.OWAC.MA.ZS,16.257999420166
Czech Republic,CZE,2012,"Own-account workers, male (% of male employment) (modeled ILO estimate)",SL.EMP.OWAC.MA.ZS,17.3479995727539
Czech Republic,CZE,2011,"Own-account workers, male (% of male employment) (modeled ILO estimate)",SL.EMP.OWAC.MA.ZS,16.7950000762939
Czech Republic,CZE,2010,"Own-account workers, male (% of male employment) (modeled ILO estimate)",SL.EMP.OWAC.MA.ZS,16.5790004730225
Czech Republic,CZE,2009,"Own-account workers, male (% of male employment) (modeled ILO estimate)",SL.EMP.OWAC.MA.ZS,15.4409999847412
Czech Republic,CZE,2008,"Own-account workers, male (% of male employment) (modeled ILO estimate)",SL.EMP.OWAC.MA.ZS,15.0749998092651
Czech Republic,CZE,2007,"Own-account workers, male (% of male employment) (modeled ILO estimate)",SL.EMP.OWAC.MA.ZS,15.0100002288818
Czech Republic,CZE,2006,"Own-account workers, male (% of male employment) (modeled ILO estimate)",SL.EMP.OWAC.MA.ZS,14.4809999465942
Czech Republic,CZE,2005,"Own-account workers, male (% of male employment) (modeled ILO estimate)",SL.EMP.OWAC.MA.ZS,14.9230003356934
Czech Republic,CZE,2004,"Own-account workers, male (% of male employment) (modeled ILO estimate)",SL.EMP.OWAC.MA.ZS,15.6540002822876
Czech Republic,CZE,2003,"Own-account workers, male (% of male employment) (modeled ILO estimate)",SL.EMP.OWAC.MA.ZS,15.668999671936
Czech Republic,CZE,2002,"Own-account workers, male (% of male employment) (modeled ILO estimate)",SL.EMP.OWAC.MA.ZS,14.3999996185303
Czech Republic,CZE,2001,"Own-account workers, male (% of male employment) (modeled ILO estimate)",SL.EMP.OWAC.MA.ZS,13.1949996948242
Czech Republic,CZE,2000,"Own-account workers, male (% of male employment) (modeled ILO estimate)",SL.EMP.OWAC.MA.ZS,13.0319995880127
Czech Republic,CZE,1999,"Own-account workers, male (% of male employment) (modeled ILO estimate)",SL.EMP.OWAC.MA.ZS,12.2550001144409
Czech Republic,CZE,1998,"Own-account workers, male (% of male employment) (modeled ILO estimate)",SL.EMP.OWAC.MA.ZS,11.1330003738403
Czech Republic,CZE,1997,"Own-account workers, male (% of male employment) (modeled ILO estimate)",SL.EMP.OWAC.MA.ZS,9.78899955749512
Czech Republic,CZE,1996,"Own-account workers, male (% of male employment) (modeled ILO estimate)",SL.EMP.OWAC.MA.ZS,14.6759996414185
Czech Republic,CZE,1995,"Own-account workers, male (% of male employment) (modeled ILO estimate)",SL.EMP.OWAC.MA.ZS,14.2559995651245
Czech Republic,CZE,1994,"Own-account workers, male (% of male employment) (modeled ILO estimate)",SL.EMP.OWAC.MA.ZS,13.0579996109009
Czech Republic,CZE,1993,"Own-account workers, male (% of male employment) (modeled ILO estimate)",SL.EMP.OWAC.MA.ZS,11.6459999084473
Czech Republic,CZE,1992,"Own-account workers, male (% of male employment) (modeled ILO estimate)",SL.EMP.OWAC.MA.ZS,10.2799997329712
Czech Republic,CZE,1991,"Own-account workers, male (% of male employment) (modeled ILO estimate)",SL.EMP.OWAC.MA.ZS,8.24499988555908
