Country Name,Country ISO3,Year,Indicator Name,Indicator Code,Value
#country+name,#country+code,#date+year,#indicator+name,#indicator+code,#indicator+value+num
Puerto Rico,PRI,2021,"Literacy rate, youth female (% of females ages 15-24)",SE.ADT.1524.LT.FE.ZS,92.4000015258789
Puerto Rico,PRI,2017,"Literacy rate, youth female (% of females ages 15-24)",SE.ADT.1524.LT.FE.ZS,92
Puerto Rico,PRI,2010,"Literacy rate, youth female (% of females ages 15-24)",SE.ADT.1524.LT.FE.ZS,99
Puerto Rico,PRI,1990,"Literacy rate, youth female (% of females ages 15-24)",SE.ADT.1524.LT.FE.ZS,94
Puerto Rico,PRI,1980,"Literacy rate, youth female (% of females ages 15-24)",SE.ADT.1524.LT.FE.ZS,94
Puerto Rico,PRI,2021,"Literacy rate, youth (ages 15-24), gender parity index (GPI)",SE.ADT.1524.LT.FM.ZS,1
Puerto Rico,PRI,2017,"Literacy rate, youth (ages 15-24), gender parity index (GPI)",SE.ADT.1524.LT.FM.ZS,1
Puerto Rico,PRI,2010,"Literacy rate, youth (ages 15-24), gender parity index (GPI)",SE.ADT.1524.LT.FM.ZS,1
Puerto Rico,PRI,1990,"Literacy rate, youth (ages 15-24), gender parity index (GPI)",SE.ADT.1524.LT.FM.ZS,1
Puerto Rico,PRI,1980,"Literacy rate, youth (ages 15-24), gender parity index (GPI)",SE.ADT.1524.LT.FM.ZS,1
Puerto Rico,PRI,2021,"Literacy rate, youth male (% of males ages 15-24)",SE.ADT.1524.LT.MA.ZS,92.4000015258789
Puerto Rico,PRI,2017,"Literacy rate, youth male (% of males ages 15-24)",SE.ADT.1524.LT.MA.ZS,92
Puerto Rico,PRI,2010,"Literacy rate, youth male (% of males ages 15-24)",SE.ADT.1524.LT.MA.ZS,99
Puerto Rico,PRI,1990,"Literacy rate, youth male (% of males ages 15-24)",SE.ADT.1524.LT.MA.ZS,92
Puerto Rico,PRI,1980,"Literacy rate, youth male (% of males ages 15-24)",SE.ADT.1524.LT.MA.ZS,93
Puerto Rico,PRI,2021,"Literacy rate, adult female (% of females ages 15 and above)",SE.ADT.LITR.FE.ZS,92.4000015258789
Puerto Rico,PRI,2017,"Literacy rate, adult female (% of females ages 15 and above)",SE.ADT.LITR.FE.ZS,92
Puerto Rico,PRI,2010,"Literacy rate, adult female (% of females ages 15 and above)",SE.ADT.LITR.FE.ZS,93
Puerto Rico,PRI,1990,"Literacy rate, adult female (% of females ages 15 and above)",SE.ADT.LITR.FE.ZS,90
Puerto Rico,PRI,1980,"Literacy rate, adult female (% of females ages 15 and above)",SE.ADT.LITR.FE.ZS,86
Puerto Rico,PRI,2021,"Literacy rate, adult male (% of males ages 15 and above)",SE.ADT.LITR.MA.ZS,92.4000015258789
Puerto Rico,PRI,2017,"Literacy rate, adult male (% of males ages 15 and above)",SE.ADT.LITR.MA.ZS,92
Puerto Rico,PRI,2010,"Literacy rate, adult male (% of males ages 15 and above)",SE.ADT.LITR.MA.ZS,91
Puerto Rico,PRI,1990,"Literacy rate, adult male (% of males ages 15 and above)",SE.ADT.LITR.MA.ZS,90
Puerto Rico,PRI,1980,"Literacy rate, adult male (% of males ages 15 and above)",SE.ADT.LITR.MA.ZS,88
Puerto Rico,PRI,2013,"School enrollment, primary (gross), gender parity index (GPI)",SE.ENR.PRIM.FM.ZS,1.01589000225067
Puerto Rico,PRI,2012,"School enrollment, primary (gross), gender parity index (GPI)",SE.ENR.PRIM.FM.ZS,1.04709994792938
Puerto Rico,PRI,2011,"School enrollment, primary (gross), gender parity index (GPI)",SE.ENR.PRIM.FM.ZS,1.04091000556946
Puerto Rico,PRI,2010,"School enrollment, primary (gross), gender parity index (GPI)",SE.ENR.PRIM.FM.ZS,1.03733003139496
Puerto Rico,PRI,2009,"School enrollment, primary (gross), gender parity index (GPI)",SE.ENR.PRIM.FM.ZS,1.03770005702972
Puerto Rico,PRI,2013,"School enrollment, primary and secondary (gross), gender parity index (GPI)",SE.ENR.PRSC.FM.ZS,1.04548001289368
Puerto Rico,PRI,2012,"School enrollment, primary and secondary (gross), gender parity index (GPI)",SE.ENR.PRSC.FM.ZS,1.06450998783112
Puerto Rico,PRI,2011,"School enrollment, primary and secondary (gross), gender parity index (GPI)",SE.ENR.PRSC.FM.ZS,1.03898000717163
Puerto Rico,PRI,2010,"School enrollment, primary and secondary (gross), gender parity index (GPI)",SE.ENR.PRSC.FM.ZS,1.04507994651794
Puerto Rico,PRI,2009,"School enrollment, primary and secondary (gross), gender parity index (GPI)",SE.ENR.PRSC.FM.ZS,1.03162002563477
Puerto Rico,PRI,2013,"School enrollment, secondary (gross), gender parity index (GPI)",SE.ENR.SECO.FM.ZS,1.07527995109558
Puerto Rico,PRI,2012,"School enrollment, secondary (gross), gender parity index (GPI)",SE.ENR.SECO.FM.ZS,1.08303999900818
Puerto Rico,PRI,2011,"School enrollment, secondary (gross), gender parity index (GPI)",SE.ENR.SECO.FM.ZS,1.03910005092621
Puerto Rico,PRI,2010,"School enrollment, secondary (gross), gender parity index (GPI)",SE.ENR.SECO.FM.ZS,1.05641996860504
Puerto Rico,PRI,2009,"School enrollment, secondary (gross), gender parity index (GPI)",SE.ENR.SECO.FM.ZS,1.02795994281769
Puerto Rico,PRI,2023,"School enrollment, tertiary (gross), gender parity index (GPI)",SE.ENR.TERT.FM.ZS,1.36351001262665
Puerto Rico,PRI,2018,"School enrollment, tertiary (gross), gender parity index (GPI)",SE.ENR.TERT.FM.ZS,1.26999998092651
Puerto Rico,PRI,2016,"School enrollment, tertiary (gross), gender parity index (GPI)",SE.ENR.TERT.FM.ZS,1.26450002193451
Puerto Rico,PRI,2015,"School enrollment, tertiary (gross), gender parity index (GPI)",SE.ENR.TERT.FM.ZS,1.27549004554749
Puerto Rico,PRI,2014,"School enrollment, tertiary (gross), gender parity index (GPI)",SE.ENR.TERT.FM.ZS,1.28714001178741
Puerto Rico,PRI,2013,"School enrollment, tertiary (gross), gender parity index (GPI)",SE.ENR.TERT.FM.ZS,1.30007994174957
Puerto Rico,PRI,2012,"School enrollment, tertiary (gross), gender parity index (GPI)",SE.ENR.TERT.FM.ZS,1.30434000492096
Puerto Rico,PRI,2011,"School enrollment, tertiary (gross), gender parity index (GPI)",SE.ENR.TERT.FM.ZS,1.31152999401093
Puerto Rico,PRI,2010,"School enrollment, tertiary (gross), gender parity index (GPI)",SE.ENR.TERT.FM.ZS,1.32163000106812
Puerto Rico,PRI,2009,"School enrollment, tertiary (gross), gender parity index (GPI)",SE.ENR.TERT.FM.ZS,1.35258996486664
Puerto Rico,PRI,2008,"School enrollment, tertiary (gross), gender parity index (GPI)",SE.ENR.TERT.FM.ZS,1.35198998451233
Puerto Rico,PRI,2007,"School enrollment, tertiary (gross), gender parity index (GPI)",SE.ENR.TERT.FM.ZS,1.37222003936768
Puerto Rico,PRI,2016,"School enrollment, preprimary, female (% gross)",SE.PRE.ENRR.FE,37.789421081543
Puerto Rico,PRI,2015,"School enrollment, preprimary, female (% gross)",SE.PRE.ENRR.FE,37.8975486755371
Puerto Rico,PRI,2014,"School enrollment, preprimary, female (% gross)",SE.PRE.ENRR.FE,38.30712890625
Puerto Rico,PRI,2013,"School enrollment, preprimary, female (% gross)",SE.PRE.ENRR.FE,55.3596000671387
Puerto Rico,PRI,2012,"School enrollment, preprimary, female (% gross)",SE.PRE.ENRR.FE,101.40306854248
Puerto Rico,PRI,2011,"School enrollment, preprimary, female (% gross)",SE.PRE.ENRR.FE,110.417640686035
Puerto Rico,PRI,2010,"School enrollment, preprimary, female (% gross)",SE.PRE.ENRR.FE,100.657501220703
Puerto Rico,PRI,2016,"School enrollment, preprimary, male (% gross)",SE.PRE.ENRR.MA,37.2881088256836
Puerto Rico,PRI,2015,"School enrollment, preprimary, male (% gross)",SE.PRE.ENRR.MA,37.3681793212891
Puerto Rico,PRI,2014,"School enrollment, preprimary, male (% gross)",SE.PRE.ENRR.MA,37.28173828125
Puerto Rico,PRI,2013,"School enrollment, preprimary, male (% gross)",SE.PRE.ENRR.MA,54.38330078125
Puerto Rico,PRI,2012,"School enrollment, preprimary, male (% gross)",SE.PRE.ENRR.MA,97.808349609375
Puerto Rico,PRI,2011,"School enrollment, preprimary, male (% gross)",SE.PRE.ENRR.MA,106.837539672852
Puerto Rico,PRI,2010,"School enrollment, preprimary, male (% gross)",SE.PRE.ENRR.MA,97.6859283447266
Puerto Rico,PRI,2023,"Primary completion rate, female (% of relevant age group)",SE.PRM.CMPT.FE.ZS,64.5083465576172
Puerto Rico,PRI,2018,"Primary completion rate, female (% of relevant age group)",SE.PRM.CMPT.FE.ZS,88.1743011474609
Puerto Rico,PRI,2015,"Primary completion rate, female (% of relevant age group)",SE.PRM.CMPT.FE.ZS,91.9832305908203
Puerto Rico,PRI,2023,"Primary completion rate, male (% of relevant age group)",SE.PRM.CMPT.MA.ZS,73.5708694458008
Puerto Rico,PRI,2018,"Primary completion rate, male (% of relevant age group)",SE.PRM.CMPT.MA.ZS,83.478401184082
Puerto Rico,PRI,2015,"Primary completion rate, male (% of relevant age group)",SE.PRM.CMPT.MA.ZS,89.292839050293
Puerto Rico,PRI,2017,"Educational attainment, at least completed primary, population 25+ years, female (%) (cumulative)",SE.PRM.CUAT.FE.ZS,91.5800018310547
Puerto Rico,PRI,2012,"Educational attainment, at least completed primary, population 25+ years, female (%) (cumulative)",SE.PRM.CUAT.FE.ZS,89.0500030517578
Puerto Rico,PRI,2000,"Educational attainment, at least completed primary, population 25+ years, female (%) (cumulative)",SE.PRM.CUAT.FE.ZS,88.6699981689453
Puerto Rico,PRI,1980,"Educational attainment, at least completed primary, population 25+ years, female (%) (cumulative)",SE.PRM.CUAT.FE.ZS,73.0999984741211
Puerto Rico,PRI,1970,"Educational attainment, at least completed primary, population 25+ years, female (%) (cumulative)",SE.PRM.CUAT.FE.ZS,60.2700004577637
Puerto Rico,PRI,2017,"Educational attainment, at least completed primary, population 25+ years, male (%) (cumulative)",SE.PRM.CUAT.MA.ZS,91.1500015258789
Puerto Rico,PRI,2012,"Educational attainment, at least completed primary, population 25+ years, male (%) (cumulative)",SE.PRM.CUAT.MA.ZS,88.5999984741211
Puerto Rico,PRI,2000,"Educational attainment, at least completed primary, population 25+ years, male (%) (cumulative)",SE.PRM.CUAT.MA.ZS,89.4599990844727
Puerto Rico,PRI,1980,"Educational attainment, at least completed primary, population 25+ years, male (%) (cumulative)",SE.PRM.CUAT.MA.ZS,75.4400024414062
Puerto Rico,PRI,1970,"Educational attainment, at least completed primary, population 25+ years, male (%) (cumulative)",SE.PRM.CUAT.MA.ZS,64.370002746582
Puerto Rico,PRI,2017,"Educational attainment, at least completed primary, population 25+ years, total (%) (cumulative)",SE.PRM.CUAT.ZS,91.3899993896484
Puerto Rico,PRI,2012,"Educational attainment, at least completed primary, population 25+ years, total (%) (cumulative)",SE.PRM.CUAT.ZS,88.8399963378906
Puerto Rico,PRI,2000,"Educational attainment, at least completed primary, population 25+ years, total (%) (cumulative)",SE.PRM.CUAT.ZS,89.0299987792969
Puerto Rico,PRI,1980,"Educational attainment, at least completed primary, population 25+ years, total (%) (cumulative)",SE.PRM.CUAT.ZS,74.1999969482422
Puerto Rico,PRI,1970,"Educational attainment, at least completed primary, population 25+ years, total (%) (cumulative)",SE.PRM.CUAT.ZS,62.2400016784668
Puerto Rico,PRI,2016,"Primary education, pupils (% female)",SE.PRM.ENRL.FE.ZS,48.33222
Puerto Rico,PRI,2015,"Primary education, pupils (% female)",SE.PRM.ENRL.FE.ZS,48.26821
Puerto Rico,PRI,2014,"Primary education, pupils (% female)",SE.PRM.ENRL.FE.ZS,48.1804
Puerto Rico,PRI,2013,"Primary education, pupils (% female)",SE.PRM.ENRL.FE.ZS,48.32255
Puerto Rico,PRI,2012,"Primary education, pupils (% female)",SE.PRM.ENRL.FE.ZS,48.98048
Puerto Rico,PRI,2011,"Primary education, pupils (% female)",SE.PRM.ENRL.FE.ZS,48.79449
Puerto Rico,PRI,2010,"Primary education, pupils (% female)",SE.PRM.ENRL.FE.ZS,48.78097
Puerto Rico,PRI,2009,"Primary education, pupils (% female)",SE.PRM.ENRL.FE.ZS,48.93116
Puerto Rico,PRI,2023,"School enrollment, primary, female (% gross)",SE.PRM.ENRR.FE,83.1577911376953
Puerto Rico,PRI,2018,"School enrollment, primary, female (% gross)",SE.PRM.ENRR.FE,99.4556427001953
Puerto Rico,PRI,2016,"School enrollment, primary, female (% gross)",SE.PRM.ENRR.FE,97.0285873413086
Puerto Rico,PRI,2015,"School enrollment, primary, female (% gross)",SE.PRM.ENRR.FE,102.171836853027
Puerto Rico,PRI,2014,"School enrollment, primary, female (% gross)",SE.PRM.ENRR.FE,100.297431945801
Puerto Rico,PRI,2013,"School enrollment, primary, female (% gross)",SE.PRM.ENRR.FE,97.8591918945312
Puerto Rico,PRI,2012,"School enrollment, primary, female (% gross)",SE.PRM.ENRR.FE,96.6654205322266
Puerto Rico,PRI,2011,"School enrollment, primary, female (% gross)",SE.PRM.ENRR.FE,92.9121170043945
Puerto Rico,PRI,2010,"School enrollment, primary, female (% gross)",SE.PRM.ENRR.FE,99.2445602416992
Puerto Rico,PRI,2009,"School enrollment, primary, female (% gross)",SE.PRM.ENRR.FE,97.1381683349609
Puerto Rico,PRI,2023,"School enrollment, primary, male (% gross)",SE.PRM.ENRR.MA,83.0203094482422
Puerto Rico,PRI,2018,"School enrollment, primary, male (% gross)",SE.PRM.ENRR.MA,101.364303588867
Puerto Rico,PRI,2016,"School enrollment, primary, male (% gross)",SE.PRM.ENRR.MA,99.0789031982422
Puerto Rico,PRI,2015,"School enrollment, primary, male (% gross)",SE.PRM.ENRR.MA,104.271270751953
Puerto Rico,PRI,2014,"School enrollment, primary, male (% gross)",SE.PRM.ENRR.MA,102.471076965332
Puerto Rico,PRI,2013,"School enrollment, primary, male (% gross)",SE.PRM.ENRR.MA,99.28173828125
Puerto Rico,PRI,2012,"School enrollment, primary, male (% gross)",SE.PRM.ENRR.MA,95.4739990234375
Puerto Rico,PRI,2011,"School enrollment, primary, male (% gross)",SE.PRM.ENRR.MA,92.4969482421875
Puerto Rico,PRI,2010,"School enrollment, primary, male (% gross)",SE.PRM.ENRR.MA,98.9717788696289
Puerto Rico,PRI,2009,"School enrollment, primary, male (% gross)",SE.PRM.ENRR.MA,96.3937225341797
Puerto Rico,PRI,2015,"Gross intake ratio in first grade of primary education, female (% of relevant age group)",SE.PRM.GINT.FE.ZS,89.19079
Puerto Rico,PRI,2014,"Gross intake ratio in first grade of primary education, female (% of relevant age group)",SE.PRM.GINT.FE.ZS,94.07845
Puerto Rico,PRI,2013,"Gross intake ratio in first grade of primary education, female (% of relevant age group)",SE.PRM.GINT.FE.ZS,94.51309
Puerto Rico,PRI,2015,"Gross intake ratio in first grade of primary education, male (% of relevant age group)",SE.PRM.GINT.MA.ZS,90.78719
Puerto Rico,PRI,2014,"Gross intake ratio in first grade of primary education, male (% of relevant age group)",SE.PRM.GINT.MA.ZS,94.80832
Puerto Rico,PRI,2013,"Gross intake ratio in first grade of primary education, male (% of relevant age group)",SE.PRM.GINT.MA.ZS,94.27992
Puerto Rico,PRI,2016,"School enrollment, primary, female (% net)",SE.PRM.NENR.FE,76.84272
Puerto Rico,PRI,2015,"School enrollment, primary, female (% net)",SE.PRM.NENR.FE,81.99353
Puerto Rico,PRI,2014,"School enrollment, primary, female (% net)",SE.PRM.NENR.FE,84.23228
Puerto Rico,PRI,2013,"School enrollment, primary, female (% net)",SE.PRM.NENR.FE,84.37307
Puerto Rico,PRI,2012,"School enrollment, primary, female (% net)",SE.PRM.NENR.FE,85.71094
Puerto Rico,PRI,2011,"School enrollment, primary, female (% net)",SE.PRM.NENR.FE,84.77971
Puerto Rico,PRI,2010,"School enrollment, primary, female (% net)",SE.PRM.NENR.FE,92.4733
Puerto Rico,PRI,2016,"School enrollment, primary, male (% net)",SE.PRM.NENR.MA,75.7346
Puerto Rico,PRI,2015,"School enrollment, primary, male (% net)",SE.PRM.NENR.MA,79.88954
Puerto Rico,PRI,2014,"School enrollment, primary, male (% net)",SE.PRM.NENR.MA,81.26905
Puerto Rico,PRI,2013,"School enrollment, primary, male (% net)",SE.PRM.NENR.MA,81.4012
Puerto Rico,PRI,2012,"School enrollment, primary, male (% net)",SE.PRM.NENR.MA,81.05141
Puerto Rico,PRI,2011,"School enrollment, primary, male (% net)",SE.PRM.NENR.MA,80.33839
Puerto Rico,PRI,2010,"School enrollment, primary, male (% net)",SE.PRM.NENR.MA,87.17017
Puerto Rico,PRI,2016,"Net intake rate in grade 1, female (% of official school-age population)",SE.PRM.NINT.FE.ZS,57.78792
Puerto Rico,PRI,2015,"Net intake rate in grade 1, female (% of official school-age population)",SE.PRM.NINT.FE.ZS,60.9873
Puerto Rico,PRI,2014,"Net intake rate in grade 1, female (% of official school-age population)",SE.PRM.NINT.FE.ZS,72.95496
Puerto Rico,PRI,2013,"Net intake rate in grade 1, female (% of official school-age population)",SE.PRM.NINT.FE.ZS,63.58443
Puerto Rico,PRI,2016,"Net intake rate in grade 1, male (% of official school-age population)",SE.PRM.NINT.MA.ZS,57.52715
Puerto Rico,PRI,2015,"Net intake rate in grade 1, male (% of official school-age population)",SE.PRM.NINT.MA.ZS,60.7273
Puerto Rico,PRI,2014,"Net intake rate in grade 1, male (% of official school-age population)",SE.PRM.NINT.MA.ZS,70.41879
Puerto Rico,PRI,2013,"Net intake rate in grade 1, male (% of official school-age population)",SE.PRM.NINT.MA.ZS,62.19608
Puerto Rico,PRI,2014,"Persistence to grade 5, female (% of cohort)",SE.PRM.PRS5.FE.ZS,85.6199569702148
Puerto Rico,PRI,2014,"Persistence to grade 5, male (% of cohort)",SE.PRM.PRS5.MA.ZS,81.4645767211914
Puerto Rico,PRI,2014,"Persistence to last grade of primary, female (% of cohort)",SE.PRM.PRSL.FE.ZS,83.6206512451172
Puerto Rico,PRI,2014,"Persistence to last grade of primary, male (% of cohort)",SE.PRM.PRSL.MA.ZS,78.7135314941406
Puerto Rico,PRI,2015,"Repeaters, primary, female (% of female enrollment)",SE.PRM.REPT.FE.ZS,2.60386
Puerto Rico,PRI,2015,"Repeaters, primary, male (% of male enrollment)",SE.PRM.REPT.MA.ZS,2.63065
Puerto Rico,PRI,2016,"Trained teachers in primary education, female (% of female teachers)",SE.PRM.TCAQ.FE.ZS,93.8431091308594
Puerto Rico,PRI,2015,"Trained teachers in primary education, female (% of female teachers)",SE.PRM.TCAQ.FE.ZS,94.8311920166016
Puerto Rico,PRI,2014,"Trained teachers in primary education, female (% of female teachers)",SE.PRM.TCAQ.FE.ZS,94
Puerto Rico,PRI,2016,"Trained teachers in primary education, male (% of male teachers)",SE.PRM.TCAQ.MA.ZS,84.0533065795898
Puerto Rico,PRI,2015,"Trained teachers in primary education, male (% of male teachers)",SE.PRM.TCAQ.MA.ZS,93.7642288208008
Puerto Rico,PRI,2014,"Trained teachers in primary education, male (% of male teachers)",SE.PRM.TCAQ.MA.ZS,94
Puerto Rico,PRI,2018,"Primary education, teachers (% female)",SE.PRM.TCHR.FE.ZS,87.1030197143555
Puerto Rico,PRI,2016,"Primary education, teachers (% female)",SE.PRM.TCHR.FE.ZS,87.0553207397461
Puerto Rico,PRI,2015,"Primary education, teachers (% female)",SE.PRM.TCHR.FE.ZS,87.1033935546875
Puerto Rico,PRI,2014,"Primary education, teachers (% female)",SE.PRM.TCHR.FE.ZS,85.6223373413086
Puerto Rico,PRI,2013,"Primary education, teachers (% female)",SE.PRM.TCHR.FE.ZS,87.1290969848633
Puerto Rico,PRI,2012,"Primary education, teachers (% female)",SE.PRM.TCHR.FE.ZS,81.1225814819336
Puerto Rico,PRI,2011,"Primary education, teachers (% female)",SE.PRM.TCHR.FE.ZS,81.2413482666016
Puerto Rico,PRI,2010,"Primary education, teachers (% female)",SE.PRM.TCHR.FE.ZS,81.3326568603516
Puerto Rico,PRI,2016,"Adjusted net enrollment rate, primary, female (% of primary school age children)",SE.PRM.TENR.FE,80.3519
Puerto Rico,PRI,2015,"Adjusted net enrollment rate, primary, female (% of primary school age children)",SE.PRM.TENR.FE,85.88144
Puerto Rico,PRI,2014,"Adjusted net enrollment rate, primary, female (% of primary school age children)",SE.PRM.TENR.FE,88.23688
Puerto Rico,PRI,2013,"Adjusted net enrollment rate, primary, female (% of primary school age children)",SE.PRM.TENR.FE,88.45844
Puerto Rico,PRI,2012,"Adjusted net enrollment rate, primary, female (% of primary school age children)",SE.PRM.TENR.FE,89.99319
Puerto Rico,PRI,2011,"Adjusted net enrollment rate, primary, female (% of primary school age children)",SE.PRM.TENR.FE,89.51948
Puerto Rico,PRI,2010,"Adjusted net enrollment rate, primary, female (% of primary school age children)",SE.PRM.TENR.FE,92.84468
Puerto Rico,PRI,2016,"Adjusted net enrollment rate, primary, male (% of primary school age children)",SE.PRM.TENR.MA,77.32875
Puerto Rico,PRI,2015,"Adjusted net enrollment rate, primary, male (% of primary school age children)",SE.PRM.TENR.MA,81.63423
Puerto Rico,PRI,2014,"Adjusted net enrollment rate, primary, male (% of primary school age children)",SE.PRM.TENR.MA,83.05247
Puerto Rico,PRI,2013,"Adjusted net enrollment rate, primary, male (% of primary school age children)",SE.PRM.TENR.MA,84.68848
Puerto Rico,PRI,2012,"Adjusted net enrollment rate, primary, male (% of primary school age children)",SE.PRM.TENR.MA,84.42795
Puerto Rico,PRI,2011,"Adjusted net enrollment rate, primary, male (% of primary school age children)",SE.PRM.TENR.MA,84.1203
Puerto Rico,PRI,2010,"Adjusted net enrollment rate, primary, male (% of primary school age children)",SE.PRM.TENR.MA,87.44943
Puerto Rico,PRI,2023,"Children out of school, primary, female",SE.PRM.UNER.FE,15234
Puerto Rico,PRI,2018,"Children out of school, primary, female",SE.PRM.UNER.FE,3860
Puerto Rico,PRI,2016,"Children out of school, primary, female",SE.PRM.UNER.FE,6463
Puerto Rico,PRI,2015,"Children out of school, primary, female",SE.PRM.UNER.FE,1549
Puerto Rico,PRI,2014,"Children out of school, primary, female",SE.PRM.UNER.FE,2652
Puerto Rico,PRI,2013,"Children out of school, primary, female",SE.PRM.UNER.FE,6761
Puerto Rico,PRI,2012,"Children out of school, primary, female",SE.PRM.UNER.FE,8450
Puerto Rico,PRI,2011,"Children out of school, primary, female",SE.PRM.UNER.FE,13040
Puerto Rico,PRI,2010,"Children out of school, primary, female",SE.PRM.UNER.FE,10582
Puerto Rico,PRI,2023,"Children out of school, primary, male",SE.PRM.UNER.MA,17200
Puerto Rico,PRI,2018,"Children out of school, primary, male",SE.PRM.UNER.MA,6065
Puerto Rico,PRI,2016,"Children out of school, primary, male",SE.PRM.UNER.MA,9138
Puerto Rico,PRI,2015,"Children out of school, primary, male",SE.PRM.UNER.MA,5164
Puerto Rico,PRI,2014,"Children out of school, primary, male",SE.PRM.UNER.MA,7091
Puerto Rico,PRI,2013,"Children out of school, primary, male",SE.PRM.UNER.MA,8695
Puerto Rico,PRI,2012,"Children out of school, primary, male",SE.PRM.UNER.MA,12715
Puerto Rico,PRI,2011,"Children out of school, primary, male",SE.PRM.UNER.MA,17306
Puerto Rico,PRI,2010,"Children out of school, primary, male",SE.PRM.UNER.MA,14833
Puerto Rico,PRI,2017,"Educational attainment, at least completed lower secondary, population 25+, female (%) (cumulative)",SE.SEC.CUAT.LO.FE.ZS,88.879997253418
Puerto Rico,PRI,2012,"Educational attainment, at least completed lower secondary, population 25+, female (%) (cumulative)",SE.SEC.CUAT.LO.FE.ZS,80.9599990844727
Puerto Rico,PRI,2011,"Educational attainment, at least completed lower secondary, population 25+, female (%) (cumulative)",SE.SEC.CUAT.LO.FE.ZS,81.0899963378906
Puerto Rico,PRI,2000,"Educational attainment, at least completed lower secondary, population 25+, female (%) (cumulative)",SE.SEC.CUAT.LO.FE.ZS,80.9800033569336
Puerto Rico,PRI,1990,"Educational attainment, at least completed lower secondary, population 25+, female (%) (cumulative)",SE.SEC.CUAT.LO.FE.ZS,64.3000030517578
Puerto Rico,PRI,1980,"Educational attainment, at least completed lower secondary, population 25+, female (%) (cumulative)",SE.SEC.CUAT.LO.FE.ZS,61.2000007629395
Puerto Rico,PRI,1970,"Educational attainment, at least completed lower secondary, population 25+, female (%) (cumulative)",SE.SEC.CUAT.LO.FE.ZS,35.6199989318848
Puerto Rico,PRI,2017,"Educational attainment, at least completed lower secondary, population 25+, male (%) (cumulative)",SE.SEC.CUAT.LO.MA.ZS,87.9300003051758
Puerto Rico,PRI,2012,"Educational attainment, at least completed lower secondary, population 25+, male (%) (cumulative)",SE.SEC.CUAT.LO.MA.ZS,78.9000015258789
Puerto Rico,PRI,2011,"Educational attainment, at least completed lower secondary, population 25+, male (%) (cumulative)",SE.SEC.CUAT.LO.MA.ZS,79.0999984741211
Puerto Rico,PRI,2000,"Educational attainment, at least completed lower secondary, population 25+, male (%) (cumulative)",SE.SEC.CUAT.LO.MA.ZS,82.25
Puerto Rico,PRI,1990,"Educational attainment, at least completed lower secondary, population 25+, male (%) (cumulative)",SE.SEC.CUAT.LO.MA.ZS,64.8099975585938
Puerto Rico,PRI,1980,"Educational attainment, at least completed lower secondary, population 25+, male (%) (cumulative)",SE.SEC.CUAT.LO.MA.ZS,64.5500030517578
Puerto Rico,PRI,1970,"Educational attainment, at least completed lower secondary, population 25+, male (%) (cumulative)",SE.SEC.CUAT.LO.MA.ZS,40.5900001525879
Puerto Rico,PRI,2017,"Educational attainment, at least completed lower secondary, population 25+, total (%) (cumulative)",SE.SEC.CUAT.LO.ZS,88.4499969482422
Puerto Rico,PRI,2012,"Educational attainment, at least completed lower secondary, population 25+, total (%) (cumulative)",SE.SEC.CUAT.LO.ZS,80
Puerto Rico,PRI,2011,"Educational attainment, at least completed lower secondary, population 25+, total (%) (cumulative)",SE.SEC.CUAT.LO.ZS,80.1699981689453
Puerto Rico,PRI,2000,"Educational attainment, at least completed lower secondary, population 25+, total (%) (cumulative)",SE.SEC.CUAT.LO.ZS,81.5599975585938
Puerto Rico,PRI,1990,"Educational attainment, at least completed lower secondary, population 25+, total (%) (cumulative)",SE.SEC.CUAT.LO.ZS,64.5400009155273
Puerto Rico,PRI,1980,"Educational attainment, at least completed lower secondary, population 25+, total (%) (cumulative)",SE.SEC.CUAT.LO.ZS,62.7700004577637
Puerto Rico,PRI,1970,"Educational attainment, at least completed lower secondary, population 25+, total (%) (cumulative)",SE.SEC.CUAT.LO.ZS,38.0099983215332
Puerto Rico,PRI,2017,"Educational attainment, at least completed post-secondary, population 25+, female (%) (cumulative)",SE.SEC.CUAT.PO.FE.ZS,55.3499984741211
Puerto Rico,PRI,2011,"Educational attainment, at least completed post-secondary, population 25+, female (%) (cumulative)",SE.SEC.CUAT.PO.FE.ZS,47.9300003051758
Puerto Rico,PRI,2008,"Educational attainment, at least completed post-secondary, population 25+, female (%) (cumulative)",SE.SEC.CUAT.PO.FE.ZS,46.3400001525879
Puerto Rico,PRI,2007,"Educational attainment, at least completed post-secondary, population 25+, female (%) (cumulative)",SE.SEC.CUAT.PO.FE.ZS,44.4599990844727
Puerto Rico,PRI,2006,"Educational attainment, at least completed post-secondary, population 25+, female (%) (cumulative)",SE.SEC.CUAT.PO.FE.ZS,44.4000015258789
Puerto Rico,PRI,2005,"Educational attainment, at least completed post-secondary, population 25+, female (%) (cumulative)",SE.SEC.CUAT.PO.FE.ZS,45.1300010681152
Puerto Rico,PRI,2000,"Educational attainment, at least completed post-secondary, population 25+, female (%) (cumulative)",SE.SEC.CUAT.PO.FE.ZS,40.0800018310547
Puerto Rico,PRI,1990,"Educational attainment, at least completed post-secondary, population 25+, female (%) (cumulative)",SE.SEC.CUAT.PO.FE.ZS,30.1900005340576
Puerto Rico,PRI,1980,"Educational attainment, at least completed post-secondary, population 25+, female (%) (cumulative)",SE.SEC.CUAT.PO.FE.ZS,18.2999992370605
Puerto Rico,PRI,1970,"Educational attainment, at least completed post-secondary, population 25+, female (%) (cumulative)",SE.SEC.CUAT.PO.FE.ZS,11.289999961853
Puerto Rico,PRI,2017,"Educational attainment, at least completed post-secondary, population 25+, male (%) (cumulative)",SE.SEC.CUAT.PO.MA.ZS,43.5200004577637
Puerto Rico,PRI,2011,"Educational attainment, at least completed post-secondary, population 25+, male (%) (cumulative)",SE.SEC.CUAT.PO.MA.ZS,39.189998626709
Puerto Rico,PRI,2008,"Educational attainment, at least completed post-secondary, population 25+, male (%) (cumulative)",SE.SEC.CUAT.PO.MA.ZS,38.7000007629395
Puerto Rico,PRI,2007,"Educational attainment, at least completed post-secondary, population 25+, male (%) (cumulative)",SE.SEC.CUAT.PO.MA.ZS,36.310001373291
Puerto Rico,PRI,2006,"Educational attainment, at least completed post-secondary, population 25+, male (%) (cumulative)",SE.SEC.CUAT.PO.MA.ZS,36.8499984741211
Puerto Rico,PRI,2005,"Educational attainment, at least completed post-secondary, population 25+, male (%) (cumulative)",SE.SEC.CUAT.PO.MA.ZS,38.8800010681152
Puerto Rico,PRI,2000,"Educational attainment, at least completed post-secondary, population 25+, male (%) (cumulative)",SE.SEC.CUAT.PO.MA.ZS,34.7400016784668
Puerto Rico,PRI,1990,"Educational attainment, at least completed post-secondary, population 25+, male (%) (cumulative)",SE.SEC.CUAT.PO.MA.ZS,26.9200000762939
Puerto Rico,PRI,1980,"Educational attainment, at least completed post-secondary, population 25+, male (%) (cumulative)",SE.SEC.CUAT.PO.MA.ZS,18.6200008392334
Puerto Rico,PRI,1970,"Educational attainment, at least completed post-secondary, population 25+, male (%) (cumulative)",SE.SEC.CUAT.PO.MA.ZS,12.8900003433228
Puerto Rico,PRI,2017,"Educational attainment, at least completed post-secondary, population 25+, total (%) (cumulative)",SE.SEC.CUAT.PO.ZS,50.0499992370605
Puerto Rico,PRI,2011,"Educational attainment, at least completed post-secondary, population 25+, total (%) (cumulative)",SE.SEC.CUAT.PO.ZS,43.8800010681152
Puerto Rico,PRI,2008,"Educational attainment, at least completed post-secondary, population 25+, total (%) (cumulative)",SE.SEC.CUAT.PO.ZS,42.7999992370605
Puerto Rico,PRI,2007,"Educational attainment, at least completed post-secondary, population 25+, total (%) (cumulative)",SE.SEC.CUAT.PO.ZS,40.6800003051758
Puerto Rico,PRI,2006,"Educational attainment, at least completed post-secondary, population 25+, total (%) (cumulative)",SE.SEC.CUAT.PO.ZS,40.9000015258789
Puerto Rico,PRI,2005,"Educational attainment, at least completed post-secondary, population 25+, total (%) (cumulative)",SE.SEC.CUAT.PO.ZS,42.25
Puerto Rico,PRI,2000,"Educational attainment, at least completed post-secondary, population 25+, total (%) (cumulative)",SE.SEC.CUAT.PO.ZS,37.6100006103516
Puerto Rico,PRI,1990,"Educational attainment, at least completed post-secondary, population 25+, total (%) (cumulative)",SE.SEC.CUAT.PO.ZS,28.6599998474121
Puerto Rico,PRI,1980,"Educational attainment, at least completed post-secondary, population 25+, total (%) (cumulative)",SE.SEC.CUAT.PO.ZS,18.4500007629395
Puerto Rico,PRI,1970,"Educational attainment, at least completed post-secondary, population 25+, total (%) (cumulative)",SE.SEC.CUAT.PO.ZS,12.0600004196167
Puerto Rico,PRI,2017,"Educational attainment, at least completed upper secondary, population 25+, female (%) (cumulative)",SE.SEC.CUAT.UP.FE.ZS,81.8600006103516
Puerto Rico,PRI,2012,"Educational attainment, at least completed upper secondary, population 25+, female (%) (cumulative)",SE.SEC.CUAT.UP.FE.ZS,71.9899978637695
Puerto Rico,PRI,2011,"Educational attainment, at least completed upper secondary, population 25+, female (%) (cumulative)",SE.SEC.CUAT.UP.FE.ZS,71.7799987792969
Puerto Rico,PRI,2008,"Educational attainment, at least completed upper secondary, population 25+, female (%) (cumulative)",SE.SEC.CUAT.UP.FE.ZS,78.6699981689453
Puerto Rico,PRI,2007,"Educational attainment, at least completed upper secondary, population 25+, female (%) (cumulative)",SE.SEC.CUAT.UP.FE.ZS,77.7799987792969
Puerto Rico,PRI,2006,"Educational attainment, at least completed upper secondary, population 25+, female (%) (cumulative)",SE.SEC.CUAT.UP.FE.ZS,77.4800033569336
Puerto Rico,PRI,2005,"Educational attainment, at least completed upper secondary, population 25+, female (%) (cumulative)",SE.SEC.CUAT.UP.FE.ZS,77.7399978637695
Puerto Rico,PRI,2000,"Educational attainment, at least completed upper secondary, population 25+, female (%) (cumulative)",SE.SEC.CUAT.UP.FE.ZS,74.3300018310547
Puerto Rico,PRI,1980,"Educational attainment, at least completed upper secondary, population 25+, female (%) (cumulative)",SE.SEC.CUAT.UP.FE.ZS,45.5
Puerto Rico,PRI,1970,"Educational attainment, at least completed upper secondary, population 25+, female (%) (cumulative)",SE.SEC.CUAT.UP.FE.ZS,25.3400001525879
Puerto Rico,PRI,2017,"Educational attainment, at least completed upper secondary, population 25+, male (%) (cumulative)",SE.SEC.CUAT.UP.MA.ZS,77.75
Puerto Rico,PRI,2012,"Educational attainment, at least completed upper secondary, population 25+, male (%) (cumulative)",SE.SEC.CUAT.UP.MA.ZS,67.5400009155273
Puerto Rico,PRI,2011,"Educational attainment, at least completed upper secondary, population 25+, male (%) (cumulative)",SE.SEC.CUAT.UP.MA.ZS,67.4700012207031
Puerto Rico,PRI,2008,"Educational attainment, at least completed upper secondary, population 25+, male (%) (cumulative)",SE.SEC.CUAT.UP.MA.ZS,76.5999984741211
Puerto Rico,PRI,2007,"Educational attainment, at least completed upper secondary, population 25+, male (%) (cumulative)",SE.SEC.CUAT.UP.MA.ZS,76.7799987792969
Puerto Rico,PRI,2006,"Educational attainment, at least completed upper secondary, population 25+, male (%) (cumulative)",SE.SEC.CUAT.UP.MA.ZS,75.9800033569336
Puerto Rico,PRI,2005,"Educational attainment, at least completed upper secondary, population 25+, male (%) (cumulative)",SE.SEC.CUAT.UP.MA.ZS,77.2200012207031
Puerto Rico,PRI,2000,"Educational attainment, at least completed upper secondary, population 25+, male (%) (cumulative)",SE.SEC.CUAT.UP.MA.ZS,74.5599975585938
Puerto Rico,PRI,1980,"Educational attainment, at least completed upper secondary, population 25+, male (%) (cumulative)",SE.SEC.CUAT.UP.MA.ZS,47.3600006103516
Puerto Rico,PRI,1970,"Educational attainment, at least completed upper secondary, population 25+, male (%) (cumulative)",SE.SEC.CUAT.UP.MA.ZS,28.8899993896484
Puerto Rico,PRI,2017,"Educational attainment, at least completed upper secondary, population 25+, total (%) (cumulative)",SE.SEC.CUAT.UP.ZS,80.0199966430664
Puerto Rico,PRI,2012,"Educational attainment, at least completed upper secondary, population 25+, total (%) (cumulative)",SE.SEC.CUAT.UP.ZS,69.9300003051758
Puerto Rico,PRI,2011,"Educational attainment, at least completed upper secondary, population 25+, total (%) (cumulative)",SE.SEC.CUAT.UP.ZS,69.7799987792969
Puerto Rico,PRI,2008,"Educational attainment, at least completed upper secondary, population 25+, total (%) (cumulative)",SE.SEC.CUAT.UP.ZS,77.7099990844727
Puerto Rico,PRI,2007,"Educational attainment, at least completed upper secondary, population 25+, total (%) (cumulative)",SE.SEC.CUAT.UP.ZS,77.3099975585938
Puerto Rico,PRI,2006,"Educational attainment, at least completed upper secondary, population 25+, total (%) (cumulative)",SE.SEC.CUAT.UP.ZS,76.7799987792969
Puerto Rico,PRI,2005,"Educational attainment, at least completed upper secondary, population 25+, total (%) (cumulative)",SE.SEC.CUAT.UP.ZS,77.5
Puerto Rico,PRI,2000,"Educational attainment, at least completed upper secondary, population 25+, total (%) (cumulative)",SE.SEC.CUAT.UP.ZS,74.4400024414062
Puerto Rico,PRI,1980,"Educational attainment, at least completed upper secondary, population 25+, total (%) (cumulative)",SE.SEC.CUAT.UP.ZS,46.3699989318848
Puerto Rico,PRI,1970,"Educational attainment, at least completed upper secondary, population 25+, total (%) (cumulative)",SE.SEC.CUAT.UP.ZS,27.0499992370605
Puerto Rico,PRI,2016,"Secondary education, pupils (% female)",SE.SEC.ENRL.FE.ZS,49.52521
Puerto Rico,PRI,2015,"Secondary education, pupils (% female)",SE.SEC.ENRL.FE.ZS,49.44007
Puerto Rico,PRI,2014,"Secondary education, pupils (% female)",SE.SEC.ENRL.FE.ZS,49.60632
Puerto Rico,PRI,2013,"Secondary education, pupils (% female)",SE.SEC.ENRL.FE.ZS,49.76063
Puerto Rico,PRI,2012,"Secondary education, pupils (% female)",SE.SEC.ENRL.FE.ZS,50.32391
Puerto Rico,PRI,2011,"Secondary education, pupils (% female)",SE.SEC.ENRL.FE.ZS,49.73072
Puerto Rico,PRI,2010,"Secondary education, pupils (% female)",SE.SEC.ENRL.FE.ZS,50.45483
Puerto Rico,PRI,2009,"Secondary education, pupils (% female)",SE.SEC.ENRL.FE.ZS,49.96613
Puerto Rico,PRI,2016,"Secondary education, general pupils (% female)",SE.SEC.ENRL.GC.FE.ZS,49.69418
Puerto Rico,PRI,2015,"Secondary education, general pupils (% female)",SE.SEC.ENRL.GC.FE.ZS,49.54353
Puerto Rico,PRI,2014,"Secondary education, general pupils (% female)",SE.SEC.ENRL.GC.FE.ZS,49.76725
Puerto Rico,PRI,2013,"Secondary education, general pupils (% female)",SE.SEC.ENRL.GC.FE.ZS,49.91677
Puerto Rico,PRI,1995,"Secondary education, general pupils (% female)",SE.SEC.ENRL.GC.FE.ZS,51.00585
Puerto Rico,PRI,1994,"Secondary education, general pupils (% female)",SE.SEC.ENRL.GC.FE.ZS,51.00585
Puerto Rico,PRI,1993,"Secondary education, general pupils (% female)",SE.SEC.ENRL.GC.FE.ZS,51.00592
Puerto Rico,PRI,1992,"Secondary education, general pupils (% female)",SE.SEC.ENRL.GC.FE.ZS,50.99102
Puerto Rico,PRI,1991,"Secondary education, general pupils (% female)",SE.SEC.ENRL.GC.FE.ZS,50.99091
Puerto Rico,PRI,1990,"Secondary education, general pupils (% female)",SE.SEC.ENRL.GC.FE.ZS,50.9908
Puerto Rico,PRI,1989,"Secondary education, general pupils (% female)",SE.SEC.ENRL.GC.FE.ZS,50.99063
Puerto Rico,PRI,1988,"Secondary education, general pupils (% female)",SE.SEC.ENRL.GC.FE.ZS,50.99063
Puerto Rico,PRI,1987,"Secondary education, general pupils (% female)",SE.SEC.ENRL.GC.FE.ZS,50.99063
Puerto Rico,PRI,1986,"Secondary education, general pupils (% female)",SE.SEC.ENRL.GC.FE.ZS,50.99123
Puerto Rico,PRI,1985,"Secondary education, general pupils (% female)",SE.SEC.ENRL.GC.FE.ZS,50.99096
Puerto Rico,PRI,1984,"Secondary education, general pupils (% female)",SE.SEC.ENRL.GC.FE.ZS,50.992
Puerto Rico,PRI,1983,"Secondary education, general pupils (% female)",SE.SEC.ENRL.GC.FE.ZS,50.99129
Puerto Rico,PRI,1982,"Secondary education, general pupils (% female)",SE.SEC.ENRL.GC.FE.ZS,50.99022
Puerto Rico,PRI,1981,"Secondary education, general pupils (% female)",SE.SEC.ENRL.GC.FE.ZS,50.89985
Puerto Rico,PRI,1980,"Secondary education, general pupils (% female)",SE.SEC.ENRL.GC.FE.ZS,50.90015
Puerto Rico,PRI,1979,"Secondary education, general pupils (% female)",SE.SEC.ENRL.GC.FE.ZS,50.90001
Puerto Rico,PRI,1978,"Secondary education, general pupils (% female)",SE.SEC.ENRL.GC.FE.ZS,50.99998
Puerto Rico,PRI,1977,"Secondary education, general pupils (% female)",SE.SEC.ENRL.GC.FE.ZS,51.00003
Puerto Rico,PRI,1976,"Secondary education, general pupils (% female)",SE.SEC.ENRL.GC.FE.ZS,53.83946
Puerto Rico,PRI,1975,"Secondary education, general pupils (% female)",SE.SEC.ENRL.GC.FE.ZS,50.99588
Puerto Rico,PRI,1974,"Secondary education, general pupils (% female)",SE.SEC.ENRL.GC.FE.ZS,50.99968
Puerto Rico,PRI,1973,"Secondary education, general pupils (% female)",SE.SEC.ENRL.GC.FE.ZS,51.00001
Puerto Rico,PRI,2016,"Secondary education, vocational pupils (% female)",SE.SEC.ENRL.VO.FE.ZS,43.66878
Puerto Rico,PRI,2015,"Secondary education, vocational pupils (% female)",SE.SEC.ENRL.VO.FE.ZS,48.1019
Puerto Rico,PRI,2014,"Secondary education, vocational pupils (% female)",SE.SEC.ENRL.VO.FE.ZS,43.83657
Puerto Rico,PRI,2013,"Secondary education, vocational pupils (% female)",SE.SEC.ENRL.VO.FE.ZS,44.07832
Puerto Rico,PRI,2023,"School enrollment, secondary, female (% gross)",SE.SEC.ENRR.FE,115.104843139648
Puerto Rico,PRI,2018,"School enrollment, secondary, female (% gross)",SE.SEC.ENRR.FE,94.1540985107422
Puerto Rico,PRI,2016,"School enrollment, secondary, female (% gross)",SE.SEC.ENRR.FE,90.0718994140625
Puerto Rico,PRI,2015,"School enrollment, secondary, female (% gross)",SE.SEC.ENRR.FE,100.642883300781
Puerto Rico,PRI,2014,"School enrollment, secondary, female (% gross)",SE.SEC.ENRR.FE,91.5745697021484
Puerto Rico,PRI,2013,"School enrollment, secondary, female (% gross)",SE.SEC.ENRR.FE,89.2938766479492
Puerto Rico,PRI,2012,"School enrollment, secondary, female (% gross)",SE.SEC.ENRR.FE,87.4521484375
Puerto Rico,PRI,2011,"School enrollment, secondary, female (% gross)",SE.SEC.ENRR.FE,84.648551940918
Puerto Rico,PRI,2010,"School enrollment, secondary, female (% gross)",SE.SEC.ENRR.FE,89.7871170043945
Puerto Rico,PRI,2009,"School enrollment, secondary, female (% gross)",SE.SEC.ENRR.FE,90.0453491210938
Puerto Rico,PRI,2023,"School enrollment, secondary, male (% gross)",SE.SEC.ENRR.MA,112.224182128906
Puerto Rico,PRI,2018,"School enrollment, secondary, male (% gross)",SE.SEC.ENRR.MA,92.1134719848633
Puerto Rico,PRI,2016,"School enrollment, secondary, male (% gross)",SE.SEC.ENRR.MA,88.1868286132812
Puerto Rico,PRI,2015,"School enrollment, secondary, male (% gross)",SE.SEC.ENRR.MA,98.8388290405273
Puerto Rico,PRI,2014,"School enrollment, secondary, male (% gross)",SE.SEC.ENRR.MA,89.2496490478516
Puerto Rico,PRI,2013,"School enrollment, secondary, male (% gross)",SE.SEC.ENRR.MA,86.4347534179688
Puerto Rico,PRI,2012,"School enrollment, secondary, male (% gross)",SE.SEC.ENRR.MA,82.7264022827148
Puerto Rico,PRI,2011,"School enrollment, secondary, male (% gross)",SE.SEC.ENRR.MA,81.9591217041016
Puerto Rico,PRI,2010,"School enrollment, secondary, male (% gross)",SE.SEC.ENRR.MA,84.4172515869141
Puerto Rico,PRI,2009,"School enrollment, secondary, male (% gross)",SE.SEC.ENRR.MA,86.4671783447266
Puerto Rico,PRI,2016,"School enrollment, secondary, female (% net)",SE.SEC.NENR.FE,79.2919
Puerto Rico,PRI,2015,"School enrollment, secondary, female (% net)",SE.SEC.NENR.FE,84.86527
Puerto Rico,PRI,2014,"School enrollment, secondary, female (% net)",SE.SEC.NENR.FE,84.80662
Puerto Rico,PRI,2013,"School enrollment, secondary, female (% net)",SE.SEC.NENR.FE,83.18978
Puerto Rico,PRI,2012,"School enrollment, secondary, female (% net)",SE.SEC.NENR.FE,80.59137
Puerto Rico,PRI,2011,"School enrollment, secondary, female (% net)",SE.SEC.NENR.FE,77.75945
Puerto Rico,PRI,2016,"School enrollment, secondary, male (% net)",SE.SEC.NENR.MA,72.87049
Puerto Rico,PRI,2015,"School enrollment, secondary, male (% net)",SE.SEC.NENR.MA,78.1234
Puerto Rico,PRI,2014,"School enrollment, secondary, male (% net)",SE.SEC.NENR.MA,78.44642
Puerto Rico,PRI,2013,"School enrollment, secondary, male (% net)",SE.SEC.NENR.MA,76.95298
Puerto Rico,PRI,2012,"School enrollment, secondary, male (% net)",SE.SEC.NENR.MA,74.38176
Puerto Rico,PRI,2011,"School enrollment, secondary, male (% net)",SE.SEC.NENR.MA,74.84519
Puerto Rico,PRI,2014,"Progression to secondary school, female (%)",SE.SEC.PROG.FE.ZS,95.98615
Puerto Rico,PRI,2014,"Progression to secondary school, male (%)",SE.SEC.PROG.MA.ZS,100
Puerto Rico,PRI,2018,"Secondary education, teachers (% female)",SE.SEC.TCHR.FE.ZS,72.3890075683594
Puerto Rico,PRI,2016,"Secondary education, teachers (% female)",SE.SEC.TCHR.FE.ZS,71.8679580688477
Puerto Rico,PRI,2015,"Secondary education, teachers (% female)",SE.SEC.TCHR.FE.ZS,72.3913497924805
Puerto Rico,PRI,2014,"Secondary education, teachers (% female)",SE.SEC.TCHR.FE.ZS,71.6136627197266
Puerto Rico,PRI,2013,"Secondary education, teachers (% female)",SE.SEC.TCHR.FE.ZS,74.3730926513672
Puerto Rico,PRI,2012,"Secondary education, teachers (% female)",SE.SEC.TCHR.FE.ZS,77.6006927490234
Puerto Rico,PRI,2011,"Secondary education, teachers (% female)",SE.SEC.TCHR.FE.ZS,78.0742416381836
Puerto Rico,PRI,2010,"Secondary education, teachers (% female)",SE.SEC.TCHR.FE.ZS,78.4297180175781
Puerto Rico,PRI,2017,"Educational attainment, at least Bachelor's or equivalent, population 25+, female (%) (cumulative)",SE.TER.CUAT.BA.FE.ZS,8.77000045776367
Puerto Rico,PRI,2012,"Educational attainment, at least Bachelor's or equivalent, population 25+, female (%) (cumulative)",SE.TER.CUAT.BA.FE.ZS,16.4300003051758
Puerto Rico,PRI,2017,"Educational attainment, at least Bachelor's or equivalent, population 25+, male (%) (cumulative)",SE.TER.CUAT.BA.MA.ZS,6.13000011444092
Puerto Rico,PRI,2012,"Educational attainment, at least Bachelor's or equivalent, population 25+, male (%) (cumulative)",SE.TER.CUAT.BA.MA.ZS,12.710000038147
Puerto Rico,PRI,2017,"Educational attainment, at least Bachelor's or equivalent, population 25+, total (%) (cumulative)",SE.TER.CUAT.BA.ZS,7.59000015258789
Puerto Rico,PRI,2012,"Educational attainment, at least Bachelor's or equivalent, population 25+, total (%) (cumulative)",SE.TER.CUAT.BA.ZS,14.710000038147
Puerto Rico,PRI,2017,"Educational attainment, Doctoral or equivalent, population 25+, female (%) (cumulative)",SE.TER.CUAT.DO.FE.ZS,1.01999998092651
Puerto Rico,PRI,2012,"Educational attainment, Doctoral or equivalent, population 25+, female (%) (cumulative)",SE.TER.CUAT.DO.FE.ZS,0.680000007152557
Puerto Rico,PRI,2017,"Educational attainment, Doctoral or equivalent, population 25+, male (%) (cumulative)",SE.TER.CUAT.DO.MA.ZS,0.819999992847443
Puerto Rico,PRI,2012,"Educational attainment, Doctoral or equivalent, population 25+, male (%) (cumulative)",SE.TER.CUAT.DO.MA.ZS,0.819999992847443
Puerto Rico,PRI,2017,"Educational attainment, Doctoral or equivalent, population 25+, total (%) (cumulative)",SE.TER.CUAT.DO.ZS,0.930000007152557
Puerto Rico,PRI,2012,"Educational attainment, Doctoral or equivalent, population 25+, total (%) (cumulative)",SE.TER.CUAT.DO.ZS,0.740000009536743
Puerto Rico,PRI,2017,"Educational attainment, at least Master's or equivalent, population 25+, female (%) (cumulative)",SE.TER.CUAT.MS.FE.ZS,2.04999995231628
Puerto Rico,PRI,2012,"Educational attainment, at least Master's or equivalent, population 25+, female (%) (cumulative)",SE.TER.CUAT.MS.FE.ZS,6.65000009536743
Puerto Rico,PRI,2017,"Educational attainment, at least Master's or equivalent, population 25+, male (%) (cumulative)",SE.TER.CUAT.MS.MA.ZS,2.20000004768372
Puerto Rico,PRI,2012,"Educational attainment, at least Master's or equivalent, population 25+, male (%) (cumulative)",SE.TER.CUAT.MS.MA.ZS,5.32999992370605
Puerto Rico,PRI,2017,"Educational attainment, at least Master's or equivalent, population 25+, total (%) (cumulative)",SE.TER.CUAT.MS.ZS,2.11999988555908
Puerto Rico,PRI,2012,"Educational attainment, at least Master's or equivalent, population 25+, total (%) (cumulative)",SE.TER.CUAT.MS.ZS,6.03999996185303
Puerto Rico,PRI,2017,"Educational attainment, at least completed short-cycle tertiary, population 25+, female (%) (cumulative)",SE.TER.CUAT.ST.FE.ZS,30.4799995422363
Puerto Rico,PRI,2012,"Educational attainment, at least completed short-cycle tertiary, population 25+, female (%) (cumulative)",SE.TER.CUAT.ST.FE.ZS,35.7200012207031
Puerto Rico,PRI,2011,"Educational attainment, at least completed short-cycle tertiary, population 25+, female (%) (cumulative)",SE.TER.CUAT.ST.FE.ZS,35.5400009155273
Puerto Rico,PRI,2008,"Educational attainment, at least completed short-cycle tertiary, population 25+, female (%) (cumulative)",SE.TER.CUAT.ST.FE.ZS,24.1800003051758
Puerto Rico,PRI,2007,"Educational attainment, at least completed short-cycle tertiary, population 25+, female (%) (cumulative)",SE.TER.CUAT.ST.FE.ZS,24.3600006103516
Puerto Rico,PRI,2006,"Educational attainment, at least completed short-cycle tertiary, population 25+, female (%) (cumulative)",SE.TER.CUAT.ST.FE.ZS,23.4500007629395
Puerto Rico,PRI,2005,"Educational attainment, at least completed short-cycle tertiary, population 25+, female (%) (cumulative)",SE.TER.CUAT.ST.FE.ZS,23.0599994659424
Puerto Rico,PRI,2000,"Educational attainment, at least completed short-cycle tertiary, population 25+, female (%) (cumulative)",SE.TER.CUAT.ST.FE.ZS,28.0400009155273
Puerto Rico,PRI,2017,"Educational attainment, at least completed short-cycle tertiary, population 25+, male (%) (cumulative)",SE.TER.CUAT.ST.MA.ZS,21.1100006103516
Puerto Rico,PRI,2012,"Educational attainment, at least completed short-cycle tertiary, population 25+, male (%) (cumulative)",SE.TER.CUAT.ST.MA.ZS,25.9699993133545
Puerto Rico,PRI,2011,"Educational attainment, at least completed short-cycle tertiary, population 25+, male (%) (cumulative)",SE.TER.CUAT.ST.MA.ZS,26.0100002288818
Puerto Rico,PRI,2008,"Educational attainment, at least completed short-cycle tertiary, population 25+, male (%) (cumulative)",SE.TER.CUAT.ST.MA.ZS,17.6499996185303
Puerto Rico,PRI,2007,"Educational attainment, at least completed short-cycle tertiary, population 25+, male (%) (cumulative)",SE.TER.CUAT.ST.MA.ZS,17.6299991607666
Puerto Rico,PRI,2006,"Educational attainment, at least completed short-cycle tertiary, population 25+, male (%) (cumulative)",SE.TER.CUAT.ST.MA.ZS,17.6100006103516
Puerto Rico,PRI,2005,"Educational attainment, at least completed short-cycle tertiary, population 25+, male (%) (cumulative)",SE.TER.CUAT.ST.MA.ZS,18.1100006103516
Puerto Rico,PRI,2000,"Educational attainment, at least completed short-cycle tertiary, population 25+, male (%) (cumulative)",SE.TER.CUAT.ST.MA.ZS,22.1800003051758
Puerto Rico,PRI,2017,"Educational attainment, at least completed short-cycle tertiary, population 25+, total (%) (cumulative)",SE.TER.CUAT.ST.ZS,26.2800006866455
Puerto Rico,PRI,2012,"Educational attainment, at least completed short-cycle tertiary, population 25+, total (%) (cumulative)",SE.TER.CUAT.ST.ZS,31.2099990844727
Puerto Rico,PRI,2011,"Educational attainment, at least completed short-cycle tertiary, population 25+, total (%) (cumulative)",SE.TER.CUAT.ST.ZS,31.1299991607666
Puerto Rico,PRI,2008,"Educational attainment, at least completed short-cycle tertiary, population 25+, total (%) (cumulative)",SE.TER.CUAT.ST.ZS,21.1499996185303
Puerto Rico,PRI,2007,"Educational attainment, at least completed short-cycle tertiary, population 25+, total (%) (cumulative)",SE.TER.CUAT.ST.ZS,21.2399997711182
Puerto Rico,PRI,2006,"Educational attainment, at least completed short-cycle tertiary, population 25+, total (%) (cumulative)",SE.TER.CUAT.ST.ZS,20.7399997711182
Puerto Rico,PRI,2005,"Educational attainment, at least completed short-cycle tertiary, population 25+, total (%) (cumulative)",SE.TER.CUAT.ST.ZS,20.7800006866455
Puerto Rico,PRI,2000,"Educational attainment, at least completed short-cycle tertiary, population 25+, total (%) (cumulative)",SE.TER.CUAT.ST.ZS,25.3299999237061
Puerto Rico,PRI,2023,"School enrollment, tertiary, female (% gross)",SE.TER.ENRR.FE,100.559219360352
Puerto Rico,PRI,2018,"School enrollment, tertiary, female (% gross)",SE.TER.ENRR.FE,117.870948791504
Puerto Rico,PRI,2016,"School enrollment, tertiary, female (% gross)",SE.TER.ENRR.FE,114.78002166748
Puerto Rico,PRI,2015,"School enrollment, tertiary, female (% gross)",SE.TER.ENRR.FE,113.951560974121
Puerto Rico,PRI,2014,"School enrollment, tertiary, female (% gross)",SE.TER.ENRR.FE,109.835861206055
Puerto Rico,PRI,2013,"School enrollment, tertiary, female (% gross)",SE.TER.ENRR.FE,108.785263061523
Puerto Rico,PRI,2012,"School enrollment, tertiary, female (% gross)",SE.TER.ENRR.FE,108.355880737305
Puerto Rico,PRI,2011,"School enrollment, tertiary, female (% gross)",SE.TER.ENRR.FE,107.731903076172
Puerto Rico,PRI,2010,"School enrollment, tertiary, female (% gross)",SE.TER.ENRR.FE,108.016059875488
Puerto Rico,PRI,2009,"School enrollment, tertiary, female (% gross)",SE.TER.ENRR.FE,105.247299194336
Puerto Rico,PRI,2008,"School enrollment, tertiary, female (% gross)",SE.TER.ENRR.FE,102.817489624023
Puerto Rico,PRI,2007,"School enrollment, tertiary, female (% gross)",SE.TER.ENRR.FE,97.14990234375
Puerto Rico,PRI,2023,"School enrollment, tertiary, male (% gross)",SE.TER.ENRR.MA,64.0046997070312
Puerto Rico,PRI,2018,"School enrollment, tertiary, male (% gross)",SE.TER.ENRR.MA,86.0459594726562
Puerto Rico,PRI,2016,"School enrollment, tertiary, male (% gross)",SE.TER.ENRR.MA,84.4204864501953
Puerto Rico,PRI,2015,"School enrollment, tertiary, male (% gross)",SE.TER.ENRR.MA,82.5585098266602
Puerto Rico,PRI,2014,"School enrollment, tertiary, male (% gross)",SE.TER.ENRR.MA,78.2975387573242
Puerto Rico,PRI,2013,"School enrollment, tertiary, male (% gross)",SE.TER.ENRR.MA,76.1405334472656
Puerto Rico,PRI,2012,"School enrollment, tertiary, male (% gross)",SE.TER.ENRR.MA,75.3789367675781
Puerto Rico,PRI,2011,"School enrollment, tertiary, male (% gross)",SE.TER.ENRR.MA,74.1701736450195
Puerto Rico,PRI,2010,"School enrollment, tertiary, male (% gross)",SE.TER.ENRR.MA,73.2749404907227
Puerto Rico,PRI,2009,"School enrollment, tertiary, male (% gross)",SE.TER.ENRR.MA,68.1379470825195
Puerto Rico,PRI,2008,"School enrollment, tertiary, male (% gross)",SE.TER.ENRR.MA,66.6262817382812
Puerto Rico,PRI,2007,"School enrollment, tertiary, male (% gross)",SE.TER.ENRR.MA,60.9882888793945
Puerto Rico,PRI,2023,Women Business and the Law Index Score (scale 1-100),SG.LAW.INDX,83.75
Puerto Rico,PRI,2022,Women Business and the Law Index Score (scale 1-100),SG.LAW.INDX,83.75
Puerto Rico,PRI,2021,Women Business and the Law Index Score (scale 1-100),SG.LAW.INDX,83.75
Puerto Rico,PRI,2020,Women Business and the Law Index Score (scale 1-100),SG.LAW.INDX,83.75
Puerto Rico,PRI,2019,Women Business and the Law Index Score (scale 1-100),SG.LAW.INDX,81.25
Puerto Rico,PRI,2018,Women Business and the Law Index Score (scale 1-100),SG.LAW.INDX,81.25
Puerto Rico,PRI,2017,Women Business and the Law Index Score (scale 1-100),SG.LAW.INDX,81.25
Puerto Rico,PRI,2016,Women Business and the Law Index Score (scale 1-100),SG.LAW.INDX,81.25
Puerto Rico,PRI,2015,Women Business and the Law Index Score (scale 1-100),SG.LAW.INDX,81.25
Puerto Rico,PRI,2014,Women Business and the Law Index Score (scale 1-100),SG.LAW.INDX,81.25
Puerto Rico,PRI,2013,Women Business and the Law Index Score (scale 1-100),SG.LAW.INDX,81.25
Puerto Rico,PRI,2012,Women Business and the Law Index Score (scale 1-100),SG.LAW.INDX,81.25
Puerto Rico,PRI,2011,Women Business and the Law Index Score (scale 1-100),SG.LAW.INDX,81.25
Puerto Rico,PRI,2010,Women Business and the Law Index Score (scale 1-100),SG.LAW.INDX,81.25
Puerto Rico,PRI,2009,Women Business and the Law Index Score (scale 1-100),SG.LAW.INDX,81.25
Puerto Rico,PRI,2008,Women Business and the Law Index Score (scale 1-100),SG.LAW.INDX,81.25
Puerto Rico,PRI,2007,Women Business and the Law Index Score (scale 1-100),SG.LAW.INDX,81.25
Puerto Rico,PRI,2006,Women Business and the Law Index Score (scale 1-100),SG.LAW.INDX,81.25
Puerto Rico,PRI,2005,Women Business and the Law Index Score (scale 1-100),SG.LAW.INDX,81.25
Puerto Rico,PRI,2004,Women Business and the Law Index Score (scale 1-100),SG.LAW.INDX,81.25
Puerto Rico,PRI,2003,Women Business and the Law Index Score (scale 1-100),SG.LAW.INDX,81.25
Puerto Rico,PRI,2002,Women Business and the Law Index Score (scale 1-100),SG.LAW.INDX,81.25
Puerto Rico,PRI,2001,Women Business and the Law Index Score (scale 1-100),SG.LAW.INDX,81.25
Puerto Rico,PRI,2000,Women Business and the Law Index Score (scale 1-100),SG.LAW.INDX,81.25
Puerto Rico,PRI,1999,Women Business and the Law Index Score (scale 1-100),SG.LAW.INDX,81.25
Puerto Rico,PRI,1998,Women Business and the Law Index Score (scale 1-100),SG.LAW.INDX,81.25
Puerto Rico,PRI,1997,Women Business and the Law Index Score (scale 1-100),SG.LAW.INDX,81.25
Puerto Rico,PRI,1996,Women Business and the Law Index Score (scale 1-100),SG.LAW.INDX,81.25
Puerto Rico,PRI,1995,Women Business and the Law Index Score (scale 1-100),SG.LAW.INDX,81.25
Puerto Rico,PRI,1994,Women Business and the Law Index Score (scale 1-100),SG.LAW.INDX,81.25
Puerto Rico,PRI,1993,Women Business and the Law Index Score (scale 1-100),SG.LAW.INDX,81.25
Puerto Rico,PRI,1992,Women Business and the Law Index Score (scale 1-100),SG.LAW.INDX,81.25
Puerto Rico,PRI,1991,Women Business and the Law Index Score (scale 1-100),SG.LAW.INDX,81.25
Puerto Rico,PRI,1990,Women Business and the Law Index Score (scale 1-100),SG.LAW.INDX,81.25
Puerto Rico,PRI,1989,Women Business and the Law Index Score (scale 1-100),SG.LAW.INDX,78.75
Puerto Rico,PRI,1988,Women Business and the Law Index Score (scale 1-100),SG.LAW.INDX,78.75
Puerto Rico,PRI,1987,Women Business and the Law Index Score (scale 1-100),SG.LAW.INDX,72.5
Puerto Rico,PRI,1986,Women Business and the Law Index Score (scale 1-100),SG.LAW.INDX,72.5
Puerto Rico,PRI,1985,Women Business and the Law Index Score (scale 1-100),SG.LAW.INDX,72.5
Puerto Rico,PRI,1984,Women Business and the Law Index Score (scale 1-100),SG.LAW.INDX,72.5
Puerto Rico,PRI,1983,Women Business and the Law Index Score (scale 1-100),SG.LAW.INDX,72.5
Puerto Rico,PRI,1982,Women Business and the Law Index Score (scale 1-100),SG.LAW.INDX,72.5
Puerto Rico,PRI,1981,Women Business and the Law Index Score (scale 1-100),SG.LAW.INDX,72.5
Puerto Rico,PRI,1980,Women Business and the Law Index Score (scale 1-100),SG.LAW.INDX,72.5
Puerto Rico,PRI,1979,Women Business and the Law Index Score (scale 1-100),SG.LAW.INDX,72.5
Puerto Rico,PRI,1978,Women Business and the Law Index Score (scale 1-100),SG.LAW.INDX,72.5
Puerto Rico,PRI,1977,Women Business and the Law Index Score (scale 1-100),SG.LAW.INDX,72.5
Puerto Rico,PRI,1976,Women Business and the Law Index Score (scale 1-100),SG.LAW.INDX,61.875
Puerto Rico,PRI,1975,Women Business and the Law Index Score (scale 1-100),SG.LAW.INDX,61.875
Puerto Rico,PRI,1974,Women Business and the Law Index Score (scale 1-100),SG.LAW.INDX,58.75
Puerto Rico,PRI,1973,Women Business and the Law Index Score (scale 1-100),SG.LAW.INDX,58.75
Puerto Rico,PRI,1972,Women Business and the Law Index Score (scale 1-100),SG.LAW.INDX,58.75
Puerto Rico,PRI,1971,Women Business and the Law Index Score (scale 1-100),SG.LAW.INDX,58.75
Puerto Rico,PRI,1970,Women Business and the Law Index Score (scale 1-100),SG.LAW.INDX,58.75
Puerto Rico,PRI,2023,Lifetime risk of maternal death (1 in: rate varies by country),SH.MMR.RISK,11432
Puerto Rico,PRI,2022,Lifetime risk of maternal death (1 in: rate varies by country),SH.MMR.RISK,2318
Puerto Rico,PRI,2021,Lifetime risk of maternal death (1 in: rate varies by country),SH.MMR.RISK,2563
Puerto Rico,PRI,2020,Lifetime risk of maternal death (1 in: rate varies by country),SH.MMR.RISK,12352
Puerto Rico,PRI,2019,Lifetime risk of maternal death (1 in: rate varies by country),SH.MMR.RISK,9604
Puerto Rico,PRI,2018,Lifetime risk of maternal death (1 in: rate varies by country),SH.MMR.RISK,8662
Puerto Rico,PRI,2017,Lifetime risk of maternal death (1 in: rate varies by country),SH.MMR.RISK,6177
Puerto Rico,PRI,2016,Lifetime risk of maternal death (1 in: rate varies by country),SH.MMR.RISK,6059
Puerto Rico,PRI,2015,Lifetime risk of maternal death (1 in: rate varies by country),SH.MMR.RISK,5714
Puerto Rico,PRI,2014,Lifetime risk of maternal death (1 in: rate varies by country),SH.MMR.RISK,5068
Puerto Rico,PRI,2013,Lifetime risk of maternal death (1 in: rate varies by country),SH.MMR.RISK,4948
Puerto Rico,PRI,2012,Lifetime risk of maternal death (1 in: rate varies by country),SH.MMR.RISK,4415
Puerto Rico,PRI,2011,Lifetime risk of maternal death (1 in: rate varies by country),SH.MMR.RISK,4150
Puerto Rico,PRI,2010,Lifetime risk of maternal death (1 in: rate varies by country),SH.MMR.RISK,4015
Puerto Rico,PRI,2009,Lifetime risk of maternal death (1 in: rate varies by country),SH.MMR.RISK,4070
Puerto Rico,PRI,2008,Lifetime risk of maternal death (1 in: rate varies by country),SH.MMR.RISK,3868
Puerto Rico,PRI,2007,Lifetime risk of maternal death (1 in: rate varies by country),SH.MMR.RISK,3544
Puerto Rico,PRI,2006,Lifetime risk of maternal death (1 in: rate varies by country),SH.MMR.RISK,3342
Puerto Rico,PRI,2005,Lifetime risk of maternal death (1 in: rate varies by country),SH.MMR.RISK,3015
Puerto Rico,PRI,2004,Lifetime risk of maternal death (1 in: rate varies by country),SH.MMR.RISK,3046
Puerto Rico,PRI,2003,Lifetime risk of maternal death (1 in: rate varies by country),SH.MMR.RISK,3134
Puerto Rico,PRI,2002,Lifetime risk of maternal death (1 in: rate varies by country),SH.MMR.RISK,3052
Puerto Rico,PRI,2001,Lifetime risk of maternal death (1 in: rate varies by country),SH.MMR.RISK,2718
Puerto Rico,PRI,2000,Lifetime risk of maternal death (1 in: rate varies by country),SH.MMR.RISK,2462
Puerto Rico,PRI,1999,Lifetime risk of maternal death (1 in: rate varies by country),SH.MMR.RISK,2440
Puerto Rico,PRI,1998,Lifetime risk of maternal death (1 in: rate varies by country),SH.MMR.RISK,2319
Puerto Rico,PRI,1997,Lifetime risk of maternal death (1 in: rate varies by country),SH.MMR.RISK,2141
Puerto Rico,PRI,1996,Lifetime risk of maternal death (1 in: rate varies by country),SH.MMR.RISK,2053
Puerto Rico,PRI,1995,Lifetime risk of maternal death (1 in: rate varies by country),SH.MMR.RISK,2005
Puerto Rico,PRI,1994,Lifetime risk of maternal death (1 in: rate varies by country),SH.MMR.RISK,1924
Puerto Rico,PRI,1993,Lifetime risk of maternal death (1 in: rate varies by country),SH.MMR.RISK,1833
Puerto Rico,PRI,1992,Lifetime risk of maternal death (1 in: rate varies by country),SH.MMR.RISK,1773
Puerto Rico,PRI,1991,Lifetime risk of maternal death (1 in: rate varies by country),SH.MMR.RISK,1759
Puerto Rico,PRI,1990,Lifetime risk of maternal death (1 in: rate varies by country),SH.MMR.RISK,1414
Puerto Rico,PRI,1989,Lifetime risk of maternal death (1 in: rate varies by country),SH.MMR.RISK,1308
Puerto Rico,PRI,1988,Lifetime risk of maternal death (1 in: rate varies by country),SH.MMR.RISK,1507
Puerto Rico,PRI,1987,Lifetime risk of maternal death (1 in: rate varies by country),SH.MMR.RISK,1541
Puerto Rico,PRI,1986,Lifetime risk of maternal death (1 in: rate varies by country),SH.MMR.RISK,1479
Puerto Rico,PRI,1985,Lifetime risk of maternal death (1 in: rate varies by country),SH.MMR.RISK,1386
Puerto Rico,PRI,2023,Lifetime risk of maternal death (%),SH.MMR.RISK.ZS,0.00874760963215272
Puerto Rico,PRI,2022,Lifetime risk of maternal death (%),SH.MMR.RISK.ZS,0.0431345151558199
Puerto Rico,PRI,2021,Lifetime risk of maternal death (%),SH.MMR.RISK.ZS,0.0390092996217979
Puerto Rico,PRI,2020,Lifetime risk of maternal death (%),SH.MMR.RISK.ZS,0.00809556203393366
Puerto Rico,PRI,2019,Lifetime risk of maternal death (%),SH.MMR.RISK.ZS,0.0104119061826108
Puerto Rico,PRI,2018,Lifetime risk of maternal death (%),SH.MMR.RISK.ZS,0.0115442682417242
Puerto Rico,PRI,2017,Lifetime risk of maternal death (%),SH.MMR.RISK.ZS,0.0161895812696462
Puerto Rico,PRI,2016,Lifetime risk of maternal death (%),SH.MMR.RISK.ZS,0.0165054033269713
Puerto Rico,PRI,2015,Lifetime risk of maternal death (%),SH.MMR.RISK.ZS,0.0175006750957905
Puerto Rico,PRI,2014,Lifetime risk of maternal death (%),SH.MMR.RISK.ZS,0.019730551137226
Puerto Rico,PRI,2013,Lifetime risk of maternal death (%),SH.MMR.RISK.ZS,0.020209249068461
Puerto Rico,PRI,2012,Lifetime risk of maternal death (%),SH.MMR.RISK.ZS,0.0226525405272304
Puerto Rico,PRI,2011,Lifetime risk of maternal death (%),SH.MMR.RISK.ZS,0.024097039588485
Puerto Rico,PRI,2010,Lifetime risk of maternal death (%),SH.MMR.RISK.ZS,0.0249081622283324
Puerto Rico,PRI,2009,Lifetime risk of maternal death (%),SH.MMR.RISK.ZS,0.024572647876049
Puerto Rico,PRI,2008,Lifetime risk of maternal death (%),SH.MMR.RISK.ZS,0.0258501820659997
Puerto Rico,PRI,2007,Lifetime risk of maternal death (%),SH.MMR.RISK.ZS,0.028217883022909
Puerto Rico,PRI,2006,Lifetime risk of maternal death (%),SH.MMR.RISK.ZS,0.0299180446133838
Puerto Rico,PRI,2005,Lifetime risk of maternal death (%),SH.MMR.RISK.ZS,0.0331647449264147
Puerto Rico,PRI,2004,Lifetime risk of maternal death (%),SH.MMR.RISK.ZS,0.0328289339622455
Puerto Rico,PRI,2003,Lifetime risk of maternal death (%),SH.MMR.RISK.ZS,0.0319064409889326
Puerto Rico,PRI,2002,Lifetime risk of maternal death (%),SH.MMR.RISK.ZS,0.0327680912197092
Puerto Rico,PRI,2001,Lifetime risk of maternal death (%),SH.MMR.RISK.ZS,0.036796659057887
Puerto Rico,PRI,2000,Lifetime risk of maternal death (%),SH.MMR.RISK.ZS,0.0406170772049282
Puerto Rico,PRI,1999,Lifetime risk of maternal death (%),SH.MMR.RISK.ZS,0.0409828611493294
Puerto Rico,PRI,1998,Lifetime risk of maternal death (%),SH.MMR.RISK.ZS,0.0431216600585788
Puerto Rico,PRI,1997,Lifetime risk of maternal death (%),SH.MMR.RISK.ZS,0.0467012051136968
Puerto Rico,PRI,1996,Lifetime risk of maternal death (%),SH.MMR.RISK.ZS,0.0487197925566997
Puerto Rico,PRI,1995,Lifetime risk of maternal death (%),SH.MMR.RISK.ZS,0.0498634084500808
Puerto Rico,PRI,1994,Lifetime risk of maternal death (%),SH.MMR.RISK.ZS,0.0519704303303393
Puerto Rico,PRI,1993,Lifetime risk of maternal death (%),SH.MMR.RISK.ZS,0.054552824308871
Puerto Rico,PRI,1992,Lifetime risk of maternal death (%),SH.MMR.RISK.ZS,0.0564058046028735
Puerto Rico,PRI,1991,Lifetime risk of maternal death (%),SH.MMR.RISK.ZS,0.0568480558270364
Puerto Rico,PRI,1990,Lifetime risk of maternal death (%),SH.MMR.RISK.ZS,0.0707307373791997
Puerto Rico,PRI,1989,Lifetime risk of maternal death (%),SH.MMR.RISK.ZS,0.0764368845171971
Puerto Rico,PRI,1988,Lifetime risk of maternal death (%),SH.MMR.RISK.ZS,0.0663646628288928
Puerto Rico,PRI,1987,Lifetime risk of maternal death (%),SH.MMR.RISK.ZS,0.0648896365673631
Puerto Rico,PRI,1986,Lifetime risk of maternal death (%),SH.MMR.RISK.ZS,0.0676109022672099
Puerto Rico,PRI,1985,Lifetime risk of maternal death (%),SH.MMR.RISK.ZS,0.0721733216205147
Puerto Rico,PRI,2004,Births attended by skilled health staff (% of total),SH.STA.BRTC.ZS,99.8
Puerto Rico,PRI,2023,"Maternal mortality ratio (modeled estimate, per 100,000 live births)",SH.STA.MMRT,11
Puerto Rico,PRI,2022,"Maternal mortality ratio (modeled estimate, per 100,000 live births)",SH.STA.MMRT,55
Puerto Rico,PRI,2021,"Maternal mortality ratio (modeled estimate, per 100,000 live births)",SH.STA.MMRT,50
Puerto Rico,PRI,2020,"Maternal mortality ratio (modeled estimate, per 100,000 live births)",SH.STA.MMRT,11
Puerto Rico,PRI,2019,"Maternal mortality ratio (modeled estimate, per 100,000 live births)",SH.STA.MMRT,13
Puerto Rico,PRI,2018,"Maternal mortality ratio (modeled estimate, per 100,000 live births)",SH.STA.MMRT,14
Puerto Rico,PRI,2017,"Maternal mortality ratio (modeled estimate, per 100,000 live births)",SH.STA.MMRT,17
Puerto Rico,PRI,2016,"Maternal mortality ratio (modeled estimate, per 100,000 live births)",SH.STA.MMRT,15
Puerto Rico,PRI,2015,"Maternal mortality ratio (modeled estimate, per 100,000 live births)",SH.STA.MMRT,15
Puerto Rico,PRI,2014,"Maternal mortality ratio (modeled estimate, per 100,000 live births)",SH.STA.MMRT,16
Puerto Rico,PRI,2013,"Maternal mortality ratio (modeled estimate, per 100,000 live births)",SH.STA.MMRT,16
Puerto Rico,PRI,2012,"Maternal mortality ratio (modeled estimate, per 100,000 live births)",SH.STA.MMRT,17
Puerto Rico,PRI,2011,"Maternal mortality ratio (modeled estimate, per 100,000 live births)",SH.STA.MMRT,17
Puerto Rico,PRI,2010,"Maternal mortality ratio (modeled estimate, per 100,000 live births)",SH.STA.MMRT,18
Puerto Rico,PRI,2009,"Maternal mortality ratio (modeled estimate, per 100,000 live births)",SH.STA.MMRT,18
Puerto Rico,PRI,2008,"Maternal mortality ratio (modeled estimate, per 100,000 live births)",SH.STA.MMRT,18
Puerto Rico,PRI,2007,"Maternal mortality ratio (modeled estimate, per 100,000 live births)",SH.STA.MMRT,18
Puerto Rico,PRI,2006,"Maternal mortality ratio (modeled estimate, per 100,000 live births)",SH.STA.MMRT,19
Puerto Rico,PRI,2005,"Maternal mortality ratio (modeled estimate, per 100,000 live births)",SH.STA.MMRT,20
Puerto Rico,PRI,2004,"Maternal mortality ratio (modeled estimate, per 100,000 live births)",SH.STA.MMRT,20
Puerto Rico,PRI,2003,"Maternal mortality ratio (modeled estimate, per 100,000 live births)",SH.STA.MMRT,20
Puerto Rico,PRI,2002,"Maternal mortality ratio (modeled estimate, per 100,000 live births)",SH.STA.MMRT,19
Puerto Rico,PRI,2001,"Maternal mortality ratio (modeled estimate, per 100,000 live births)",SH.STA.MMRT,21
Puerto Rico,PRI,2000,"Maternal mortality ratio (modeled estimate, per 100,000 live births)",SH.STA.MMRT,22
Puerto Rico,PRI,1999,"Maternal mortality ratio (modeled estimate, per 100,000 live births)",SH.STA.MMRT,22
Puerto Rico,PRI,1998,"Maternal mortality ratio (modeled estimate, per 100,000 live births)",SH.STA.MMRT,22
Puerto Rico,PRI,1997,"Maternal mortality ratio (modeled estimate, per 100,000 live births)",SH.STA.MMRT,23
Puerto Rico,PRI,1996,"Maternal mortality ratio (modeled estimate, per 100,000 live births)",SH.STA.MMRT,24
Puerto Rico,PRI,1995,"Maternal mortality ratio (modeled estimate, per 100,000 live births)",SH.STA.MMRT,25
Puerto Rico,PRI,1994,"Maternal mortality ratio (modeled estimate, per 100,000 live births)",SH.STA.MMRT,25
Puerto Rico,PRI,1993,"Maternal mortality ratio (modeled estimate, per 100,000 live births)",SH.STA.MMRT,26
Puerto Rico,PRI,1992,"Maternal mortality ratio (modeled estimate, per 100,000 live births)",SH.STA.MMRT,27
Puerto Rico,PRI,1991,"Maternal mortality ratio (modeled estimate, per 100,000 live births)",SH.STA.MMRT,26
Puerto Rico,PRI,1990,"Maternal mortality ratio (modeled estimate, per 100,000 live births)",SH.STA.MMRT,32
Puerto Rico,PRI,1989,"Maternal mortality ratio (modeled estimate, per 100,000 live births)",SH.STA.MMRT,34
Puerto Rico,PRI,1988,"Maternal mortality ratio (modeled estimate, per 100,000 live births)",SH.STA.MMRT,30
Puerto Rico,PRI,1987,"Maternal mortality ratio (modeled estimate, per 100,000 live births)",SH.STA.MMRT,29
Puerto Rico,PRI,1986,"Maternal mortality ratio (modeled estimate, per 100,000 live births)",SH.STA.MMRT,29
Puerto Rico,PRI,1985,"Maternal mortality ratio (modeled estimate, per 100,000 live births)",SH.STA.MMRT,32
Puerto Rico,PRI,2016,"Maternal mortality ratio (national estimate, per 100,000 live births)",SH.STA.MMRT.NE,22
Puerto Rico,PRI,2015,"Maternal mortality ratio (national estimate, per 100,000 live births)",SH.STA.MMRT.NE,37
Puerto Rico,PRI,2014,"Maternal mortality ratio (national estimate, per 100,000 live births)",SH.STA.MMRT.NE,9
Puerto Rico,PRI,2013,"Maternal mortality ratio (national estimate, per 100,000 live births)",SH.STA.MMRT.NE,6
Puerto Rico,PRI,2012,"Maternal mortality ratio (national estimate, per 100,000 live births)",SH.STA.MMRT.NE,3
Puerto Rico,PRI,2011,"Maternal mortality ratio (national estimate, per 100,000 live births)",SH.STA.MMRT.NE,12
Puerto Rico,PRI,2010,"Maternal mortality ratio (national estimate, per 100,000 live births)",SH.STA.MMRT.NE,14
Puerto Rico,PRI,2009,"Maternal mortality ratio (national estimate, per 100,000 live births)",SH.STA.MMRT.NE,23
Puerto Rico,PRI,2008,"Maternal mortality ratio (national estimate, per 100,000 live births)",SH.STA.MMRT.NE,13
Puerto Rico,PRI,2007,"Maternal mortality ratio (national estimate, per 100,000 live births)",SH.STA.MMRT.NE,23
Puerto Rico,PRI,2006,"Maternal mortality ratio (national estimate, per 100,000 live births)",SH.STA.MMRT.NE,8
Puerto Rico,PRI,2005,"Maternal mortality ratio (national estimate, per 100,000 live births)",SH.STA.MMRT.NE,10
Puerto Rico,PRI,2004,"Maternal mortality ratio (national estimate, per 100,000 live births)",SH.STA.MMRT.NE,22
Puerto Rico,PRI,2003,"Maternal mortality ratio (national estimate, per 100,000 live births)",SH.STA.MMRT.NE,14
Puerto Rico,PRI,2002,"Maternal mortality ratio (national estimate, per 100,000 live births)",SH.STA.MMRT.NE,10
Puerto Rico,PRI,2001,"Maternal mortality ratio (national estimate, per 100,000 live births)",SH.STA.MMRT.NE,11
Puerto Rico,PRI,2000,"Maternal mortality ratio (national estimate, per 100,000 live births)",SH.STA.MMRT.NE,26
Puerto Rico,PRI,1999,"Maternal mortality ratio (national estimate, per 100,000 live births)",SH.STA.MMRT.NE,18
Puerto Rico,PRI,1998,"Maternal mortality ratio (national estimate, per 100,000 live births)",SH.STA.MMRT.NE,14
Puerto Rico,PRI,1997,"Maternal mortality ratio (national estimate, per 100,000 live births)",SH.STA.MMRT.NE,23
Puerto Rico,PRI,1996,"Maternal mortality ratio (national estimate, per 100,000 live births)",SH.STA.MMRT.NE,19
Puerto Rico,PRI,1995,"Maternal mortality ratio (national estimate, per 100,000 live births)",SH.STA.MMRT.NE,15
Puerto Rico,PRI,1994,"Maternal mortality ratio (national estimate, per 100,000 live births)",SH.STA.MMRT.NE,8
Puerto Rico,PRI,1993,"Maternal mortality ratio (national estimate, per 100,000 live births)",SH.STA.MMRT.NE,15
Puerto Rico,PRI,1992,"Maternal mortality ratio (national estimate, per 100,000 live births)",SH.STA.MMRT.NE,23
Puerto Rico,PRI,1991,"Maternal mortality ratio (national estimate, per 100,000 live births)",SH.STA.MMRT.NE,21
Puerto Rico,PRI,1990,"Maternal mortality ratio (national estimate, per 100,000 live births)",SH.STA.MMRT.NE,21
Puerto Rico,PRI,1989,"Maternal mortality ratio (national estimate, per 100,000 live births)",SH.STA.MMRT.NE,21
Puerto Rico,PRI,1988,"Maternal mortality ratio (national estimate, per 100,000 live births)",SH.STA.MMRT.NE,18
Puerto Rico,PRI,1987,"Maternal mortality ratio (national estimate, per 100,000 live births)",SH.STA.MMRT.NE,18
Puerto Rico,PRI,1986,"Maternal mortality ratio (national estimate, per 100,000 live births)",SH.STA.MMRT.NE,16
Puerto Rico,PRI,1985,"Maternal mortality ratio (national estimate, per 100,000 live births)",SH.STA.MMRT.NE,13
Puerto Rico,PRI,2023,"Employment in agriculture, female (% of female employment) (modeled ILO estimate)",SL.AGR.EMPL.FE.ZS,0.12225119871742
Puerto Rico,PRI,2022,"Employment in agriculture, female (% of female employment) (modeled ILO estimate)",SL.AGR.EMPL.FE.ZS,0.126682401509191
Puerto Rico,PRI,2021,"Employment in agriculture, female (% of female employment) (modeled ILO estimate)",SL.AGR.EMPL.FE.ZS,0.126493511104799
Puerto Rico,PRI,2020,"Employment in agriculture, female (% of female employment) (modeled ILO estimate)",SL.AGR.EMPL.FE.ZS,0.130847876824468
Puerto Rico,PRI,2019,"Employment in agriculture, female (% of female employment) (modeled ILO estimate)",SL.AGR.EMPL.FE.ZS,0.131790164132767
Puerto Rico,PRI,2018,"Employment in agriculture, female (% of female employment) (modeled ILO estimate)",SL.AGR.EMPL.FE.ZS,0.138174492097311
Puerto Rico,PRI,2017,"Employment in agriculture, female (% of female employment) (modeled ILO estimate)",SL.AGR.EMPL.FE.ZS,0.145409690678023
Puerto Rico,PRI,2016,"Employment in agriculture, female (% of female employment) (modeled ILO estimate)",SL.AGR.EMPL.FE.ZS,0.152952243926733
Puerto Rico,PRI,2015,"Employment in agriculture, female (% of female employment) (modeled ILO estimate)",SL.AGR.EMPL.FE.ZS,0.160467330582676
Puerto Rico,PRI,2014,"Employment in agriculture, female (% of female employment) (modeled ILO estimate)",SL.AGR.EMPL.FE.ZS,0.170703369380642
Puerto Rico,PRI,2013,"Employment in agriculture, female (% of female employment) (modeled ILO estimate)",SL.AGR.EMPL.FE.ZS,0.180081758450631
Puerto Rico,PRI,2012,"Employment in agriculture, female (% of female employment) (modeled ILO estimate)",SL.AGR.EMPL.FE.ZS,0.190150511952161
Puerto Rico,PRI,2011,"Employment in agriculture, female (% of female employment) (modeled ILO estimate)",SL.AGR.EMPL.FE.ZS,0.19117017657452
Puerto Rico,PRI,2010,"Employment in agriculture, female (% of female employment) (modeled ILO estimate)",SL.AGR.EMPL.FE.ZS,0.189559077464909
Puerto Rico,PRI,2009,"Employment in agriculture, female (% of female employment) (modeled ILO estimate)",SL.AGR.EMPL.FE.ZS,0.186683905402437
Puerto Rico,PRI,2008,"Employment in agriculture, female (% of female employment) (modeled ILO estimate)",SL.AGR.EMPL.FE.ZS,0.531718771225088
Puerto Rico,PRI,2007,"Employment in agriculture, female (% of female employment) (modeled ILO estimate)",SL.AGR.EMPL.FE.ZS,0.318940230486967
Puerto Rico,PRI,2006,"Employment in agriculture, female (% of female employment) (modeled ILO estimate)",SL.AGR.EMPL.FE.ZS,0.346919609316304
Puerto Rico,PRI,2005,"Employment in agriculture, female (% of female employment) (modeled ILO estimate)",SL.AGR.EMPL.FE.ZS,0.364133683406097
Puerto Rico,PRI,2004,"Employment in agriculture, female (% of female employment) (modeled ILO estimate)",SL.AGR.EMPL.FE.ZS,0.186985716691476
Puerto Rico,PRI,2003,"Employment in agriculture, female (% of female employment) (modeled ILO estimate)",SL.AGR.EMPL.FE.ZS,0.185250529287227
Puerto Rico,PRI,2002,"Employment in agriculture, female (% of female employment) (modeled ILO estimate)",SL.AGR.EMPL.FE.ZS,0.192244600747373
Puerto Rico,PRI,2001,"Employment in agriculture, female (% of female employment) (modeled ILO estimate)",SL.AGR.EMPL.FE.ZS,0.202866370609608
Puerto Rico,PRI,2000,"Employment in agriculture, female (% of female employment) (modeled ILO estimate)",SL.AGR.EMPL.FE.ZS,0.198861910451388
Puerto Rico,PRI,1999,"Employment in agriculture, female (% of female employment) (modeled ILO estimate)",SL.AGR.EMPL.FE.ZS,0.218057296846939
Puerto Rico,PRI,1998,"Employment in agriculture, female (% of female employment) (modeled ILO estimate)",SL.AGR.EMPL.FE.ZS,0.203685868235417
Puerto Rico,PRI,1997,"Employment in agriculture, female (% of female employment) (modeled ILO estimate)",SL.AGR.EMPL.FE.ZS,0.420722671085495
Puerto Rico,PRI,1996,"Employment in agriculture, female (% of female employment) (modeled ILO estimate)",SL.AGR.EMPL.FE.ZS,0.217238630538512
Puerto Rico,PRI,1995,"Employment in agriculture, female (% of female employment) (modeled ILO estimate)",SL.AGR.EMPL.FE.ZS,0.22391350278801
Puerto Rico,PRI,1994,"Employment in agriculture, female (% of female employment) (modeled ILO estimate)",SL.AGR.EMPL.FE.ZS,0.247455606976246
Puerto Rico,PRI,1993,"Employment in agriculture, female (% of female employment) (modeled ILO estimate)",SL.AGR.EMPL.FE.ZS,0.475065641949518
Puerto Rico,PRI,1992,"Employment in agriculture, female (% of female employment) (modeled ILO estimate)",SL.AGR.EMPL.FE.ZS,0.254360653359788
Puerto Rico,PRI,1991,"Employment in agriculture, female (% of female employment) (modeled ILO estimate)",SL.AGR.EMPL.FE.ZS,0.25569608693667
Puerto Rico,PRI,2023,"Employment in agriculture, male (% of male employment) (modeled ILO estimate)",SL.AGR.EMPL.MA.ZS,1.97932635873226
Puerto Rico,PRI,2022,"Employment in agriculture, male (% of male employment) (modeled ILO estimate)",SL.AGR.EMPL.MA.ZS,2.02397683922823
Puerto Rico,PRI,2021,"Employment in agriculture, male (% of male employment) (modeled ILO estimate)",SL.AGR.EMPL.MA.ZS,2.06519360436163
Puerto Rico,PRI,2020,"Employment in agriculture, male (% of male employment) (modeled ILO estimate)",SL.AGR.EMPL.MA.ZS,2.08395093516917
Puerto Rico,PRI,2019,"Employment in agriculture, male (% of male employment) (modeled ILO estimate)",SL.AGR.EMPL.MA.ZS,2.09811512768625
Puerto Rico,PRI,2018,"Employment in agriculture, male (% of male employment) (modeled ILO estimate)",SL.AGR.EMPL.MA.ZS,2.15808815325807
Puerto Rico,PRI,2017,"Employment in agriculture, male (% of male employment) (modeled ILO estimate)",SL.AGR.EMPL.MA.ZS,2.22748073008195
Puerto Rico,PRI,2016,"Employment in agriculture, male (% of male employment) (modeled ILO estimate)",SL.AGR.EMPL.MA.ZS,2.29354890111491
Puerto Rico,PRI,2015,"Employment in agriculture, male (% of male employment) (modeled ILO estimate)",SL.AGR.EMPL.MA.ZS,2.35796889720239
Puerto Rico,PRI,2014,"Employment in agriculture, male (% of male employment) (modeled ILO estimate)",SL.AGR.EMPL.MA.ZS,2.44277574851812
Puerto Rico,PRI,2013,"Employment in agriculture, male (% of male employment) (modeled ILO estimate)",SL.AGR.EMPL.MA.ZS,2.51699565036921
Puerto Rico,PRI,2012,"Employment in agriculture, male (% of male employment) (modeled ILO estimate)",SL.AGR.EMPL.MA.ZS,2.60133133516886
Puerto Rico,PRI,2011,"Employment in agriculture, male (% of male employment) (modeled ILO estimate)",SL.AGR.EMPL.MA.ZS,2.66841318693802
Puerto Rico,PRI,2010,"Employment in agriculture, male (% of male employment) (modeled ILO estimate)",SL.AGR.EMPL.MA.ZS,2.62573571048613
Puerto Rico,PRI,2009,"Employment in agriculture, male (% of male employment) (modeled ILO estimate)",SL.AGR.EMPL.MA.ZS,2.50699053714018
Puerto Rico,PRI,2008,"Employment in agriculture, male (% of male employment) (modeled ILO estimate)",SL.AGR.EMPL.MA.ZS,2.2276578885482
Puerto Rico,PRI,2007,"Employment in agriculture, male (% of male employment) (modeled ILO estimate)",SL.AGR.EMPL.MA.ZS,1.74080932262434
Puerto Rico,PRI,2006,"Employment in agriculture, male (% of male employment) (modeled ILO estimate)",SL.AGR.EMPL.MA.ZS,2.24696656022038
Puerto Rico,PRI,2005,"Employment in agriculture, male (% of male employment) (modeled ILO estimate)",SL.AGR.EMPL.MA.ZS,3.32726893466888
Puerto Rico,PRI,2004,"Employment in agriculture, male (% of male employment) (modeled ILO estimate)",SL.AGR.EMPL.MA.ZS,3.50625814754385
Puerto Rico,PRI,2003,"Employment in agriculture, male (% of male employment) (modeled ILO estimate)",SL.AGR.EMPL.MA.ZS,3.31746944398586
Puerto Rico,PRI,2002,"Employment in agriculture, male (% of male employment) (modeled ILO estimate)",SL.AGR.EMPL.MA.ZS,3.23916778837206
Puerto Rico,PRI,2001,"Employment in agriculture, male (% of male employment) (modeled ILO estimate)",SL.AGR.EMPL.MA.ZS,3.31915149985082
Puerto Rico,PRI,2000,"Employment in agriculture, male (% of male employment) (modeled ILO estimate)",SL.AGR.EMPL.MA.ZS,3.07351668674392
Puerto Rico,PRI,1999,"Employment in agriculture, male (% of male employment) (modeled ILO estimate)",SL.AGR.EMPL.MA.ZS,3.5905270111735
Puerto Rico,PRI,1998,"Employment in agriculture, male (% of male employment) (modeled ILO estimate)",SL.AGR.EMPL.MA.ZS,3.91729364369221
Puerto Rico,PRI,1997,"Employment in agriculture, male (% of male employment) (modeled ILO estimate)",SL.AGR.EMPL.MA.ZS,4.38570988936808
Puerto Rico,PRI,1996,"Employment in agriculture, male (% of male employment) (modeled ILO estimate)",SL.AGR.EMPL.MA.ZS,4.29265176646511
Puerto Rico,PRI,1995,"Employment in agriculture, male (% of male employment) (modeled ILO estimate)",SL.AGR.EMPL.MA.ZS,4.63207341582121
Puerto Rico,PRI,1994,"Employment in agriculture, male (% of male employment) (modeled ILO estimate)",SL.AGR.EMPL.MA.ZS,5.63800525734314
Puerto Rico,PRI,1993,"Employment in agriculture, male (% of male employment) (modeled ILO estimate)",SL.AGR.EMPL.MA.ZS,5.29616604281184
Puerto Rico,PRI,1992,"Employment in agriculture, male (% of male employment) (modeled ILO estimate)",SL.AGR.EMPL.MA.ZS,5.43636260742322
Puerto Rico,PRI,1991,"Employment in agriculture, male (% of male employment) (modeled ILO estimate)",SL.AGR.EMPL.MA.ZS,5.54399638036732
Puerto Rico,PRI,2024,"Employment to population ratio, ages 15-24, female (%) (modeled ILO estimate)",SL.EMP.1524.SP.FE.ZS,14.623
Puerto Rico,PRI,2023,"Employment to population ratio, ages 15-24, female (%) (modeled ILO estimate)",SL.EMP.1524.SP.FE.ZS,14.67
Puerto Rico,PRI,2022,"Employment to population ratio, ages 15-24, female (%) (modeled ILO estimate)",SL.EMP.1524.SP.FE.ZS,14.599
Puerto Rico,PRI,2021,"Employment to population ratio, ages 15-24, female (%) (modeled ILO estimate)",SL.EMP.1524.SP.FE.ZS,14.015
Puerto Rico,PRI,2020,"Employment to population ratio, ages 15-24, female (%) (modeled ILO estimate)",SL.EMP.1524.SP.FE.ZS,13.45
Puerto Rico,PRI,2019,"Employment to population ratio, ages 15-24, female (%) (modeled ILO estimate)",SL.EMP.1524.SP.FE.ZS,14.554
Puerto Rico,PRI,2018,"Employment to population ratio, ages 15-24, female (%) (modeled ILO estimate)",SL.EMP.1524.SP.FE.ZS,14.344
Puerto Rico,PRI,2017,"Employment to population ratio, ages 15-24, female (%) (modeled ILO estimate)",SL.EMP.1524.SP.FE.ZS,14.23
Puerto Rico,PRI,2016,"Employment to population ratio, ages 15-24, female (%) (modeled ILO estimate)",SL.EMP.1524.SP.FE.ZS,14.36
Puerto Rico,PRI,2015,"Employment to population ratio, ages 15-24, female (%) (modeled ILO estimate)",SL.EMP.1524.SP.FE.ZS,14.546
Puerto Rico,PRI,2014,"Employment to population ratio, ages 15-24, female (%) (modeled ILO estimate)",SL.EMP.1524.SP.FE.ZS,14.107
Puerto Rico,PRI,2013,"Employment to population ratio, ages 15-24, female (%) (modeled ILO estimate)",SL.EMP.1524.SP.FE.ZS,14.145
Puerto Rico,PRI,2012,"Employment to population ratio, ages 15-24, female (%) (modeled ILO estimate)",SL.EMP.1524.SP.FE.ZS,14.256
Puerto Rico,PRI,2011,"Employment to population ratio, ages 15-24, female (%) (modeled ILO estimate)",SL.EMP.1524.SP.FE.ZS,14.259
Puerto Rico,PRI,2010,"Employment to population ratio, ages 15-24, female (%) (modeled ILO estimate)",SL.EMP.1524.SP.FE.ZS,14.201
Puerto Rico,PRI,2009,"Employment to population ratio, ages 15-24, female (%) (modeled ILO estimate)",SL.EMP.1524.SP.FE.ZS,15.411
Puerto Rico,PRI,2008,"Employment to population ratio, ages 15-24, female (%) (modeled ILO estimate)",SL.EMP.1524.SP.FE.ZS,17.914
Puerto Rico,PRI,2007,"Employment to population ratio, ages 15-24, female (%) (modeled ILO estimate)",SL.EMP.1524.SP.FE.ZS,17.188
Puerto Rico,PRI,2006,"Employment to population ratio, ages 15-24, female (%) (modeled ILO estimate)",SL.EMP.1524.SP.FE.ZS,19.719
Puerto Rico,PRI,2005,"Employment to population ratio, ages 15-24, female (%) (modeled ILO estimate)",SL.EMP.1524.SP.FE.ZS,22.556
Puerto Rico,PRI,2004,"Employment to population ratio, ages 15-24, female (%) (modeled ILO estimate)",SL.EMP.1524.SP.FE.ZS,21.737
Puerto Rico,PRI,2003,"Employment to population ratio, ages 15-24, female (%) (modeled ILO estimate)",SL.EMP.1524.SP.FE.ZS,21.903
Puerto Rico,PRI,2002,"Employment to population ratio, ages 15-24, female (%) (modeled ILO estimate)",SL.EMP.1524.SP.FE.ZS,20.468
Puerto Rico,PRI,2001,"Employment to population ratio, ages 15-24, female (%) (modeled ILO estimate)",SL.EMP.1524.SP.FE.ZS,20.852
Puerto Rico,PRI,2000,"Employment to population ratio, ages 15-24, female (%) (modeled ILO estimate)",SL.EMP.1524.SP.FE.ZS,21.632
Puerto Rico,PRI,1999,"Employment to population ratio, ages 15-24, female (%) (modeled ILO estimate)",SL.EMP.1524.SP.FE.ZS,21.791
Puerto Rico,PRI,1998,"Employment to population ratio, ages 15-24, female (%) (modeled ILO estimate)",SL.EMP.1524.SP.FE.ZS,19.16
Puerto Rico,PRI,1997,"Employment to population ratio, ages 15-24, female (%) (modeled ILO estimate)",SL.EMP.1524.SP.FE.ZS,19.498
Puerto Rico,PRI,1996,"Employment to population ratio, ages 15-24, female (%) (modeled ILO estimate)",SL.EMP.1524.SP.FE.ZS,17.687
Puerto Rico,PRI,1995,"Employment to population ratio, ages 15-24, female (%) (modeled ILO estimate)",SL.EMP.1524.SP.FE.ZS,18.469
Puerto Rico,PRI,1994,"Employment to population ratio, ages 15-24, female (%) (modeled ILO estimate)",SL.EMP.1524.SP.FE.ZS,18.571
Puerto Rico,PRI,1993,"Employment to population ratio, ages 15-24, female (%) (modeled ILO estimate)",SL.EMP.1524.SP.FE.ZS,18.078
Puerto Rico,PRI,1992,"Employment to population ratio, ages 15-24, female (%) (modeled ILO estimate)",SL.EMP.1524.SP.FE.ZS,13.62
Puerto Rico,PRI,1991,"Employment to population ratio, ages 15-24, female (%) (modeled ILO estimate)",SL.EMP.1524.SP.FE.ZS,12.805
Puerto Rico,PRI,2024,"Employment to population ratio, ages 15-24, male (%) (modeled ILO estimate)",SL.EMP.1524.SP.MA.ZS,24.365
Puerto Rico,PRI,2023,"Employment to population ratio, ages 15-24, male (%) (modeled ILO estimate)",SL.EMP.1524.SP.MA.ZS,24.315
Puerto Rico,PRI,2022,"Employment to population ratio, ages 15-24, male (%) (modeled ILO estimate)",SL.EMP.1524.SP.MA.ZS,24.043
Puerto Rico,PRI,2021,"Employment to population ratio, ages 15-24, male (%) (modeled ILO estimate)",SL.EMP.1524.SP.MA.ZS,23.46
Puerto Rico,PRI,2020,"Employment to population ratio, ages 15-24, male (%) (modeled ILO estimate)",SL.EMP.1524.SP.MA.ZS,22.336
Puerto Rico,PRI,2019,"Employment to population ratio, ages 15-24, male (%) (modeled ILO estimate)",SL.EMP.1524.SP.MA.ZS,23.928
Puerto Rico,PRI,2018,"Employment to population ratio, ages 15-24, male (%) (modeled ILO estimate)",SL.EMP.1524.SP.MA.ZS,23.296
Puerto Rico,PRI,2017,"Employment to population ratio, ages 15-24, male (%) (modeled ILO estimate)",SL.EMP.1524.SP.MA.ZS,21.7
Puerto Rico,PRI,2016,"Employment to population ratio, ages 15-24, male (%) (modeled ILO estimate)",SL.EMP.1524.SP.MA.ZS,20.525
Puerto Rico,PRI,2015,"Employment to population ratio, ages 15-24, male (%) (modeled ILO estimate)",SL.EMP.1524.SP.MA.ZS,20.187
Puerto Rico,PRI,2014,"Employment to population ratio, ages 15-24, male (%) (modeled ILO estimate)",SL.EMP.1524.SP.MA.ZS,18.97
Puerto Rico,PRI,2013,"Employment to population ratio, ages 15-24, male (%) (modeled ILO estimate)",SL.EMP.1524.SP.MA.ZS,18.844
Puerto Rico,PRI,2012,"Employment to population ratio, ages 15-24, male (%) (modeled ILO estimate)",SL.EMP.1524.SP.MA.ZS,18.87
Puerto Rico,PRI,2011,"Employment to population ratio, ages 15-24, male (%) (modeled ILO estimate)",SL.EMP.1524.SP.MA.ZS,17.942
Puerto Rico,PRI,2010,"Employment to population ratio, ages 15-24, male (%) (modeled ILO estimate)",SL.EMP.1524.SP.MA.ZS,18.23
Puerto Rico,PRI,2009,"Employment to population ratio, ages 15-24, male (%) (modeled ILO estimate)",SL.EMP.1524.SP.MA.ZS,20.34
Puerto Rico,PRI,2008,"Employment to population ratio, ages 15-24, male (%) (modeled ILO estimate)",SL.EMP.1524.SP.MA.ZS,24.155
Puerto Rico,PRI,2007,"Employment to population ratio, ages 15-24, male (%) (modeled ILO estimate)",SL.EMP.1524.SP.MA.ZS,27.603
Puerto Rico,PRI,2006,"Employment to population ratio, ages 15-24, male (%) (modeled ILO estimate)",SL.EMP.1524.SP.MA.ZS,30.509
Puerto Rico,PRI,2005,"Employment to population ratio, ages 15-24, male (%) (modeled ILO estimate)",SL.EMP.1524.SP.MA.ZS,32.769
Puerto Rico,PRI,2004,"Employment to population ratio, ages 15-24, male (%) (modeled ILO estimate)",SL.EMP.1524.SP.MA.ZS,32.563
Puerto Rico,PRI,2003,"Employment to population ratio, ages 15-24, male (%) (modeled ILO estimate)",SL.EMP.1524.SP.MA.ZS,31.61
Puerto Rico,PRI,2002,"Employment to population ratio, ages 15-24, male (%) (modeled ILO estimate)",SL.EMP.1524.SP.MA.ZS,30.93
Puerto Rico,PRI,2001,"Employment to population ratio, ages 15-24, male (%) (modeled ILO estimate)",SL.EMP.1524.SP.MA.ZS,30.254
Puerto Rico,PRI,2000,"Employment to population ratio, ages 15-24, male (%) (modeled ILO estimate)",SL.EMP.1524.SP.MA.ZS,30.282
Puerto Rico,PRI,1999,"Employment to population ratio, ages 15-24, male (%) (modeled ILO estimate)",SL.EMP.1524.SP.MA.ZS,31.613
Puerto Rico,PRI,1998,"Employment to population ratio, ages 15-24, male (%) (modeled ILO estimate)",SL.EMP.1524.SP.MA.ZS,33.054
Puerto Rico,PRI,1997,"Employment to population ratio, ages 15-24, male (%) (modeled ILO estimate)",SL.EMP.1524.SP.MA.ZS,30.863
Puerto Rico,PRI,1996,"Employment to population ratio, ages 15-24, male (%) (modeled ILO estimate)",SL.EMP.1524.SP.MA.ZS,29.416
Puerto Rico,PRI,1995,"Employment to population ratio, ages 15-24, male (%) (modeled ILO estimate)",SL.EMP.1524.SP.MA.ZS,28.247
Puerto Rico,PRI,1994,"Employment to population ratio, ages 15-24, male (%) (modeled ILO estimate)",SL.EMP.1524.SP.MA.ZS,28.94
Puerto Rico,PRI,1993,"Employment to population ratio, ages 15-24, male (%) (modeled ILO estimate)",SL.EMP.1524.SP.MA.ZS,28.247
Puerto Rico,PRI,1992,"Employment to population ratio, ages 15-24, male (%) (modeled ILO estimate)",SL.EMP.1524.SP.MA.ZS,25.231
Puerto Rico,PRI,1991,"Employment to population ratio, ages 15-24, male (%) (modeled ILO estimate)",SL.EMP.1524.SP.MA.ZS,27.553
Puerto Rico,PRI,2023,"Employers, female (% of female employment) (modeled ILO estimate)",SL.EMP.MPYR.FE.ZS,2.19036922823114
Puerto Rico,PRI,2022,"Employers, female (% of female employment) (modeled ILO estimate)",SL.EMP.MPYR.FE.ZS,2.199917095991
Puerto Rico,PRI,2021,"Employers, female (% of female employment) (modeled ILO estimate)",SL.EMP.MPYR.FE.ZS,2.16326095833259
Puerto Rico,PRI,2020,"Employers, female (% of female employment) (modeled ILO estimate)",SL.EMP.MPYR.FE.ZS,2.12165151356812
Puerto Rico,PRI,2019,"Employers, female (% of female employment) (modeled ILO estimate)",SL.EMP.MPYR.FE.ZS,2.24000069135824
Puerto Rico,PRI,2018,"Employers, female (% of female employment) (modeled ILO estimate)",SL.EMP.MPYR.FE.ZS,2.23107232320351
Puerto Rico,PRI,2017,"Employers, female (% of female employment) (modeled ILO estimate)",SL.EMP.MPYR.FE.ZS,2.06837406755473
Puerto Rico,PRI,2016,"Employers, female (% of female employment) (modeled ILO estimate)",SL.EMP.MPYR.FE.ZS,2.16634386586243
Puerto Rico,PRI,2015,"Employers, female (% of female employment) (modeled ILO estimate)",SL.EMP.MPYR.FE.ZS,2.25963747256186
Puerto Rico,PRI,2014,"Employers, female (% of female employment) (modeled ILO estimate)",SL.EMP.MPYR.FE.ZS,2.21981410313701
Puerto Rico,PRI,2013,"Employers, female (% of female employment) (modeled ILO estimate)",SL.EMP.MPYR.FE.ZS,2.18851518038152
Puerto Rico,PRI,2012,"Employers, female (% of female employment) (modeled ILO estimate)",SL.EMP.MPYR.FE.ZS,2.16546840262553
Puerto Rico,PRI,2011,"Employers, female (% of female employment) (modeled ILO estimate)",SL.EMP.MPYR.FE.ZS,2.10221349165414
Puerto Rico,PRI,2010,"Employers, female (% of female employment) (modeled ILO estimate)",SL.EMP.MPYR.FE.ZS,2.05330734642937
Puerto Rico,PRI,2009,"Employers, female (% of female employment) (modeled ILO estimate)",SL.EMP.MPYR.FE.ZS,2.04129837516628
Puerto Rico,PRI,2008,"Employers, female (% of female employment) (modeled ILO estimate)",SL.EMP.MPYR.FE.ZS,2.01936698298112
Puerto Rico,PRI,2007,"Employers, female (% of female employment) (modeled ILO estimate)",SL.EMP.MPYR.FE.ZS,2.13297208276888
Puerto Rico,PRI,2006,"Employers, female (% of female employment) (modeled ILO estimate)",SL.EMP.MPYR.FE.ZS,2.08771600300526
Puerto Rico,PRI,2005,"Employers, female (% of female employment) (modeled ILO estimate)",SL.EMP.MPYR.FE.ZS,1.99015609512496
Puerto Rico,PRI,2004,"Employers, female (% of female employment) (modeled ILO estimate)",SL.EMP.MPYR.FE.ZS,1.99432074438123
Puerto Rico,PRI,2003,"Employers, female (% of female employment) (modeled ILO estimate)",SL.EMP.MPYR.FE.ZS,1.96757625656708
Puerto Rico,PRI,2002,"Employers, female (% of female employment) (modeled ILO estimate)",SL.EMP.MPYR.FE.ZS,2.03927311136184
Puerto Rico,PRI,2001,"Employers, female (% of female employment) (modeled ILO estimate)",SL.EMP.MPYR.FE.ZS,1.88171174808236
Puerto Rico,PRI,2000,"Employers, female (% of female employment) (modeled ILO estimate)",SL.EMP.MPYR.FE.ZS,1.87521516372694
Puerto Rico,PRI,1999,"Employers, female (% of female employment) (modeled ILO estimate)",SL.EMP.MPYR.FE.ZS,1.91846570580602
Puerto Rico,PRI,1998,"Employers, female (% of female employment) (modeled ILO estimate)",SL.EMP.MPYR.FE.ZS,1.78219711759551
Puerto Rico,PRI,1997,"Employers, female (% of female employment) (modeled ILO estimate)",SL.EMP.MPYR.FE.ZS,1.79496665083302
Puerto Rico,PRI,1996,"Employers, female (% of female employment) (modeled ILO estimate)",SL.EMP.MPYR.FE.ZS,1.78736357662404
Puerto Rico,PRI,1995,"Employers, female (% of female employment) (modeled ILO estimate)",SL.EMP.MPYR.FE.ZS,1.82506728887827
Puerto Rico,PRI,1994,"Employers, female (% of female employment) (modeled ILO estimate)",SL.EMP.MPYR.FE.ZS,1.79713761604574
Puerto Rico,PRI,1993,"Employers, female (% of female employment) (modeled ILO estimate)",SL.EMP.MPYR.FE.ZS,1.76754125380915
Puerto Rico,PRI,1992,"Employers, female (% of female employment) (modeled ILO estimate)",SL.EMP.MPYR.FE.ZS,1.75980272803096
Puerto Rico,PRI,1991,"Employers, female (% of female employment) (modeled ILO estimate)",SL.EMP.MPYR.FE.ZS,1.77080283736708
Puerto Rico,PRI,2023,"Employers, male (% of male employment) (modeled ILO estimate)",SL.EMP.MPYR.MA.ZS,4.39852083720871
Puerto Rico,PRI,2022,"Employers, male (% of male employment) (modeled ILO estimate)",SL.EMP.MPYR.MA.ZS,4.43396654123408
Puerto Rico,PRI,2021,"Employers, male (% of male employment) (modeled ILO estimate)",SL.EMP.MPYR.MA.ZS,4.40230005875937
Puerto Rico,PRI,2020,"Employers, male (% of male employment) (modeled ILO estimate)",SL.EMP.MPYR.MA.ZS,4.39794620215103
Puerto Rico,PRI,2019,"Employers, male (% of male employment) (modeled ILO estimate)",SL.EMP.MPYR.MA.ZS,4.330302071669
Puerto Rico,PRI,2018,"Employers, male (% of male employment) (modeled ILO estimate)",SL.EMP.MPYR.MA.ZS,4.33540050703829
Puerto Rico,PRI,2017,"Employers, male (% of male employment) (modeled ILO estimate)",SL.EMP.MPYR.MA.ZS,4.06121135141719
Puerto Rico,PRI,2016,"Employers, male (% of male employment) (modeled ILO estimate)",SL.EMP.MPYR.MA.ZS,4.29222273433658
Puerto Rico,PRI,2015,"Employers, male (% of male employment) (modeled ILO estimate)",SL.EMP.MPYR.MA.ZS,4.51540120970495
Puerto Rico,PRI,2014,"Employers, male (% of male employment) (modeled ILO estimate)",SL.EMP.MPYR.MA.ZS,4.42430861468627
Puerto Rico,PRI,2013,"Employers, male (% of male employment) (modeled ILO estimate)",SL.EMP.MPYR.MA.ZS,4.35137482516019
Puerto Rico,PRI,2012,"Employers, male (% of male employment) (modeled ILO estimate)",SL.EMP.MPYR.MA.ZS,4.298435158401
Puerto Rico,PRI,2011,"Employers, male (% of male employment) (modeled ILO estimate)",SL.EMP.MPYR.MA.ZS,4.29281903281115
Puerto Rico,PRI,2010,"Employers, male (% of male employment) (modeled ILO estimate)",SL.EMP.MPYR.MA.ZS,4.16956946994526
Puerto Rico,PRI,2009,"Employers, male (% of male employment) (modeled ILO estimate)",SL.EMP.MPYR.MA.ZS,4.20099543946797
Puerto Rico,PRI,2008,"Employers, male (% of male employment) (modeled ILO estimate)",SL.EMP.MPYR.MA.ZS,4.15409065513094
Puerto Rico,PRI,2007,"Employers, male (% of male employment) (modeled ILO estimate)",SL.EMP.MPYR.MA.ZS,4.34182381308782
Puerto Rico,PRI,2006,"Employers, male (% of male employment) (modeled ILO estimate)",SL.EMP.MPYR.MA.ZS,4.3187577355159
Puerto Rico,PRI,2005,"Employers, male (% of male employment) (modeled ILO estimate)",SL.EMP.MPYR.MA.ZS,4.1798764188828
Puerto Rico,PRI,2004,"Employers, male (% of male employment) (modeled ILO estimate)",SL.EMP.MPYR.MA.ZS,4.20392416287027
Puerto Rico,PRI,2003,"Employers, male (% of male employment) (modeled ILO estimate)",SL.EMP.MPYR.MA.ZS,4.21351352889941
Puerto Rico,PRI,2002,"Employers, male (% of male employment) (modeled ILO estimate)",SL.EMP.MPYR.MA.ZS,4.36231589243747
Puerto Rico,PRI,2001,"Employers, male (% of male employment) (modeled ILO estimate)",SL.EMP.MPYR.MA.ZS,4.08256064813752
Puerto Rico,PRI,2000,"Employers, male (% of male employment) (modeled ILO estimate)",SL.EMP.MPYR.MA.ZS,4.11385783041223
Puerto Rico,PRI,1999,"Employers, male (% of male employment) (modeled ILO estimate)",SL.EMP.MPYR.MA.ZS,4.21056528127385
Puerto Rico,PRI,1998,"Employers, male (% of male employment) (modeled ILO estimate)",SL.EMP.MPYR.MA.ZS,3.93031628207875
Puerto Rico,PRI,1997,"Employers, male (% of male employment) (modeled ILO estimate)",SL.EMP.MPYR.MA.ZS,3.99755506423629
Puerto Rico,PRI,1996,"Employers, male (% of male employment) (modeled ILO estimate)",SL.EMP.MPYR.MA.ZS,4.00664919679735
Puerto Rico,PRI,1995,"Employers, male (% of male employment) (modeled ILO estimate)",SL.EMP.MPYR.MA.ZS,4.11753311218189
Puerto Rico,PRI,1994,"Employers, male (% of male employment) (modeled ILO estimate)",SL.EMP.MPYR.MA.ZS,4.09920377919159
Puerto Rico,PRI,1993,"Employers, male (% of male employment) (modeled ILO estimate)",SL.EMP.MPYR.MA.ZS,4.02567076179431
Puerto Rico,PRI,1992,"Employers, male (% of male employment) (modeled ILO estimate)",SL.EMP.MPYR.MA.ZS,4.01235316469
Puerto Rico,PRI,1991,"Employers, male (% of male employment) (modeled ILO estimate)",SL.EMP.MPYR.MA.ZS,4.0373561387186
Puerto Rico,PRI,2023,"Self-employed, female (% of female employment) (modeled ILO estimate)",SL.EMP.SELF.FE.ZS,9.97193298603841
Puerto Rico,PRI,2022,"Self-employed, female (% of female employment) (modeled ILO estimate)",SL.EMP.SELF.FE.ZS,9.95334534595505
Puerto Rico,PRI,2021,"Self-employed, female (% of female employment) (modeled ILO estimate)",SL.EMP.SELF.FE.ZS,9.99831341985194
Puerto Rico,PRI,2020,"Self-employed, female (% of female employment) (modeled ILO estimate)",SL.EMP.SELF.FE.ZS,9.78093322186226
Puerto Rico,PRI,2019,"Self-employed, female (% of female employment) (modeled ILO estimate)",SL.EMP.SELF.FE.ZS,9.77666968415731
Puerto Rico,PRI,2018,"Self-employed, female (% of female employment) (modeled ILO estimate)",SL.EMP.SELF.FE.ZS,9.71589541528121
Puerto Rico,PRI,2017,"Self-employed, female (% of female employment) (modeled ILO estimate)",SL.EMP.SELF.FE.ZS,9.05321634530975
Puerto Rico,PRI,2016,"Self-employed, female (% of female employment) (modeled ILO estimate)",SL.EMP.SELF.FE.ZS,9.34447457251951
Puerto Rico,PRI,2015,"Self-employed, female (% of female employment) (modeled ILO estimate)",SL.EMP.SELF.FE.ZS,9.62271311859268
Puerto Rico,PRI,2014,"Self-employed, female (% of female employment) (modeled ILO estimate)",SL.EMP.SELF.FE.ZS,9.48788989185807
Puerto Rico,PRI,2013,"Self-employed, female (% of female employment) (modeled ILO estimate)",SL.EMP.SELF.FE.ZS,9.35092849799379
Puerto Rico,PRI,2012,"Self-employed, female (% of female employment) (modeled ILO estimate)",SL.EMP.SELF.FE.ZS,9.21029148332823
Puerto Rico,PRI,2011,"Self-employed, female (% of female employment) (modeled ILO estimate)",SL.EMP.SELF.FE.ZS,8.91915323244406
Puerto Rico,PRI,2010,"Self-employed, female (% of female employment) (modeled ILO estimate)",SL.EMP.SELF.FE.ZS,8.68872989006856
Puerto Rico,PRI,2009,"Self-employed, female (% of female employment) (modeled ILO estimate)",SL.EMP.SELF.FE.ZS,8.6110800316596
Puerto Rico,PRI,2008,"Self-employed, female (% of female employment) (modeled ILO estimate)",SL.EMP.SELF.FE.ZS,8.59657293667889
Puerto Rico,PRI,2007,"Self-employed, female (% of female employment) (modeled ILO estimate)",SL.EMP.SELF.FE.ZS,9.00716809155729
Puerto Rico,PRI,2006,"Self-employed, female (% of female employment) (modeled ILO estimate)",SL.EMP.SELF.FE.ZS,8.82813673929376
Puerto Rico,PRI,2005,"Self-employed, female (% of female employment) (modeled ILO estimate)",SL.EMP.SELF.FE.ZS,8.45452206744702
Puerto Rico,PRI,2004,"Self-employed, female (% of female employment) (modeled ILO estimate)",SL.EMP.SELF.FE.ZS,8.43758529045695
Puerto Rico,PRI,2003,"Self-employed, female (% of female employment) (modeled ILO estimate)",SL.EMP.SELF.FE.ZS,8.35078020857837
Puerto Rico,PRI,2002,"Self-employed, female (% of female employment) (modeled ILO estimate)",SL.EMP.SELF.FE.ZS,8.7556313064631
Puerto Rico,PRI,2001,"Self-employed, female (% of female employment) (modeled ILO estimate)",SL.EMP.SELF.FE.ZS,7.94489301574485
Puerto Rico,PRI,2000,"Self-employed, female (% of female employment) (modeled ILO estimate)",SL.EMP.SELF.FE.ZS,8.23049350964946
Puerto Rico,PRI,1999,"Self-employed, female (% of female employment) (modeled ILO estimate)",SL.EMP.SELF.FE.ZS,8.37128739513218
Puerto Rico,PRI,1998,"Self-employed, female (% of female employment) (modeled ILO estimate)",SL.EMP.SELF.FE.ZS,8.12248917579891
Puerto Rico,PRI,1997,"Self-employed, female (% of female employment) (modeled ILO estimate)",SL.EMP.SELF.FE.ZS,8.72091114258383
Puerto Rico,PRI,1996,"Self-employed, female (% of female employment) (modeled ILO estimate)",SL.EMP.SELF.FE.ZS,8.74848418471155
Puerto Rico,PRI,1995,"Self-employed, female (% of female employment) (modeled ILO estimate)",SL.EMP.SELF.FE.ZS,8.92622566806603
Puerto Rico,PRI,1994,"Self-employed, female (% of female employment) (modeled ILO estimate)",SL.EMP.SELF.FE.ZS,8.68515638821897
Puerto Rico,PRI,1993,"Self-employed, female (% of female employment) (modeled ILO estimate)",SL.EMP.SELF.FE.ZS,8.88777622324012
Puerto Rico,PRI,1992,"Self-employed, female (% of female employment) (modeled ILO estimate)",SL.EMP.SELF.FE.ZS,8.97618541907342
Puerto Rico,PRI,1991,"Self-employed, female (% of female employment) (modeled ILO estimate)",SL.EMP.SELF.FE.ZS,9.16477088072798
Puerto Rico,PRI,2023,"Self-employed, male (% of male employment) (modeled ILO estimate)",SL.EMP.SELF.MA.ZS,22.5352632152868
Puerto Rico,PRI,2022,"Self-employed, male (% of male employment) (modeled ILO estimate)",SL.EMP.SELF.MA.ZS,22.48670652012
Puerto Rico,PRI,2021,"Self-employed, male (% of male employment) (modeled ILO estimate)",SL.EMP.SELF.MA.ZS,22.4293638307661
Puerto Rico,PRI,2020,"Self-employed, male (% of male employment) (modeled ILO estimate)",SL.EMP.SELF.MA.ZS,22.5292679745427
Puerto Rico,PRI,2019,"Self-employed, male (% of male employment) (modeled ILO estimate)",SL.EMP.SELF.MA.ZS,22.0652750648181
Puerto Rico,PRI,2018,"Self-employed, male (% of male employment) (modeled ILO estimate)",SL.EMP.SELF.MA.ZS,21.9900823722663
Puerto Rico,PRI,2017,"Self-employed, male (% of male employment) (modeled ILO estimate)",SL.EMP.SELF.MA.ZS,20.3763506342108
Puerto Rico,PRI,2016,"Self-employed, male (% of male employment) (modeled ILO estimate)",SL.EMP.SELF.MA.ZS,21.2347743546074
Puerto Rico,PRI,2015,"Self-employed, male (% of male employment) (modeled ILO estimate)",SL.EMP.SELF.MA.ZS,22.1127851886239
Puerto Rico,PRI,2014,"Self-employed, male (% of male employment) (modeled ILO estimate)",SL.EMP.SELF.MA.ZS,21.6599518203243
Puerto Rico,PRI,2013,"Self-employed, male (% of male employment) (modeled ILO estimate)",SL.EMP.SELF.MA.ZS,21.1987819638566
Puerto Rico,PRI,2012,"Self-employed, male (% of male employment) (modeled ILO estimate)",SL.EMP.SELF.MA.ZS,20.6658418429582
Puerto Rico,PRI,2011,"Self-employed, male (% of male employment) (modeled ILO estimate)",SL.EMP.SELF.MA.ZS,20.4058884711913
Puerto Rico,PRI,2010,"Self-employed, male (% of male employment) (modeled ILO estimate)",SL.EMP.SELF.MA.ZS,19.5128438320435
Puerto Rico,PRI,2009,"Self-employed, male (% of male employment) (modeled ILO estimate)",SL.EMP.SELF.MA.ZS,19.5355809388641
Puerto Rico,PRI,2008,"Self-employed, male (% of male employment) (modeled ILO estimate)",SL.EMP.SELF.MA.ZS,19.4517133583081
Puerto Rico,PRI,2007,"Self-employed, male (% of male employment) (modeled ILO estimate)",SL.EMP.SELF.MA.ZS,20.2241590086667
Puerto Rico,PRI,2006,"Self-employed, male (% of male employment) (modeled ILO estimate)",SL.EMP.SELF.MA.ZS,19.8754215245008
Puerto Rico,PRI,2005,"Self-employed, male (% of male employment) (modeled ILO estimate)",SL.EMP.SELF.MA.ZS,19.018727802436
Puerto Rico,PRI,2004,"Self-employed, male (% of male employment) (modeled ILO estimate)",SL.EMP.SELF.MA.ZS,18.8849295802052
Puerto Rico,PRI,2003,"Self-employed, male (% of male employment) (modeled ILO estimate)",SL.EMP.SELF.MA.ZS,18.7997051138272
Puerto Rico,PRI,2002,"Self-employed, male (% of male employment) (modeled ILO estimate)",SL.EMP.SELF.MA.ZS,19.2826567754613
Puerto Rico,PRI,2001,"Self-employed, male (% of male employment) (modeled ILO estimate)",SL.EMP.SELF.MA.ZS,18.1882731633426
Puerto Rico,PRI,2000,"Self-employed, male (% of male employment) (modeled ILO estimate)",SL.EMP.SELF.MA.ZS,18.8057426604908
Puerto Rico,PRI,1999,"Self-employed, male (% of male employment) (modeled ILO estimate)",SL.EMP.SELF.MA.ZS,19.0893481554039
Puerto Rico,PRI,1998,"Self-employed, male (% of male employment) (modeled ILO estimate)",SL.EMP.SELF.MA.ZS,17.7883639225307
Puerto Rico,PRI,1997,"Self-employed, male (% of male employment) (modeled ILO estimate)",SL.EMP.SELF.MA.ZS,18.4935848799727
Puerto Rico,PRI,1996,"Self-employed, male (% of male employment) (modeled ILO estimate)",SL.EMP.SELF.MA.ZS,18.4792502958022
Puerto Rico,PRI,1995,"Self-employed, male (% of male employment) (modeled ILO estimate)",SL.EMP.SELF.MA.ZS,19.1413533015327
Puerto Rico,PRI,1994,"Self-employed, male (% of male employment) (modeled ILO estimate)",SL.EMP.SELF.MA.ZS,19.2868299744752
Puerto Rico,PRI,1993,"Self-employed, male (% of male employment) (modeled ILO estimate)",SL.EMP.SELF.MA.ZS,18.7453446601484
Puerto Rico,PRI,1992,"Self-employed, male (% of male employment) (modeled ILO estimate)",SL.EMP.SELF.MA.ZS,18.7520716612905
Puerto Rico,PRI,1991,"Self-employed, male (% of male employment) (modeled ILO estimate)",SL.EMP.SELF.MA.ZS,19.1365774078842
Puerto Rico,PRI,2024,"Employment to population ratio, 15+, female (%) (modeled ILO estimate)",SL.EMP.TOTL.SP.FE.ZS,30.973
Puerto Rico,PRI,2023,"Employment to population ratio, 15+, female (%) (modeled ILO estimate)",SL.EMP.TOTL.SP.FE.ZS,30.998
Puerto Rico,PRI,2022,"Employment to population ratio, 15+, female (%) (modeled ILO estimate)",SL.EMP.TOTL.SP.FE.ZS,31.151
Puerto Rico,PRI,2021,"Employment to population ratio, 15+, female (%) (modeled ILO estimate)",SL.EMP.TOTL.SP.FE.ZS,29.746
Puerto Rico,PRI,2020,"Employment to population ratio, 15+, female (%) (modeled ILO estimate)",SL.EMP.TOTL.SP.FE.ZS,30.325
Puerto Rico,PRI,2019,"Employment to population ratio, 15+, female (%) (modeled ILO estimate)",SL.EMP.TOTL.SP.FE.ZS,30.696
Puerto Rico,PRI,2018,"Employment to population ratio, 15+, female (%) (modeled ILO estimate)",SL.EMP.TOTL.SP.FE.ZS,30.012
Puerto Rico,PRI,2017,"Employment to population ratio, 15+, female (%) (modeled ILO estimate)",SL.EMP.TOTL.SP.FE.ZS,29.229
Puerto Rico,PRI,2016,"Employment to population ratio, 15+, female (%) (modeled ILO estimate)",SL.EMP.TOTL.SP.FE.ZS,29.054
Puerto Rico,PRI,2015,"Employment to population ratio, 15+, female (%) (modeled ILO estimate)",SL.EMP.TOTL.SP.FE.ZS,28.848
Puerto Rico,PRI,2014,"Employment to population ratio, 15+, female (%) (modeled ILO estimate)",SL.EMP.TOTL.SP.FE.ZS,28.553
Puerto Rico,PRI,2013,"Employment to population ratio, 15+, female (%) (modeled ILO estimate)",SL.EMP.TOTL.SP.FE.ZS,28.645
Puerto Rico,PRI,2012,"Employment to population ratio, 15+, female (%) (modeled ILO estimate)",SL.EMP.TOTL.SP.FE.ZS,28.793
Puerto Rico,PRI,2011,"Employment to population ratio, 15+, female (%) (modeled ILO estimate)",SL.EMP.TOTL.SP.FE.ZS,28.846
Puerto Rico,PRI,2010,"Employment to population ratio, 15+, female (%) (modeled ILO estimate)",SL.EMP.TOTL.SP.FE.ZS,29.596
Puerto Rico,PRI,2009,"Employment to population ratio, 15+, female (%) (modeled ILO estimate)",SL.EMP.TOTL.SP.FE.ZS,30.546
Puerto Rico,PRI,2008,"Employment to population ratio, 15+, female (%) (modeled ILO estimate)",SL.EMP.TOTL.SP.FE.ZS,32.672
Puerto Rico,PRI,2007,"Employment to population ratio, 15+, female (%) (modeled ILO estimate)",SL.EMP.TOTL.SP.FE.ZS,33.492
Puerto Rico,PRI,2006,"Employment to population ratio, 15+, female (%) (modeled ILO estimate)",SL.EMP.TOTL.SP.FE.ZS,33.92
Puerto Rico,PRI,2005,"Employment to population ratio, 15+, female (%) (modeled ILO estimate)",SL.EMP.TOTL.SP.FE.ZS,33.778
Puerto Rico,PRI,2004,"Employment to population ratio, 15+, female (%) (modeled ILO estimate)",SL.EMP.TOTL.SP.FE.ZS,33.114
Puerto Rico,PRI,2003,"Employment to population ratio, 15+, female (%) (modeled ILO estimate)",SL.EMP.TOTL.SP.FE.ZS,32.814
Puerto Rico,PRI,2002,"Employment to population ratio, 15+, female (%) (modeled ILO estimate)",SL.EMP.TOTL.SP.FE.ZS,32.277
Puerto Rico,PRI,2001,"Employment to population ratio, 15+, female (%) (modeled ILO estimate)",SL.EMP.TOTL.SP.FE.ZS,32.11
Puerto Rico,PRI,2000,"Employment to population ratio, 15+, female (%) (modeled ILO estimate)",SL.EMP.TOTL.SP.FE.ZS,32.159
Puerto Rico,PRI,1999,"Employment to population ratio, 15+, female (%) (modeled ILO estimate)",SL.EMP.TOTL.SP.FE.ZS,32.935
Puerto Rico,PRI,1998,"Employment to population ratio, 15+, female (%) (modeled ILO estimate)",SL.EMP.TOTL.SP.FE.ZS,30.579
Puerto Rico,PRI,1997,"Employment to population ratio, 15+, female (%) (modeled ILO estimate)",SL.EMP.TOTL.SP.FE.ZS,30.632
Puerto Rico,PRI,1996,"Employment to population ratio, 15+, female (%) (modeled ILO estimate)",SL.EMP.TOTL.SP.FE.ZS,30.034
Puerto Rico,PRI,1995,"Employment to population ratio, 15+, female (%) (modeled ILO estimate)",SL.EMP.TOTL.SP.FE.ZS,29.905
Puerto Rico,PRI,1994,"Employment to population ratio, 15+, female (%) (modeled ILO estimate)",SL.EMP.TOTL.SP.FE.ZS,29.91
Puerto Rico,PRI,1993,"Employment to population ratio, 15+, female (%) (modeled ILO estimate)",SL.EMP.TOTL.SP.FE.ZS,29.485
Puerto Rico,PRI,1992,"Employment to population ratio, 15+, female (%) (modeled ILO estimate)",SL.EMP.TOTL.SP.FE.ZS,27.687
Puerto Rico,PRI,1991,"Employment to population ratio, 15+, female (%) (modeled ILO estimate)",SL.EMP.TOTL.SP.FE.ZS,27.125
Puerto Rico,PRI,2024,"Employment to population ratio, 15+, male (%) (modeled ILO estimate)",SL.EMP.TOTL.SP.MA.ZS,47.056
Puerto Rico,PRI,2023,"Employment to population ratio, 15+, male (%) (modeled ILO estimate)",SL.EMP.TOTL.SP.MA.ZS,46.972
Puerto Rico,PRI,2022,"Employment to population ratio, 15+, male (%) (modeled ILO estimate)",SL.EMP.TOTL.SP.MA.ZS,46.709
Puerto Rico,PRI,2021,"Employment to population ratio, 15+, male (%) (modeled ILO estimate)",SL.EMP.TOTL.SP.MA.ZS,43.929
Puerto Rico,PRI,2020,"Employment to population ratio, 15+, male (%) (modeled ILO estimate)",SL.EMP.TOTL.SP.MA.ZS,44.622
Puerto Rico,PRI,2019,"Employment to population ratio, 15+, male (%) (modeled ILO estimate)",SL.EMP.TOTL.SP.MA.ZS,45.288
Puerto Rico,PRI,2018,"Employment to population ratio, 15+, male (%) (modeled ILO estimate)",SL.EMP.TOTL.SP.MA.ZS,44.495
Puerto Rico,PRI,2017,"Employment to population ratio, 15+, male (%) (modeled ILO estimate)",SL.EMP.TOTL.SP.MA.ZS,43.018
Puerto Rico,PRI,2016,"Employment to population ratio, 15+, male (%) (modeled ILO estimate)",SL.EMP.TOTL.SP.MA.ZS,42.522
Puerto Rico,PRI,2015,"Employment to population ratio, 15+, male (%) (modeled ILO estimate)",SL.EMP.TOTL.SP.MA.ZS,42.419
Puerto Rico,PRI,2014,"Employment to population ratio, 15+, male (%) (modeled ILO estimate)",SL.EMP.TOTL.SP.MA.ZS,41.341
Puerto Rico,PRI,2013,"Employment to population ratio, 15+, male (%) (modeled ILO estimate)",SL.EMP.TOTL.SP.MA.ZS,41.104
Puerto Rico,PRI,2012,"Employment to population ratio, 15+, male (%) (modeled ILO estimate)",SL.EMP.TOTL.SP.MA.ZS,40.975
Puerto Rico,PRI,2011,"Employment to population ratio, 15+, male (%) (modeled ILO estimate)",SL.EMP.TOTL.SP.MA.ZS,40.094
Puerto Rico,PRI,2010,"Employment to population ratio, 15+, male (%) (modeled ILO estimate)",SL.EMP.TOTL.SP.MA.ZS,41.396
Puerto Rico,PRI,2009,"Employment to population ratio, 15+, male (%) (modeled ILO estimate)",SL.EMP.TOTL.SP.MA.ZS,43.651
Puerto Rico,PRI,2008,"Employment to population ratio, 15+, male (%) (modeled ILO estimate)",SL.EMP.TOTL.SP.MA.ZS,47.495
Puerto Rico,PRI,2007,"Employment to population ratio, 15+, male (%) (modeled ILO estimate)",SL.EMP.TOTL.SP.MA.ZS,49.607
Puerto Rico,PRI,2006,"Employment to population ratio, 15+, male (%) (modeled ILO estimate)",SL.EMP.TOTL.SP.MA.ZS,51.12
Puerto Rico,PRI,2005,"Employment to population ratio, 15+, male (%) (modeled ILO estimate)",SL.EMP.TOTL.SP.MA.ZS,51.818
Puerto Rico,PRI,2004,"Employment to population ratio, 15+, male (%) (modeled ILO estimate)",SL.EMP.TOTL.SP.MA.ZS,51.652
Puerto Rico,PRI,2003,"Employment to population ratio, 15+, male (%) (modeled ILO estimate)",SL.EMP.TOTL.SP.MA.ZS,50.605
Puerto Rico,PRI,2002,"Employment to population ratio, 15+, male (%) (modeled ILO estimate)",SL.EMP.TOTL.SP.MA.ZS,50.093
Puerto Rico,PRI,2001,"Employment to population ratio, 15+, male (%) (modeled ILO estimate)",SL.EMP.TOTL.SP.MA.ZS,50.563
Puerto Rico,PRI,2000,"Employment to population ratio, 15+, male (%) (modeled ILO estimate)",SL.EMP.TOTL.SP.MA.ZS,51.549
Puerto Rico,PRI,1999,"Employment to population ratio, 15+, male (%) (modeled ILO estimate)",SL.EMP.TOTL.SP.MA.ZS,51.594
Puerto Rico,PRI,1998,"Employment to population ratio, 15+, male (%) (modeled ILO estimate)",SL.EMP.TOTL.SP.MA.ZS,52.97
Puerto Rico,PRI,1997,"Employment to population ratio, 15+, male (%) (modeled ILO estimate)",SL.EMP.TOTL.SP.MA.ZS,52.835
Puerto Rico,PRI,1996,"Employment to population ratio, 15+, male (%) (modeled ILO estimate)",SL.EMP.TOTL.SP.MA.ZS,52.153
Puerto Rico,PRI,1995,"Employment to population ratio, 15+, male (%) (modeled ILO estimate)",SL.EMP.TOTL.SP.MA.ZS,50.569
Puerto Rico,PRI,1994,"Employment to population ratio, 15+, male (%) (modeled ILO estimate)",SL.EMP.TOTL.SP.MA.ZS,50.808
Puerto Rico,PRI,1993,"Employment to population ratio, 15+, male (%) (modeled ILO estimate)",SL.EMP.TOTL.SP.MA.ZS,49.879
Puerto Rico,PRI,1992,"Employment to population ratio, 15+, male (%) (modeled ILO estimate)",SL.EMP.TOTL.SP.MA.ZS,49.115
Puerto Rico,PRI,1991,"Employment to population ratio, 15+, male (%) (modeled ILO estimate)",SL.EMP.TOTL.SP.MA.ZS,50.562
Puerto Rico,PRI,2023,"Vulnerable employment, female (% of female employment) (modeled ILO estimate)",SL.EMP.VULN.FE.ZS,7.78156375780726
Puerto Rico,PRI,2022,"Vulnerable employment, female (% of female employment) (modeled ILO estimate)",SL.EMP.VULN.FE.ZS,7.75342824996404
Puerto Rico,PRI,2021,"Vulnerable employment, female (% of female employment) (modeled ILO estimate)",SL.EMP.VULN.FE.ZS,7.83505246151934
Puerto Rico,PRI,2020,"Vulnerable employment, female (% of female employment) (modeled ILO estimate)",SL.EMP.VULN.FE.ZS,7.65928170829415
Puerto Rico,PRI,2019,"Vulnerable employment, female (% of female employment) (modeled ILO estimate)",SL.EMP.VULN.FE.ZS,7.53645294334967
Puerto Rico,PRI,2018,"Vulnerable employment, female (% of female employment) (modeled ILO estimate)",SL.EMP.VULN.FE.ZS,7.4848230920777
Puerto Rico,PRI,2017,"Vulnerable employment, female (% of female employment) (modeled ILO estimate)",SL.EMP.VULN.FE.ZS,6.98506737015545
Puerto Rico,PRI,2016,"Vulnerable employment, female (% of female employment) (modeled ILO estimate)",SL.EMP.VULN.FE.ZS,7.17813070665708
Puerto Rico,PRI,2015,"Vulnerable employment, female (% of female employment) (modeled ILO estimate)",SL.EMP.VULN.FE.ZS,7.36307564603082
Puerto Rico,PRI,2014,"Vulnerable employment, female (% of female employment) (modeled ILO estimate)",SL.EMP.VULN.FE.ZS,7.26807578872106
Puerto Rico,PRI,2013,"Vulnerable employment, female (% of female employment) (modeled ILO estimate)",SL.EMP.VULN.FE.ZS,7.16241331761226
Puerto Rico,PRI,2012,"Vulnerable employment, female (% of female employment) (modeled ILO estimate)",SL.EMP.VULN.FE.ZS,7.0448230807027
Puerto Rico,PRI,2011,"Vulnerable employment, female (% of female employment) (modeled ILO estimate)",SL.EMP.VULN.FE.ZS,6.81672025723473
Puerto Rico,PRI,2010,"Vulnerable employment, female (% of female employment) (modeled ILO estimate)",SL.EMP.VULN.FE.ZS,6.63542254363919
Puerto Rico,PRI,2009,"Vulnerable employment, female (% of female employment) (modeled ILO estimate)",SL.EMP.VULN.FE.ZS,6.56978165649333
Puerto Rico,PRI,2008,"Vulnerable employment, female (% of female employment) (modeled ILO estimate)",SL.EMP.VULN.FE.ZS,6.57701189575208
Puerto Rico,PRI,2007,"Vulnerable employment, female (% of female employment) (modeled ILO estimate)",SL.EMP.VULN.FE.ZS,6.87419600878841
Puerto Rico,PRI,2006,"Vulnerable employment, female (% of female employment) (modeled ILO estimate)",SL.EMP.VULN.FE.ZS,6.7404207362885
Puerto Rico,PRI,2005,"Vulnerable employment, female (% of female employment) (modeled ILO estimate)",SL.EMP.VULN.FE.ZS,6.46436597232206
Puerto Rico,PRI,2004,"Vulnerable employment, female (% of female employment) (modeled ILO estimate)",SL.EMP.VULN.FE.ZS,6.44345811307023
Puerto Rico,PRI,2003,"Vulnerable employment, female (% of female employment) (modeled ILO estimate)",SL.EMP.VULN.FE.ZS,6.38300791970517
Puerto Rico,PRI,2002,"Vulnerable employment, female (% of female employment) (modeled ILO estimate)",SL.EMP.VULN.FE.ZS,6.71635819510126
Puerto Rico,PRI,2001,"Vulnerable employment, female (% of female employment) (modeled ILO estimate)",SL.EMP.VULN.FE.ZS,6.06297941057731
Puerto Rico,PRI,2000,"Vulnerable employment, female (% of female employment) (modeled ILO estimate)",SL.EMP.VULN.FE.ZS,6.35527834592252
Puerto Rico,PRI,1999,"Vulnerable employment, female (% of female employment) (modeled ILO estimate)",SL.EMP.VULN.FE.ZS,6.45302101043844
Puerto Rico,PRI,1998,"Vulnerable employment, female (% of female employment) (modeled ILO estimate)",SL.EMP.VULN.FE.ZS,6.34050897606094
Puerto Rico,PRI,1997,"Vulnerable employment, female (% of female employment) (modeled ILO estimate)",SL.EMP.VULN.FE.ZS,6.92594449175082
Puerto Rico,PRI,1996,"Vulnerable employment, female (% of female employment) (modeled ILO estimate)",SL.EMP.VULN.FE.ZS,6.96112060808751
Puerto Rico,PRI,1995,"Vulnerable employment, female (% of female employment) (modeled ILO estimate)",SL.EMP.VULN.FE.ZS,7.10138803406241
Puerto Rico,PRI,1994,"Vulnerable employment, female (% of female employment) (modeled ILO estimate)",SL.EMP.VULN.FE.ZS,6.88801877217324
Puerto Rico,PRI,1993,"Vulnerable employment, female (% of female employment) (modeled ILO estimate)",SL.EMP.VULN.FE.ZS,7.11999540027216
Puerto Rico,PRI,1992,"Vulnerable employment, female (% of female employment) (modeled ILO estimate)",SL.EMP.VULN.FE.ZS,7.21612366797387
Puerto Rico,PRI,1991,"Vulnerable employment, female (% of female employment) (modeled ILO estimate)",SL.EMP.VULN.FE.ZS,7.39423663168751
Puerto Rico,PRI,2023,"Vulnerable employment, male (% of male employment) (modeled ILO estimate)",SL.EMP.VULN.MA.ZS,18.1367423780781
Puerto Rico,PRI,2022,"Vulnerable employment, male (% of male employment) (modeled ILO estimate)",SL.EMP.VULN.MA.ZS,18.0525780607387
Puerto Rico,PRI,2021,"Vulnerable employment, male (% of male employment) (modeled ILO estimate)",SL.EMP.VULN.MA.ZS,18.0272360868674
Puerto Rico,PRI,2020,"Vulnerable employment, male (% of male employment) (modeled ILO estimate)",SL.EMP.VULN.MA.ZS,18.1313217723916
Puerto Rico,PRI,2019,"Vulnerable employment, male (% of male employment) (modeled ILO estimate)",SL.EMP.VULN.MA.ZS,17.7349729931491
Puerto Rico,PRI,2018,"Vulnerable employment, male (% of male employment) (modeled ILO estimate)",SL.EMP.VULN.MA.ZS,17.6548535098756
Puerto Rico,PRI,2017,"Vulnerable employment, male (% of male employment) (modeled ILO estimate)",SL.EMP.VULN.MA.ZS,16.3151392827937
Puerto Rico,PRI,2016,"Vulnerable employment, male (% of male employment) (modeled ILO estimate)",SL.EMP.VULN.MA.ZS,16.9427229596478
Puerto Rico,PRI,2015,"Vulnerable employment, male (% of male employment) (modeled ILO estimate)",SL.EMP.VULN.MA.ZS,17.5973839789189
Puerto Rico,PRI,2014,"Vulnerable employment, male (% of male employment) (modeled ILO estimate)",SL.EMP.VULN.MA.ZS,17.2358173910165
Puerto Rico,PRI,2013,"Vulnerable employment, male (% of male employment) (modeled ILO estimate)",SL.EMP.VULN.MA.ZS,16.8474071386964
Puerto Rico,PRI,2012,"Vulnerable employment, male (% of male employment) (modeled ILO estimate)",SL.EMP.VULN.MA.ZS,16.3675809430872
Puerto Rico,PRI,2011,"Vulnerable employment, male (% of male employment) (modeled ILO estimate)",SL.EMP.VULN.MA.ZS,16.1130694383802
Puerto Rico,PRI,2010,"Vulnerable employment, male (% of male employment) (modeled ILO estimate)",SL.EMP.VULN.MA.ZS,15.3432743620982
Puerto Rico,PRI,2009,"Vulnerable employment, male (% of male employment) (modeled ILO estimate)",SL.EMP.VULN.MA.ZS,15.3344227395093
Puerto Rico,PRI,2008,"Vulnerable employment, male (% of male employment) (modeled ILO estimate)",SL.EMP.VULN.MA.ZS,15.2974729144542
Puerto Rico,PRI,2007,"Vulnerable employment, male (% of male employment) (modeled ILO estimate)",SL.EMP.VULN.MA.ZS,15.8823351955789
Puerto Rico,PRI,2006,"Vulnerable employment, male (% of male employment) (modeled ILO estimate)",SL.EMP.VULN.MA.ZS,15.5566637889849
Puerto Rico,PRI,2005,"Vulnerable employment, male (% of male employment) (modeled ILO estimate)",SL.EMP.VULN.MA.ZS,14.8388513835532
Puerto Rico,PRI,2004,"Vulnerable employment, male (% of male employment) (modeled ILO estimate)",SL.EMP.VULN.MA.ZS,14.6810054173349
Puerto Rico,PRI,2003,"Vulnerable employment, male (% of male employment) (modeled ILO estimate)",SL.EMP.VULN.MA.ZS,14.5861915849278
Puerto Rico,PRI,2002,"Vulnerable employment, male (% of male employment) (modeled ILO estimate)",SL.EMP.VULN.MA.ZS,14.9203408830238
Puerto Rico,PRI,2001,"Vulnerable employment, male (% of male employment) (modeled ILO estimate)",SL.EMP.VULN.MA.ZS,14.1058559592389
Puerto Rico,PRI,2000,"Vulnerable employment, male (% of male employment) (modeled ILO estimate)",SL.EMP.VULN.MA.ZS,14.6918848300785
Puerto Rico,PRI,1999,"Vulnerable employment, male (% of male employment) (modeled ILO estimate)",SL.EMP.VULN.MA.ZS,14.8787828741301
Puerto Rico,PRI,1998,"Vulnerable employment, male (% of male employment) (modeled ILO estimate)",SL.EMP.VULN.MA.ZS,13.8581876688217
Puerto Rico,PRI,1997,"Vulnerable employment, male (% of male employment) (modeled ILO estimate)",SL.EMP.VULN.MA.ZS,14.4960298157364
Puerto Rico,PRI,1996,"Vulnerable employment, male (% of male employment) (modeled ILO estimate)",SL.EMP.VULN.MA.ZS,14.4726010990048
Puerto Rico,PRI,1995,"Vulnerable employment, male (% of male employment) (modeled ILO estimate)",SL.EMP.VULN.MA.ZS,15.0239715247343
Puerto Rico,PRI,1994,"Vulnerable employment, male (% of male employment) (modeled ILO estimate)",SL.EMP.VULN.MA.ZS,15.1877785820412
Puerto Rico,PRI,1993,"Vulnerable employment, male (% of male employment) (modeled ILO estimate)",SL.EMP.VULN.MA.ZS,14.7196738983541
Puerto Rico,PRI,1992,"Vulnerable employment, male (% of male employment) (modeled ILO estimate)",SL.EMP.VULN.MA.ZS,14.7397184966004
Puerto Rico,PRI,1991,"Vulnerable employment, male (% of male employment) (modeled ILO estimate)",SL.EMP.VULN.MA.ZS,15.0992212691655
Puerto Rico,PRI,2023,"Wage and salaried workers, female (% of female employment) (modeled ILO estimate)",SL.EMP.WORK.FE.ZS,90.0280670139616
Puerto Rico,PRI,2022,"Wage and salaried workers, female (% of female employment) (modeled ILO estimate)",SL.EMP.WORK.FE.ZS,90.046654654045
Puerto Rico,PRI,2021,"Wage and salaried workers, female (% of female employment) (modeled ILO estimate)",SL.EMP.WORK.FE.ZS,90.0016865801481
Puerto Rico,PRI,2020,"Wage and salaried workers, female (% of female employment) (modeled ILO estimate)",SL.EMP.WORK.FE.ZS,90.2190667781377
Puerto Rico,PRI,2019,"Wage and salaried workers, female (% of female employment) (modeled ILO estimate)",SL.EMP.WORK.FE.ZS,90.2233303158427
Puerto Rico,PRI,2018,"Wage and salaried workers, female (% of female employment) (modeled ILO estimate)",SL.EMP.WORK.FE.ZS,90.2843274468028
Puerto Rico,PRI,2017,"Wage and salaried workers, female (% of female employment) (modeled ILO estimate)",SL.EMP.WORK.FE.ZS,90.9467836546903
Puerto Rico,PRI,2016,"Wage and salaried workers, female (% of female employment) (modeled ILO estimate)",SL.EMP.WORK.FE.ZS,90.6555254274805
Puerto Rico,PRI,2015,"Wage and salaried workers, female (% of female employment) (modeled ILO estimate)",SL.EMP.WORK.FE.ZS,90.3772868814073
Puerto Rico,PRI,2014,"Wage and salaried workers, female (% of female employment) (modeled ILO estimate)",SL.EMP.WORK.FE.ZS,90.5121101081419
Puerto Rico,PRI,2013,"Wage and salaried workers, female (% of female employment) (modeled ILO estimate)",SL.EMP.WORK.FE.ZS,90.6492935510302
Puerto Rico,PRI,2012,"Wage and salaried workers, female (% of female employment) (modeled ILO estimate)",SL.EMP.WORK.FE.ZS,90.7897085166718
Puerto Rico,PRI,2011,"Wage and salaried workers, female (% of female employment) (modeled ILO estimate)",SL.EMP.WORK.FE.ZS,91.0810662511111
Puerto Rico,PRI,2010,"Wage and salaried workers, female (% of female employment) (modeled ILO estimate)",SL.EMP.WORK.FE.ZS,91.3112701099314
Puerto Rico,PRI,2009,"Wage and salaried workers, female (% of female employment) (modeled ILO estimate)",SL.EMP.WORK.FE.ZS,91.3889199683404
Puerto Rico,PRI,2008,"Wage and salaried workers, female (% of female employment) (modeled ILO estimate)",SL.EMP.WORK.FE.ZS,91.4034270633211
Puerto Rico,PRI,2007,"Wage and salaried workers, female (% of female employment) (modeled ILO estimate)",SL.EMP.WORK.FE.ZS,90.9928319084427
Puerto Rico,PRI,2006,"Wage and salaried workers, female (% of female employment) (modeled ILO estimate)",SL.EMP.WORK.FE.ZS,91.171675432006
Puerto Rico,PRI,2005,"Wage and salaried workers, female (% of female employment) (modeled ILO estimate)",SL.EMP.WORK.FE.ZS,91.545477932553
Puerto Rico,PRI,2004,"Wage and salaried workers, female (% of female employment) (modeled ILO estimate)",SL.EMP.WORK.FE.ZS,91.5622211425486
Puerto Rico,PRI,2003,"Wage and salaried workers, female (% of female employment) (modeled ILO estimate)",SL.EMP.WORK.FE.ZS,91.6492197914216
Puerto Rico,PRI,2002,"Wage and salaried workers, female (% of female employment) (modeled ILO estimate)",SL.EMP.WORK.FE.ZS,91.2443686935369
Puerto Rico,PRI,2001,"Wage and salaried workers, female (% of female employment) (modeled ILO estimate)",SL.EMP.WORK.FE.ZS,92.0551069842551
Puerto Rico,PRI,2000,"Wage and salaried workers, female (% of female employment) (modeled ILO estimate)",SL.EMP.WORK.FE.ZS,91.7695064903505
Puerto Rico,PRI,1999,"Wage and salaried workers, female (% of female employment) (modeled ILO estimate)",SL.EMP.WORK.FE.ZS,91.6287126048678
Puerto Rico,PRI,1998,"Wage and salaried workers, female (% of female employment) (modeled ILO estimate)",SL.EMP.WORK.FE.ZS,91.8775108242011
Puerto Rico,PRI,1997,"Wage and salaried workers, female (% of female employment) (modeled ILO estimate)",SL.EMP.WORK.FE.ZS,91.2790888574162
Puerto Rico,PRI,1996,"Wage and salaried workers, female (% of female employment) (modeled ILO estimate)",SL.EMP.WORK.FE.ZS,91.2512899955062
Puerto Rico,PRI,1995,"Wage and salaried workers, female (% of female employment) (modeled ILO estimate)",SL.EMP.WORK.FE.ZS,91.073774331934
Puerto Rico,PRI,1994,"Wage and salaried workers, female (% of female employment) (modeled ILO estimate)",SL.EMP.WORK.FE.ZS,91.3150764016277
Puerto Rico,PRI,1993,"Wage and salaried workers, female (% of female employment) (modeled ILO estimate)",SL.EMP.WORK.FE.ZS,91.1122237767599
Puerto Rico,PRI,1992,"Wage and salaried workers, female (% of female employment) (modeled ILO estimate)",SL.EMP.WORK.FE.ZS,91.0238145809266
Puerto Rico,PRI,1991,"Wage and salaried workers, female (% of female employment) (modeled ILO estimate)",SL.EMP.WORK.FE.ZS,90.835229119272
Puerto Rico,PRI,2023,"Wage and salaried workers, male (% of male employment) (modeled ILO estimate)",SL.EMP.WORK.MA.ZS,77.4647367847132
Puerto Rico,PRI,2022,"Wage and salaried workers, male (% of male employment) (modeled ILO estimate)",SL.EMP.WORK.MA.ZS,77.51329347988
Puerto Rico,PRI,2021,"Wage and salaried workers, male (% of male employment) (modeled ILO estimate)",SL.EMP.WORK.MA.ZS,77.5706361692339
Puerto Rico,PRI,2020,"Wage and salaried workers, male (% of male employment) (modeled ILO estimate)",SL.EMP.WORK.MA.ZS,77.4707320254573
Puerto Rico,PRI,2019,"Wage and salaried workers, male (% of male employment) (modeled ILO estimate)",SL.EMP.WORK.MA.ZS,77.9347249351819
Puerto Rico,PRI,2018,"Wage and salaried workers, male (% of male employment) (modeled ILO estimate)",SL.EMP.WORK.MA.ZS,78.0099176277336
Puerto Rico,PRI,2017,"Wage and salaried workers, male (% of male employment) (modeled ILO estimate)",SL.EMP.WORK.MA.ZS,79.6236493657891
Puerto Rico,PRI,2016,"Wage and salaried workers, male (% of male employment) (modeled ILO estimate)",SL.EMP.WORK.MA.ZS,78.7652256453926
Puerto Rico,PRI,2015,"Wage and salaried workers, male (% of male employment) (modeled ILO estimate)",SL.EMP.WORK.MA.ZS,77.8872148113761
Puerto Rico,PRI,2014,"Wage and salaried workers, male (% of male employment) (modeled ILO estimate)",SL.EMP.WORK.MA.ZS,78.3400481796757
Puerto Rico,PRI,2013,"Wage and salaried workers, male (% of male employment) (modeled ILO estimate)",SL.EMP.WORK.MA.ZS,78.8013924399441
Puerto Rico,PRI,2012,"Wage and salaried workers, male (% of male employment) (modeled ILO estimate)",SL.EMP.WORK.MA.ZS,79.3341581570418
Puerto Rico,PRI,2011,"Wage and salaried workers, male (% of male employment) (modeled ILO estimate)",SL.EMP.WORK.MA.ZS,79.5941115288087
Puerto Rico,PRI,2010,"Wage and salaried workers, male (% of male employment) (modeled ILO estimate)",SL.EMP.WORK.MA.ZS,80.4871561679565
Puerto Rico,PRI,2009,"Wage and salaried workers, male (% of male employment) (modeled ILO estimate)",SL.EMP.WORK.MA.ZS,80.4645818210227
Puerto Rico,PRI,2008,"Wage and salaried workers, male (% of male employment) (modeled ILO estimate)",SL.EMP.WORK.MA.ZS,80.5482866416919
Puerto Rico,PRI,2007,"Wage and salaried workers, male (% of male employment) (modeled ILO estimate)",SL.EMP.WORK.MA.ZS,79.7758409913333
Puerto Rico,PRI,2006,"Wage and salaried workers, male (% of male employment) (modeled ILO estimate)",SL.EMP.WORK.MA.ZS,80.1245784754992
Puerto Rico,PRI,2005,"Wage and salaried workers, male (% of male employment) (modeled ILO estimate)",SL.EMP.WORK.MA.ZS,80.981272197564
Puerto Rico,PRI,2004,"Wage and salaried workers, male (% of male employment) (modeled ILO estimate)",SL.EMP.WORK.MA.ZS,81.1152093970887
Puerto Rico,PRI,2003,"Wage and salaried workers, male (% of male employment) (modeled ILO estimate)",SL.EMP.WORK.MA.ZS,81.2001525665913
Puerto Rico,PRI,2002,"Wage and salaried workers, male (% of male employment) (modeled ILO estimate)",SL.EMP.WORK.MA.ZS,80.7173432245387
Puerto Rico,PRI,2001,"Wage and salaried workers, male (% of male employment) (modeled ILO estimate)",SL.EMP.WORK.MA.ZS,81.8117268366574
Puerto Rico,PRI,2000,"Wage and salaried workers, male (% of male employment) (modeled ILO estimate)",SL.EMP.WORK.MA.ZS,81.1942573395092
Puerto Rico,PRI,1999,"Wage and salaried workers, male (% of male employment) (modeled ILO estimate)",SL.EMP.WORK.MA.ZS,80.9107942184813
Puerto Rico,PRI,1998,"Wage and salaried workers, male (% of male employment) (modeled ILO estimate)",SL.EMP.WORK.MA.ZS,82.2116360774693
Puerto Rico,PRI,1997,"Wage and salaried workers, male (% of male employment) (modeled ILO estimate)",SL.EMP.WORK.MA.ZS,81.5064151200273
Puerto Rico,PRI,1996,"Wage and salaried workers, male (% of male employment) (modeled ILO estimate)",SL.EMP.WORK.MA.ZS,81.5207497041979
Puerto Rico,PRI,1995,"Wage and salaried workers, male (% of male employment) (modeled ILO estimate)",SL.EMP.WORK.MA.ZS,80.8584953630838
Puerto Rico,PRI,1994,"Wage and salaried workers, male (% of male employment) (modeled ILO estimate)",SL.EMP.WORK.MA.ZS,80.7131700255248
Puerto Rico,PRI,1993,"Wage and salaried workers, male (% of male employment) (modeled ILO estimate)",SL.EMP.WORK.MA.ZS,81.2546553398516
Puerto Rico,PRI,1992,"Wage and salaried workers, male (% of male employment) (modeled ILO estimate)",SL.EMP.WORK.MA.ZS,81.2479283387095
Puerto Rico,PRI,1991,"Wage and salaried workers, male (% of male employment) (modeled ILO estimate)",SL.EMP.WORK.MA.ZS,80.8634225921158
Puerto Rico,PRI,2023,"Contributing family workers, female (% of female employment) (modeled ILO estimate)",SL.FAM.WORK.FE.ZS,0.701992609936188
Puerto Rico,PRI,2022,"Contributing family workers, female (% of female employment) (modeled ILO estimate)",SL.FAM.WORK.FE.ZS,0.715258567452563
Puerto Rico,PRI,2021,"Contributing family workers, female (% of female employment) (modeled ILO estimate)",SL.FAM.WORK.FE.ZS,0.736991141015854
Puerto Rico,PRI,2020,"Contributing family workers, female (% of female employment) (modeled ILO estimate)",SL.FAM.WORK.FE.ZS,0.732399763123977
Puerto Rico,PRI,2019,"Contributing family workers, female (% of female employment) (modeled ILO estimate)",SL.FAM.WORK.FE.ZS,0.728518743369982
Puerto Rico,PRI,2018,"Contributing family workers, female (% of female employment) (modeled ILO estimate)",SL.FAM.WORK.FE.ZS,0.729650463107411
Puerto Rico,PRI,2017,"Contributing family workers, female (% of female employment) (modeled ILO estimate)",SL.FAM.WORK.FE.ZS,0.742804921420243
Puerto Rico,PRI,2016,"Contributing family workers, female (% of female employment) (modeled ILO estimate)",SL.FAM.WORK.FE.ZS,0.769630900337557
Puerto Rico,PRI,2015,"Contributing family workers, female (% of female employment) (modeled ILO estimate)",SL.FAM.WORK.FE.ZS,0.783027306079781
Puerto Rico,PRI,2014,"Contributing family workers, female (% of female employment) (modeled ILO estimate)",SL.FAM.WORK.FE.ZS,0.77978371614979
Puerto Rico,PRI,2013,"Contributing family workers, female (% of female employment) (modeled ILO estimate)",SL.FAM.WORK.FE.ZS,0.776505436870352
Puerto Rico,PRI,2012,"Contributing family workers, female (% of female employment) (modeled ILO estimate)",SL.FAM.WORK.FE.ZS,0.803127017457271
Puerto Rico,PRI,2011,"Contributing family workers, female (% of female employment) (modeled ILO estimate)",SL.FAM.WORK.FE.ZS,0.817137275989596
Puerto Rico,PRI,2010,"Contributing family workers, female (% of female employment) (modeled ILO estimate)",SL.FAM.WORK.FE.ZS,0.851840454086954
Puerto Rico,PRI,2009,"Contributing family workers, female (% of female employment) (modeled ILO estimate)",SL.FAM.WORK.FE.ZS,0.848054633531827
Puerto Rico,PRI,2008,"Contributing family workers, female (% of female employment) (modeled ILO estimate)",SL.FAM.WORK.FE.ZS,0.837748151598067
Puerto Rico,PRI,2007,"Contributing family workers, female (% of female employment) (modeled ILO estimate)",SL.FAM.WORK.FE.ZS,0.853037047156101
Puerto Rico,PRI,2006,"Contributing family workers, female (% of female employment) (modeled ILO estimate)",SL.FAM.WORK.FE.ZS,0.903268219383922
Puerto Rico,PRI,2005,"Contributing family workers, female (% of female employment) (modeled ILO estimate)",SL.FAM.WORK.FE.ZS,0.931803908809576
Puerto Rico,PRI,2004,"Contributing family workers, female (% of female employment) (modeled ILO estimate)",SL.FAM.WORK.FE.ZS,0.960479426731989
Puerto Rico,PRI,2003,"Contributing family workers, female (% of female employment) (modeled ILO estimate)",SL.FAM.WORK.FE.ZS,1.005057633498
Puerto Rico,PRI,2002,"Contributing family workers, female (% of female employment) (modeled ILO estimate)",SL.FAM.WORK.FE.ZS,1.21248129566059
Puerto Rico,PRI,2001,"Contributing family workers, female (% of female employment) (modeled ILO estimate)",SL.FAM.WORK.FE.ZS,0.876059749697214
Puerto Rico,PRI,2000,"Contributing family workers, female (% of female employment) (modeled ILO estimate)",SL.FAM.WORK.FE.ZS,1.03379842449525
Puerto Rico,PRI,1999,"Contributing family workers, female (% of female employment) (modeled ILO estimate)",SL.FAM.WORK.FE.ZS,1.06138492295242
Puerto Rico,PRI,1998,"Contributing family workers, female (% of female employment) (modeled ILO estimate)",SL.FAM.WORK.FE.ZS,1.32601886317689
Puerto Rico,PRI,1997,"Contributing family workers, female (% of female employment) (modeled ILO estimate)",SL.FAM.WORK.FE.ZS,1.74724680572551
Puerto Rico,PRI,1996,"Contributing family workers, female (% of female employment) (modeled ILO estimate)",SL.FAM.WORK.FE.ZS,1.81491359006032
Puerto Rico,PRI,1995,"Contributing family workers, female (% of female employment) (modeled ILO estimate)",SL.FAM.WORK.FE.ZS,1.84711415684509
Puerto Rico,PRI,1994,"Contributing family workers, female (% of female employment) (modeled ILO estimate)",SL.FAM.WORK.FE.ZS,1.68865754751241
Puerto Rico,PRI,1993,"Contributing family workers, female (% of female employment) (modeled ILO estimate)",SL.FAM.WORK.FE.ZS,1.95919658086897
Puerto Rico,PRI,1992,"Contributing family workers, female (% of female employment) (modeled ILO estimate)",SL.FAM.WORK.FE.ZS,2.05146270326835
Puerto Rico,PRI,1991,"Contributing family workers, female (% of female employment) (modeled ILO estimate)",SL.FAM.WORK.FE.ZS,2.1546155560987
Puerto Rico,PRI,2023,"Contributing family workers, male (% of male employment) (modeled ILO estimate)",SL.FAM.WORK.MA.ZS,0.156832308096909
Puerto Rico,PRI,2022,"Contributing family workers, male (% of male employment) (modeled ILO estimate)",SL.FAM.WORK.MA.ZS,0.157546357165526
Puerto Rico,PRI,2021,"Contributing family workers, male (% of male employment) (modeled ILO estimate)",SL.FAM.WORK.MA.ZS,0.159735875781663
Puerto Rico,PRI,2020,"Contributing family workers, male (% of male employment) (modeled ILO estimate)",SL.FAM.WORK.MA.ZS,0.155508613110494
Puerto Rico,PRI,2019,"Contributing family workers, male (% of male employment) (modeled ILO estimate)",SL.FAM.WORK.MA.ZS,0.154157481659277
Puerto Rico,PRI,2018,"Contributing family workers, male (% of male employment) (modeled ILO estimate)",SL.FAM.WORK.MA.ZS,0.15259209164451
Puerto Rico,PRI,2017,"Contributing family workers, male (% of male employment) (modeled ILO estimate)",SL.FAM.WORK.MA.ZS,0.152593391679571
Puerto Rico,PRI,2016,"Contributing family workers, male (% of male employment) (modeled ILO estimate)",SL.FAM.WORK.MA.ZS,0.156090172487351
Puerto Rico,PRI,2015,"Contributing family workers, male (% of male employment) (modeled ILO estimate)",SL.FAM.WORK.MA.ZS,0.15701587908412
Puerto Rico,PRI,2014,"Contributing family workers, male (% of male employment) (modeled ILO estimate)",SL.FAM.WORK.MA.ZS,0.152586391593117
Puerto Rico,PRI,2013,"Contributing family workers, male (% of male employment) (modeled ILO estimate)",SL.FAM.WORK.MA.ZS,0.147894422915264
Puerto Rico,PRI,2012,"Contributing family workers, male (% of male employment) (modeled ILO estimate)",SL.FAM.WORK.MA.ZS,0.148468267521695
Puerto Rico,PRI,2011,"Contributing family workers, male (% of male employment) (modeled ILO estimate)",SL.FAM.WORK.MA.ZS,0.150690620973153
Puerto Rico,PRI,2010,"Contributing family workers, male (% of male employment) (modeled ILO estimate)",SL.FAM.WORK.MA.ZS,0.15065978001613
Puerto Rico,PRI,2009,"Contributing family workers, male (% of male employment) (modeled ILO estimate)",SL.FAM.WORK.MA.ZS,0.146972177824942
Puerto Rico,PRI,2008,"Contributing family workers, male (% of male employment) (modeled ILO estimate)",SL.FAM.WORK.MA.ZS,0.140052456010797
Puerto Rico,PRI,2007,"Contributing family workers, male (% of male employment) (modeled ILO estimate)",SL.FAM.WORK.MA.ZS,0.136615750603709
Puerto Rico,PRI,2006,"Contributing family workers, male (% of male employment) (modeled ILO estimate)",SL.FAM.WORK.MA.ZS,0.143465008227935
Puerto Rico,PRI,2005,"Contributing family workers, male (% of male employment) (modeled ILO estimate)",SL.FAM.WORK.MA.ZS,0.150159484014991
Puerto Rico,PRI,2004,"Contributing family workers, male (% of male employment) (modeled ILO estimate)",SL.FAM.WORK.MA.ZS,0.15120729575202
Puerto Rico,PRI,2003,"Contributing family workers, male (% of male employment) (modeled ILO estimate)",SL.FAM.WORK.MA.ZS,0.132499530345381
Puerto Rico,PRI,2002,"Contributing family workers, male (% of male employment) (modeled ILO estimate)",SL.FAM.WORK.MA.ZS,0.155235370581166
Puerto Rico,PRI,2001,"Contributing family workers, male (% of male employment) (modeled ILO estimate)",SL.FAM.WORK.MA.ZS,0.131681623097932
Puerto Rico,PRI,2000,"Contributing family workers, male (% of male employment) (modeled ILO estimate)",SL.FAM.WORK.MA.ZS,0.155103864447423
Puerto Rico,PRI,1999,"Contributing family workers, male (% of male employment) (modeled ILO estimate)",SL.FAM.WORK.MA.ZS,0.142658632982904
Puerto Rico,PRI,1998,"Contributing family workers, male (% of male employment) (modeled ILO estimate)",SL.FAM.WORK.MA.ZS,0.158092029445166
Puerto Rico,PRI,1997,"Contributing family workers, male (% of male employment) (modeled ILO estimate)",SL.FAM.WORK.MA.ZS,0.176988389391475
Puerto Rico,PRI,1996,"Contributing family workers, male (% of male employment) (modeled ILO estimate)",SL.FAM.WORK.MA.ZS,0.164052235393181
Puerto Rico,PRI,1995,"Contributing family workers, male (% of male employment) (modeled ILO estimate)",SL.FAM.WORK.MA.ZS,0.327489769728081
Puerto Rico,PRI,1994,"Contributing family workers, male (% of male employment) (modeled ILO estimate)",SL.FAM.WORK.MA.ZS,0.50577164844375
Puerto Rico,PRI,1993,"Contributing family workers, male (% of male employment) (modeled ILO estimate)",SL.FAM.WORK.MA.ZS,0.199256402761933
Puerto Rico,PRI,1992,"Contributing family workers, male (% of male employment) (modeled ILO estimate)",SL.FAM.WORK.MA.ZS,0.200496390256522
Puerto Rico,PRI,1991,"Contributing family workers, male (% of male employment) (modeled ILO estimate)",SL.FAM.WORK.MA.ZS,0.349377397688023
Puerto Rico,PRI,2023,"Employment in industry, female (% of female employment) (modeled ILO estimate)",SL.IND.EMPL.FE.ZS,6.69780053595941
Puerto Rico,PRI,2022,"Employment in industry, female (% of female employment) (modeled ILO estimate)",SL.IND.EMPL.FE.ZS,6.81970069960832
Puerto Rico,PRI,2021,"Employment in industry, female (% of female employment) (modeled ILO estimate)",SL.IND.EMPL.FE.ZS,6.84618389049657
Puerto Rico,PRI,2020,"Employment in industry, female (% of female employment) (modeled ILO estimate)",SL.IND.EMPL.FE.ZS,6.97412651966419
Puerto Rico,PRI,2019,"Employment in industry, female (% of female employment) (modeled ILO estimate)",SL.IND.EMPL.FE.ZS,7.00626759452703
Puerto Rico,PRI,2018,"Employment in industry, female (% of female employment) (modeled ILO estimate)",SL.IND.EMPL.FE.ZS,7.18596503739626
Puerto Rico,PRI,2017,"Employment in industry, female (% of female employment) (modeled ILO estimate)",SL.IND.EMPL.FE.ZS,7.35219307525739
Puerto Rico,PRI,2016,"Employment in industry, female (% of female employment) (modeled ILO estimate)",SL.IND.EMPL.FE.ZS,7.58762658402966
Puerto Rico,PRI,2015,"Employment in industry, female (% of female employment) (modeled ILO estimate)",SL.IND.EMPL.FE.ZS,7.78943490197732
Puerto Rico,PRI,2014,"Employment in industry, female (% of female employment) (modeled ILO estimate)",SL.IND.EMPL.FE.ZS,7.96764679596032
Puerto Rico,PRI,2013,"Employment in industry, female (% of female employment) (modeled ILO estimate)",SL.IND.EMPL.FE.ZS,8.2286927307811
Puerto Rico,PRI,2012,"Employment in industry, female (% of female employment) (modeled ILO estimate)",SL.IND.EMPL.FE.ZS,8.48273993006515
Puerto Rico,PRI,2011,"Employment in industry, female (% of female employment) (modeled ILO estimate)",SL.IND.EMPL.FE.ZS,8.78087859267144
Puerto Rico,PRI,2010,"Employment in industry, female (% of female employment) (modeled ILO estimate)",SL.IND.EMPL.FE.ZS,8.88384537792139
Puerto Rico,PRI,2009,"Employment in industry, female (% of female employment) (modeled ILO estimate)",SL.IND.EMPL.FE.ZS,8.72980353642719
Puerto Rico,PRI,2008,"Employment in industry, female (% of female employment) (modeled ILO estimate)",SL.IND.EMPL.FE.ZS,9.70386757485785
Puerto Rico,PRI,2007,"Employment in industry, female (% of female employment) (modeled ILO estimate)",SL.IND.EMPL.FE.ZS,10.1947034292241
Puerto Rico,PRI,2006,"Employment in industry, female (% of female employment) (modeled ILO estimate)",SL.IND.EMPL.FE.ZS,11.2154395191585
Puerto Rico,PRI,2005,"Employment in industry, female (% of female employment) (modeled ILO estimate)",SL.IND.EMPL.FE.ZS,10.9168224086923
Puerto Rico,PRI,2004,"Employment in industry, female (% of female employment) (modeled ILO estimate)",SL.IND.EMPL.FE.ZS,10.8494300419847
Puerto Rico,PRI,2003,"Employment in industry, female (% of female employment) (modeled ILO estimate)",SL.IND.EMPL.FE.ZS,11.6378499176664
Puerto Rico,PRI,2002,"Employment in industry, female (% of female employment) (modeled ILO estimate)",SL.IND.EMPL.FE.ZS,11.9515727648815
Puerto Rico,PRI,2001,"Employment in industry, female (% of female employment) (modeled ILO estimate)",SL.IND.EMPL.FE.ZS,13.8114654824384
Puerto Rico,PRI,2000,"Employment in industry, female (% of female employment) (modeled ILO estimate)",SL.IND.EMPL.FE.ZS,14.6813551770924
Puerto Rico,PRI,1999,"Employment in industry, female (% of female employment) (modeled ILO estimate)",SL.IND.EMPL.FE.ZS,14.5002122769846
Puerto Rico,PRI,1998,"Employment in industry, female (% of female employment) (modeled ILO estimate)",SL.IND.EMPL.FE.ZS,14.0942377940322
Puerto Rico,PRI,1997,"Employment in industry, female (% of female employment) (modeled ILO estimate)",SL.IND.EMPL.FE.ZS,15.0464173997938
Puerto Rico,PRI,1996,"Employment in industry, female (% of female employment) (modeled ILO estimate)",SL.IND.EMPL.FE.ZS,16.2881550749609
Puerto Rico,PRI,1995,"Employment in industry, female (% of female employment) (modeled ILO estimate)",SL.IND.EMPL.FE.ZS,17.5297862372427
Puerto Rico,PRI,1994,"Employment in industry, female (% of female employment) (modeled ILO estimate)",SL.IND.EMPL.FE.ZS,18.1068598512007
Puerto Rico,PRI,1993,"Employment in industry, female (% of female employment) (modeled ILO estimate)",SL.IND.EMPL.FE.ZS,19.1312743162696
Puerto Rico,PRI,1992,"Employment in industry, female (% of female employment) (modeled ILO estimate)",SL.IND.EMPL.FE.ZS,19.2578471038631
Puerto Rico,PRI,1991,"Employment in industry, female (% of female employment) (modeled ILO estimate)",SL.IND.EMPL.FE.ZS,19.4428403752716
Puerto Rico,PRI,2023,"Employment in industry, male (% of male employment) (modeled ILO estimate)",SL.IND.EMPL.MA.ZS,16.0538233086806
Puerto Rico,PRI,2022,"Employment in industry, male (% of male employment) (modeled ILO estimate)",SL.IND.EMPL.MA.ZS,16.2484860653243
Puerto Rico,PRI,2021,"Employment in industry, male (% of male employment) (modeled ILO estimate)",SL.IND.EMPL.MA.ZS,16.541709673584
Puerto Rico,PRI,2020,"Employment in industry, male (% of male employment) (modeled ILO estimate)",SL.IND.EMPL.MA.ZS,16.7576623565823
Puerto Rico,PRI,2019,"Employment in industry, male (% of male employment) (modeled ILO estimate)",SL.IND.EMPL.MA.ZS,16.9066066774794
Puerto Rico,PRI,2018,"Employment in industry, male (% of male employment) (modeled ILO estimate)",SL.IND.EMPL.MA.ZS,17.1582855446027
Puerto Rico,PRI,2017,"Employment in industry, male (% of male employment) (modeled ILO estimate)",SL.IND.EMPL.MA.ZS,17.4786421450072
Puerto Rico,PRI,2016,"Employment in industry, male (% of male employment) (modeled ILO estimate)",SL.IND.EMPL.MA.ZS,17.8850895333915
Puerto Rico,PRI,2015,"Employment in industry, male (% of male employment) (modeled ILO estimate)",SL.IND.EMPL.MA.ZS,18.1976283775481
Puerto Rico,PRI,2014,"Employment in industry, male (% of male employment) (modeled ILO estimate)",SL.IND.EMPL.MA.ZS,18.5148606255694
Puerto Rico,PRI,2013,"Employment in industry, male (% of male employment) (modeled ILO estimate)",SL.IND.EMPL.MA.ZS,18.7778828076221
Puerto Rico,PRI,2012,"Employment in industry, male (% of male employment) (modeled ILO estimate)",SL.IND.EMPL.MA.ZS,19.0727703621092
Puerto Rico,PRI,2011,"Employment in industry, male (% of male employment) (modeled ILO estimate)",SL.IND.EMPL.MA.ZS,19.4978399236075
Puerto Rico,PRI,2010,"Employment in industry, male (% of male employment) (modeled ILO estimate)",SL.IND.EMPL.MA.ZS,19.7199581309951
Puerto Rico,PRI,2009,"Employment in industry, male (% of male employment) (modeled ILO estimate)",SL.IND.EMPL.MA.ZS,21.065361115361
Puerto Rico,PRI,2008,"Employment in industry, male (% of male employment) (modeled ILO estimate)",SL.IND.EMPL.MA.ZS,24.6059433169514
Puerto Rico,PRI,2007,"Employment in industry, male (% of male employment) (modeled ILO estimate)",SL.IND.EMPL.MA.ZS,25.9798337338909
Puerto Rico,PRI,2006,"Employment in industry, male (% of male employment) (modeled ILO estimate)",SL.IND.EMPL.MA.ZS,25.6148600133547
Puerto Rico,PRI,2005,"Employment in industry, male (% of male employment) (modeled ILO estimate)",SL.IND.EMPL.MA.ZS,24.9195672865062
Puerto Rico,PRI,2004,"Employment in industry, male (% of male employment) (modeled ILO estimate)",SL.IND.EMPL.MA.ZS,25.5338812744774
Puerto Rico,PRI,2003,"Employment in industry, male (% of male employment) (modeled ILO estimate)",SL.IND.EMPL.MA.ZS,25.3518140053854
Puerto Rico,PRI,2002,"Employment in industry, male (% of male employment) (modeled ILO estimate)",SL.IND.EMPL.MA.ZS,25.7456996484121
Puerto Rico,PRI,2001,"Employment in industry, male (% of male employment) (modeled ILO estimate)",SL.IND.EMPL.MA.ZS,27.2286899543274
Puerto Rico,PRI,2000,"Employment in industry, male (% of male employment) (modeled ILO estimate)",SL.IND.EMPL.MA.ZS,27.5683333616112
Puerto Rico,PRI,1999,"Employment in industry, male (% of male employment) (modeled ILO estimate)",SL.IND.EMPL.MA.ZS,27.7048190712667
Puerto Rico,PRI,1998,"Employment in industry, male (% of male employment) (modeled ILO estimate)",SL.IND.EMPL.MA.ZS,26.9067313037621
Puerto Rico,PRI,1997,"Employment in industry, male (% of male employment) (modeled ILO estimate)",SL.IND.EMPL.MA.ZS,25.9168863657959
Puerto Rico,PRI,1996,"Employment in industry, male (% of male employment) (modeled ILO estimate)",SL.IND.EMPL.MA.ZS,25.1343994308984
Puerto Rico,PRI,1995,"Employment in industry, male (% of male employment) (modeled ILO estimate)",SL.IND.EMPL.MA.ZS,26.2223358919102
Puerto Rico,PRI,1994,"Employment in industry, male (% of male employment) (modeled ILO estimate)",SL.IND.EMPL.MA.ZS,26.491523486609
Puerto Rico,PRI,1993,"Employment in industry, male (% of male employment) (modeled ILO estimate)",SL.IND.EMPL.MA.ZS,27.0352281548669
Puerto Rico,PRI,1992,"Employment in industry, male (% of male employment) (modeled ILO estimate)",SL.IND.EMPL.MA.ZS,26.9800231217611
Puerto Rico,PRI,1991,"Employment in industry, male (% of male employment) (modeled ILO estimate)",SL.IND.EMPL.MA.ZS,26.7096073208346
Puerto Rico,PRI,2023,"Employment in services, female (% of female employment) (modeled ILO estimate)",SL.SRV.EMPL.FE.ZS,93.1799482653232
Puerto Rico,PRI,2022,"Employment in services, female (% of female employment) (modeled ILO estimate)",SL.SRV.EMPL.FE.ZS,93.0534054090636
Puerto Rico,PRI,2021,"Employment in services, female (% of female employment) (modeled ILO estimate)",SL.SRV.EMPL.FE.ZS,93.0275445168392
Puerto Rico,PRI,2020,"Employment in services, female (% of female employment) (modeled ILO estimate)",SL.SRV.EMPL.FE.ZS,92.8952433204445
Puerto Rico,PRI,2019,"Employment in services, female (% of female employment) (modeled ILO estimate)",SL.SRV.EMPL.FE.ZS,92.8617261918908
Puerto Rico,PRI,2018,"Employment in services, female (% of female employment) (modeled ILO estimate)",SL.SRV.EMPL.FE.ZS,92.6760833325905
Puerto Rico,PRI,2017,"Employment in services, female (% of female employment) (modeled ILO estimate)",SL.SRV.EMPL.FE.ZS,92.502622326465
Puerto Rico,PRI,2016,"Employment in services, female (% of female employment) (modeled ILO estimate)",SL.SRV.EMPL.FE.ZS,92.2594211720436
Puerto Rico,PRI,2015,"Employment in services, female (% of female employment) (modeled ILO estimate)",SL.SRV.EMPL.FE.ZS,92.0498758209247
Puerto Rico,PRI,2014,"Employment in services, female (% of female employment) (modeled ILO estimate)",SL.SRV.EMPL.FE.ZS,91.8614264009295
Puerto Rico,PRI,2013,"Employment in services, female (% of female employment) (modeled ILO estimate)",SL.SRV.EMPL.FE.ZS,91.5912255107683
Puerto Rico,PRI,2012,"Employment in services, female (% of female employment) (modeled ILO estimate)",SL.SRV.EMPL.FE.ZS,91.3271095579827
Puerto Rico,PRI,2011,"Employment in services, female (% of female employment) (modeled ILO estimate)",SL.SRV.EMPL.FE.ZS,91.027951230754
Puerto Rico,PRI,2010,"Employment in services, female (% of female employment) (modeled ILO estimate)",SL.SRV.EMPL.FE.ZS,90.9265955446137
Puerto Rico,PRI,2009,"Employment in services, female (% of female employment) (modeled ILO estimate)",SL.SRV.EMPL.FE.ZS,91.0835125581704
Puerto Rico,PRI,2008,"Employment in services, female (% of female employment) (modeled ILO estimate)",SL.SRV.EMPL.FE.ZS,89.7646077118628
Puerto Rico,PRI,2007,"Employment in services, female (% of female employment) (modeled ILO estimate)",SL.SRV.EMPL.FE.ZS,89.4863563402889
Puerto Rico,PRI,2006,"Employment in services, female (% of female employment) (modeled ILO estimate)",SL.SRV.EMPL.FE.ZS,88.437453042825
Puerto Rico,PRI,2005,"Employment in services, female (% of female employment) (modeled ILO estimate)",SL.SRV.EMPL.FE.ZS,88.7190439079016
Puerto Rico,PRI,2004,"Employment in services, female (% of female employment) (modeled ILO estimate)",SL.SRV.EMPL.FE.ZS,88.9635842413238
Puerto Rico,PRI,2003,"Employment in services, female (% of female employment) (modeled ILO estimate)",SL.SRV.EMPL.FE.ZS,88.1768995530463
Puerto Rico,PRI,2002,"Employment in services, female (% of female employment) (modeled ILO estimate)",SL.SRV.EMPL.FE.ZS,87.8561826343712
Puerto Rico,PRI,2001,"Employment in services, female (% of female employment) (modeled ILO estimate)",SL.SRV.EMPL.FE.ZS,85.985668146952
Puerto Rico,PRI,2000,"Employment in services, female (% of female employment) (modeled ILO estimate)",SL.SRV.EMPL.FE.ZS,85.1197829124562
Puerto Rico,PRI,1999,"Employment in services, female (% of female employment) (modeled ILO estimate)",SL.SRV.EMPL.FE.ZS,85.2817304261685
Puerto Rico,PRI,1998,"Employment in services, female (% of female employment) (modeled ILO estimate)",SL.SRV.EMPL.FE.ZS,85.7018594198749
Puerto Rico,PRI,1997,"Employment in services, female (% of female employment) (modeled ILO estimate)",SL.SRV.EMPL.FE.ZS,84.5328599291207
Puerto Rico,PRI,1996,"Employment in services, female (% of female employment) (modeled ILO estimate)",SL.SRV.EMPL.FE.ZS,83.4946062945006
Puerto Rico,PRI,1995,"Employment in services, female (% of female employment) (modeled ILO estimate)",SL.SRV.EMPL.FE.ZS,82.2463002599693
Puerto Rico,PRI,1994,"Employment in services, female (% of female employment) (modeled ILO estimate)",SL.SRV.EMPL.FE.ZS,81.6459173316697
Puerto Rico,PRI,1993,"Employment in services, female (% of female employment) (modeled ILO estimate)",SL.SRV.EMPL.FE.ZS,80.3936600417809
Puerto Rico,PRI,1992,"Employment in services, female (% of female employment) (modeled ILO estimate)",SL.SRV.EMPL.FE.ZS,80.4877922427771
Puerto Rico,PRI,1991,"Employment in services, female (% of female employment) (modeled ILO estimate)",SL.SRV.EMPL.FE.ZS,80.3014635377917
Puerto Rico,PRI,2023,"Employment in services, male (% of male employment) (modeled ILO estimate)",SL.SRV.EMPL.MA.ZS,81.9668503325871
Puerto Rico,PRI,2022,"Employment in services, male (% of male employment) (modeled ILO estimate)",SL.SRV.EMPL.MA.ZS,81.7276990135946
Puerto Rico,PRI,2021,"Employment in services, male (% of male employment) (modeled ILO estimate)",SL.SRV.EMPL.MA.ZS,81.3930967220544
Puerto Rico,PRI,2020,"Employment in services, male (% of male employment) (modeled ILO estimate)",SL.SRV.EMPL.MA.ZS,81.1583867082486
Puerto Rico,PRI,2019,"Employment in services, male (% of male employment) (modeled ILO estimate)",SL.SRV.EMPL.MA.ZS,80.995445575379
Puerto Rico,PRI,2018,"Employment in services, male (% of male employment) (modeled ILO estimate)",SL.SRV.EMPL.MA.ZS,80.6836263021392
Puerto Rico,PRI,2017,"Employment in services, male (% of male employment) (modeled ILO estimate)",SL.SRV.EMPL.MA.ZS,80.2940511196562
Puerto Rico,PRI,2016,"Employment in services, male (% of male employment) (modeled ILO estimate)",SL.SRV.EMPL.MA.ZS,79.8213615654936
Puerto Rico,PRI,2015,"Employment in services, male (% of male employment) (modeled ILO estimate)",SL.SRV.EMPL.MA.ZS,79.4444027252495
Puerto Rico,PRI,2014,"Employment in services, male (% of male employment) (modeled ILO estimate)",SL.SRV.EMPL.MA.ZS,79.0423636259125
Puerto Rico,PRI,2013,"Employment in services, male (% of male employment) (modeled ILO estimate)",SL.SRV.EMPL.MA.ZS,78.7051215420087
Puerto Rico,PRI,2012,"Employment in services, male (% of male employment) (modeled ILO estimate)",SL.SRV.EMPL.MA.ZS,78.3258983027219
Puerto Rico,PRI,2011,"Employment in services, male (% of male employment) (modeled ILO estimate)",SL.SRV.EMPL.MA.ZS,77.8337468894545
Puerto Rico,PRI,2010,"Employment in services, male (% of male employment) (modeled ILO estimate)",SL.SRV.EMPL.MA.ZS,77.6543061585188
Puerto Rico,PRI,2009,"Employment in services, male (% of male employment) (modeled ILO estimate)",SL.SRV.EMPL.MA.ZS,76.4276483474989
Puerto Rico,PRI,2008,"Employment in services, male (% of male employment) (modeled ILO estimate)",SL.SRV.EMPL.MA.ZS,73.1665485832234
Puerto Rico,PRI,2007,"Employment in services, male (% of male employment) (modeled ILO estimate)",SL.SRV.EMPL.MA.ZS,72.2793569434848
Puerto Rico,PRI,2006,"Employment in services, male (% of male employment) (modeled ILO estimate)",SL.SRV.EMPL.MA.ZS,72.1383131197144
Puerto Rico,PRI,2005,"Employment in services, male (% of male employment) (modeled ILO estimate)",SL.SRV.EMPL.MA.ZS,71.7531637788249
Puerto Rico,PRI,2004,"Employment in services, male (% of male employment) (modeled ILO estimate)",SL.SRV.EMPL.MA.ZS,70.9599995552727
Puerto Rico,PRI,2003,"Employment in services, male (% of male employment) (modeled ILO estimate)",SL.SRV.EMPL.MA.ZS,71.3307165506288
Puerto Rico,PRI,2002,"Employment in services, male (% of male employment) (modeled ILO estimate)",SL.SRV.EMPL.MA.ZS,71.0151325632159
Puerto Rico,PRI,2001,"Employment in services, male (% of male employment) (modeled ILO estimate)",SL.SRV.EMPL.MA.ZS,69.4520151017879
Puerto Rico,PRI,2000,"Employment in services, male (% of male employment) (modeled ILO estimate)",SL.SRV.EMPL.MA.ZS,69.3581499516449
Puerto Rico,PRI,1999,"Employment in services, male (% of male employment) (modeled ILO estimate)",SL.SRV.EMPL.MA.ZS,68.704796291445
Puerto Rico,PRI,1998,"Employment in services, male (% of male employment) (modeled ILO estimate)",SL.SRV.EMPL.MA.ZS,69.1759750525457
Puerto Rico,PRI,1997,"Employment in services, male (% of male employment) (modeled ILO estimate)",SL.SRV.EMPL.MA.ZS,69.6974037448361
Puerto Rico,PRI,1996,"Employment in services, male (% of male employment) (modeled ILO estimate)",SL.SRV.EMPL.MA.ZS,70.5729488026365
Puerto Rico,PRI,1995,"Employment in services, male (% of male employment) (modeled ILO estimate)",SL.SRV.EMPL.MA.ZS,69.1455906922686
Puerto Rico,PRI,1994,"Employment in services, male (% of male employment) (modeled ILO estimate)",SL.SRV.EMPL.MA.ZS,67.8704712560478
Puerto Rico,PRI,1993,"Employment in services, male (% of male employment) (modeled ILO estimate)",SL.SRV.EMPL.MA.ZS,67.6686058023213
Puerto Rico,PRI,1992,"Employment in services, male (% of male employment) (modeled ILO estimate)",SL.SRV.EMPL.MA.ZS,67.583775961453
Puerto Rico,PRI,1991,"Employment in services, male (% of male employment) (modeled ILO estimate)",SL.SRV.EMPL.MA.ZS,67.7463962987981
Puerto Rico,PRI,2024,"Labor force participation rate, female (% of female population ages 15+) (modeled ILO estimate)",SL.TLF.CACT.FE.ZS,32.406
Puerto Rico,PRI,2023,"Labor force participation rate, female (% of female population ages 15+) (modeled ILO estimate)",SL.TLF.CACT.FE.ZS,32.505
Puerto Rico,PRI,2022,"Labor force participation rate, female (% of female population ages 15+) (modeled ILO estimate)",SL.TLF.CACT.FE.ZS,32.741
Puerto Rico,PRI,2021,"Labor force participation rate, female (% of female population ages 15+) (modeled ILO estimate)",SL.TLF.CACT.FE.ZS,31.792
Puerto Rico,PRI,2020,"Labor force participation rate, female (% of female population ages 15+) (modeled ILO estimate)",SL.TLF.CACT.FE.ZS,32.615
Puerto Rico,PRI,2019,"Labor force participation rate, female (% of female population ages 15+) (modeled ILO estimate)",SL.TLF.CACT.FE.ZS,32.893
Puerto Rico,PRI,2018,"Labor force participation rate, female (% of female population ages 15+) (modeled ILO estimate)",SL.TLF.CACT.FE.ZS,32.407
Puerto Rico,PRI,2017,"Labor force participation rate, female (% of female population ages 15+) (modeled ILO estimate)",SL.TLF.CACT.FE.ZS,32.009
Puerto Rico,PRI,2016,"Labor force participation rate, female (% of female population ages 15+) (modeled ILO estimate)",SL.TLF.CACT.FE.ZS,32.1
Puerto Rico,PRI,2015,"Labor force participation rate, female (% of female population ages 15+) (modeled ILO estimate)",SL.TLF.CACT.FE.ZS,31.929
Puerto Rico,PRI,2014,"Labor force participation rate, female (% of female population ages 15+) (modeled ILO estimate)",SL.TLF.CACT.FE.ZS,32.202
Puerto Rico,PRI,2013,"Labor force participation rate, female (% of female population ages 15+) (modeled ILO estimate)",SL.TLF.CACT.FE.ZS,32.477
Puerto Rico,PRI,2012,"Labor force participation rate, female (% of female population ages 15+) (modeled ILO estimate)",SL.TLF.CACT.FE.ZS,32.752
Puerto Rico,PRI,2011,"Labor force participation rate, female (% of female population ages 15+) (modeled ILO estimate)",SL.TLF.CACT.FE.ZS,33.028
Puerto Rico,PRI,2010,"Labor force participation rate, female (% of female population ages 15+) (modeled ILO estimate)",SL.TLF.CACT.FE.ZS,33.856
Puerto Rico,PRI,2009,"Labor force participation rate, female (% of female population ages 15+) (modeled ILO estimate)",SL.TLF.CACT.FE.ZS,34.884
Puerto Rico,PRI,2008,"Labor force participation rate, female (% of female population ages 15+) (modeled ILO estimate)",SL.TLF.CACT.FE.ZS,36.166
Puerto Rico,PRI,2007,"Labor force participation rate, female (% of female population ages 15+) (modeled ILO estimate)",SL.TLF.CACT.FE.ZS,37.02
Puerto Rico,PRI,2006,"Labor force participation rate, female (% of female population ages 15+) (modeled ILO estimate)",SL.TLF.CACT.FE.ZS,37.921
Puerto Rico,PRI,2005,"Labor force participation rate, female (% of female population ages 15+) (modeled ILO estimate)",SL.TLF.CACT.FE.ZS,37.572
Puerto Rico,PRI,2004,"Labor force participation rate, female (% of female population ages 15+) (modeled ILO estimate)",SL.TLF.CACT.FE.ZS,36.235
Puerto Rico,PRI,2003,"Labor force participation rate, female (% of female population ages 15+) (modeled ILO estimate)",SL.TLF.CACT.FE.ZS,36.728
Puerto Rico,PRI,2002,"Labor force participation rate, female (% of female population ages 15+) (modeled ILO estimate)",SL.TLF.CACT.FE.ZS,35.99
Puerto Rico,PRI,2001,"Labor force participation rate, female (% of female population ages 15+) (modeled ILO estimate)",SL.TLF.CACT.FE.ZS,35.359
Puerto Rico,PRI,2000,"Labor force participation rate, female (% of female population ages 15+) (modeled ILO estimate)",SL.TLF.CACT.FE.ZS,34.734
Puerto Rico,PRI,1999,"Labor force participation rate, female (% of female population ages 15+) (modeled ILO estimate)",SL.TLF.CACT.FE.ZS,36.372
Puerto Rico,PRI,1998,"Labor force participation rate, female (% of female population ages 15+) (modeled ILO estimate)",SL.TLF.CACT.FE.ZS,34.742
Puerto Rico,PRI,1997,"Labor force participation rate, female (% of female population ages 15+) (modeled ILO estimate)",SL.TLF.CACT.FE.ZS,34.868
Puerto Rico,PRI,1996,"Labor force participation rate, female (% of female population ages 15+) (modeled ILO estimate)",SL.TLF.CACT.FE.ZS,33.969
Puerto Rico,PRI,1995,"Labor force participation rate, female (% of female population ages 15+) (modeled ILO estimate)",SL.TLF.CACT.FE.ZS,33.488
Puerto Rico,PRI,1994,"Labor force participation rate, female (% of female population ages 15+) (modeled ILO estimate)",SL.TLF.CACT.FE.ZS,33.724
Puerto Rico,PRI,1993,"Labor force participation rate, female (% of female population ages 15+) (modeled ILO estimate)",SL.TLF.CACT.FE.ZS,33.963
Puerto Rico,PRI,1992,"Labor force participation rate, female (% of female population ages 15+) (modeled ILO estimate)",SL.TLF.CACT.FE.ZS,31.926
Puerto Rico,PRI,1991,"Labor force participation rate, female (% of female population ages 15+) (modeled ILO estimate)",SL.TLF.CACT.FE.ZS,31.168
Puerto Rico,PRI,1990,"Labor force participation rate, female (% of female population ages 15+) (modeled ILO estimate)",SL.TLF.CACT.FE.ZS,30.609
Puerto Rico,PRI,2024,"Labor force participation rate, male (% of male population ages 15+) (modeled ILO estimate)",SL.TLF.CACT.MA.ZS,50.193
Puerto Rico,PRI,2023,"Labor force participation rate, male (% of male population ages 15+) (modeled ILO estimate)",SL.TLF.CACT.MA.ZS,50.256
Puerto Rico,PRI,2022,"Labor force participation rate, male (% of male population ages 15+) (modeled ILO estimate)",SL.TLF.CACT.MA.ZS,50.148
Puerto Rico,PRI,2021,"Labor force participation rate, male (% of male population ages 15+) (modeled ILO estimate)",SL.TLF.CACT.MA.ZS,48.277
Puerto Rico,PRI,2020,"Labor force participation rate, male (% of male population ages 15+) (modeled ILO estimate)",SL.TLF.CACT.MA.ZS,49.742
Puerto Rico,PRI,2019,"Labor force participation rate, male (% of male population ages 15+) (modeled ILO estimate)",SL.TLF.CACT.MA.ZS,50.052
Puerto Rico,PRI,2018,"Labor force participation rate, male (% of male population ages 15+) (modeled ILO estimate)",SL.TLF.CACT.MA.ZS,49.741
Puerto Rico,PRI,2017,"Labor force participation rate, male (% of male population ages 15+) (modeled ILO estimate)",SL.TLF.CACT.MA.ZS,49.091
Puerto Rico,PRI,2016,"Labor force participation rate, male (% of male population ages 15+) (modeled ILO estimate)",SL.TLF.CACT.MA.ZS,49.163
Puerto Rico,PRI,2015,"Labor force participation rate, male (% of male population ages 15+) (modeled ILO estimate)",SL.TLF.CACT.MA.ZS,49.169
Puerto Rico,PRI,2014,"Labor force participation rate, male (% of male population ages 15+) (modeled ILO estimate)",SL.TLF.CACT.MA.ZS,49.099
Puerto Rico,PRI,2013,"Labor force participation rate, male (% of male population ages 15+) (modeled ILO estimate)",SL.TLF.CACT.MA.ZS,49.032
Puerto Rico,PRI,2012,"Labor force participation rate, male (% of male population ages 15+) (modeled ILO estimate)",SL.TLF.CACT.MA.ZS,48.965
Puerto Rico,PRI,2011,"Labor force participation rate, male (% of male population ages 15+) (modeled ILO estimate)",SL.TLF.CACT.MA.ZS,48.898
Puerto Rico,PRI,2010,"Labor force participation rate, male (% of male population ages 15+) (modeled ILO estimate)",SL.TLF.CACT.MA.ZS,50.933
Puerto Rico,PRI,2009,"Labor force participation rate, male (% of male population ages 15+) (modeled ILO estimate)",SL.TLF.CACT.MA.ZS,52.536
Puerto Rico,PRI,2008,"Labor force participation rate, male (% of male population ages 15+) (modeled ILO estimate)",SL.TLF.CACT.MA.ZS,54.488
Puerto Rico,PRI,2007,"Labor force participation rate, male (% of male population ages 15+) (modeled ILO estimate)",SL.TLF.CACT.MA.ZS,56.347
Puerto Rico,PRI,2006,"Labor force participation rate, male (% of male population ages 15+) (modeled ILO estimate)",SL.TLF.CACT.MA.ZS,57.664
Puerto Rico,PRI,2005,"Labor force participation rate, male (% of male population ages 15+) (modeled ILO estimate)",SL.TLF.CACT.MA.ZS,59.047
Puerto Rico,PRI,2004,"Labor force participation rate, male (% of male population ages 15+) (modeled ILO estimate)",SL.TLF.CACT.MA.ZS,58.357
Puerto Rico,PRI,2003,"Labor force participation rate, male (% of male population ages 15+) (modeled ILO estimate)",SL.TLF.CACT.MA.ZS,57.886
Puerto Rico,PRI,2002,"Labor force participation rate, male (% of male population ages 15+) (modeled ILO estimate)",SL.TLF.CACT.MA.ZS,57.628
Puerto Rico,PRI,2001,"Labor force participation rate, male (% of male population ages 15+) (modeled ILO estimate)",SL.TLF.CACT.MA.ZS,58.055
Puerto Rico,PRI,2000,"Labor force participation rate, male (% of male population ages 15+) (modeled ILO estimate)",SL.TLF.CACT.MA.ZS,58.481
Puerto Rico,PRI,1999,"Labor force participation rate, male (% of male population ages 15+) (modeled ILO estimate)",SL.TLF.CACT.MA.ZS,59.592
Puerto Rico,PRI,1998,"Labor force participation rate, male (% of male population ages 15+) (modeled ILO estimate)",SL.TLF.CACT.MA.ZS,61.872
Puerto Rico,PRI,1997,"Labor force participation rate, male (% of male population ages 15+) (modeled ILO estimate)",SL.TLF.CACT.MA.ZS,62.039
Puerto Rico,PRI,1996,"Labor force participation rate, male (% of male population ages 15+) (modeled ILO estimate)",SL.TLF.CACT.MA.ZS,61.293
Puerto Rico,PRI,1995,"Labor force participation rate, male (% of male population ages 15+) (modeled ILO estimate)",SL.TLF.CACT.MA.ZS,60.154
Puerto Rico,PRI,1994,"Labor force participation rate, male (% of male population ages 15+) (modeled ILO estimate)",SL.TLF.CACT.MA.ZS,60.938
Puerto Rico,PRI,1993,"Labor force participation rate, male (% of male population ages 15+) (modeled ILO estimate)",SL.TLF.CACT.MA.ZS,61.719
Puerto Rico,PRI,1992,"Labor force participation rate, male (% of male population ages 15+) (modeled ILO estimate)",SL.TLF.CACT.MA.ZS,60.679
Puerto Rico,PRI,1991,"Labor force participation rate, male (% of male population ages 15+) (modeled ILO estimate)",SL.TLF.CACT.MA.ZS,61.641
Puerto Rico,PRI,1990,"Labor force participation rate, male (% of male population ages 15+) (modeled ILO estimate)",SL.TLF.CACT.MA.ZS,60.039
Puerto Rico,PRI,2015,"Part time employment, female (% of total female employment)",SL.TLF.PART.FE.ZS,28.94
Puerto Rico,PRI,2015,"Part time employment, male (% of total male employment)",SL.TLF.PART.MA.ZS,23.09
Puerto Rico,PRI,2024,"Labor force, female (% of total labor force)",SL.TLF.TOTL.FE.ZS,42.598954132013
Puerto Rico,PRI,2023,"Labor force, female (% of total labor force)",SL.TLF.TOTL.FE.ZS,42.6300644637284
Puerto Rico,PRI,2022,"Labor force, female (% of total labor force)",SL.TLF.TOTL.FE.ZS,42.8408564423182
Puerto Rico,PRI,2021,"Labor force, female (% of total labor force)",SL.TLF.TOTL.FE.ZS,43.0246054163449
Puerto Rico,PRI,2020,"Labor force, female (% of total labor force)",SL.TLF.TOTL.FE.ZS,42.8795232190685
Puerto Rico,PRI,2019,"Labor force, female (% of total labor force)",SL.TLF.TOTL.FE.ZS,42.894768474617
Puerto Rico,PRI,2018,"Labor force, female (% of total labor force)",SL.TLF.TOTL.FE.ZS,42.6585656568222
Puerto Rico,PRI,2017,"Labor force, female (% of total labor force)",SL.TLF.TOTL.FE.ZS,42.5877319509846
Puerto Rico,PRI,2016,"Labor force, female (% of total labor force)",SL.TLF.TOTL.FE.ZS,42.5189479539686
Puerto Rico,PRI,2015,"Labor force, female (% of total labor force)",SL.TLF.TOTL.FE.ZS,42.3384031563931
Puerto Rico,PRI,2014,"Labor force, female (% of total labor force)",SL.TLF.TOTL.FE.ZS,42.5377447822014
Puerto Rico,PRI,2013,"Labor force, female (% of total labor force)",SL.TLF.TOTL.FE.ZS,42.7433159079584
Puerto Rico,PRI,2012,"Labor force, female (% of total labor force)",SL.TLF.TOTL.FE.ZS,42.9486708645223
Puerto Rico,PRI,2011,"Labor force, female (% of total labor force)",SL.TLF.TOTL.FE.ZS,43.1558106977476
Puerto Rico,PRI,2010,"Labor force, female (% of total labor force)",SL.TLF.TOTL.FE.ZS,42.7426933540149
Puerto Rico,PRI,2009,"Labor force, female (% of total labor force)",SL.TLF.TOTL.FE.ZS,42.7061613391154
Puerto Rico,PRI,2008,"Labor force, female (% of total labor force)",SL.TLF.TOTL.FE.ZS,42.6859289584875
Puerto Rico,PRI,2007,"Labor force, female (% of total labor force)",SL.TLF.TOTL.FE.ZS,42.4231493030958
Puerto Rico,PRI,2006,"Labor force, female (% of total labor force)",SL.TLF.TOTL.FE.ZS,42.4324106343149
Puerto Rico,PRI,2005,"Labor force, female (% of total labor force)",SL.TLF.TOTL.FE.ZS,41.6187729046318
Puerto Rico,PRI,2004,"Labor force, female (% of total labor force)",SL.TLF.TOTL.FE.ZS,41.0166532588835
Puerto Rico,PRI,2003,"Labor force, female (% of total labor force)",SL.TLF.TOTL.FE.ZS,41.533677871639
Puerto Rico,PRI,2002,"Labor force, female (% of total labor force)",SL.TLF.TOTL.FE.ZS,41.1421908849828
Puerto Rico,PRI,2001,"Labor force, female (% of total labor force)",SL.TLF.TOTL.FE.ZS,40.5306480951208
Puerto Rico,PRI,2000,"Labor force, female (% of total labor force)",SL.TLF.TOTL.FE.ZS,39.9293550712325
Puerto Rico,PRI,1999,"Labor force, female (% of total labor force)",SL.TLF.TOTL.FE.ZS,40.5812449125712
Puerto Rico,PRI,1998,"Labor force, female (% of total labor force)",SL.TLF.TOTL.FE.ZS,38.570541037131
Puerto Rico,PRI,1997,"Labor force, female (% of total labor force)",SL.TLF.TOTL.FE.ZS,38.5770564018419
Puerto Rico,PRI,1996,"Labor force, female (% of total labor force)",SL.TLF.TOTL.FE.ZS,38.2215166139747
Puerto Rico,PRI,1995,"Labor force, female (% of total labor force)",SL.TLF.TOTL.FE.ZS,38.2850479284546
Puerto Rico,PRI,1994,"Labor force, female (% of total labor force)",SL.TLF.TOTL.FE.ZS,38.0952042320015
Puerto Rico,PRI,1993,"Labor force, female (% of total labor force)",SL.TLF.TOTL.FE.ZS,37.9117344466011
Puerto Rico,PRI,1992,"Labor force, female (% of total labor force)",SL.TLF.TOTL.FE.ZS,36.8143609963856
Puerto Rico,PRI,1991,"Labor force, female (% of total labor force)",SL.TLF.TOTL.FE.ZS,35.8592475487311
Puerto Rico,PRI,1990,"Labor force, female (% of total labor force)",SL.TLF.TOTL.FE.ZS,36.0345356761696
Puerto Rico,PRI,2024,"Unemployment, youth female (% of female labor force ages 15-24) (modeled ILO estimate)",SL.UEM.1524.FE.ZS,9.796
Puerto Rico,PRI,2023,"Unemployment, youth female (% of female labor force ages 15-24) (modeled ILO estimate)",SL.UEM.1524.FE.ZS,10.121
Puerto Rico,PRI,2022,"Unemployment, youth female (% of female labor force ages 15-24) (modeled ILO estimate)",SL.UEM.1524.FE.ZS,10.546
Puerto Rico,PRI,2021,"Unemployment, youth female (% of female labor force ages 15-24) (modeled ILO estimate)",SL.UEM.1524.FE.ZS,13.84
Puerto Rico,PRI,2020,"Unemployment, youth female (% of female labor force ages 15-24) (modeled ILO estimate)",SL.UEM.1524.FE.ZS,15.461
Puerto Rico,PRI,2019,"Unemployment, youth female (% of female labor force ages 15-24) (modeled ILO estimate)",SL.UEM.1524.FE.ZS,14.436
Puerto Rico,PRI,2018,"Unemployment, youth female (% of female labor force ages 15-24) (modeled ILO estimate)",SL.UEM.1524.FE.ZS,15.898
Puerto Rico,PRI,2017,"Unemployment, youth female (% of female labor force ages 15-24) (modeled ILO estimate)",SL.UEM.1524.FE.ZS,18.691
Puerto Rico,PRI,2016,"Unemployment, youth female (% of female labor force ages 15-24) (modeled ILO estimate)",SL.UEM.1524.FE.ZS,20.393
Puerto Rico,PRI,2015,"Unemployment, youth female (% of female labor force ages 15-24) (modeled ILO estimate)",SL.UEM.1524.FE.ZS,20.694
Puerto Rico,PRI,2014,"Unemployment, youth female (% of female labor force ages 15-24) (modeled ILO estimate)",SL.UEM.1524.FE.ZS,24.251
Puerto Rico,PRI,2013,"Unemployment, youth female (% of female labor force ages 15-24) (modeled ILO estimate)",SL.UEM.1524.FE.ZS,25.185
Puerto Rico,PRI,2012,"Unemployment, youth female (% of female labor force ages 15-24) (modeled ILO estimate)",SL.UEM.1524.FE.ZS,25.707
Puerto Rico,PRI,2011,"Unemployment, youth female (% of female labor force ages 15-24) (modeled ILO estimate)",SL.UEM.1524.FE.ZS,26.781
Puerto Rico,PRI,2010,"Unemployment, youth female (% of female labor force ages 15-24) (modeled ILO estimate)",SL.UEM.1524.FE.ZS,26.561
Puerto Rico,PRI,2009,"Unemployment, youth female (% of female labor force ages 15-24) (modeled ILO estimate)",SL.UEM.1524.FE.ZS,26.105
Puerto Rico,PRI,2008,"Unemployment, youth female (% of female labor force ages 15-24) (modeled ILO estimate)",SL.UEM.1524.FE.ZS,20.229
Puerto Rico,PRI,2007,"Unemployment, youth female (% of female labor force ages 15-24) (modeled ILO estimate)",SL.UEM.1524.FE.ZS,18.915
Puerto Rico,PRI,2006,"Unemployment, youth female (% of female labor force ages 15-24) (modeled ILO estimate)",SL.UEM.1524.FE.ZS,21.668
Puerto Rico,PRI,2005,"Unemployment, youth female (% of female labor force ages 15-24) (modeled ILO estimate)",SL.UEM.1524.FE.ZS,21.001
Puerto Rico,PRI,2004,"Unemployment, youth female (% of female labor force ages 15-24) (modeled ILO estimate)",SL.UEM.1524.FE.ZS,19.596
Puerto Rico,PRI,2003,"Unemployment, youth female (% of female labor force ages 15-24) (modeled ILO estimate)",SL.UEM.1524.FE.ZS,22.609
Puerto Rico,PRI,2002,"Unemployment, youth female (% of female labor force ages 15-24) (modeled ILO estimate)",SL.UEM.1524.FE.ZS,23.003
Puerto Rico,PRI,2001,"Unemployment, youth female (% of female labor force ages 15-24) (modeled ILO estimate)",SL.UEM.1524.FE.ZS,20.337
Puerto Rico,PRI,2000,"Unemployment, youth female (% of female labor force ages 15-24) (modeled ILO estimate)",SL.UEM.1524.FE.ZS,16.151
Puerto Rico,PRI,1999,"Unemployment, youth female (% of female labor force ages 15-24) (modeled ILO estimate)",SL.UEM.1524.FE.ZS,19.656
Puerto Rico,PRI,1998,"Unemployment, youth female (% of female labor force ages 15-24) (modeled ILO estimate)",SL.UEM.1524.FE.ZS,24.631
Puerto Rico,PRI,1997,"Unemployment, youth female (% of female labor force ages 15-24) (modeled ILO estimate)",SL.UEM.1524.FE.ZS,24.763
Puerto Rico,PRI,1996,"Unemployment, youth female (% of female labor force ages 15-24) (modeled ILO estimate)",SL.UEM.1524.FE.ZS,25.706
Puerto Rico,PRI,1995,"Unemployment, youth female (% of female labor force ages 15-24) (modeled ILO estimate)",SL.UEM.1524.FE.ZS,23.24
Puerto Rico,PRI,1994,"Unemployment, youth female (% of female labor force ages 15-24) (modeled ILO estimate)",SL.UEM.1524.FE.ZS,22.833
Puerto Rico,PRI,1993,"Unemployment, youth female (% of female labor force ages 15-24) (modeled ILO estimate)",SL.UEM.1524.FE.ZS,24.91
Puerto Rico,PRI,1992,"Unemployment, youth female (% of female labor force ages 15-24) (modeled ILO estimate)",SL.UEM.1524.FE.ZS,30.875
Puerto Rico,PRI,1991,"Unemployment, youth female (% of female labor force ages 15-24) (modeled ILO estimate)",SL.UEM.1524.FE.ZS,32.998
Puerto Rico,PRI,2024,"Unemployment, youth male (% of male labor force ages 15-24) (modeled ILO estimate)",SL.UEM.1524.MA.ZS,13.98
Puerto Rico,PRI,2023,"Unemployment, youth male (% of male labor force ages 15-24) (modeled ILO estimate)",SL.UEM.1524.MA.ZS,14.65
Puerto Rico,PRI,2022,"Unemployment, youth male (% of male labor force ages 15-24) (modeled ILO estimate)",SL.UEM.1524.MA.ZS,15.303
Puerto Rico,PRI,2021,"Unemployment, youth male (% of male labor force ages 15-24) (modeled ILO estimate)",SL.UEM.1524.MA.ZS,18.825
Puerto Rico,PRI,2020,"Unemployment, youth male (% of male labor force ages 15-24) (modeled ILO estimate)",SL.UEM.1524.MA.ZS,21.83
Puerto Rico,PRI,2019,"Unemployment, youth male (% of male labor force ages 15-24) (modeled ILO estimate)",SL.UEM.1524.MA.ZS,20.821
Puerto Rico,PRI,2018,"Unemployment, youth male (% of male labor force ages 15-24) (modeled ILO estimate)",SL.UEM.1524.MA.ZS,22.966
Puerto Rico,PRI,2017,"Unemployment, youth male (% of male labor force ages 15-24) (modeled ILO estimate)",SL.UEM.1524.MA.ZS,27.056
Puerto Rico,PRI,2016,"Unemployment, youth male (% of male labor force ages 15-24) (modeled ILO estimate)",SL.UEM.1524.MA.ZS,29.654
Puerto Rico,PRI,2015,"Unemployment, youth male (% of male labor force ages 15-24) (modeled ILO estimate)",SL.UEM.1524.MA.ZS,30.164
Puerto Rico,PRI,2014,"Unemployment, youth male (% of male labor force ages 15-24) (modeled ILO estimate)",SL.UEM.1524.MA.ZS,34.623
Puerto Rico,PRI,2013,"Unemployment, youth male (% of male labor force ages 15-24) (modeled ILO estimate)",SL.UEM.1524.MA.ZS,35.303
Puerto Rico,PRI,2012,"Unemployment, youth male (% of male labor force ages 15-24) (modeled ILO estimate)",SL.UEM.1524.MA.ZS,35.466
Puerto Rico,PRI,2011,"Unemployment, youth male (% of male labor force ages 15-24) (modeled ILO estimate)",SL.UEM.1524.MA.ZS,38.884
Puerto Rico,PRI,2010,"Unemployment, youth male (% of male labor force ages 15-24) (modeled ILO estimate)",SL.UEM.1524.MA.ZS,40.214
Puerto Rico,PRI,2009,"Unemployment, youth male (% of male labor force ages 15-24) (modeled ILO estimate)",SL.UEM.1524.MA.ZS,36.241
Puerto Rico,PRI,2008,"Unemployment, youth male (% of male labor force ages 15-24) (modeled ILO estimate)",SL.UEM.1524.MA.ZS,27.531
Puerto Rico,PRI,2007,"Unemployment, youth male (% of male labor force ages 15-24) (modeled ILO estimate)",SL.UEM.1524.MA.ZS,24.225
Puerto Rico,PRI,2006,"Unemployment, youth male (% of male labor force ages 15-24) (modeled ILO estimate)",SL.UEM.1524.MA.ZS,23.026
Puerto Rico,PRI,2005,"Unemployment, youth male (% of male labor force ages 15-24) (modeled ILO estimate)",SL.UEM.1524.MA.ZS,25.138
Puerto Rico,PRI,2004,"Unemployment, youth male (% of male labor force ages 15-24) (modeled ILO estimate)",SL.UEM.1524.MA.ZS,22.608
Puerto Rico,PRI,2003,"Unemployment, youth male (% of male labor force ages 15-24) (modeled ILO estimate)",SL.UEM.1524.MA.ZS,23.808
Puerto Rico,PRI,2002,"Unemployment, youth male (% of male labor force ages 15-24) (modeled ILO estimate)",SL.UEM.1524.MA.ZS,23.534
Puerto Rico,PRI,2001,"Unemployment, youth male (% of male labor force ages 15-24) (modeled ILO estimate)",SL.UEM.1524.MA.ZS,24.372
Puerto Rico,PRI,2000,"Unemployment, youth male (% of male labor force ages 15-24) (modeled ILO estimate)",SL.UEM.1524.MA.ZS,23.45
Puerto Rico,PRI,1999,"Unemployment, youth male (% of male labor force ages 15-24) (modeled ILO estimate)",SL.UEM.1524.MA.ZS,24.937
Puerto Rico,PRI,1998,"Unemployment, youth male (% of male labor force ages 15-24) (modeled ILO estimate)",SL.UEM.1524.MA.ZS,25.382
Puerto Rico,PRI,1997,"Unemployment, youth male (% of male labor force ages 15-24) (modeled ILO estimate)",SL.UEM.1524.MA.ZS,28.779
Puerto Rico,PRI,1996,"Unemployment, youth male (% of male labor force ages 15-24) (modeled ILO estimate)",SL.UEM.1524.MA.ZS,29.152
Puerto Rico,PRI,1995,"Unemployment, youth male (% of male labor force ages 15-24) (modeled ILO estimate)",SL.UEM.1524.MA.ZS,28.505
Puerto Rico,PRI,1994,"Unemployment, youth male (% of male labor force ages 15-24) (modeled ILO estimate)",SL.UEM.1524.MA.ZS,29.521
Puerto Rico,PRI,1993,"Unemployment, youth male (% of male labor force ages 15-24) (modeled ILO estimate)",SL.UEM.1524.MA.ZS,33.742
Puerto Rico,PRI,1992,"Unemployment, youth male (% of male labor force ages 15-24) (modeled ILO estimate)",SL.UEM.1524.MA.ZS,35.773
Puerto Rico,PRI,1991,"Unemployment, youth male (% of male labor force ages 15-24) (modeled ILO estimate)",SL.UEM.1524.MA.ZS,34.635
Puerto Rico,PRI,2024,"Unemployment, female (% of female labor force) (modeled ILO estimate)",SL.UEM.TOTL.FE.ZS,4.421
Puerto Rico,PRI,2023,"Unemployment, female (% of female labor force) (modeled ILO estimate)",SL.UEM.TOTL.FE.ZS,4.636
Puerto Rico,PRI,2022,"Unemployment, female (% of female labor force) (modeled ILO estimate)",SL.UEM.TOTL.FE.ZS,4.856
Puerto Rico,PRI,2021,"Unemployment, female (% of female labor force) (modeled ILO estimate)",SL.UEM.TOTL.FE.ZS,6.434
Puerto Rico,PRI,2020,"Unemployment, female (% of female labor force) (modeled ILO estimate)",SL.UEM.TOTL.FE.ZS,7.021
Puerto Rico,PRI,2019,"Unemployment, female (% of female labor force) (modeled ILO estimate)",SL.UEM.TOTL.FE.ZS,6.679
Puerto Rico,PRI,2018,"Unemployment, female (% of female labor force) (modeled ILO estimate)",SL.UEM.TOTL.FE.ZS,7.392
Puerto Rico,PRI,2017,"Unemployment, female (% of female labor force) (modeled ILO estimate)",SL.UEM.TOTL.FE.ZS,8.684
Puerto Rico,PRI,2016,"Unemployment, female (% of female labor force) (modeled ILO estimate)",SL.UEM.TOTL.FE.ZS,9.49
Puerto Rico,PRI,2015,"Unemployment, female (% of female labor force) (modeled ILO estimate)",SL.UEM.TOTL.FE.ZS,9.648
Puerto Rico,PRI,2014,"Unemployment, female (% of female labor force) (modeled ILO estimate)",SL.UEM.TOTL.FE.ZS,11.331
Puerto Rico,PRI,2013,"Unemployment, female (% of female labor force) (modeled ILO estimate)",SL.UEM.TOTL.FE.ZS,11.798
Puerto Rico,PRI,2012,"Unemployment, female (% of female labor force) (modeled ILO estimate)",SL.UEM.TOTL.FE.ZS,12.087
Puerto Rico,PRI,2011,"Unemployment, female (% of female labor force) (modeled ILO estimate)",SL.UEM.TOTL.FE.ZS,12.663
Puerto Rico,PRI,2010,"Unemployment, female (% of female labor force) (modeled ILO estimate)",SL.UEM.TOTL.FE.ZS,12.583
Puerto Rico,PRI,2009,"Unemployment, female (% of female labor force) (modeled ILO estimate)",SL.UEM.TOTL.FE.ZS,12.435
Puerto Rico,PRI,2008,"Unemployment, female (% of female labor force) (modeled ILO estimate)",SL.UEM.TOTL.FE.ZS,9.663
Puerto Rico,PRI,2007,"Unemployment, female (% of female labor force) (modeled ILO estimate)",SL.UEM.TOTL.FE.ZS,9.531
Puerto Rico,PRI,2006,"Unemployment, female (% of female labor force) (modeled ILO estimate)",SL.UEM.TOTL.FE.ZS,10.55
Puerto Rico,PRI,2005,"Unemployment, female (% of female labor force) (modeled ILO estimate)",SL.UEM.TOTL.FE.ZS,10.098
Puerto Rico,PRI,2004,"Unemployment, female (% of female labor force) (modeled ILO estimate)",SL.UEM.TOTL.FE.ZS,8.614
Puerto Rico,PRI,2003,"Unemployment, female (% of female labor force) (modeled ILO estimate)",SL.UEM.TOTL.FE.ZS,10.657
Puerto Rico,PRI,2002,"Unemployment, female (% of female labor force) (modeled ILO estimate)",SL.UEM.TOTL.FE.ZS,10.317
Puerto Rico,PRI,2001,"Unemployment, female (% of female labor force) (modeled ILO estimate)",SL.UEM.TOTL.FE.ZS,9.19
Puerto Rico,PRI,2000,"Unemployment, female (% of female labor force) (modeled ILO estimate)",SL.UEM.TOTL.FE.ZS,7.412
Puerto Rico,PRI,1999,"Unemployment, female (% of female labor force) (modeled ILO estimate)",SL.UEM.TOTL.FE.ZS,9.451
Puerto Rico,PRI,1998,"Unemployment, female (% of female labor force) (modeled ILO estimate)",SL.UEM.TOTL.FE.ZS,11.982
Puerto Rico,PRI,1997,"Unemployment, female (% of female labor force) (modeled ILO estimate)",SL.UEM.TOTL.FE.ZS,12.15
Puerto Rico,PRI,1996,"Unemployment, female (% of female labor force) (modeled ILO estimate)",SL.UEM.TOTL.FE.ZS,11.583
Puerto Rico,PRI,1995,"Unemployment, female (% of female labor force) (modeled ILO estimate)",SL.UEM.TOTL.FE.ZS,10.699
Puerto Rico,PRI,1994,"Unemployment, female (% of female labor force) (modeled ILO estimate)",SL.UEM.TOTL.FE.ZS,11.311
Puerto Rico,PRI,1993,"Unemployment, female (% of female labor force) (modeled ILO estimate)",SL.UEM.TOTL.FE.ZS,13.185
Puerto Rico,PRI,1992,"Unemployment, female (% of female labor force) (modeled ILO estimate)",SL.UEM.TOTL.FE.ZS,13.278
Puerto Rico,PRI,1991,"Unemployment, female (% of female labor force) (modeled ILO estimate)",SL.UEM.TOTL.FE.ZS,12.973
Puerto Rico,PRI,2024,"Unemployment, male (% of male labor force) (modeled ILO estimate)",SL.UEM.TOTL.MA.ZS,6.251
Puerto Rico,PRI,2023,"Unemployment, male (% of male labor force) (modeled ILO estimate)",SL.UEM.TOTL.MA.ZS,6.534
Puerto Rico,PRI,2022,"Unemployment, male (% of male labor force) (modeled ILO estimate)",SL.UEM.TOTL.MA.ZS,6.857
Puerto Rico,PRI,2021,"Unemployment, male (% of male labor force) (modeled ILO estimate)",SL.UEM.TOTL.MA.ZS,9.007
Puerto Rico,PRI,2020,"Unemployment, male (% of male labor force) (modeled ILO estimate)",SL.UEM.TOTL.MA.ZS,10.293
Puerto Rico,PRI,2019,"Unemployment, male (% of male labor force) (modeled ILO estimate)",SL.UEM.TOTL.MA.ZS,9.517
Puerto Rico,PRI,2018,"Unemployment, male (% of male labor force) (modeled ILO estimate)",SL.UEM.TOTL.MA.ZS,10.545
Puerto Rico,PRI,2017,"Unemployment, male (% of male labor force) (modeled ILO estimate)",SL.UEM.TOTL.MA.ZS,12.37
Puerto Rico,PRI,2016,"Unemployment, male (% of male labor force) (modeled ILO estimate)",SL.UEM.TOTL.MA.ZS,13.508
Puerto Rico,PRI,2015,"Unemployment, male (% of male labor force) (modeled ILO estimate)",SL.UEM.TOTL.MA.ZS,13.727
Puerto Rico,PRI,2014,"Unemployment, male (% of male labor force) (modeled ILO estimate)",SL.UEM.TOTL.MA.ZS,15.802
Puerto Rico,PRI,2013,"Unemployment, male (% of male labor force) (modeled ILO estimate)",SL.UEM.TOTL.MA.ZS,16.168
Puerto Rico,PRI,2012,"Unemployment, male (% of male labor force) (modeled ILO estimate)",SL.UEM.TOTL.MA.ZS,16.317
Puerto Rico,PRI,2011,"Unemployment, male (% of male labor force) (modeled ILO estimate)",SL.UEM.TOTL.MA.ZS,18.006
Puerto Rico,PRI,2010,"Unemployment, male (% of male labor force) (modeled ILO estimate)",SL.UEM.TOTL.MA.ZS,18.726
Puerto Rico,PRI,2009,"Unemployment, male (% of male labor force) (modeled ILO estimate)",SL.UEM.TOTL.MA.ZS,16.912
Puerto Rico,PRI,2008,"Unemployment, male (% of male labor force) (modeled ILO estimate)",SL.UEM.TOTL.MA.ZS,12.834
Puerto Rico,PRI,2007,"Unemployment, male (% of male labor force) (modeled ILO estimate)",SL.UEM.TOTL.MA.ZS,11.961
Puerto Rico,PRI,2006,"Unemployment, male (% of male labor force) (modeled ILO estimate)",SL.UEM.TOTL.MA.ZS,11.349
Puerto Rico,PRI,2005,"Unemployment, male (% of male labor force) (modeled ILO estimate)",SL.UEM.TOTL.MA.ZS,12.242
Puerto Rico,PRI,2004,"Unemployment, male (% of male labor force) (modeled ILO estimate)",SL.UEM.TOTL.MA.ZS,11.489
Puerto Rico,PRI,2003,"Unemployment, male (% of male labor force) (modeled ILO estimate)",SL.UEM.TOTL.MA.ZS,12.578
Puerto Rico,PRI,2002,"Unemployment, male (% of male labor force) (modeled ILO estimate)",SL.UEM.TOTL.MA.ZS,13.075
Puerto Rico,PRI,2001,"Unemployment, male (% of male labor force) (modeled ILO estimate)",SL.UEM.TOTL.MA.ZS,12.906
Puerto Rico,PRI,2000,"Unemployment, male (% of male labor force) (modeled ILO estimate)",SL.UEM.TOTL.MA.ZS,11.853
Puerto Rico,PRI,1999,"Unemployment, male (% of male labor force) (modeled ILO estimate)",SL.UEM.TOTL.MA.ZS,13.421
Puerto Rico,PRI,1998,"Unemployment, male (% of male labor force) (modeled ILO estimate)",SL.UEM.TOTL.MA.ZS,14.388
Puerto Rico,PRI,1997,"Unemployment, male (% of male labor force) (modeled ILO estimate)",SL.UEM.TOTL.MA.ZS,14.836
Puerto Rico,PRI,1996,"Unemployment, male (% of male labor force) (modeled ILO estimate)",SL.UEM.TOTL.MA.ZS,14.913
Puerto Rico,PRI,1995,"Unemployment, male (% of male labor force) (modeled ILO estimate)",SL.UEM.TOTL.MA.ZS,15.934
Puerto Rico,PRI,1994,"Unemployment, male (% of male labor force) (modeled ILO estimate)",SL.UEM.TOTL.MA.ZS,16.624
Puerto Rico,PRI,1993,"Unemployment, male (% of male labor force) (modeled ILO estimate)",SL.UEM.TOTL.MA.ZS,19.184
Puerto Rico,PRI,1992,"Unemployment, male (% of male labor force) (modeled ILO estimate)",SL.UEM.TOTL.MA.ZS,19.058
Puerto Rico,PRI,1991,"Unemployment, male (% of male labor force) (modeled ILO estimate)",SL.UEM.TOTL.MA.ZS,17.973
Puerto Rico,PRI,2023,"Adolescent fertility rate (births per 1,000 women ages 15-19)",SP.ADO.TFRT,14.076
Puerto Rico,PRI,2022,"Adolescent fertility rate (births per 1,000 women ages 15-19)",SP.ADO.TFRT,13.956
Puerto Rico,PRI,2021,"Adolescent fertility rate (births per 1,000 women ages 15-19)",SP.ADO.TFRT,14.896
Puerto Rico,PRI,2020,"Adolescent fertility rate (births per 1,000 women ages 15-19)",SP.ADO.TFRT,16.155
Puerto Rico,PRI,2019,"Adolescent fertility rate (births per 1,000 women ages 15-19)",SP.ADO.TFRT,18.858
Puerto Rico,PRI,2018,"Adolescent fertility rate (births per 1,000 women ages 15-19)",SP.ADO.TFRT,20.072
Puerto Rico,PRI,2017,"Adolescent fertility rate (births per 1,000 women ages 15-19)",SP.ADO.TFRT,24.933
Puerto Rico,PRI,2016,"Adolescent fertility rate (births per 1,000 women ages 15-19)",SP.ADO.TFRT,30.204
Puerto Rico,PRI,2015,"Adolescent fertility rate (births per 1,000 women ages 15-19)",SP.ADO.TFRT,34.699
Puerto Rico,PRI,2014,"Adolescent fertility rate (births per 1,000 women ages 15-19)",SP.ADO.TFRT,40.5
Puerto Rico,PRI,2013,"Adolescent fertility rate (births per 1,000 women ages 15-19)",SP.ADO.TFRT,44.206
Puerto Rico,PRI,2012,"Adolescent fertility rate (births per 1,000 women ages 15-19)",SP.ADO.TFRT,48.757
Puerto Rico,PRI,2011,"Adolescent fertility rate (births per 1,000 women ages 15-19)",SP.ADO.TFRT,51.773
Puerto Rico,PRI,2010,"Adolescent fertility rate (births per 1,000 women ages 15-19)",SP.ADO.TFRT,52.784
Puerto Rico,PRI,2009,"Adolescent fertility rate (births per 1,000 women ages 15-19)",SP.ADO.TFRT,54.723
Puerto Rico,PRI,2008,"Adolescent fertility rate (births per 1,000 women ages 15-19)",SP.ADO.TFRT,55.187
Puerto Rico,PRI,2007,"Adolescent fertility rate (births per 1,000 women ages 15-19)",SP.ADO.TFRT,58.039
Puerto Rico,PRI,2006,"Adolescent fertility rate (births per 1,000 women ages 15-19)",SP.ADO.TFRT,59.619
Puerto Rico,PRI,2005,"Adolescent fertility rate (births per 1,000 women ages 15-19)",SP.ADO.TFRT,61.055
Puerto Rico,PRI,2004,"Adolescent fertility rate (births per 1,000 women ages 15-19)",SP.ADO.TFRT,61.768
Puerto Rico,PRI,2003,"Adolescent fertility rate (births per 1,000 women ages 15-19)",SP.ADO.TFRT,60.921
Puerto Rico,PRI,2002,"Adolescent fertility rate (births per 1,000 women ages 15-19)",SP.ADO.TFRT,63.807
Puerto Rico,PRI,2001,"Adolescent fertility rate (births per 1,000 women ages 15-19)",SP.ADO.TFRT,68.764
Puerto Rico,PRI,2000,"Adolescent fertility rate (births per 1,000 women ages 15-19)",SP.ADO.TFRT,73.334
Puerto Rico,PRI,1999,"Adolescent fertility rate (births per 1,000 women ages 15-19)",SP.ADO.TFRT,75.915
Puerto Rico,PRI,1998,"Adolescent fertility rate (births per 1,000 women ages 15-19)",SP.ADO.TFRT,78.927
Puerto Rico,PRI,1997,"Adolescent fertility rate (births per 1,000 women ages 15-19)",SP.ADO.TFRT,81.848
Puerto Rico,PRI,1996,"Adolescent fertility rate (births per 1,000 women ages 15-19)",SP.ADO.TFRT,79.058
Puerto Rico,PRI,1995,"Adolescent fertility rate (births per 1,000 women ages 15-19)",SP.ADO.TFRT,77.309
Puerto Rico,PRI,1994,"Adolescent fertility rate (births per 1,000 women ages 15-19)",SP.ADO.TFRT,76.451
Puerto Rico,PRI,1993,"Adolescent fertility rate (births per 1,000 women ages 15-19)",SP.ADO.TFRT,76.477
Puerto Rico,PRI,1992,"Adolescent fertility rate (births per 1,000 women ages 15-19)",SP.ADO.TFRT,74.454
Puerto Rico,PRI,1991,"Adolescent fertility rate (births per 1,000 women ages 15-19)",SP.ADO.TFRT,73.731
Puerto Rico,PRI,1990,"Adolescent fertility rate (births per 1,000 women ages 15-19)",SP.ADO.TFRT,74.695
Puerto Rico,PRI,1989,"Adolescent fertility rate (births per 1,000 women ages 15-19)",SP.ADO.TFRT,72.888
Puerto Rico,PRI,1988,"Adolescent fertility rate (births per 1,000 women ages 15-19)",SP.ADO.TFRT,68.756
Puerto Rico,PRI,1987,"Adolescent fertility rate (births per 1,000 women ages 15-19)",SP.ADO.TFRT,69.03
Puerto Rico,PRI,1986,"Adolescent fertility rate (births per 1,000 women ages 15-19)",SP.ADO.TFRT,69.89
Puerto Rico,PRI,1985,"Adolescent fertility rate (births per 1,000 women ages 15-19)",SP.ADO.TFRT,68.416
Puerto Rico,PRI,1984,"Adolescent fertility rate (births per 1,000 women ages 15-19)",SP.ADO.TFRT,68.553
Puerto Rico,PRI,1983,"Adolescent fertility rate (births per 1,000 women ages 15-19)",SP.ADO.TFRT,70.006
Puerto Rico,PRI,1982,"Adolescent fertility rate (births per 1,000 women ages 15-19)",SP.ADO.TFRT,72.631
Puerto Rico,PRI,1981,"Adolescent fertility rate (births per 1,000 women ages 15-19)",SP.ADO.TFRT,75.118
Puerto Rico,PRI,1980,"Adolescent fertility rate (births per 1,000 women ages 15-19)",SP.ADO.TFRT,76.397
Puerto Rico,PRI,1979,"Adolescent fertility rate (births per 1,000 women ages 15-19)",SP.ADO.TFRT,78.498
Puerto Rico,PRI,1978,"Adolescent fertility rate (births per 1,000 women ages 15-19)",SP.ADO.TFRT,82.022
Puerto Rico,PRI,1977,"Adolescent fertility rate (births per 1,000 women ages 15-19)",SP.ADO.TFRT,82.967
Puerto Rico,PRI,1976,"Adolescent fertility rate (births per 1,000 women ages 15-19)",SP.ADO.TFRT,81.868
Puerto Rico,PRI,1975,"Adolescent fertility rate (births per 1,000 women ages 15-19)",SP.ADO.TFRT,80.417
Puerto Rico,PRI,1974,"Adolescent fertility rate (births per 1,000 women ages 15-19)",SP.ADO.TFRT,81.666
Puerto Rico,PRI,1973,"Adolescent fertility rate (births per 1,000 women ages 15-19)",SP.ADO.TFRT,80.784
Puerto Rico,PRI,1972,"Adolescent fertility rate (births per 1,000 women ages 15-19)",SP.ADO.TFRT,79.334
Puerto Rico,PRI,1971,"Adolescent fertility rate (births per 1,000 women ages 15-19)",SP.ADO.TFRT,77.884
Puerto Rico,PRI,1970,"Adolescent fertility rate (births per 1,000 women ages 15-19)",SP.ADO.TFRT,73.091
Puerto Rico,PRI,1969,"Adolescent fertility rate (births per 1,000 women ages 15-19)",SP.ADO.TFRT,75.4
Puerto Rico,PRI,1968,"Adolescent fertility rate (births per 1,000 women ages 15-19)",SP.ADO.TFRT,79.325
Puerto Rico,PRI,1967,"Adolescent fertility rate (births per 1,000 women ages 15-19)",SP.ADO.TFRT,84.299
Puerto Rico,PRI,1966,"Adolescent fertility rate (births per 1,000 women ages 15-19)",SP.ADO.TFRT,89.519
Puerto Rico,PRI,1965,"Adolescent fertility rate (births per 1,000 women ages 15-19)",SP.ADO.TFRT,94.42
Puerto Rico,PRI,1964,"Adolescent fertility rate (births per 1,000 women ages 15-19)",SP.ADO.TFRT,92.902
Puerto Rico,PRI,1963,"Adolescent fertility rate (births per 1,000 women ages 15-19)",SP.ADO.TFRT,90.802
Puerto Rico,PRI,1962,"Adolescent fertility rate (births per 1,000 women ages 15-19)",SP.ADO.TFRT,88.965
Puerto Rico,PRI,1961,"Adolescent fertility rate (births per 1,000 women ages 15-19)",SP.ADO.TFRT,88.137
Puerto Rico,PRI,1960,"Adolescent fertility rate (births per 1,000 women ages 15-19)",SP.ADO.TFRT,88.433
Puerto Rico,PRI,2023,"Mortality rate, adult, female (per 1,000 female adults)",SP.DYN.AMRT.FE,39.323
Puerto Rico,PRI,2022,"Mortality rate, adult, female (per 1,000 female adults)",SP.DYN.AMRT.FE,63.866
Puerto Rico,PRI,2021,"Mortality rate, adult, female (per 1,000 female adults)",SP.DYN.AMRT.FE,63.89
Puerto Rico,PRI,2020,"Mortality rate, adult, female (per 1,000 female adults)",SP.DYN.AMRT.FE,61.114
Puerto Rico,PRI,2019,"Mortality rate, adult, female (per 1,000 female adults)",SP.DYN.AMRT.FE,40.932
Puerto Rico,PRI,2018,"Mortality rate, adult, female (per 1,000 female adults)",SP.DYN.AMRT.FE,43.966
Puerto Rico,PRI,2017,"Mortality rate, adult, female (per 1,000 female adults)",SP.DYN.AMRT.FE,62.571
Puerto Rico,PRI,2016,"Mortality rate, adult, female (per 1,000 female adults)",SP.DYN.AMRT.FE,48.488
Puerto Rico,PRI,2015,"Mortality rate, adult, female (per 1,000 female adults)",SP.DYN.AMRT.FE,48.182
Puerto Rico,PRI,2014,"Mortality rate, adult, female (per 1,000 female adults)",SP.DYN.AMRT.FE,51.331
Puerto Rico,PRI,2013,"Mortality rate, adult, female (per 1,000 female adults)",SP.DYN.AMRT.FE,51.81
Puerto Rico,PRI,2012,"Mortality rate, adult, female (per 1,000 female adults)",SP.DYN.AMRT.FE,55.966
Puerto Rico,PRI,2011,"Mortality rate, adult, female (per 1,000 female adults)",SP.DYN.AMRT.FE,58.103
Puerto Rico,PRI,2010,"Mortality rate, adult, female (per 1,000 female adults)",SP.DYN.AMRT.FE,59.837
Puerto Rico,PRI,2009,"Mortality rate, adult, female (per 1,000 female adults)",SP.DYN.AMRT.FE,61.348
Puerto Rico,PRI,2008,"Mortality rate, adult, female (per 1,000 female adults)",SP.DYN.AMRT.FE,64.607
Puerto Rico,PRI,2007,"Mortality rate, adult, female (per 1,000 female adults)",SP.DYN.AMRT.FE,65.725
Puerto Rico,PRI,2006,"Mortality rate, adult, female (per 1,000 female adults)",SP.DYN.AMRT.FE,67.643
Puerto Rico,PRI,2005,"Mortality rate, adult, female (per 1,000 female adults)",SP.DYN.AMRT.FE,72.683
Puerto Rico,PRI,2004,"Mortality rate, adult, female (per 1,000 female adults)",SP.DYN.AMRT.FE,72.16
Puerto Rico,PRI,2003,"Mortality rate, adult, female (per 1,000 female adults)",SP.DYN.AMRT.FE,71.676
Puerto Rico,PRI,2002,"Mortality rate, adult, female (per 1,000 female adults)",SP.DYN.AMRT.FE,71.293
Puerto Rico,PRI,2001,"Mortality rate, adult, female (per 1,000 female adults)",SP.DYN.AMRT.FE,75.627
Puerto Rico,PRI,2000,"Mortality rate, adult, female (per 1,000 female adults)",SP.DYN.AMRT.FE,79.31
Puerto Rico,PRI,1999,"Mortality rate, adult, female (per 1,000 female adults)",SP.DYN.AMRT.FE,79.735
Puerto Rico,PRI,1998,"Mortality rate, adult, female (per 1,000 female adults)",SP.DYN.AMRT.FE,80.475
Puerto Rico,PRI,1997,"Mortality rate, adult, female (per 1,000 female adults)",SP.DYN.AMRT.FE,81.337
Puerto Rico,PRI,1996,"Mortality rate, adult, female (per 1,000 female adults)",SP.DYN.AMRT.FE,84.698
Puerto Rico,PRI,1995,"Mortality rate, adult, female (per 1,000 female adults)",SP.DYN.AMRT.FE,85.46
Puerto Rico,PRI,1994,"Mortality rate, adult, female (per 1,000 female adults)",SP.DYN.AMRT.FE,86.052
Puerto Rico,PRI,1993,"Mortality rate, adult, female (per 1,000 female adults)",SP.DYN.AMRT.FE,86.816
Puerto Rico,PRI,1992,"Mortality rate, adult, female (per 1,000 female adults)",SP.DYN.AMRT.FE,87.875
Puerto Rico,PRI,1991,"Mortality rate, adult, female (per 1,000 female adults)",SP.DYN.AMRT.FE,85.739
Puerto Rico,PRI,1990,"Mortality rate, adult, female (per 1,000 female adults)",SP.DYN.AMRT.FE,99.722
Puerto Rico,PRI,1989,"Mortality rate, adult, female (per 1,000 female adults)",SP.DYN.AMRT.FE,105.333
Puerto Rico,PRI,1988,"Mortality rate, adult, female (per 1,000 female adults)",SP.DYN.AMRT.FE,94.559
Puerto Rico,PRI,1987,"Mortality rate, adult, female (per 1,000 female adults)",SP.DYN.AMRT.FE,91.355
Puerto Rico,PRI,1986,"Mortality rate, adult, female (per 1,000 female adults)",SP.DYN.AMRT.FE,92.121
Puerto Rico,PRI,1985,"Mortality rate, adult, female (per 1,000 female adults)",SP.DYN.AMRT.FE,98.74
Puerto Rico,PRI,1984,"Mortality rate, adult, female (per 1,000 female adults)",SP.DYN.AMRT.FE,94.541
Puerto Rico,PRI,1983,"Mortality rate, adult, female (per 1,000 female adults)",SP.DYN.AMRT.FE,93.09
Puerto Rico,PRI,1982,"Mortality rate, adult, female (per 1,000 female adults)",SP.DYN.AMRT.FE,97.814
Puerto Rico,PRI,1981,"Mortality rate, adult, female (per 1,000 female adults)",SP.DYN.AMRT.FE,94.196
Puerto Rico,PRI,1980,"Mortality rate, adult, female (per 1,000 female adults)",SP.DYN.AMRT.FE,95.354
Puerto Rico,PRI,1979,"Mortality rate, adult, female (per 1,000 female adults)",SP.DYN.AMRT.FE,97.141
Puerto Rico,PRI,1978,"Mortality rate, adult, female (per 1,000 female adults)",SP.DYN.AMRT.FE,96.724
Puerto Rico,PRI,1977,"Mortality rate, adult, female (per 1,000 female adults)",SP.DYN.AMRT.FE,100.802
Puerto Rico,PRI,1976,"Mortality rate, adult, female (per 1,000 female adults)",SP.DYN.AMRT.FE,101.816
Puerto Rico,PRI,1975,"Mortality rate, adult, female (per 1,000 female adults)",SP.DYN.AMRT.FE,103.667
Puerto Rico,PRI,1974,"Mortality rate, adult, female (per 1,000 female adults)",SP.DYN.AMRT.FE,109.383
Puerto Rico,PRI,1973,"Mortality rate, adult, female (per 1,000 female adults)",SP.DYN.AMRT.FE,112.816
Puerto Rico,PRI,1972,"Mortality rate, adult, female (per 1,000 female adults)",SP.DYN.AMRT.FE,114.75
Puerto Rico,PRI,1971,"Mortality rate, adult, female (per 1,000 female adults)",SP.DYN.AMRT.FE,110.533
Puerto Rico,PRI,1970,"Mortality rate, adult, female (per 1,000 female adults)",SP.DYN.AMRT.FE,121.46
Puerto Rico,PRI,1969,"Mortality rate, adult, female (per 1,000 female adults)",SP.DYN.AMRT.FE,121.785
Puerto Rico,PRI,1968,"Mortality rate, adult, female (per 1,000 female adults)",SP.DYN.AMRT.FE,115.377
Puerto Rico,PRI,1967,"Mortality rate, adult, female (per 1,000 female adults)",SP.DYN.AMRT.FE,114.799
Puerto Rico,PRI,1966,"Mortality rate, adult, female (per 1,000 female adults)",SP.DYN.AMRT.FE,120.11
Puerto Rico,PRI,1965,"Mortality rate, adult, female (per 1,000 female adults)",SP.DYN.AMRT.FE,122.979
Puerto Rico,PRI,1964,"Mortality rate, adult, female (per 1,000 female adults)",SP.DYN.AMRT.FE,132.845
Puerto Rico,PRI,1963,"Mortality rate, adult, female (per 1,000 female adults)",SP.DYN.AMRT.FE,129.817
Puerto Rico,PRI,1962,"Mortality rate, adult, female (per 1,000 female adults)",SP.DYN.AMRT.FE,133.805
Puerto Rico,PRI,1961,"Mortality rate, adult, female (per 1,000 female adults)",SP.DYN.AMRT.FE,141.781
Puerto Rico,PRI,1960,"Mortality rate, adult, female (per 1,000 female adults)",SP.DYN.AMRT.FE,137.453
Puerto Rico,PRI,2023,"Mortality rate, adult, male (per 1,000 male adults)",SP.DYN.AMRT.MA,109.459
Puerto Rico,PRI,2022,"Mortality rate, adult, male (per 1,000 male adults)",SP.DYN.AMRT.MA,166.98
Puerto Rico,PRI,2021,"Mortality rate, adult, male (per 1,000 male adults)",SP.DYN.AMRT.MA,179.619
Puerto Rico,PRI,2020,"Mortality rate, adult, male (per 1,000 male adults)",SP.DYN.AMRT.MA,157.964
Puerto Rico,PRI,2019,"Mortality rate, adult, male (per 1,000 male adults)",SP.DYN.AMRT.MA,119.806
Puerto Rico,PRI,2018,"Mortality rate, adult, male (per 1,000 male adults)",SP.DYN.AMRT.MA,123.301
Puerto Rico,PRI,2017,"Mortality rate, adult, male (per 1,000 male adults)",SP.DYN.AMRT.MA,136.815
Puerto Rico,PRI,2016,"Mortality rate, adult, male (per 1,000 male adults)",SP.DYN.AMRT.MA,131.907
Puerto Rico,PRI,2015,"Mortality rate, adult, male (per 1,000 male adults)",SP.DYN.AMRT.MA,130.125
Puerto Rico,PRI,2014,"Mortality rate, adult, male (per 1,000 male adults)",SP.DYN.AMRT.MA,139.299
Puerto Rico,PRI,2013,"Mortality rate, adult, male (per 1,000 male adults)",SP.DYN.AMRT.MA,135.141
Puerto Rico,PRI,2012,"Mortality rate, adult, male (per 1,000 male adults)",SP.DYN.AMRT.MA,147.953
Puerto Rico,PRI,2011,"Mortality rate, adult, male (per 1,000 male adults)",SP.DYN.AMRT.MA,157.139
Puerto Rico,PRI,2010,"Mortality rate, adult, male (per 1,000 male adults)",SP.DYN.AMRT.MA,157.457
Puerto Rico,PRI,2009,"Mortality rate, adult, male (per 1,000 male adults)",SP.DYN.AMRT.MA,164.204
Puerto Rico,PRI,2008,"Mortality rate, adult, male (per 1,000 male adults)",SP.DYN.AMRT.MA,165.47
Puerto Rico,PRI,2007,"Mortality rate, adult, male (per 1,000 male adults)",SP.DYN.AMRT.MA,174.128
Puerto Rico,PRI,2006,"Mortality rate, adult, male (per 1,000 male adults)",SP.DYN.AMRT.MA,172.607
Puerto Rico,PRI,2005,"Mortality rate, adult, male (per 1,000 male adults)",SP.DYN.AMRT.MA,183.48
Puerto Rico,PRI,2004,"Mortality rate, adult, male (per 1,000 male adults)",SP.DYN.AMRT.MA,180.524
Puerto Rico,PRI,2003,"Mortality rate, adult, male (per 1,000 male adults)",SP.DYN.AMRT.MA,178.19
Puerto Rico,PRI,2002,"Mortality rate, adult, male (per 1,000 male adults)",SP.DYN.AMRT.MA,180.614
Puerto Rico,PRI,2001,"Mortality rate, adult, male (per 1,000 male adults)",SP.DYN.AMRT.MA,192.316
Puerto Rico,PRI,2000,"Mortality rate, adult, male (per 1,000 male adults)",SP.DYN.AMRT.MA,194.882
Puerto Rico,PRI,1999,"Mortality rate, adult, male (per 1,000 male adults)",SP.DYN.AMRT.MA,197.252
Puerto Rico,PRI,1998,"Mortality rate, adult, male (per 1,000 male adults)",SP.DYN.AMRT.MA,211.716
Puerto Rico,PRI,1997,"Mortality rate, adult, male (per 1,000 male adults)",SP.DYN.AMRT.MA,203.697
Puerto Rico,PRI,1996,"Mortality rate, adult, male (per 1,000 male adults)",SP.DYN.AMRT.MA,214.469
Puerto Rico,PRI,1995,"Mortality rate, adult, male (per 1,000 male adults)",SP.DYN.AMRT.MA,219.469
Puerto Rico,PRI,1994,"Mortality rate, adult, male (per 1,000 male adults)",SP.DYN.AMRT.MA,216.756
Puerto Rico,PRI,1993,"Mortality rate, adult, male (per 1,000 male adults)",SP.DYN.AMRT.MA,219.645
Puerto Rico,PRI,1992,"Mortality rate, adult, male (per 1,000 male adults)",SP.DYN.AMRT.MA,215.355
Puerto Rico,PRI,1991,"Mortality rate, adult, male (per 1,000 male adults)",SP.DYN.AMRT.MA,205.203
Puerto Rico,PRI,1990,"Mortality rate, adult, male (per 1,000 male adults)",SP.DYN.AMRT.MA,207.591
Puerto Rico,PRI,1989,"Mortality rate, adult, male (per 1,000 male adults)",SP.DYN.AMRT.MA,206.644
Puerto Rico,PRI,1988,"Mortality rate, adult, male (per 1,000 male adults)",SP.DYN.AMRT.MA,207.414
Puerto Rico,PRI,1987,"Mortality rate, adult, male (per 1,000 male adults)",SP.DYN.AMRT.MA,203.004
Puerto Rico,PRI,1986,"Mortality rate, adult, male (per 1,000 male adults)",SP.DYN.AMRT.MA,204.481
Puerto Rico,PRI,1985,"Mortality rate, adult, male (per 1,000 male adults)",SP.DYN.AMRT.MA,205.492
Puerto Rico,PRI,1984,"Mortality rate, adult, male (per 1,000 male adults)",SP.DYN.AMRT.MA,194.684
Puerto Rico,PRI,1983,"Mortality rate, adult, male (per 1,000 male adults)",SP.DYN.AMRT.MA,195.793
Puerto Rico,PRI,1982,"Mortality rate, adult, male (per 1,000 male adults)",SP.DYN.AMRT.MA,198.767
Puerto Rico,PRI,1981,"Mortality rate, adult, male (per 1,000 male adults)",SP.DYN.AMRT.MA,201.142
Puerto Rico,PRI,1980,"Mortality rate, adult, male (per 1,000 male adults)",SP.DYN.AMRT.MA,195.778
Puerto Rico,PRI,1979,"Mortality rate, adult, male (per 1,000 male adults)",SP.DYN.AMRT.MA,200.644
Puerto Rico,PRI,1978,"Mortality rate, adult, male (per 1,000 male adults)",SP.DYN.AMRT.MA,205.678
Puerto Rico,PRI,1977,"Mortality rate, adult, male (per 1,000 male adults)",SP.DYN.AMRT.MA,202.304
Puerto Rico,PRI,1976,"Mortality rate, adult, male (per 1,000 male adults)",SP.DYN.AMRT.MA,208.42
Puerto Rico,PRI,1975,"Mortality rate, adult, male (per 1,000 male adults)",SP.DYN.AMRT.MA,208.42
Puerto Rico,PRI,1974,"Mortality rate, adult, male (per 1,000 male adults)",SP.DYN.AMRT.MA,214.37
Puerto Rico,PRI,1973,"Mortality rate, adult, male (per 1,000 male adults)",SP.DYN.AMRT.MA,217.83
Puerto Rico,PRI,1972,"Mortality rate, adult, male (per 1,000 male adults)",SP.DYN.AMRT.MA,216.244
Puerto Rico,PRI,1971,"Mortality rate, adult, male (per 1,000 male adults)",SP.DYN.AMRT.MA,213.026
Puerto Rico,PRI,1970,"Mortality rate, adult, male (per 1,000 male adults)",SP.DYN.AMRT.MA,216.002
Puerto Rico,PRI,1969,"Mortality rate, adult, male (per 1,000 male adults)",SP.DYN.AMRT.MA,210.527
Puerto Rico,PRI,1968,"Mortality rate, adult, male (per 1,000 male adults)",SP.DYN.AMRT.MA,216.291
Puerto Rico,PRI,1967,"Mortality rate, adult, male (per 1,000 male adults)",SP.DYN.AMRT.MA,210.395
Puerto Rico,PRI,1966,"Mortality rate, adult, male (per 1,000 male adults)",SP.DYN.AMRT.MA,211.427
Puerto Rico,PRI,1965,"Mortality rate, adult, male (per 1,000 male adults)",SP.DYN.AMRT.MA,224.642
Puerto Rico,PRI,1964,"Mortality rate, adult, male (per 1,000 male adults)",SP.DYN.AMRT.MA,233.856
Puerto Rico,PRI,1963,"Mortality rate, adult, male (per 1,000 male adults)",SP.DYN.AMRT.MA,229.534
Puerto Rico,PRI,1962,"Mortality rate, adult, male (per 1,000 male adults)",SP.DYN.AMRT.MA,223.865
Puerto Rico,PRI,1961,"Mortality rate, adult, male (per 1,000 male adults)",SP.DYN.AMRT.MA,223.49
Puerto Rico,PRI,1960,"Mortality rate, adult, male (per 1,000 male adults)",SP.DYN.AMRT.MA,224.956
Puerto Rico,PRI,1996,"Contraceptive prevalence, any method (% of married women ages 15-49)",SP.DYN.CONU.ZS,77.7
Puerto Rico,PRI,1982,"Contraceptive prevalence, any method (% of married women ages 15-49)",SP.DYN.CONU.ZS,69.4
Puerto Rico,PRI,2023,"Life expectancy at birth, female (years)",SP.DYN.LE00.FE.IN,85.243
Puerto Rico,PRI,2022,"Life expectancy at birth, female (years)",SP.DYN.LE00.FE.IN,83.58
Puerto Rico,PRI,2021,"Life expectancy at birth, female (years)",SP.DYN.LE00.FE.IN,83.821
Puerto Rico,PRI,2020,"Life expectancy at birth, female (years)",SP.DYN.LE00.FE.IN,83.951
Puerto Rico,PRI,2019,"Life expectancy at birth, female (years)",SP.DYN.LE00.FE.IN,85.14
Puerto Rico,PRI,2018,"Life expectancy at birth, female (years)",SP.DYN.LE00.FE.IN,84.616
Puerto Rico,PRI,2017,"Life expectancy at birth, female (years)",SP.DYN.LE00.FE.IN,82.225
Puerto Rico,PRI,2016,"Life expectancy at birth, female (years)",SP.DYN.LE00.FE.IN,83.803
Puerto Rico,PRI,2015,"Life expectancy at birth, female (years)",SP.DYN.LE00.FE.IN,84.04
Puerto Rico,PRI,2014,"Life expectancy at birth, female (years)",SP.DYN.LE00.FE.IN,83.539
Puerto Rico,PRI,2013,"Life expectancy at birth, female (years)",SP.DYN.LE00.FE.IN,83.53
Puerto Rico,PRI,2012,"Life expectancy at birth, female (years)",SP.DYN.LE00.FE.IN,82.651
Puerto Rico,PRI,2011,"Life expectancy at birth, female (years)",SP.DYN.LE00.FE.IN,82.383
Puerto Rico,PRI,2010,"Life expectancy at birth, female (years)",SP.DYN.LE00.FE.IN,82.179
Puerto Rico,PRI,2009,"Life expectancy at birth, female (years)",SP.DYN.LE00.FE.IN,82.011
Puerto Rico,PRI,2008,"Life expectancy at birth, female (years)",SP.DYN.LE00.FE.IN,81.516
Puerto Rico,PRI,2007,"Life expectancy at birth, female (years)",SP.DYN.LE00.FE.IN,81.384
Puerto Rico,PRI,2006,"Life expectancy at birth, female (years)",SP.DYN.LE00.FE.IN,81.106
Puerto Rico,PRI,2005,"Life expectancy at birth, female (years)",SP.DYN.LE00.FE.IN,80.267
Puerto Rico,PRI,2004,"Life expectancy at birth, female (years)",SP.DYN.LE00.FE.IN,80.462
Puerto Rico,PRI,2003,"Life expectancy at birth, female (years)",SP.DYN.LE00.FE.IN,80.471
Puerto Rico,PRI,2002,"Life expectancy at birth, female (years)",SP.DYN.LE00.FE.IN,80.512
Puerto Rico,PRI,2001,"Life expectancy at birth, female (years)",SP.DYN.LE00.FE.IN,79.867
Puerto Rico,PRI,2000,"Life expectancy at birth, female (years)",SP.DYN.LE00.FE.IN,79.278
Puerto Rico,PRI,1999,"Life expectancy at birth, female (years)",SP.DYN.LE00.FE.IN,79.123
Puerto Rico,PRI,1998,"Life expectancy at birth, female (years)",SP.DYN.LE00.FE.IN,79.048
Puerto Rico,PRI,1997,"Life expectancy at birth, female (years)",SP.DYN.LE00.FE.IN,78.835
Puerto Rico,PRI,1996,"Life expectancy at birth, female (years)",SP.DYN.LE00.FE.IN,78.403
Puerto Rico,PRI,1995,"Life expectancy at birth, female (years)",SP.DYN.LE00.FE.IN,78.282
Puerto Rico,PRI,1994,"Life expectancy at birth, female (years)",SP.DYN.LE00.FE.IN,78.194
Puerto Rico,PRI,1993,"Life expectancy at birth, female (years)",SP.DYN.LE00.FE.IN,78.039
Puerto Rico,PRI,1992,"Life expectancy at birth, female (years)",SP.DYN.LE00.FE.IN,77.925
Puerto Rico,PRI,1991,"Life expectancy at birth, female (years)",SP.DYN.LE00.FE.IN,78.208
Puerto Rico,PRI,1990,"Life expectancy at birth, female (years)",SP.DYN.LE00.FE.IN,76.217
Puerto Rico,PRI,1989,"Life expectancy at birth, female (years)",SP.DYN.LE00.FE.IN,75.487
Puerto Rico,PRI,1988,"Life expectancy at birth, female (years)",SP.DYN.LE00.FE.IN,77.1
Puerto Rico,PRI,1987,"Life expectancy at birth, female (years)",SP.DYN.LE00.FE.IN,77.408
Puerto Rico,PRI,1986,"Life expectancy at birth, female (years)",SP.DYN.LE00.FE.IN,77.301
Puerto Rico,PRI,1985,"Life expectancy at birth, female (years)",SP.DYN.LE00.FE.IN,76.286
Puerto Rico,PRI,1984,"Life expectancy at birth, female (years)",SP.DYN.LE00.FE.IN,76.903
Puerto Rico,PRI,1983,"Life expectancy at birth, female (years)",SP.DYN.LE00.FE.IN,77.069
Puerto Rico,PRI,1982,"Life expectancy at birth, female (years)",SP.DYN.LE00.FE.IN,76.429
Puerto Rico,PRI,1981,"Life expectancy at birth, female (years)",SP.DYN.LE00.FE.IN,76.865
Puerto Rico,PRI,1980,"Life expectancy at birth, female (years)",SP.DYN.LE00.FE.IN,76.687
Puerto Rico,PRI,1979,"Life expectancy at birth, female (years)",SP.DYN.LE00.FE.IN,76.389
Puerto Rico,PRI,1978,"Life expectancy at birth, female (years)",SP.DYN.LE00.FE.IN,76.442
Puerto Rico,PRI,1977,"Life expectancy at birth, female (years)",SP.DYN.LE00.FE.IN,75.899
Puerto Rico,PRI,1976,"Life expectancy at birth, female (years)",SP.DYN.LE00.FE.IN,75.773
Puerto Rico,PRI,1975,"Life expectancy at birth, female (years)",SP.DYN.LE00.FE.IN,75.56
Puerto Rico,PRI,1974,"Life expectancy at birth, female (years)",SP.DYN.LE00.FE.IN,74.734
Puerto Rico,PRI,1973,"Life expectancy at birth, female (years)",SP.DYN.LE00.FE.IN,74.332
Puerto Rico,PRI,1972,"Life expectancy at birth, female (years)",SP.DYN.LE00.FE.IN,74.027
Puerto Rico,PRI,1971,"Life expectancy at birth, female (years)",SP.DYN.LE00.FE.IN,74.421
Puerto Rico,PRI,1970,"Life expectancy at birth, female (years)",SP.DYN.LE00.FE.IN,73.144
Puerto Rico,PRI,1969,"Life expectancy at birth, female (years)",SP.DYN.LE00.FE.IN,73.018
Puerto Rico,PRI,1968,"Life expectancy at birth, female (years)",SP.DYN.LE00.FE.IN,73.787
Puerto Rico,PRI,1967,"Life expectancy at birth, female (years)",SP.DYN.LE00.FE.IN,73.688
Puerto Rico,PRI,1966,"Life expectancy at birth, female (years)",SP.DYN.LE00.FE.IN,72.933
Puerto Rico,PRI,1965,"Life expectancy at birth, female (years)",SP.DYN.LE00.FE.IN,72.393
Puerto Rico,PRI,1964,"Life expectancy at birth, female (years)",SP.DYN.LE00.FE.IN,71.154
Puerto Rico,PRI,1963,"Life expectancy at birth, female (years)",SP.DYN.LE00.FE.IN,71.67
Puerto Rico,PRI,1962,"Life expectancy at birth, female (years)",SP.DYN.LE00.FE.IN,71.361
Puerto Rico,PRI,1961,"Life expectancy at birth, female (years)",SP.DYN.LE00.FE.IN,70.582
Puerto Rico,PRI,1960,"Life expectancy at birth, female (years)",SP.DYN.LE00.FE.IN,71.01
Puerto Rico,PRI,2023,"Life expectancy at birth, male (years)",SP.DYN.LE00.MA.IN,78.032
Puerto Rico,PRI,2022,"Life expectancy at birth, male (years)",SP.DYN.LE00.MA.IN,75.277
Puerto Rico,PRI,2021,"Life expectancy at birth, male (years)",SP.DYN.LE00.MA.IN,75.658
Puerto Rico,PRI,2020,"Life expectancy at birth, male (years)",SP.DYN.LE00.MA.IN,76.021
Puerto Rico,PRI,2019,"Life expectancy at birth, male (years)",SP.DYN.LE00.MA.IN,77.66
Puerto Rico,PRI,2018,"Life expectancy at birth, male (years)",SP.DYN.LE00.MA.IN,77.451
Puerto Rico,PRI,2017,"Life expectancy at birth, male (years)",SP.DYN.LE00.MA.IN,75.823
Puerto Rico,PRI,2016,"Life expectancy at birth, male (years)",SP.DYN.LE00.MA.IN,76.825
Puerto Rico,PRI,2015,"Life expectancy at birth, male (years)",SP.DYN.LE00.MA.IN,77.214
Puerto Rico,PRI,2014,"Life expectancy at birth, male (years)",SP.DYN.LE00.MA.IN,76.47
Puerto Rico,PRI,2013,"Life expectancy at birth, male (years)",SP.DYN.LE00.MA.IN,76.99
Puerto Rico,PRI,2012,"Life expectancy at birth, male (years)",SP.DYN.LE00.MA.IN,75.793
Puerto Rico,PRI,2011,"Life expectancy at birth, male (years)",SP.DYN.LE00.MA.IN,75.121
Puerto Rico,PRI,2010,"Life expectancy at birth, male (years)",SP.DYN.LE00.MA.IN,75.202
Puerto Rico,PRI,2009,"Life expectancy at birth, male (years)",SP.DYN.LE00.MA.IN,74.709
Puerto Rico,PRI,2008,"Life expectancy at birth, male (years)",SP.DYN.LE00.MA.IN,74.631
Puerto Rico,PRI,2007,"Life expectancy at birth, male (years)",SP.DYN.LE00.MA.IN,73.905
Puerto Rico,PRI,2006,"Life expectancy at birth, male (years)",SP.DYN.LE00.MA.IN,73.953
Puerto Rico,PRI,2005,"Life expectancy at birth, male (years)",SP.DYN.LE00.MA.IN,73.086
Puerto Rico,PRI,2004,"Life expectancy at birth, male (years)",SP.DYN.LE00.MA.IN,73.298
Puerto Rico,PRI,2003,"Life expectancy at birth, male (years)",SP.DYN.LE00.MA.IN,73.334
Puerto Rico,PRI,2002,"Life expectancy at birth, male (years)",SP.DYN.LE00.MA.IN,73.072
Puerto Rico,PRI,2001,"Life expectancy at birth, male (years)",SP.DYN.LE00.MA.IN,72.067
Puerto Rico,PRI,2000,"Life expectancy at birth, male (years)",SP.DYN.LE00.MA.IN,71.725
Puerto Rico,PRI,1999,"Life expectancy at birth, male (years)",SP.DYN.LE00.MA.IN,71.425
Puerto Rico,PRI,1998,"Life expectancy at birth, male (years)",SP.DYN.LE00.MA.IN,70.195
Puerto Rico,PRI,1997,"Life expectancy at birth, male (years)",SP.DYN.LE00.MA.IN,70.575
Puerto Rico,PRI,1996,"Life expectancy at birth, male (years)",SP.DYN.LE00.MA.IN,69.719
Puerto Rico,PRI,1995,"Life expectancy at birth, male (years)",SP.DYN.LE00.MA.IN,69.071
Puerto Rico,PRI,1994,"Life expectancy at birth, male (years)",SP.DYN.LE00.MA.IN,69.244
Puerto Rico,PRI,1993,"Life expectancy at birth, male (years)",SP.DYN.LE00.MA.IN,68.826
Puerto Rico,PRI,1992,"Life expectancy at birth, male (years)",SP.DYN.LE00.MA.IN,69.062
Puerto Rico,PRI,1991,"Life expectancy at birth, male (years)",SP.DYN.LE00.MA.IN,69.715
Puerto Rico,PRI,1990,"Life expectancy at birth, male (years)",SP.DYN.LE00.MA.IN,69.45
Puerto Rico,PRI,1989,"Life expectancy at birth, male (years)",SP.DYN.LE00.MA.IN,69.441
Puerto Rico,PRI,1988,"Life expectancy at birth, male (years)",SP.DYN.LE00.MA.IN,69.317
Puerto Rico,PRI,1987,"Life expectancy at birth, male (years)",SP.DYN.LE00.MA.IN,69.529
Puerto Rico,PRI,1986,"Life expectancy at birth, male (years)",SP.DYN.LE00.MA.IN,69.392
Puerto Rico,PRI,1985,"Life expectancy at birth, male (years)",SP.DYN.LE00.MA.IN,69.067
Puerto Rico,PRI,1984,"Life expectancy at birth, male (years)",SP.DYN.LE00.MA.IN,70.011
Puerto Rico,PRI,1983,"Life expectancy at birth, male (years)",SP.DYN.LE00.MA.IN,69.784
Puerto Rico,PRI,1982,"Life expectancy at birth, male (years)",SP.DYN.LE00.MA.IN,69.543
Puerto Rico,PRI,1981,"Life expectancy at birth, male (years)",SP.DYN.LE00.MA.IN,69.256
Puerto Rico,PRI,1980,"Life expectancy at birth, male (years)",SP.DYN.LE00.MA.IN,69.623
Puerto Rico,PRI,1979,"Life expectancy at birth, male (years)",SP.DYN.LE00.MA.IN,69.183
Puerto Rico,PRI,1978,"Life expectancy at birth, male (years)",SP.DYN.LE00.MA.IN,68.817
Puerto Rico,PRI,1977,"Life expectancy at birth, male (years)",SP.DYN.LE00.MA.IN,69.035
Puerto Rico,PRI,1976,"Life expectancy at birth, male (years)",SP.DYN.LE00.MA.IN,68.573
Puerto Rico,PRI,1975,"Life expectancy at birth, male (years)",SP.DYN.LE00.MA.IN,68.549
Puerto Rico,PRI,1974,"Life expectancy at birth, male (years)",SP.DYN.LE00.MA.IN,68.075
Puerto Rico,PRI,1973,"Life expectancy at birth, male (years)",SP.DYN.LE00.MA.IN,67.733
Puerto Rico,PRI,1972,"Life expectancy at birth, male (years)",SP.DYN.LE00.MA.IN,67.744
Puerto Rico,PRI,1971,"Life expectancy at birth, male (years)",SP.DYN.LE00.MA.IN,67.935
Puerto Rico,PRI,1970,"Life expectancy at birth, male (years)",SP.DYN.LE00.MA.IN,67.65
Puerto Rico,PRI,1969,"Life expectancy at birth, male (years)",SP.DYN.LE00.MA.IN,68.064
Puerto Rico,PRI,1968,"Life expectancy at birth, male (years)",SP.DYN.LE00.MA.IN,67.55
Puerto Rico,PRI,1967,"Life expectancy at birth, male (years)",SP.DYN.LE00.MA.IN,67.884
Puerto Rico,PRI,1966,"Life expectancy at birth, male (years)",SP.DYN.LE00.MA.IN,67.647
Puerto Rico,PRI,1965,"Life expectancy at birth, male (years)",SP.DYN.LE00.MA.IN,66.412
Puerto Rico,PRI,1964,"Life expectancy at birth, male (years)",SP.DYN.LE00.MA.IN,65.524
Puerto Rico,PRI,1963,"Life expectancy at birth, male (years)",SP.DYN.LE00.MA.IN,65.997
Puerto Rico,PRI,1962,"Life expectancy at birth, male (years)",SP.DYN.LE00.MA.IN,66.499
Puerto Rico,PRI,1961,"Life expectancy at birth, male (years)",SP.DYN.LE00.MA.IN,66.539
Puerto Rico,PRI,1960,"Life expectancy at birth, male (years)",SP.DYN.LE00.MA.IN,66.37
Puerto Rico,PRI,2023,"Fertility rate, total (births per woman)",SP.DYN.TFRT.IN,0.92
Puerto Rico,PRI,2022,"Fertility rate, total (births per woman)",SP.DYN.TFRT.IN,0.914
Puerto Rico,PRI,2021,"Fertility rate, total (births per woman)",SP.DYN.TFRT.IN,0.907
Puerto Rico,PRI,2020,"Fertility rate, total (births per woman)",SP.DYN.TFRT.IN,0.922
Puerto Rico,PRI,2019,"Fertility rate, total (births per woman)",SP.DYN.TFRT.IN,0.982
Puerto Rico,PRI,2018,"Fertility rate, total (births per woman)",SP.DYN.TFRT.IN,1.035
Puerto Rico,PRI,2017,"Fertility rate, total (births per woman)",SP.DYN.TFRT.IN,1.101
Puerto Rico,PRI,2016,"Fertility rate, total (births per woman)",SP.DYN.TFRT.IN,1.2425
Puerto Rico,PRI,2015,"Fertility rate, total (births per woman)",SP.DYN.TFRT.IN,1.3365
Puerto Rico,PRI,2014,"Fertility rate, total (births per woman)",SP.DYN.TFRT.IN,1.432
Puerto Rico,PRI,2013,"Fertility rate, total (births per woman)",SP.DYN.TFRT.IN,1.47
Puerto Rico,PRI,2012,"Fertility rate, total (births per woman)",SP.DYN.TFRT.IN,1.5425
Puerto Rico,PRI,2011,"Fertility rate, total (births per woman)",SP.DYN.TFRT.IN,1.5965
Puerto Rico,PRI,2010,"Fertility rate, total (births per woman)",SP.DYN.TFRT.IN,1.6235
Puerto Rico,PRI,2009,"Fertility rate, total (births per woman)",SP.DYN.TFRT.IN,1.6528
Puerto Rico,PRI,2008,"Fertility rate, total (births per woman)",SP.DYN.TFRT.IN,1.6516
Puerto Rico,PRI,2007,"Fertility rate, total (births per woman)",SP.DYN.TFRT.IN,1.6505
Puerto Rico,PRI,2006,"Fertility rate, total (births per woman)",SP.DYN.TFRT.IN,1.7123
Puerto Rico,PRI,2005,"Fertility rate, total (births per woman)",SP.DYN.TFRT.IN,1.7702
Puerto Rico,PRI,2004,"Fertility rate, total (births per woman)",SP.DYN.TFRT.IN,1.7822
Puerto Rico,PRI,2003,"Fertility rate, total (births per woman)",SP.DYN.TFRT.IN,1.7624
Puerto Rico,PRI,2002,"Fertility rate, total (births per woman)",SP.DYN.TFRT.IN,1.8317
Puerto Rico,PRI,2001,"Fertility rate, total (births per woman)",SP.DYN.TFRT.IN,1.9346
Puerto Rico,PRI,2000,"Fertility rate, total (births per woman)",SP.DYN.TFRT.IN,2.0485
Puerto Rico,PRI,1999,"Fertility rate, total (births per woman)",SP.DYN.TFRT.IN,2
Puerto Rico,PRI,1998,"Fertility rate, total (births per woman)",SP.DYN.TFRT.IN,1.9
Puerto Rico,PRI,1997,"Fertility rate, total (births per woman)",SP.DYN.TFRT.IN,1.9
Puerto Rico,PRI,1996,"Fertility rate, total (births per woman)",SP.DYN.TFRT.IN,1.94
Puerto Rico,PRI,1995,"Fertility rate, total (births per woman)",SP.DYN.TFRT.IN,2.248
Puerto Rico,PRI,1994,"Fertility rate, total (births per woman)",SP.DYN.TFRT.IN,2.278
Puerto Rico,PRI,1993,"Fertility rate, total (births per woman)",SP.DYN.TFRT.IN,2.307
Puerto Rico,PRI,1992,"Fertility rate, total (births per woman)",SP.DYN.TFRT.IN,2.29
Puerto Rico,PRI,1991,"Fertility rate, total (births per woman)",SP.DYN.TFRT.IN,2.302
Puerto Rico,PRI,1990,"Fertility rate, total (births per woman)",SP.DYN.TFRT.IN,2.378
Puerto Rico,PRI,1989,"Fertility rate, total (births per woman)",SP.DYN.TFRT.IN,2.386
Puerto Rico,PRI,1988,"Fertility rate, total (births per woman)",SP.DYN.TFRT.IN,2.307
Puerto Rico,PRI,1987,"Fertility rate, total (births per woman)",SP.DYN.TFRT.IN,2.328
Puerto Rico,PRI,1986,"Fertility rate, total (births per woman)",SP.DYN.TFRT.IN,2.355
Puerto Rico,PRI,1985,"Fertility rate, total (births per woman)",SP.DYN.TFRT.IN,2.351
Puerto Rico,PRI,1984,"Fertility rate, total (births per woman)",SP.DYN.TFRT.IN,2.353
Puerto Rico,PRI,1983,"Fertility rate, total (births per woman)",SP.DYN.TFRT.IN,2.456
Puerto Rico,PRI,1982,"Fertility rate, total (births per woman)",SP.DYN.TFRT.IN,2.613
Puerto Rico,PRI,1981,"Fertility rate, total (births per woman)",SP.DYN.TFRT.IN,2.711
Puerto Rico,PRI,1980,"Fertility rate, total (births per woman)",SP.DYN.TFRT.IN,2.815
Puerto Rico,PRI,1979,"Fertility rate, total (births per woman)",SP.DYN.TFRT.IN,2.846
Puerto Rico,PRI,1978,"Fertility rate, total (births per woman)",SP.DYN.TFRT.IN,2.9
Puerto Rico,PRI,1977,"Fertility rate, total (births per woman)",SP.DYN.TFRT.IN,2.923
Puerto Rico,PRI,1976,"Fertility rate, total (births per woman)",SP.DYN.TFRT.IN,2.863
Puerto Rico,PRI,1975,"Fertility rate, total (births per woman)",SP.DYN.TFRT.IN,2.772
Puerto Rico,PRI,1974,"Fertility rate, total (births per woman)",SP.DYN.TFRT.IN,2.882
Puerto Rico,PRI,1973,"Fertility rate, total (births per woman)",SP.DYN.TFRT.IN,2.93
Puerto Rico,PRI,1972,"Fertility rate, total (births per woman)",SP.DYN.TFRT.IN,3.058
Puerto Rico,PRI,1971,"Fertility rate, total (births per woman)",SP.DYN.TFRT.IN,3.291
Puerto Rico,PRI,1970,"Fertility rate, total (births per woman)",SP.DYN.TFRT.IN,3.243
Puerto Rico,PRI,1969,"Fertility rate, total (births per woman)",SP.DYN.TFRT.IN,3.315
Puerto Rico,PRI,1968,"Fertility rate, total (births per woman)",SP.DYN.TFRT.IN,3.381
Puerto Rico,PRI,1967,"Fertility rate, total (births per woman)",SP.DYN.TFRT.IN,3.569
Puerto Rico,PRI,1966,"Fertility rate, total (births per woman)",SP.DYN.TFRT.IN,3.817
Puerto Rico,PRI,1965,"Fertility rate, total (births per woman)",SP.DYN.TFRT.IN,4.044
Puerto Rico,PRI,1964,"Fertility rate, total (births per woman)",SP.DYN.TFRT.IN,4.108
Puerto Rico,PRI,1963,"Fertility rate, total (births per woman)",SP.DYN.TFRT.IN,4.525
Puerto Rico,PRI,1962,"Fertility rate, total (births per woman)",SP.DYN.TFRT.IN,4.359
Puerto Rico,PRI,1961,"Fertility rate, total (births per woman)",SP.DYN.TFRT.IN,4.51
Puerto Rico,PRI,1960,"Fertility rate, total (births per woman)",SP.DYN.TFRT.IN,4.796
Puerto Rico,PRI,2022,"Survival to age 65, female (% of cohort)",SP.DYN.TO65.FE.ZS,90.240145
Puerto Rico,PRI,2021,"Survival to age 65, female (% of cohort)",SP.DYN.TO65.FE.ZS,90.261003
Puerto Rico,PRI,2020,"Survival to age 65, female (% of cohort)",SP.DYN.TO65.FE.ZS,90.508085
Puerto Rico,PRI,2019,"Survival to age 65, female (% of cohort)",SP.DYN.TO65.FE.ZS,92.720812
Puerto Rico,PRI,2018,"Survival to age 65, female (% of cohort)",SP.DYN.TO65.FE.ZS,92.330125
Puerto Rico,PRI,2017,"Survival to age 65, female (% of cohort)",SP.DYN.TO65.FE.ZS,89.273038
Puerto Rico,PRI,2016,"Survival to age 65, female (% of cohort)",SP.DYN.TO65.FE.ZS,91.637333
Puerto Rico,PRI,2015,"Survival to age 65, female (% of cohort)",SP.DYN.TO65.FE.ZS,91.811871
Puerto Rico,PRI,2014,"Survival to age 65, female (% of cohort)",SP.DYN.TO65.FE.ZS,91.388265
Puerto Rico,PRI,2013,"Survival to age 65, female (% of cohort)",SP.DYN.TO65.FE.ZS,91.301064
Puerto Rico,PRI,2012,"Survival to age 65, female (% of cohort)",SP.DYN.TO65.FE.ZS,90.491099
Puerto Rico,PRI,2011,"Survival to age 65, female (% of cohort)",SP.DYN.TO65.FE.ZS,90.26161
Puerto Rico,PRI,2010,"Survival to age 65, female (% of cohort)",SP.DYN.TO65.FE.ZS,90.099599
Puerto Rico,PRI,2009,"Survival to age 65, female (% of cohort)",SP.DYN.TO65.FE.ZS,89.963988
Puerto Rico,PRI,2008,"Survival to age 65, female (% of cohort)",SP.DYN.TO65.FE.ZS,89.511567
Puerto Rico,PRI,2007,"Survival to age 65, female (% of cohort)",SP.DYN.TO65.FE.ZS,89.40222
Puerto Rico,PRI,2006,"Survival to age 65, female (% of cohort)",SP.DYN.TO65.FE.ZS,89.154015
Puerto Rico,PRI,2005,"Survival to age 65, female (% of cohort)",SP.DYN.TO65.FE.ZS,88.331969
Puerto Rico,PRI,2004,"Survival to age 65, female (% of cohort)",SP.DYN.TO65.FE.ZS,88.555564
Puerto Rico,PRI,2003,"Survival to age 65, female (% of cohort)",SP.DYN.TO65.FE.ZS,88.572639
Puerto Rico,PRI,2002,"Survival to age 65, female (% of cohort)",SP.DYN.TO65.FE.ZS,88.618801
Puerto Rico,PRI,2001,"Survival to age 65, female (% of cohort)",SP.DYN.TO65.FE.ZS,87.960364
Puerto Rico,PRI,2000,"Survival to age 65, female (% of cohort)",SP.DYN.TO65.FE.ZS,87.322379
Puerto Rico,PRI,1999,"Survival to age 65, female (% of cohort)",SP.DYN.TO65.FE.ZS,87.139976
Puerto Rico,PRI,1998,"Survival to age 65, female (% of cohort)",SP.DYN.TO65.FE.ZS,87.042787
Puerto Rico,PRI,1997,"Survival to age 65, female (% of cohort)",SP.DYN.TO65.FE.ZS,86.790267
Puerto Rico,PRI,1996,"Survival to age 65, female (% of cohort)",SP.DYN.TO65.FE.ZS,86.276272
Puerto Rico,PRI,1995,"Survival to age 65, female (% of cohort)",SP.DYN.TO65.FE.ZS,86.135507
Puerto Rico,PRI,1994,"Survival to age 65, female (% of cohort)",SP.DYN.TO65.FE.ZS,86.028475
Puerto Rico,PRI,1993,"Survival to age 65, female (% of cohort)",SP.DYN.TO65.FE.ZS,85.847885
Puerto Rico,PRI,1992,"Survival to age 65, female (% of cohort)",SP.DYN.TO65.FE.ZS,85.707903
Puerto Rico,PRI,1991,"Survival to age 65, female (% of cohort)",SP.DYN.TO65.FE.ZS,86.036653
Puerto Rico,PRI,1990,"Survival to age 65, female (% of cohort)",SP.DYN.TO65.FE.ZS,83.638965
Puerto Rico,PRI,1989,"Survival to age 65, female (% of cohort)",SP.DYN.TO65.FE.ZS,82.698228
Puerto Rico,PRI,1988,"Survival to age 65, female (% of cohort)",SP.DYN.TO65.FE.ZS,84.69871
Puerto Rico,PRI,1987,"Survival to age 65, female (% of cohort)",SP.DYN.TO65.FE.ZS,85.072836
Puerto Rico,PRI,1986,"Survival to age 65, female (% of cohort)",SP.DYN.TO65.FE.ZS,84.929221
Puerto Rico,PRI,1985,"Survival to age 65, female (% of cohort)",SP.DYN.TO65.FE.ZS,83.578603
Puerto Rico,PRI,1984,"Survival to age 65, female (% of cohort)",SP.DYN.TO65.FE.ZS,84.423269
Puerto Rico,PRI,1983,"Survival to age 65, female (% of cohort)",SP.DYN.TO65.FE.ZS,84.609092
Puerto Rico,PRI,1982,"Survival to age 65, female (% of cohort)",SP.DYN.TO65.FE.ZS,83.806807
Puerto Rico,PRI,1981,"Survival to age 65, female (% of cohort)",SP.DYN.TO65.FE.ZS,84.31068
Puerto Rico,PRI,1980,"Survival to age 65, female (% of cohort)",SP.DYN.TO65.FE.ZS,84.082361
Puerto Rico,PRI,1979,"Survival to age 65, female (% of cohort)",SP.DYN.TO65.FE.ZS,83.69642
Puerto Rico,PRI,1978,"Survival to age 65, female (% of cohort)",SP.DYN.TO65.FE.ZS,83.735934
Puerto Rico,PRI,1977,"Survival to age 65, female (% of cohort)",SP.DYN.TO65.FE.ZS,83.035198
Puerto Rico,PRI,1976,"Survival to age 65, female (% of cohort)",SP.DYN.TO65.FE.ZS,82.851956
Puerto Rico,PRI,1975,"Survival to age 65, female (% of cohort)",SP.DYN.TO65.FE.ZS,82.541762
Puerto Rico,PRI,1974,"Survival to age 65, female (% of cohort)",SP.DYN.TO65.FE.ZS,81.475252
Puerto Rico,PRI,1973,"Survival to age 65, female (% of cohort)",SP.DYN.TO65.FE.ZS,80.912337
Puerto Rico,PRI,1972,"Survival to age 65, female (% of cohort)",SP.DYN.TO65.FE.ZS,80.498391
Puerto Rico,PRI,1971,"Survival to age 65, female (% of cohort)",SP.DYN.TO65.FE.ZS,81.036314
Puerto Rico,PRI,1970,"Survival to age 65, female (% of cohort)",SP.DYN.TO65.FE.ZS,79.252562
Puerto Rico,PRI,1969,"Survival to age 65, female (% of cohort)",SP.DYN.TO65.FE.ZS,79.082789
Puerto Rico,PRI,1968,"Survival to age 65, female (% of cohort)",SP.DYN.TO65.FE.ZS,80.112157
Puerto Rico,PRI,1967,"Survival to age 65, female (% of cohort)",SP.DYN.TO65.FE.ZS,79.988878
Puerto Rico,PRI,1966,"Survival to age 65, female (% of cohort)",SP.DYN.TO65.FE.ZS,78.953552
Puerto Rico,PRI,1965,"Survival to age 65, female (% of cohort)",SP.DYN.TO65.FE.ZS,78.227548
Puerto Rico,PRI,1964,"Survival to age 65, female (% of cohort)",SP.DYN.TO65.FE.ZS,76.459575
Puerto Rico,PRI,1963,"Survival to age 65, female (% of cohort)",SP.DYN.TO65.FE.ZS,77.112094
Puerto Rico,PRI,1962,"Survival to age 65, female (% of cohort)",SP.DYN.TO65.FE.ZS,76.59167
Puerto Rico,PRI,1961,"Survival to age 65, female (% of cohort)",SP.DYN.TO65.FE.ZS,75.389758
Puerto Rico,PRI,1960,"Survival to age 65, female (% of cohort)",SP.DYN.TO65.FE.ZS,76.04425
Puerto Rico,PRI,2022,"Survival to age 65, male (% of cohort)",SP.DYN.TO65.MA.ZS,77.66803
Puerto Rico,PRI,2021,"Survival to age 65, male (% of cohort)",SP.DYN.TO65.MA.ZS,76.397339
Puerto Rico,PRI,2020,"Survival to age 65, male (% of cohort)",SP.DYN.TO65.MA.ZS,78.733995
Puerto Rico,PRI,2019,"Survival to age 65, male (% of cohort)",SP.DYN.TO65.MA.ZS,81.710212
Puerto Rico,PRI,2018,"Survival to age 65, male (% of cohort)",SP.DYN.TO65.MA.ZS,81.270732
Puerto Rico,PRI,2017,"Survival to age 65, male (% of cohort)",SP.DYN.TO65.MA.ZS,78.909851
Puerto Rico,PRI,2016,"Survival to age 65, male (% of cohort)",SP.DYN.TO65.MA.ZS,80.189102
Puerto Rico,PRI,2015,"Survival to age 65, male (% of cohort)",SP.DYN.TO65.MA.ZS,80.619693
Puerto Rico,PRI,2014,"Survival to age 65, male (% of cohort)",SP.DYN.TO65.MA.ZS,79.44198
Puerto Rico,PRI,2013,"Survival to age 65, male (% of cohort)",SP.DYN.TO65.MA.ZS,80.143447
Puerto Rico,PRI,2012,"Survival to age 65, male (% of cohort)",SP.DYN.TO65.MA.ZS,78.454183
Puerto Rico,PRI,2011,"Survival to age 65, male (% of cohort)",SP.DYN.TO65.MA.ZS,77.459409
Puerto Rico,PRI,2010,"Survival to age 65, male (% of cohort)",SP.DYN.TO65.MA.ZS,77.647755
Puerto Rico,PRI,2009,"Survival to age 65, male (% of cohort)",SP.DYN.TO65.MA.ZS,76.972801
Puerto Rico,PRI,2008,"Survival to age 65, male (% of cohort)",SP.DYN.TO65.MA.ZS,76.958401
Puerto Rico,PRI,2007,"Survival to age 65, male (% of cohort)",SP.DYN.TO65.MA.ZS,75.919829
Puerto Rico,PRI,2006,"Survival to age 65, male (% of cohort)",SP.DYN.TO65.MA.ZS,76.129713
Puerto Rico,PRI,2005,"Survival to age 65, male (% of cohort)",SP.DYN.TO65.MA.ZS,74.808519
Puerto Rico,PRI,2004,"Survival to age 65, male (% of cohort)",SP.DYN.TO65.MA.ZS,75.248364
Puerto Rico,PRI,2003,"Survival to age 65, male (% of cohort)",SP.DYN.TO65.MA.ZS,75.46865
Puerto Rico,PRI,2002,"Survival to age 65, male (% of cohort)",SP.DYN.TO65.MA.ZS,75.153168
Puerto Rico,PRI,2001,"Survival to age 65, male (% of cohort)",SP.DYN.TO65.MA.ZS,73.612113
Puerto Rico,PRI,2000,"Survival to age 65, male (% of cohort)",SP.DYN.TO65.MA.ZS,73.184633
Puerto Rico,PRI,1999,"Survival to age 65, male (% of cohort)",SP.DYN.TO65.MA.ZS,72.79866
Puerto Rico,PRI,1998,"Survival to age 65, male (% of cohort)",SP.DYN.TO65.MA.ZS,70.810526
Puerto Rico,PRI,1997,"Survival to age 65, male (% of cohort)",SP.DYN.TO65.MA.ZS,71.649981
Puerto Rico,PRI,1996,"Survival to age 65, male (% of cohort)",SP.DYN.TO65.MA.ZS,70.213722
Puerto Rico,PRI,1995,"Survival to age 65, male (% of cohort)",SP.DYN.TO65.MA.ZS,69.292845
Puerto Rico,PRI,1994,"Survival to age 65, male (% of cohort)",SP.DYN.TO65.MA.ZS,69.630288
Puerto Rico,PRI,1993,"Survival to age 65, male (% of cohort)",SP.DYN.TO65.MA.ZS,69.058837
Puerto Rico,PRI,1992,"Survival to age 65, male (% of cohort)",SP.DYN.TO65.MA.ZS,69.547274
Puerto Rico,PRI,1991,"Survival to age 65, male (% of cohort)",SP.DYN.TO65.MA.ZS,70.771283
Puerto Rico,PRI,1990,"Survival to age 65, male (% of cohort)",SP.DYN.TO65.MA.ZS,70.380885
Puerto Rico,PRI,1989,"Survival to age 65, male (% of cohort)",SP.DYN.TO65.MA.ZS,70.424266
Puerto Rico,PRI,1988,"Survival to age 65, male (% of cohort)",SP.DYN.TO65.MA.ZS,70.253355
Puerto Rico,PRI,1987,"Survival to age 65, male (% of cohort)",SP.DYN.TO65.MA.ZS,70.696364
Puerto Rico,PRI,1986,"Survival to age 65, male (% of cohort)",SP.DYN.TO65.MA.ZS,70.466267
Puerto Rico,PRI,1985,"Survival to age 65, male (% of cohort)",SP.DYN.TO65.MA.ZS,70.033466
Puerto Rico,PRI,1984,"Survival to age 65, male (% of cohort)",SP.DYN.TO65.MA.ZS,71.58092
Puerto Rico,PRI,1983,"Survival to age 65, male (% of cohort)",SP.DYN.TO65.MA.ZS,71.285571
Puerto Rico,PRI,1982,"Survival to age 65, male (% of cohort)",SP.DYN.TO65.MA.ZS,70.884211
Puerto Rico,PRI,1981,"Survival to age 65, male (% of cohort)",SP.DYN.TO65.MA.ZS,70.468603
Puerto Rico,PRI,1980,"Survival to age 65, male (% of cohort)",SP.DYN.TO65.MA.ZS,71.125573
Puerto Rico,PRI,1979,"Survival to age 65, male (% of cohort)",SP.DYN.TO65.MA.ZS,70.428396
Puerto Rico,PRI,1978,"Survival to age 65, male (% of cohort)",SP.DYN.TO65.MA.ZS,69.790693
Puerto Rico,PRI,1977,"Survival to age 65, male (% of cohort)",SP.DYN.TO65.MA.ZS,70.193553
Puerto Rico,PRI,1976,"Survival to age 65, male (% of cohort)",SP.DYN.TO65.MA.ZS,69.396934
Puerto Rico,PRI,1975,"Survival to age 65, male (% of cohort)",SP.DYN.TO65.MA.ZS,69.365633
Puerto Rico,PRI,1974,"Survival to age 65, male (% of cohort)",SP.DYN.TO65.MA.ZS,68.546161
Puerto Rico,PRI,1973,"Survival to age 65, male (% of cohort)",SP.DYN.TO65.MA.ZS,67.983277
Puerto Rico,PRI,1972,"Survival to age 65, male (% of cohort)",SP.DYN.TO65.MA.ZS,68.052642
Puerto Rico,PRI,1971,"Survival to age 65, male (% of cohort)",SP.DYN.TO65.MA.ZS,68.3928
Puerto Rico,PRI,1970,"Survival to age 65, male (% of cohort)",SP.DYN.TO65.MA.ZS,67.90044
Puerto Rico,PRI,1969,"Survival to age 65, male (% of cohort)",SP.DYN.TO65.MA.ZS,68.595997
Puerto Rico,PRI,1968,"Survival to age 65, male (% of cohort)",SP.DYN.TO65.MA.ZS,67.72158
Puerto Rico,PRI,1967,"Survival to age 65, male (% of cohort)",SP.DYN.TO65.MA.ZS,68.36354
Puerto Rico,PRI,1966,"Survival to age 65, male (% of cohort)",SP.DYN.TO65.MA.ZS,68.041464
Puerto Rico,PRI,1965,"Survival to age 65, male (% of cohort)",SP.DYN.TO65.MA.ZS,66.025406
Puerto Rico,PRI,1964,"Survival to age 65, male (% of cohort)",SP.DYN.TO65.MA.ZS,64.582416
Puerto Rico,PRI,1963,"Survival to age 65, male (% of cohort)",SP.DYN.TO65.MA.ZS,65.301875
Puerto Rico,PRI,1962,"Survival to age 65, male (% of cohort)",SP.DYN.TO65.MA.ZS,66.139049
Puerto Rico,PRI,1961,"Survival to age 65, male (% of cohort)",SP.DYN.TO65.MA.ZS,66.215682
Puerto Rico,PRI,1960,"Survival to age 65, male (% of cohort)",SP.DYN.TO65.MA.ZS,65.983142
Puerto Rico,PRI,2018,"School life expectancy, primary to tertiary, female (years)",SE.SCH.LIFE.FE,17.9913
Puerto Rico,PRI,2016,"School life expectancy, primary to tertiary, female (years)",SE.SCH.LIFE.FE,17.07276
Puerto Rico,PRI,2015,"School life expectancy, primary to tertiary, female (years)",SE.SCH.LIFE.FE,18.07942
Puerto Rico,PRI,2014,"School life expectancy, primary to tertiary, female (years)",SE.SCH.LIFE.FE,16.44243
Puerto Rico,PRI,2013,"School life expectancy, primary to tertiary, female (years)",SE.SCH.LIFE.FE,16.35408
Puerto Rico,PRI,2012,"School life expectancy, primary to tertiary, female (years)",SE.SCH.LIFE.FE,16.27556
Puerto Rico,PRI,2011,"School life expectancy, primary to tertiary, female (years)",SE.SCH.LIFE.FE,17.65346
Puerto Rico,PRI,2010,"School life expectancy, primary to tertiary, female (years)",SE.SCH.LIFE.FE,18.02477
Puerto Rico,PRI,2009,"School life expectancy, primary to tertiary, female (years)",SE.SCH.LIFE.FE,17.56729
Puerto Rico,PRI,2018,"School life expectancy, primary to tertiary, male (years)",SE.SCH.LIFE.MA,15.01551
Puerto Rico,PRI,2016,"School life expectancy, primary to tertiary, male (years)",SE.SCH.LIFE.MA,14.70561
Puerto Rico,PRI,2015,"School life expectancy, primary to tertiary, male (years)",SE.SCH.LIFE.MA,15.74973
Puerto Rico,PRI,2014,"School life expectancy, primary to tertiary, male (years)",SE.SCH.LIFE.MA,14.3357
Puerto Rico,PRI,2013,"School life expectancy, primary to tertiary, male (years)",SE.SCH.LIFE.MA,14.21427
Puerto Rico,PRI,2012,"School life expectancy, primary to tertiary, male (years)",SE.SCH.LIFE.MA,13.95168
Puerto Rico,PRI,2011,"School life expectancy, primary to tertiary, male (years)",SE.SCH.LIFE.MA,14.61663
Puerto Rico,PRI,2010,"School life expectancy, primary to tertiary, male (years)",SE.SCH.LIFE.MA,15.37411
Puerto Rico,PRI,2009,"School life expectancy, primary to tertiary, male (years)",SE.SCH.LIFE.MA,15.33588
Puerto Rico,PRI,2023,There are periods of absence due to childcare accounted for in pension benefits (1=yes; 0=no),SG.ABS.PENB,0
Puerto Rico,PRI,2022,There are periods of absence due to childcare accounted for in pension benefits (1=yes; 0=no),SG.ABS.PENB,0
Puerto Rico,PRI,2021,There are periods of absence due to childcare accounted for in pension benefits (1=yes; 0=no),SG.ABS.PENB,0
Puerto Rico,PRI,2020,There are periods of absence due to childcare accounted for in pension benefits (1=yes; 0=no),SG.ABS.PENB,0
Puerto Rico,PRI,2019,There are periods of absence due to childcare accounted for in pension benefits (1=yes; 0=no),SG.ABS.PENB,0
Puerto Rico,PRI,2018,There are periods of absence due to childcare accounted for in pension benefits (1=yes; 0=no),SG.ABS.PENB,0
Puerto Rico,PRI,2017,There are periods of absence due to childcare accounted for in pension benefits (1=yes; 0=no),SG.ABS.PENB,0
Puerto Rico,PRI,2016,There are periods of absence due to childcare accounted for in pension benefits (1=yes; 0=no),SG.ABS.PENB,0
Puerto Rico,PRI,2015,There are periods of absence due to childcare accounted for in pension benefits (1=yes; 0=no),SG.ABS.PENB,0
Puerto Rico,PRI,2014,There are periods of absence due to childcare accounted for in pension benefits (1=yes; 0=no),SG.ABS.PENB,0
Puerto Rico,PRI,2013,There are periods of absence due to childcare accounted for in pension benefits (1=yes; 0=no),SG.ABS.PENB,0
Puerto Rico,PRI,2012,There are periods of absence due to childcare accounted for in pension benefits (1=yes; 0=no),SG.ABS.PENB,0
Puerto Rico,PRI,2011,There are periods of absence due to childcare accounted for in pension benefits (1=yes; 0=no),SG.ABS.PENB,0
Puerto Rico,PRI,2010,There are periods of absence due to childcare accounted for in pension benefits (1=yes; 0=no),SG.ABS.PENB,0
Puerto Rico,PRI,2009,There are periods of absence due to childcare accounted for in pension benefits (1=yes; 0=no),SG.ABS.PENB,0
Puerto Rico,PRI,2008,There are periods of absence due to childcare accounted for in pension benefits (1=yes; 0=no),SG.ABS.PENB,0
Puerto Rico,PRI,2007,There are periods of absence due to childcare accounted for in pension benefits (1=yes; 0=no),SG.ABS.PENB,0
Puerto Rico,PRI,2006,There are periods of absence due to childcare accounted for in pension benefits (1=yes; 0=no),SG.ABS.PENB,0
Puerto Rico,PRI,2005,There are periods of absence due to childcare accounted for in pension benefits (1=yes; 0=no),SG.ABS.PENB,0
Puerto Rico,PRI,2004,There are periods of absence due to childcare accounted for in pension benefits (1=yes; 0=no),SG.ABS.PENB,0
Puerto Rico,PRI,2003,There are periods of absence due to childcare accounted for in pension benefits (1=yes; 0=no),SG.ABS.PENB,0
Puerto Rico,PRI,2002,There are periods of absence due to childcare accounted for in pension benefits (1=yes; 0=no),SG.ABS.PENB,0
Puerto Rico,PRI,2001,There are periods of absence due to childcare accounted for in pension benefits (1=yes; 0=no),SG.ABS.PENB,0
Puerto Rico,PRI,2000,There are periods of absence due to childcare accounted for in pension benefits (1=yes; 0=no),SG.ABS.PENB,0
Puerto Rico,PRI,1999,There are periods of absence due to childcare accounted for in pension benefits (1=yes; 0=no),SG.ABS.PENB,0
Puerto Rico,PRI,1998,There are periods of absence due to childcare accounted for in pension benefits (1=yes; 0=no),SG.ABS.PENB,0
Puerto Rico,PRI,1997,There are periods of absence due to childcare accounted for in pension benefits (1=yes; 0=no),SG.ABS.PENB,0
Puerto Rico,PRI,1996,There are periods of absence due to childcare accounted for in pension benefits (1=yes; 0=no),SG.ABS.PENB,0
Puerto Rico,PRI,1995,There are periods of absence due to childcare accounted for in pension benefits (1=yes; 0=no),SG.ABS.PENB,0
Puerto Rico,PRI,1994,There are periods of absence due to childcare accounted for in pension benefits (1=yes; 0=no),SG.ABS.PENB,0
Puerto Rico,PRI,1993,There are periods of absence due to childcare accounted for in pension benefits (1=yes; 0=no),SG.ABS.PENB,0
Puerto Rico,PRI,1992,There are periods of absence due to childcare accounted for in pension benefits (1=yes; 0=no),SG.ABS.PENB,0
Puerto Rico,PRI,1991,There are periods of absence due to childcare accounted for in pension benefits (1=yes; 0=no),SG.ABS.PENB,0
Puerto Rico,PRI,1990,There are periods of absence due to childcare accounted for in pension benefits (1=yes; 0=no),SG.ABS.PENB,0
Puerto Rico,PRI,1989,There are periods of absence due to childcare accounted for in pension benefits (1=yes; 0=no),SG.ABS.PENB,0
Puerto Rico,PRI,1988,There are periods of absence due to childcare accounted for in pension benefits (1=yes; 0=no),SG.ABS.PENB,0
Puerto Rico,PRI,1987,There are periods of absence due to childcare accounted for in pension benefits (1=yes; 0=no),SG.ABS.PENB,0
Puerto Rico,PRI,1986,There are periods of absence due to childcare accounted for in pension benefits (1=yes; 0=no),SG.ABS.PENB,0
Puerto Rico,PRI,1985,There are periods of absence due to childcare accounted for in pension benefits (1=yes; 0=no),SG.ABS.PENB,0
Puerto Rico,PRI,1984,There are periods of absence due to childcare accounted for in pension benefits (1=yes; 0=no),SG.ABS.PENB,0
Puerto Rico,PRI,1983,There are periods of absence due to childcare accounted for in pension benefits (1=yes; 0=no),SG.ABS.PENB,0
Puerto Rico,PRI,1982,There are periods of absence due to childcare accounted for in pension benefits (1=yes; 0=no),SG.ABS.PENB,0
Puerto Rico,PRI,1981,There are periods of absence due to childcare accounted for in pension benefits (1=yes; 0=no),SG.ABS.PENB,0
Puerto Rico,PRI,1980,There are periods of absence due to childcare accounted for in pension benefits (1=yes; 0=no),SG.ABS.PENB,0
Puerto Rico,PRI,1979,There are periods of absence due to childcare accounted for in pension benefits (1=yes; 0=no),SG.ABS.PENB,0
Puerto Rico,PRI,1978,There are periods of absence due to childcare accounted for in pension benefits (1=yes; 0=no),SG.ABS.PENB,0
Puerto Rico,PRI,1977,There are periods of absence due to childcare accounted for in pension benefits (1=yes; 0=no),SG.ABS.PENB,0
Puerto Rico,PRI,1976,There are periods of absence due to childcare accounted for in pension benefits (1=yes; 0=no),SG.ABS.PENB,0
Puerto Rico,PRI,1975,There are periods of absence due to childcare accounted for in pension benefits (1=yes; 0=no),SG.ABS.PENB,0
Puerto Rico,PRI,1974,There are periods of absence due to childcare accounted for in pension benefits (1=yes; 0=no),SG.ABS.PENB,0
Puerto Rico,PRI,1973,There are periods of absence due to childcare accounted for in pension benefits (1=yes; 0=no),SG.ABS.PENB,0
Puerto Rico,PRI,1972,There are periods of absence due to childcare accounted for in pension benefits (1=yes; 0=no),SG.ABS.PENB,0
Puerto Rico,PRI,1971,There are periods of absence due to childcare accounted for in pension benefits (1=yes; 0=no),SG.ABS.PENB,0
Puerto Rico,PRI,1970,There are periods of absence due to childcare accounted for in pension benefits (1=yes; 0=no),SG.ABS.PENB,0
Puerto Rico,PRI,2023,The age at which women and men can retire with full pension benefits is the same (1=yes; 0=no),SG.AGE.FUPN.EQ,1
Puerto Rico,PRI,2022,The age at which women and men can retire with full pension benefits is the same (1=yes; 0=no),SG.AGE.FUPN.EQ,1
Puerto Rico,PRI,2021,The age at which women and men can retire with full pension benefits is the same (1=yes; 0=no),SG.AGE.FUPN.EQ,1
Puerto Rico,PRI,2020,The age at which women and men can retire with full pension benefits is the same (1=yes; 0=no),SG.AGE.FUPN.EQ,1
Puerto Rico,PRI,2019,The age at which women and men can retire with full pension benefits is the same (1=yes; 0=no),SG.AGE.FUPN.EQ,1
Puerto Rico,PRI,2018,The age at which women and men can retire with full pension benefits is the same (1=yes; 0=no),SG.AGE.FUPN.EQ,1
Puerto Rico,PRI,2017,The age at which women and men can retire with full pension benefits is the same (1=yes; 0=no),SG.AGE.FUPN.EQ,1
Puerto Rico,PRI,2016,The age at which women and men can retire with full pension benefits is the same (1=yes; 0=no),SG.AGE.FUPN.EQ,1
Puerto Rico,PRI,2015,The age at which women and men can retire with full pension benefits is the same (1=yes; 0=no),SG.AGE.FUPN.EQ,1
Puerto Rico,PRI,2014,The age at which women and men can retire with full pension benefits is the same (1=yes; 0=no),SG.AGE.FUPN.EQ,1
Puerto Rico,PRI,2013,The age at which women and men can retire with full pension benefits is the same (1=yes; 0=no),SG.AGE.FUPN.EQ,1
Puerto Rico,PRI,2012,The age at which women and men can retire with full pension benefits is the same (1=yes; 0=no),SG.AGE.FUPN.EQ,1
Puerto Rico,PRI,2011,The age at which women and men can retire with full pension benefits is the same (1=yes; 0=no),SG.AGE.FUPN.EQ,1
Puerto Rico,PRI,2010,The age at which women and men can retire with full pension benefits is the same (1=yes; 0=no),SG.AGE.FUPN.EQ,1
Puerto Rico,PRI,2009,The age at which women and men can retire with full pension benefits is the same (1=yes; 0=no),SG.AGE.FUPN.EQ,1
Puerto Rico,PRI,2008,The age at which women and men can retire with full pension benefits is the same (1=yes; 0=no),SG.AGE.FUPN.EQ,1
Puerto Rico,PRI,2007,The age at which women and men can retire with full pension benefits is the same (1=yes; 0=no),SG.AGE.FUPN.EQ,1
Puerto Rico,PRI,2006,The age at which women and men can retire with full pension benefits is the same (1=yes; 0=no),SG.AGE.FUPN.EQ,1
Puerto Rico,PRI,2005,The age at which women and men can retire with full pension benefits is the same (1=yes; 0=no),SG.AGE.FUPN.EQ,1
Puerto Rico,PRI,2004,The age at which women and men can retire with full pension benefits is the same (1=yes; 0=no),SG.AGE.FUPN.EQ,1
Puerto Rico,PRI,2003,The age at which women and men can retire with full pension benefits is the same (1=yes; 0=no),SG.AGE.FUPN.EQ,1
Puerto Rico,PRI,2002,The age at which women and men can retire with full pension benefits is the same (1=yes; 0=no),SG.AGE.FUPN.EQ,1
Puerto Rico,PRI,2001,The age at which women and men can retire with full pension benefits is the same (1=yes; 0=no),SG.AGE.FUPN.EQ,1
Puerto Rico,PRI,2000,The age at which women and men can retire with full pension benefits is the same (1=yes; 0=no),SG.AGE.FUPN.EQ,1
Puerto Rico,PRI,1999,The age at which women and men can retire with full pension benefits is the same (1=yes; 0=no),SG.AGE.FUPN.EQ,1
Puerto Rico,PRI,1998,The age at which women and men can retire with full pension benefits is the same (1=yes; 0=no),SG.AGE.FUPN.EQ,1
Puerto Rico,PRI,1997,The age at which women and men can retire with full pension benefits is the same (1=yes; 0=no),SG.AGE.FUPN.EQ,1
Puerto Rico,PRI,1996,The age at which women and men can retire with full pension benefits is the same (1=yes; 0=no),SG.AGE.FUPN.EQ,1
Puerto Rico,PRI,1995,The age at which women and men can retire with full pension benefits is the same (1=yes; 0=no),SG.AGE.FUPN.EQ,1
Puerto Rico,PRI,1994,The age at which women and men can retire with full pension benefits is the same (1=yes; 0=no),SG.AGE.FUPN.EQ,1
Puerto Rico,PRI,1993,The age at which women and men can retire with full pension benefits is the same (1=yes; 0=no),SG.AGE.FUPN.EQ,1
Puerto Rico,PRI,1992,The age at which women and men can retire with full pension benefits is the same (1=yes; 0=no),SG.AGE.FUPN.EQ,1
Puerto Rico,PRI,1991,The age at which women and men can retire with full pension benefits is the same (1=yes; 0=no),SG.AGE.FUPN.EQ,1
Puerto Rico,PRI,1990,The age at which women and men can retire with full pension benefits is the same (1=yes; 0=no),SG.AGE.FUPN.EQ,1
Puerto Rico,PRI,1989,The age at which women and men can retire with full pension benefits is the same (1=yes; 0=no),SG.AGE.FUPN.EQ,1
Puerto Rico,PRI,1988,The age at which women and men can retire with full pension benefits is the same (1=yes; 0=no),SG.AGE.FUPN.EQ,1
Puerto Rico,PRI,1987,The age at which women and men can retire with full pension benefits is the same (1=yes; 0=no),SG.AGE.FUPN.EQ,1
Puerto Rico,PRI,1986,The age at which women and men can retire with full pension benefits is the same (1=yes; 0=no),SG.AGE.FUPN.EQ,1
Puerto Rico,PRI,1985,The age at which women and men can retire with full pension benefits is the same (1=yes; 0=no),SG.AGE.FUPN.EQ,1
Puerto Rico,PRI,1984,The age at which women and men can retire with full pension benefits is the same (1=yes; 0=no),SG.AGE.FUPN.EQ,1
Puerto Rico,PRI,1983,The age at which women and men can retire with full pension benefits is the same (1=yes; 0=no),SG.AGE.FUPN.EQ,1
Puerto Rico,PRI,1982,The age at which women and men can retire with full pension benefits is the same (1=yes; 0=no),SG.AGE.FUPN.EQ,1
Puerto Rico,PRI,1981,The age at which women and men can retire with full pension benefits is the same (1=yes; 0=no),SG.AGE.FUPN.EQ,1
Puerto Rico,PRI,1980,The age at which women and men can retire with full pension benefits is the same (1=yes; 0=no),SG.AGE.FUPN.EQ,1
Puerto Rico,PRI,1979,The age at which women and men can retire with full pension benefits is the same (1=yes; 0=no),SG.AGE.FUPN.EQ,1
Puerto Rico,PRI,1978,The age at which women and men can retire with full pension benefits is the same (1=yes; 0=no),SG.AGE.FUPN.EQ,1
Puerto Rico,PRI,1977,The age at which women and men can retire with full pension benefits is the same (1=yes; 0=no),SG.AGE.FUPN.EQ,1
Puerto Rico,PRI,1976,The age at which women and men can retire with full pension benefits is the same (1=yes; 0=no),SG.AGE.FUPN.EQ,1
Puerto Rico,PRI,1975,The age at which women and men can retire with full pension benefits is the same (1=yes; 0=no),SG.AGE.FUPN.EQ,1
Puerto Rico,PRI,1974,The age at which women and men can retire with full pension benefits is the same (1=yes; 0=no),SG.AGE.FUPN.EQ,1
Puerto Rico,PRI,1973,The age at which women and men can retire with full pension benefits is the same (1=yes; 0=no),SG.AGE.FUPN.EQ,1
Puerto Rico,PRI,1972,The age at which women and men can retire with full pension benefits is the same (1=yes; 0=no),SG.AGE.FUPN.EQ,1
Puerto Rico,PRI,1971,The age at which women and men can retire with full pension benefits is the same (1=yes; 0=no),SG.AGE.FUPN.EQ,1
Puerto Rico,PRI,1970,The age at which women and men can retire with full pension benefits is the same (1=yes; 0=no),SG.AGE.FUPN.EQ,1
Puerto Rico,PRI,2023,The mandatory retirement age for women and men is the same (1=yes; 0=no),SG.AGE.MRET.EQ,1
Puerto Rico,PRI,2022,The mandatory retirement age for women and men is the same (1=yes; 0=no),SG.AGE.MRET.EQ,1
Puerto Rico,PRI,2021,The mandatory retirement age for women and men is the same (1=yes; 0=no),SG.AGE.MRET.EQ,1
Puerto Rico,PRI,2020,The mandatory retirement age for women and men is the same (1=yes; 0=no),SG.AGE.MRET.EQ,1
Puerto Rico,PRI,2019,The mandatory retirement age for women and men is the same (1=yes; 0=no),SG.AGE.MRET.EQ,1
Puerto Rico,PRI,2018,The mandatory retirement age for women and men is the same (1=yes; 0=no),SG.AGE.MRET.EQ,1
Puerto Rico,PRI,2017,The mandatory retirement age for women and men is the same (1=yes; 0=no),SG.AGE.MRET.EQ,1
Puerto Rico,PRI,2016,The mandatory retirement age for women and men is the same (1=yes; 0=no),SG.AGE.MRET.EQ,1
Puerto Rico,PRI,2015,The mandatory retirement age for women and men is the same (1=yes; 0=no),SG.AGE.MRET.EQ,1
Puerto Rico,PRI,2014,The mandatory retirement age for women and men is the same (1=yes; 0=no),SG.AGE.MRET.EQ,1
Puerto Rico,PRI,2013,The mandatory retirement age for women and men is the same (1=yes; 0=no),SG.AGE.MRET.EQ,1
Puerto Rico,PRI,2012,The mandatory retirement age for women and men is the same (1=yes; 0=no),SG.AGE.MRET.EQ,1
Puerto Rico,PRI,2011,The mandatory retirement age for women and men is the same (1=yes; 0=no),SG.AGE.MRET.EQ,1
Puerto Rico,PRI,2010,The mandatory retirement age for women and men is the same (1=yes; 0=no),SG.AGE.MRET.EQ,1
Puerto Rico,PRI,2009,The mandatory retirement age for women and men is the same (1=yes; 0=no),SG.AGE.MRET.EQ,1
Puerto Rico,PRI,2008,The mandatory retirement age for women and men is the same (1=yes; 0=no),SG.AGE.MRET.EQ,1
Puerto Rico,PRI,2007,The mandatory retirement age for women and men is the same (1=yes; 0=no),SG.AGE.MRET.EQ,1
Puerto Rico,PRI,2006,The mandatory retirement age for women and men is the same (1=yes; 0=no),SG.AGE.MRET.EQ,1
Puerto Rico,PRI,2005,The mandatory retirement age for women and men is the same (1=yes; 0=no),SG.AGE.MRET.EQ,1
Puerto Rico,PRI,2004,The mandatory retirement age for women and men is the same (1=yes; 0=no),SG.AGE.MRET.EQ,1
Puerto Rico,PRI,2003,The mandatory retirement age for women and men is the same (1=yes; 0=no),SG.AGE.MRET.EQ,1
Puerto Rico,PRI,2002,The mandatory retirement age for women and men is the same (1=yes; 0=no),SG.AGE.MRET.EQ,1
Puerto Rico,PRI,2001,The mandatory retirement age for women and men is the same (1=yes; 0=no),SG.AGE.MRET.EQ,1
Puerto Rico,PRI,2000,The mandatory retirement age for women and men is the same (1=yes; 0=no),SG.AGE.MRET.EQ,1
Puerto Rico,PRI,1999,The mandatory retirement age for women and men is the same (1=yes; 0=no),SG.AGE.MRET.EQ,1
Puerto Rico,PRI,1998,The mandatory retirement age for women and men is the same (1=yes; 0=no),SG.AGE.MRET.EQ,1
Puerto Rico,PRI,1997,The mandatory retirement age for women and men is the same (1=yes; 0=no),SG.AGE.MRET.EQ,1
Puerto Rico,PRI,1996,The mandatory retirement age for women and men is the same (1=yes; 0=no),SG.AGE.MRET.EQ,1
Puerto Rico,PRI,1995,The mandatory retirement age for women and men is the same (1=yes; 0=no),SG.AGE.MRET.EQ,1
Puerto Rico,PRI,1994,The mandatory retirement age for women and men is the same (1=yes; 0=no),SG.AGE.MRET.EQ,1
Puerto Rico,PRI,1993,The mandatory retirement age for women and men is the same (1=yes; 0=no),SG.AGE.MRET.EQ,1
Puerto Rico,PRI,1992,The mandatory retirement age for women and men is the same (1=yes; 0=no),SG.AGE.MRET.EQ,1
Puerto Rico,PRI,1991,The mandatory retirement age for women and men is the same (1=yes; 0=no),SG.AGE.MRET.EQ,1
Puerto Rico,PRI,1990,The mandatory retirement age for women and men is the same (1=yes; 0=no),SG.AGE.MRET.EQ,1
Puerto Rico,PRI,1989,The mandatory retirement age for women and men is the same (1=yes; 0=no),SG.AGE.MRET.EQ,1
Puerto Rico,PRI,1988,The mandatory retirement age for women and men is the same (1=yes; 0=no),SG.AGE.MRET.EQ,1
Puerto Rico,PRI,1987,The mandatory retirement age for women and men is the same (1=yes; 0=no),SG.AGE.MRET.EQ,1
Puerto Rico,PRI,1986,The mandatory retirement age for women and men is the same (1=yes; 0=no),SG.AGE.MRET.EQ,1
Puerto Rico,PRI,1985,The mandatory retirement age for women and men is the same (1=yes; 0=no),SG.AGE.MRET.EQ,1
Puerto Rico,PRI,1984,The mandatory retirement age for women and men is the same (1=yes; 0=no),SG.AGE.MRET.EQ,1
Puerto Rico,PRI,1983,The mandatory retirement age for women and men is the same (1=yes; 0=no),SG.AGE.MRET.EQ,1
Puerto Rico,PRI,1982,The mandatory retirement age for women and men is the same (1=yes; 0=no),SG.AGE.MRET.EQ,1
Puerto Rico,PRI,1981,The mandatory retirement age for women and men is the same (1=yes; 0=no),SG.AGE.MRET.EQ,1
Puerto Rico,PRI,1980,The mandatory retirement age for women and men is the same (1=yes; 0=no),SG.AGE.MRET.EQ,1
Puerto Rico,PRI,1979,The mandatory retirement age for women and men is the same (1=yes; 0=no),SG.AGE.MRET.EQ,1
Puerto Rico,PRI,1978,The mandatory retirement age for women and men is the same (1=yes; 0=no),SG.AGE.MRET.EQ,1
Puerto Rico,PRI,1977,The mandatory retirement age for women and men is the same (1=yes; 0=no),SG.AGE.MRET.EQ,1
Puerto Rico,PRI,1976,The mandatory retirement age for women and men is the same (1=yes; 0=no),SG.AGE.MRET.EQ,1
Puerto Rico,PRI,1975,The mandatory retirement age for women and men is the same (1=yes; 0=no),SG.AGE.MRET.EQ,1
Puerto Rico,PRI,1974,The mandatory retirement age for women and men is the same (1=yes; 0=no),SG.AGE.MRET.EQ,1
Puerto Rico,PRI,1973,The mandatory retirement age for women and men is the same (1=yes; 0=no),SG.AGE.MRET.EQ,1
Puerto Rico,PRI,1972,The mandatory retirement age for women and men is the same (1=yes; 0=no),SG.AGE.MRET.EQ,1
Puerto Rico,PRI,1971,The mandatory retirement age for women and men is the same (1=yes; 0=no),SG.AGE.MRET.EQ,1
Puerto Rico,PRI,1970,The mandatory retirement age for women and men is the same (1=yes; 0=no),SG.AGE.MRET.EQ,1
Puerto Rico,PRI,2023,The age at which women and men can retire with partial pension benefits is the same (1=yes; 0=no),SG.AGE.PAPN.EQ,1
Puerto Rico,PRI,2022,The age at which women and men can retire with partial pension benefits is the same (1=yes; 0=no),SG.AGE.PAPN.EQ,1
Puerto Rico,PRI,2021,The age at which women and men can retire with partial pension benefits is the same (1=yes; 0=no),SG.AGE.PAPN.EQ,1
Puerto Rico,PRI,2020,The age at which women and men can retire with partial pension benefits is the same (1=yes; 0=no),SG.AGE.PAPN.EQ,1
Puerto Rico,PRI,2019,The age at which women and men can retire with partial pension benefits is the same (1=yes; 0=no),SG.AGE.PAPN.EQ,1
Puerto Rico,PRI,2018,The age at which women and men can retire with partial pension benefits is the same (1=yes; 0=no),SG.AGE.PAPN.EQ,1
Puerto Rico,PRI,2017,The age at which women and men can retire with partial pension benefits is the same (1=yes; 0=no),SG.AGE.PAPN.EQ,1
Puerto Rico,PRI,2016,The age at which women and men can retire with partial pension benefits is the same (1=yes; 0=no),SG.AGE.PAPN.EQ,1
Puerto Rico,PRI,2015,The age at which women and men can retire with partial pension benefits is the same (1=yes; 0=no),SG.AGE.PAPN.EQ,1
Puerto Rico,PRI,2014,The age at which women and men can retire with partial pension benefits is the same (1=yes; 0=no),SG.AGE.PAPN.EQ,1
Puerto Rico,PRI,2013,The age at which women and men can retire with partial pension benefits is the same (1=yes; 0=no),SG.AGE.PAPN.EQ,1
Puerto Rico,PRI,2012,The age at which women and men can retire with partial pension benefits is the same (1=yes; 0=no),SG.AGE.PAPN.EQ,1
Puerto Rico,PRI,2011,The age at which women and men can retire with partial pension benefits is the same (1=yes; 0=no),SG.AGE.PAPN.EQ,1
Puerto Rico,PRI,2010,The age at which women and men can retire with partial pension benefits is the same (1=yes; 0=no),SG.AGE.PAPN.EQ,1
Puerto Rico,PRI,2009,The age at which women and men can retire with partial pension benefits is the same (1=yes; 0=no),SG.AGE.PAPN.EQ,1
Puerto Rico,PRI,2008,The age at which women and men can retire with partial pension benefits is the same (1=yes; 0=no),SG.AGE.PAPN.EQ,1
Puerto Rico,PRI,2007,The age at which women and men can retire with partial pension benefits is the same (1=yes; 0=no),SG.AGE.PAPN.EQ,1
Puerto Rico,PRI,2006,The age at which women and men can retire with partial pension benefits is the same (1=yes; 0=no),SG.AGE.PAPN.EQ,1
Puerto Rico,PRI,2005,The age at which women and men can retire with partial pension benefits is the same (1=yes; 0=no),SG.AGE.PAPN.EQ,1
Puerto Rico,PRI,2004,The age at which women and men can retire with partial pension benefits is the same (1=yes; 0=no),SG.AGE.PAPN.EQ,1
Puerto Rico,PRI,2003,The age at which women and men can retire with partial pension benefits is the same (1=yes; 0=no),SG.AGE.PAPN.EQ,1
Puerto Rico,PRI,2002,The age at which women and men can retire with partial pension benefits is the same (1=yes; 0=no),SG.AGE.PAPN.EQ,1
Puerto Rico,PRI,2001,The age at which women and men can retire with partial pension benefits is the same (1=yes; 0=no),SG.AGE.PAPN.EQ,1
Puerto Rico,PRI,2000,The age at which women and men can retire with partial pension benefits is the same (1=yes; 0=no),SG.AGE.PAPN.EQ,1
Puerto Rico,PRI,1999,The age at which women and men can retire with partial pension benefits is the same (1=yes; 0=no),SG.AGE.PAPN.EQ,1
Puerto Rico,PRI,1998,The age at which women and men can retire with partial pension benefits is the same (1=yes; 0=no),SG.AGE.PAPN.EQ,1
Puerto Rico,PRI,1997,The age at which women and men can retire with partial pension benefits is the same (1=yes; 0=no),SG.AGE.PAPN.EQ,1
Puerto Rico,PRI,1996,The age at which women and men can retire with partial pension benefits is the same (1=yes; 0=no),SG.AGE.PAPN.EQ,1
Puerto Rico,PRI,1995,The age at which women and men can retire with partial pension benefits is the same (1=yes; 0=no),SG.AGE.PAPN.EQ,1
Puerto Rico,PRI,1994,The age at which women and men can retire with partial pension benefits is the same (1=yes; 0=no),SG.AGE.PAPN.EQ,1
Puerto Rico,PRI,1993,The age at which women and men can retire with partial pension benefits is the same (1=yes; 0=no),SG.AGE.PAPN.EQ,1
Puerto Rico,PRI,1992,The age at which women and men can retire with partial pension benefits is the same (1=yes; 0=no),SG.AGE.PAPN.EQ,1
Puerto Rico,PRI,1991,The age at which women and men can retire with partial pension benefits is the same (1=yes; 0=no),SG.AGE.PAPN.EQ,1
Puerto Rico,PRI,1990,The age at which women and men can retire with partial pension benefits is the same (1=yes; 0=no),SG.AGE.PAPN.EQ,1
Puerto Rico,PRI,1989,The age at which women and men can retire with partial pension benefits is the same (1=yes; 0=no),SG.AGE.PAPN.EQ,1
Puerto Rico,PRI,1988,The age at which women and men can retire with partial pension benefits is the same (1=yes; 0=no),SG.AGE.PAPN.EQ,1
Puerto Rico,PRI,1987,The age at which women and men can retire with partial pension benefits is the same (1=yes; 0=no),SG.AGE.PAPN.EQ,1
Puerto Rico,PRI,1986,The age at which women and men can retire with partial pension benefits is the same (1=yes; 0=no),SG.AGE.PAPN.EQ,1
Puerto Rico,PRI,1985,The age at which women and men can retire with partial pension benefits is the same (1=yes; 0=no),SG.AGE.PAPN.EQ,1
Puerto Rico,PRI,1984,The age at which women and men can retire with partial pension benefits is the same (1=yes; 0=no),SG.AGE.PAPN.EQ,1
Puerto Rico,PRI,1983,The age at which women and men can retire with partial pension benefits is the same (1=yes; 0=no),SG.AGE.PAPN.EQ,1
Puerto Rico,PRI,1982,The age at which women and men can retire with partial pension benefits is the same (1=yes; 0=no),SG.AGE.PAPN.EQ,1
Puerto Rico,PRI,1981,The age at which women and men can retire with partial pension benefits is the same (1=yes; 0=no),SG.AGE.PAPN.EQ,1
Puerto Rico,PRI,1980,The age at which women and men can retire with partial pension benefits is the same (1=yes; 0=no),SG.AGE.PAPN.EQ,1
Puerto Rico,PRI,1979,The age at which women and men can retire with partial pension benefits is the same (1=yes; 0=no),SG.AGE.PAPN.EQ,1
Puerto Rico,PRI,1978,The age at which women and men can retire with partial pension benefits is the same (1=yes; 0=no),SG.AGE.PAPN.EQ,1
Puerto Rico,PRI,1977,The age at which women and men can retire with partial pension benefits is the same (1=yes; 0=no),SG.AGE.PAPN.EQ,1
Puerto Rico,PRI,1976,The age at which women and men can retire with partial pension benefits is the same (1=yes; 0=no),SG.AGE.PAPN.EQ,1
Puerto Rico,PRI,1975,The age at which women and men can retire with partial pension benefits is the same (1=yes; 0=no),SG.AGE.PAPN.EQ,1
Puerto Rico,PRI,1974,The age at which women and men can retire with partial pension benefits is the same (1=yes; 0=no),SG.AGE.PAPN.EQ,1
Puerto Rico,PRI,1973,The age at which women and men can retire with partial pension benefits is the same (1=yes; 0=no),SG.AGE.PAPN.EQ,1
Puerto Rico,PRI,1972,The age at which women and men can retire with partial pension benefits is the same (1=yes; 0=no),SG.AGE.PAPN.EQ,1
Puerto Rico,PRI,1971,The age at which women and men can retire with partial pension benefits is the same (1=yes; 0=no),SG.AGE.PAPN.EQ,1
Puerto Rico,PRI,1970,The age at which women and men can retire with partial pension benefits is the same (1=yes; 0=no),SG.AGE.PAPN.EQ,1
Puerto Rico,PRI,2023,"Retirement age with full benefits, female",SG.AGE.RTRE.FL.FE,66.5
Puerto Rico,PRI,2023,"Retirement age with full benefits, male",SG.AGE.RTRE.FL.MA,66.5
Puerto Rico,PRI,2023,"Retirement age with partial benefits, female",SG.AGE.RTRE.PL.FE,62
Puerto Rico,PRI,2023,"Retirement age with partial benefits, male",SG.AGE.RTRE.PL.MA,62
Puerto Rico,PRI,2023,A woman can apply for a passport in the same way as a man (1=yes; 0=no),SG.APL.PSPT.EQ,1
Puerto Rico,PRI,2022,A woman can apply for a passport in the same way as a man (1=yes; 0=no),SG.APL.PSPT.EQ,1
Puerto Rico,PRI,2021,A woman can apply for a passport in the same way as a man (1=yes; 0=no),SG.APL.PSPT.EQ,1
Puerto Rico,PRI,2020,A woman can apply for a passport in the same way as a man (1=yes; 0=no),SG.APL.PSPT.EQ,1
Puerto Rico,PRI,2019,A woman can apply for a passport in the same way as a man (1=yes; 0=no),SG.APL.PSPT.EQ,1
Puerto Rico,PRI,2018,A woman can apply for a passport in the same way as a man (1=yes; 0=no),SG.APL.PSPT.EQ,1
Puerto Rico,PRI,2017,A woman can apply for a passport in the same way as a man (1=yes; 0=no),SG.APL.PSPT.EQ,1
Puerto Rico,PRI,2016,A woman can apply for a passport in the same way as a man (1=yes; 0=no),SG.APL.PSPT.EQ,1
Puerto Rico,PRI,2015,A woman can apply for a passport in the same way as a man (1=yes; 0=no),SG.APL.PSPT.EQ,1
Puerto Rico,PRI,2014,A woman can apply for a passport in the same way as a man (1=yes; 0=no),SG.APL.PSPT.EQ,1
Puerto Rico,PRI,2013,A woman can apply for a passport in the same way as a man (1=yes; 0=no),SG.APL.PSPT.EQ,1
Puerto Rico,PRI,2012,A woman can apply for a passport in the same way as a man (1=yes; 0=no),SG.APL.PSPT.EQ,1
Puerto Rico,PRI,2011,A woman can apply for a passport in the same way as a man (1=yes; 0=no),SG.APL.PSPT.EQ,1
Puerto Rico,PRI,2010,A woman can apply for a passport in the same way as a man (1=yes; 0=no),SG.APL.PSPT.EQ,1
Puerto Rico,PRI,2009,A woman can apply for a passport in the same way as a man (1=yes; 0=no),SG.APL.PSPT.EQ,1
Puerto Rico,PRI,2008,A woman can apply for a passport in the same way as a man (1=yes; 0=no),SG.APL.PSPT.EQ,1
Puerto Rico,PRI,2007,A woman can apply for a passport in the same way as a man (1=yes; 0=no),SG.APL.PSPT.EQ,1
Puerto Rico,PRI,2006,A woman can apply for a passport in the same way as a man (1=yes; 0=no),SG.APL.PSPT.EQ,1
Puerto Rico,PRI,2005,A woman can apply for a passport in the same way as a man (1=yes; 0=no),SG.APL.PSPT.EQ,1
Puerto Rico,PRI,2004,A woman can apply for a passport in the same way as a man (1=yes; 0=no),SG.APL.PSPT.EQ,1
Puerto Rico,PRI,2003,A woman can apply for a passport in the same way as a man (1=yes; 0=no),SG.APL.PSPT.EQ,1
Puerto Rico,PRI,2002,A woman can apply for a passport in the same way as a man (1=yes; 0=no),SG.APL.PSPT.EQ,1
Puerto Rico,PRI,2001,A woman can apply for a passport in the same way as a man (1=yes; 0=no),SG.APL.PSPT.EQ,1
Puerto Rico,PRI,2000,A woman can apply for a passport in the same way as a man (1=yes; 0=no),SG.APL.PSPT.EQ,1
Puerto Rico,PRI,1999,A woman can apply for a passport in the same way as a man (1=yes; 0=no),SG.APL.PSPT.EQ,1
Puerto Rico,PRI,1998,A woman can apply for a passport in the same way as a man (1=yes; 0=no),SG.APL.PSPT.EQ,1
Puerto Rico,PRI,1997,A woman can apply for a passport in the same way as a man (1=yes; 0=no),SG.APL.PSPT.EQ,1
Puerto Rico,PRI,1996,A woman can apply for a passport in the same way as a man (1=yes; 0=no),SG.APL.PSPT.EQ,1
Puerto Rico,PRI,1995,A woman can apply for a passport in the same way as a man (1=yes; 0=no),SG.APL.PSPT.EQ,1
Puerto Rico,PRI,1994,A woman can apply for a passport in the same way as a man (1=yes; 0=no),SG.APL.PSPT.EQ,1
Puerto Rico,PRI,1993,A woman can apply for a passport in the same way as a man (1=yes; 0=no),SG.APL.PSPT.EQ,1
Puerto Rico,PRI,1992,A woman can apply for a passport in the same way as a man (1=yes; 0=no),SG.APL.PSPT.EQ,1
Puerto Rico,PRI,1991,A woman can apply for a passport in the same way as a man (1=yes; 0=no),SG.APL.PSPT.EQ,1
Puerto Rico,PRI,1990,A woman can apply for a passport in the same way as a man (1=yes; 0=no),SG.APL.PSPT.EQ,1
Puerto Rico,PRI,1989,A woman can apply for a passport in the same way as a man (1=yes; 0=no),SG.APL.PSPT.EQ,1
Puerto Rico,PRI,1988,A woman can apply for a passport in the same way as a man (1=yes; 0=no),SG.APL.PSPT.EQ,1
Puerto Rico,PRI,1987,A woman can apply for a passport in the same way as a man (1=yes; 0=no),SG.APL.PSPT.EQ,1
Puerto Rico,PRI,1986,A woman can apply for a passport in the same way as a man (1=yes; 0=no),SG.APL.PSPT.EQ,1
Puerto Rico,PRI,1985,A woman can apply for a passport in the same way as a man (1=yes; 0=no),SG.APL.PSPT.EQ,1
Puerto Rico,PRI,1984,A woman can apply for a passport in the same way as a man (1=yes; 0=no),SG.APL.PSPT.EQ,1
Puerto Rico,PRI,1983,A woman can apply for a passport in the same way as a man (1=yes; 0=no),SG.APL.PSPT.EQ,1
Puerto Rico,PRI,1982,A woman can apply for a passport in the same way as a man (1=yes; 0=no),SG.APL.PSPT.EQ,1
Puerto Rico,PRI,1981,A woman can apply for a passport in the same way as a man (1=yes; 0=no),SG.APL.PSPT.EQ,1
Puerto Rico,PRI,1980,A woman can apply for a passport in the same way as a man (1=yes; 0=no),SG.APL.PSPT.EQ,1
Puerto Rico,PRI,1979,A woman can apply for a passport in the same way as a man (1=yes; 0=no),SG.APL.PSPT.EQ,1
Puerto Rico,PRI,1978,A woman can apply for a passport in the same way as a man (1=yes; 0=no),SG.APL.PSPT.EQ,1
Puerto Rico,PRI,1977,A woman can apply for a passport in the same way as a man (1=yes; 0=no),SG.APL.PSPT.EQ,1
Puerto Rico,PRI,1976,A woman can apply for a passport in the same way as a man (1=yes; 0=no),SG.APL.PSPT.EQ,1
Puerto Rico,PRI,1975,A woman can apply for a passport in the same way as a man (1=yes; 0=no),SG.APL.PSPT.EQ,1
Puerto Rico,PRI,1974,A woman can apply for a passport in the same way as a man (1=yes; 0=no),SG.APL.PSPT.EQ,1
Puerto Rico,PRI,1973,A woman can apply for a passport in the same way as a man (1=yes; 0=no),SG.APL.PSPT.EQ,1
Puerto Rico,PRI,1972,A woman can apply for a passport in the same way as a man (1=yes; 0=no),SG.APL.PSPT.EQ,1
Puerto Rico,PRI,1971,A woman can apply for a passport in the same way as a man (1=yes; 0=no),SG.APL.PSPT.EQ,1
Puerto Rico,PRI,1970,A woman can apply for a passport in the same way as a man (1=yes; 0=no),SG.APL.PSPT.EQ,1
Puerto Rico,PRI,2023,A woman can register a business in the same way as a man (1=yes; 0=no),SG.BUS.REGT.EQ,1
Puerto Rico,PRI,2022,A woman can register a business in the same way as a man (1=yes; 0=no),SG.BUS.REGT.EQ,1
Puerto Rico,PRI,2021,A woman can register a business in the same way as a man (1=yes; 0=no),SG.BUS.REGT.EQ,1
Puerto Rico,PRI,2020,A woman can register a business in the same way as a man (1=yes; 0=no),SG.BUS.REGT.EQ,1
Puerto Rico,PRI,2019,A woman can register a business in the same way as a man (1=yes; 0=no),SG.BUS.REGT.EQ,1
Puerto Rico,PRI,2018,A woman can register a business in the same way as a man (1=yes; 0=no),SG.BUS.REGT.EQ,1
Puerto Rico,PRI,2017,A woman can register a business in the same way as a man (1=yes; 0=no),SG.BUS.REGT.EQ,1
Puerto Rico,PRI,2016,A woman can register a business in the same way as a man (1=yes; 0=no),SG.BUS.REGT.EQ,1
Puerto Rico,PRI,2015,A woman can register a business in the same way as a man (1=yes; 0=no),SG.BUS.REGT.EQ,1
Puerto Rico,PRI,2014,A woman can register a business in the same way as a man (1=yes; 0=no),SG.BUS.REGT.EQ,1
Puerto Rico,PRI,2013,A woman can register a business in the same way as a man (1=yes; 0=no),SG.BUS.REGT.EQ,1
Puerto Rico,PRI,2012,A woman can register a business in the same way as a man (1=yes; 0=no),SG.BUS.REGT.EQ,1
Puerto Rico,PRI,2011,A woman can register a business in the same way as a man (1=yes; 0=no),SG.BUS.REGT.EQ,1
Puerto Rico,PRI,2010,A woman can register a business in the same way as a man (1=yes; 0=no),SG.BUS.REGT.EQ,1
Puerto Rico,PRI,2009,A woman can register a business in the same way as a man (1=yes; 0=no),SG.BUS.REGT.EQ,1
Puerto Rico,PRI,2008,A woman can register a business in the same way as a man (1=yes; 0=no),SG.BUS.REGT.EQ,1
Puerto Rico,PRI,2007,A woman can register a business in the same way as a man (1=yes; 0=no),SG.BUS.REGT.EQ,1
Puerto Rico,PRI,2006,A woman can register a business in the same way as a man (1=yes; 0=no),SG.BUS.REGT.EQ,1
Puerto Rico,PRI,2005,A woman can register a business in the same way as a man (1=yes; 0=no),SG.BUS.REGT.EQ,1
Puerto Rico,PRI,2004,A woman can register a business in the same way as a man (1=yes; 0=no),SG.BUS.REGT.EQ,1
Puerto Rico,PRI,2003,A woman can register a business in the same way as a man (1=yes; 0=no),SG.BUS.REGT.EQ,1
Puerto Rico,PRI,2002,A woman can register a business in the same way as a man (1=yes; 0=no),SG.BUS.REGT.EQ,1
Puerto Rico,PRI,2001,A woman can register a business in the same way as a man (1=yes; 0=no),SG.BUS.REGT.EQ,1
Puerto Rico,PRI,2000,A woman can register a business in the same way as a man (1=yes; 0=no),SG.BUS.REGT.EQ,1
Puerto Rico,PRI,1999,A woman can register a business in the same way as a man (1=yes; 0=no),SG.BUS.REGT.EQ,1
Puerto Rico,PRI,1998,A woman can register a business in the same way as a man (1=yes; 0=no),SG.BUS.REGT.EQ,1
Puerto Rico,PRI,1997,A woman can register a business in the same way as a man (1=yes; 0=no),SG.BUS.REGT.EQ,1
Puerto Rico,PRI,1996,A woman can register a business in the same way as a man (1=yes; 0=no),SG.BUS.REGT.EQ,1
Puerto Rico,PRI,1995,A woman can register a business in the same way as a man (1=yes; 0=no),SG.BUS.REGT.EQ,1
Puerto Rico,PRI,1994,A woman can register a business in the same way as a man (1=yes; 0=no),SG.BUS.REGT.EQ,1
Puerto Rico,PRI,1993,A woman can register a business in the same way as a man (1=yes; 0=no),SG.BUS.REGT.EQ,1
Puerto Rico,PRI,1992,A woman can register a business in the same way as a man (1=yes; 0=no),SG.BUS.REGT.EQ,1
Puerto Rico,PRI,1991,A woman can register a business in the same way as a man (1=yes; 0=no),SG.BUS.REGT.EQ,1
Puerto Rico,PRI,1990,A woman can register a business in the same way as a man (1=yes; 0=no),SG.BUS.REGT.EQ,1
Puerto Rico,PRI,1989,A woman can register a business in the same way as a man (1=yes; 0=no),SG.BUS.REGT.EQ,1
Puerto Rico,PRI,1988,A woman can register a business in the same way as a man (1=yes; 0=no),SG.BUS.REGT.EQ,1
Puerto Rico,PRI,1987,A woman can register a business in the same way as a man (1=yes; 0=no),SG.BUS.REGT.EQ,1
Puerto Rico,PRI,1986,A woman can register a business in the same way as a man (1=yes; 0=no),SG.BUS.REGT.EQ,1
Puerto Rico,PRI,1985,A woman can register a business in the same way as a man (1=yes; 0=no),SG.BUS.REGT.EQ,1
Puerto Rico,PRI,1984,A woman can register a business in the same way as a man (1=yes; 0=no),SG.BUS.REGT.EQ,1
Puerto Rico,PRI,1983,A woman can register a business in the same way as a man (1=yes; 0=no),SG.BUS.REGT.EQ,1
Puerto Rico,PRI,1982,A woman can register a business in the same way as a man (1=yes; 0=no),SG.BUS.REGT.EQ,1
Puerto Rico,PRI,1981,A woman can register a business in the same way as a man (1=yes; 0=no),SG.BUS.REGT.EQ,1
Puerto Rico,PRI,1980,A woman can register a business in the same way as a man (1=yes; 0=no),SG.BUS.REGT.EQ,1
Puerto Rico,PRI,1979,A woman can register a business in the same way as a man (1=yes; 0=no),SG.BUS.REGT.EQ,1
Puerto Rico,PRI,1978,A woman can register a business in the same way as a man (1=yes; 0=no),SG.BUS.REGT.EQ,1
Puerto Rico,PRI,1977,A woman can register a business in the same way as a man (1=yes; 0=no),SG.BUS.REGT.EQ,1
Puerto Rico,PRI,1976,A woman can register a business in the same way as a man (1=yes; 0=no),SG.BUS.REGT.EQ,1
Puerto Rico,PRI,1975,A woman can register a business in the same way as a man (1=yes; 0=no),SG.BUS.REGT.EQ,1
Puerto Rico,PRI,1974,A woman can register a business in the same way as a man (1=yes; 0=no),SG.BUS.REGT.EQ,1
Puerto Rico,PRI,1973,A woman can register a business in the same way as a man (1=yes; 0=no),SG.BUS.REGT.EQ,1
Puerto Rico,PRI,1972,A woman can register a business in the same way as a man (1=yes; 0=no),SG.BUS.REGT.EQ,1
Puerto Rico,PRI,1971,A woman can register a business in the same way as a man (1=yes; 0=no),SG.BUS.REGT.EQ,1
Puerto Rico,PRI,1970,A woman can register a business in the same way as a man (1=yes; 0=no),SG.BUS.REGT.EQ,1
Puerto Rico,PRI,2023,A woman can sign a contract in the same way as a man (1=yes; 0=no),SG.CNT.SIGN.EQ,1
Puerto Rico,PRI,2022,A woman can sign a contract in the same way as a man (1=yes; 0=no),SG.CNT.SIGN.EQ,1
Puerto Rico,PRI,2021,A woman can sign a contract in the same way as a man (1=yes; 0=no),SG.CNT.SIGN.EQ,1
Puerto Rico,PRI,2020,A woman can sign a contract in the same way as a man (1=yes; 0=no),SG.CNT.SIGN.EQ,1
Puerto Rico,PRI,2019,A woman can sign a contract in the same way as a man (1=yes; 0=no),SG.CNT.SIGN.EQ,1
Puerto Rico,PRI,2018,A woman can sign a contract in the same way as a man (1=yes; 0=no),SG.CNT.SIGN.EQ,1
Puerto Rico,PRI,2017,A woman can sign a contract in the same way as a man (1=yes; 0=no),SG.CNT.SIGN.EQ,1
Puerto Rico,PRI,2016,A woman can sign a contract in the same way as a man (1=yes; 0=no),SG.CNT.SIGN.EQ,1
Puerto Rico,PRI,2015,A woman can sign a contract in the same way as a man (1=yes; 0=no),SG.CNT.SIGN.EQ,1
Puerto Rico,PRI,2014,A woman can sign a contract in the same way as a man (1=yes; 0=no),SG.CNT.SIGN.EQ,1
Puerto Rico,PRI,2013,A woman can sign a contract in the same way as a man (1=yes; 0=no),SG.CNT.SIGN.EQ,1
Puerto Rico,PRI,2012,A woman can sign a contract in the same way as a man (1=yes; 0=no),SG.CNT.SIGN.EQ,1
Puerto Rico,PRI,2011,A woman can sign a contract in the same way as a man (1=yes; 0=no),SG.CNT.SIGN.EQ,1
Puerto Rico,PRI,2010,A woman can sign a contract in the same way as a man (1=yes; 0=no),SG.CNT.SIGN.EQ,1
Puerto Rico,PRI,2009,A woman can sign a contract in the same way as a man (1=yes; 0=no),SG.CNT.SIGN.EQ,1
Puerto Rico,PRI,2008,A woman can sign a contract in the same way as a man (1=yes; 0=no),SG.CNT.SIGN.EQ,1
Puerto Rico,PRI,2007,A woman can sign a contract in the same way as a man (1=yes; 0=no),SG.CNT.SIGN.EQ,1
Puerto Rico,PRI,2006,A woman can sign a contract in the same way as a man (1=yes; 0=no),SG.CNT.SIGN.EQ,1
Puerto Rico,PRI,2005,A woman can sign a contract in the same way as a man (1=yes; 0=no),SG.CNT.SIGN.EQ,1
Puerto Rico,PRI,2004,A woman can sign a contract in the same way as a man (1=yes; 0=no),SG.CNT.SIGN.EQ,1
Puerto Rico,PRI,2003,A woman can sign a contract in the same way as a man (1=yes; 0=no),SG.CNT.SIGN.EQ,1
Puerto Rico,PRI,2002,A woman can sign a contract in the same way as a man (1=yes; 0=no),SG.CNT.SIGN.EQ,1
Puerto Rico,PRI,2001,A woman can sign a contract in the same way as a man (1=yes; 0=no),SG.CNT.SIGN.EQ,1
Puerto Rico,PRI,2000,A woman can sign a contract in the same way as a man (1=yes; 0=no),SG.CNT.SIGN.EQ,1
Puerto Rico,PRI,1999,A woman can sign a contract in the same way as a man (1=yes; 0=no),SG.CNT.SIGN.EQ,1
Puerto Rico,PRI,1998,A woman can sign a contract in the same way as a man (1=yes; 0=no),SG.CNT.SIGN.EQ,1
Puerto Rico,PRI,1997,A woman can sign a contract in the same way as a man (1=yes; 0=no),SG.CNT.SIGN.EQ,1
Puerto Rico,PRI,1996,A woman can sign a contract in the same way as a man (1=yes; 0=no),SG.CNT.SIGN.EQ,1
Puerto Rico,PRI,1995,A woman can sign a contract in the same way as a man (1=yes; 0=no),SG.CNT.SIGN.EQ,1
Puerto Rico,PRI,1994,A woman can sign a contract in the same way as a man (1=yes; 0=no),SG.CNT.SIGN.EQ,1
Puerto Rico,PRI,1993,A woman can sign a contract in the same way as a man (1=yes; 0=no),SG.CNT.SIGN.EQ,1
Puerto Rico,PRI,1992,A woman can sign a contract in the same way as a man (1=yes; 0=no),SG.CNT.SIGN.EQ,1
Puerto Rico,PRI,1991,A woman can sign a contract in the same way as a man (1=yes; 0=no),SG.CNT.SIGN.EQ,1
Puerto Rico,PRI,1990,A woman can sign a contract in the same way as a man (1=yes; 0=no),SG.CNT.SIGN.EQ,1
Puerto Rico,PRI,1989,A woman can sign a contract in the same way as a man (1=yes; 0=no),SG.CNT.SIGN.EQ,1
Puerto Rico,PRI,1988,A woman can sign a contract in the same way as a man (1=yes; 0=no),SG.CNT.SIGN.EQ,1
Puerto Rico,PRI,1987,A woman can sign a contract in the same way as a man (1=yes; 0=no),SG.CNT.SIGN.EQ,1
Puerto Rico,PRI,1986,A woman can sign a contract in the same way as a man (1=yes; 0=no),SG.CNT.SIGN.EQ,1
Puerto Rico,PRI,1985,A woman can sign a contract in the same way as a man (1=yes; 0=no),SG.CNT.SIGN.EQ,1
Puerto Rico,PRI,1984,A woman can sign a contract in the same way as a man (1=yes; 0=no),SG.CNT.SIGN.EQ,1
Puerto Rico,PRI,1983,A woman can sign a contract in the same way as a man (1=yes; 0=no),SG.CNT.SIGN.EQ,1
Puerto Rico,PRI,1982,A woman can sign a contract in the same way as a man (1=yes; 0=no),SG.CNT.SIGN.EQ,1
Puerto Rico,PRI,1981,A woman can sign a contract in the same way as a man (1=yes; 0=no),SG.CNT.SIGN.EQ,1
Puerto Rico,PRI,1980,A woman can sign a contract in the same way as a man (1=yes; 0=no),SG.CNT.SIGN.EQ,1
Puerto Rico,PRI,1979,A woman can sign a contract in the same way as a man (1=yes; 0=no),SG.CNT.SIGN.EQ,1
Puerto Rico,PRI,1978,A woman can sign a contract in the same way as a man (1=yes; 0=no),SG.CNT.SIGN.EQ,1
Puerto Rico,PRI,1977,A woman can sign a contract in the same way as a man (1=yes; 0=no),SG.CNT.SIGN.EQ,1
Puerto Rico,PRI,1976,A woman can sign a contract in the same way as a man (1=yes; 0=no),SG.CNT.SIGN.EQ,1
Puerto Rico,PRI,1975,A woman can sign a contract in the same way as a man (1=yes; 0=no),SG.CNT.SIGN.EQ,1
Puerto Rico,PRI,1974,A woman can sign a contract in the same way as a man (1=yes; 0=no),SG.CNT.SIGN.EQ,1
Puerto Rico,PRI,1973,A woman can sign a contract in the same way as a man (1=yes; 0=no),SG.CNT.SIGN.EQ,1
Puerto Rico,PRI,1972,A woman can sign a contract in the same way as a man (1=yes; 0=no),SG.CNT.SIGN.EQ,1
Puerto Rico,PRI,1971,A woman can sign a contract in the same way as a man (1=yes; 0=no),SG.CNT.SIGN.EQ,1
Puerto Rico,PRI,1970,A woman can sign a contract in the same way as a man (1=yes; 0=no),SG.CNT.SIGN.EQ,1
Puerto Rico,PRI,2023,A woman can travel outside the country in the same way as a man (1=yes; 0=no),SG.CTR.TRVL.EQ,1
Puerto Rico,PRI,2022,A woman can travel outside the country in the same way as a man (1=yes; 0=no),SG.CTR.TRVL.EQ,1
Puerto Rico,PRI,2021,A woman can travel outside the country in the same way as a man (1=yes; 0=no),SG.CTR.TRVL.EQ,1
Puerto Rico,PRI,2020,A woman can travel outside the country in the same way as a man (1=yes; 0=no),SG.CTR.TRVL.EQ,1
Puerto Rico,PRI,2019,A woman can travel outside the country in the same way as a man (1=yes; 0=no),SG.CTR.TRVL.EQ,1
Puerto Rico,PRI,2018,A woman can travel outside the country in the same way as a man (1=yes; 0=no),SG.CTR.TRVL.EQ,1
Puerto Rico,PRI,2017,A woman can travel outside the country in the same way as a man (1=yes; 0=no),SG.CTR.TRVL.EQ,1
Puerto Rico,PRI,2016,A woman can travel outside the country in the same way as a man (1=yes; 0=no),SG.CTR.TRVL.EQ,1
Puerto Rico,PRI,2015,A woman can travel outside the country in the same way as a man (1=yes; 0=no),SG.CTR.TRVL.EQ,1
Puerto Rico,PRI,2014,A woman can travel outside the country in the same way as a man (1=yes; 0=no),SG.CTR.TRVL.EQ,1
Puerto Rico,PRI,2013,A woman can travel outside the country in the same way as a man (1=yes; 0=no),SG.CTR.TRVL.EQ,1
Puerto Rico,PRI,2012,A woman can travel outside the country in the same way as a man (1=yes; 0=no),SG.CTR.TRVL.EQ,1
Puerto Rico,PRI,2011,A woman can travel outside the country in the same way as a man (1=yes; 0=no),SG.CTR.TRVL.EQ,1
Puerto Rico,PRI,2010,A woman can travel outside the country in the same way as a man (1=yes; 0=no),SG.CTR.TRVL.EQ,1
Puerto Rico,PRI,2009,A woman can travel outside the country in the same way as a man (1=yes; 0=no),SG.CTR.TRVL.EQ,1
Puerto Rico,PRI,2008,A woman can travel outside the country in the same way as a man (1=yes; 0=no),SG.CTR.TRVL.EQ,1
Puerto Rico,PRI,2007,A woman can travel outside the country in the same way as a man (1=yes; 0=no),SG.CTR.TRVL.EQ,1
Puerto Rico,PRI,2006,A woman can travel outside the country in the same way as a man (1=yes; 0=no),SG.CTR.TRVL.EQ,1
Puerto Rico,PRI,2005,A woman can travel outside the country in the same way as a man (1=yes; 0=no),SG.CTR.TRVL.EQ,1
Puerto Rico,PRI,2004,A woman can travel outside the country in the same way as a man (1=yes; 0=no),SG.CTR.TRVL.EQ,1
Puerto Rico,PRI,2003,A woman can travel outside the country in the same way as a man (1=yes; 0=no),SG.CTR.TRVL.EQ,1
Puerto Rico,PRI,2002,A woman can travel outside the country in the same way as a man (1=yes; 0=no),SG.CTR.TRVL.EQ,1
Puerto Rico,PRI,2001,A woman can travel outside the country in the same way as a man (1=yes; 0=no),SG.CTR.TRVL.EQ,1
Puerto Rico,PRI,2000,A woman can travel outside the country in the same way as a man (1=yes; 0=no),SG.CTR.TRVL.EQ,1
Puerto Rico,PRI,1999,A woman can travel outside the country in the same way as a man (1=yes; 0=no),SG.CTR.TRVL.EQ,1
Puerto Rico,PRI,1998,A woman can travel outside the country in the same way as a man (1=yes; 0=no),SG.CTR.TRVL.EQ,1
Puerto Rico,PRI,1997,A woman can travel outside the country in the same way as a man (1=yes; 0=no),SG.CTR.TRVL.EQ,1
Puerto Rico,PRI,1996,A woman can travel outside the country in the same way as a man (1=yes; 0=no),SG.CTR.TRVL.EQ,1
Puerto Rico,PRI,1995,A woman can travel outside the country in the same way as a man (1=yes; 0=no),SG.CTR.TRVL.EQ,1
Puerto Rico,PRI,1994,A woman can travel outside the country in the same way as a man (1=yes; 0=no),SG.CTR.TRVL.EQ,1
Puerto Rico,PRI,1993,A woman can travel outside the country in the same way as a man (1=yes; 0=no),SG.CTR.TRVL.EQ,1
Puerto Rico,PRI,1992,A woman can travel outside the country in the same way as a man (1=yes; 0=no),SG.CTR.TRVL.EQ,1
Puerto Rico,PRI,1991,A woman can travel outside the country in the same way as a man (1=yes; 0=no),SG.CTR.TRVL.EQ,1
Puerto Rico,PRI,1990,A woman can travel outside the country in the same way as a man (1=yes; 0=no),SG.CTR.TRVL.EQ,1
Puerto Rico,PRI,1989,A woman can travel outside the country in the same way as a man (1=yes; 0=no),SG.CTR.TRVL.EQ,1
Puerto Rico,PRI,1988,A woman can travel outside the country in the same way as a man (1=yes; 0=no),SG.CTR.TRVL.EQ,1
Puerto Rico,PRI,1987,A woman can travel outside the country in the same way as a man (1=yes; 0=no),SG.CTR.TRVL.EQ,1
Puerto Rico,PRI,1986,A woman can travel outside the country in the same way as a man (1=yes; 0=no),SG.CTR.TRVL.EQ,1
Puerto Rico,PRI,1985,A woman can travel outside the country in the same way as a man (1=yes; 0=no),SG.CTR.TRVL.EQ,1
Puerto Rico,PRI,1984,A woman can travel outside the country in the same way as a man (1=yes; 0=no),SG.CTR.TRVL.EQ,1
Puerto Rico,PRI,1983,A woman can travel outside the country in the same way as a man (1=yes; 0=no),SG.CTR.TRVL.EQ,1
Puerto Rico,PRI,1982,A woman can travel outside the country in the same way as a man (1=yes; 0=no),SG.CTR.TRVL.EQ,1
Puerto Rico,PRI,1981,A woman can travel outside the country in the same way as a man (1=yes; 0=no),SG.CTR.TRVL.EQ,1
Puerto Rico,PRI,1980,A woman can travel outside the country in the same way as a man (1=yes; 0=no),SG.CTR.TRVL.EQ,1
Puerto Rico,PRI,1979,A woman can travel outside the country in the same way as a man (1=yes; 0=no),SG.CTR.TRVL.EQ,1
Puerto Rico,PRI,1978,A woman can travel outside the country in the same way as a man (1=yes; 0=no),SG.CTR.TRVL.EQ,1
Puerto Rico,PRI,1977,A woman can travel outside the country in the same way as a man (1=yes; 0=no),SG.CTR.TRVL.EQ,1
Puerto Rico,PRI,1976,A woman can travel outside the country in the same way as a man (1=yes; 0=no),SG.CTR.TRVL.EQ,1
Puerto Rico,PRI,1975,A woman can travel outside the country in the same way as a man (1=yes; 0=no),SG.CTR.TRVL.EQ,1
Puerto Rico,PRI,1974,A woman can travel outside the country in the same way as a man (1=yes; 0=no),SG.CTR.TRVL.EQ,1
Puerto Rico,PRI,1973,A woman can travel outside the country in the same way as a man (1=yes; 0=no),SG.CTR.TRVL.EQ,1
Puerto Rico,PRI,1972,A woman can travel outside the country in the same way as a man (1=yes; 0=no),SG.CTR.TRVL.EQ,1
Puerto Rico,PRI,1971,A woman can travel outside the country in the same way as a man (1=yes; 0=no),SG.CTR.TRVL.EQ,1
Puerto Rico,PRI,1970,A woman can travel outside the country in the same way as a man (1=yes; 0=no),SG.CTR.TRVL.EQ,1
Puerto Rico,PRI,2023,Dismissal of pregnant workers is prohibited (1=yes; 0=no),SG.DML.PRGW,1
Puerto Rico,PRI,2022,Dismissal of pregnant workers is prohibited (1=yes; 0=no),SG.DML.PRGW,1
Puerto Rico,PRI,2021,Dismissal of pregnant workers is prohibited (1=yes; 0=no),SG.DML.PRGW,1
Puerto Rico,PRI,2020,Dismissal of pregnant workers is prohibited (1=yes; 0=no),SG.DML.PRGW,1
Puerto Rico,PRI,2019,Dismissal of pregnant workers is prohibited (1=yes; 0=no),SG.DML.PRGW,1
Puerto Rico,PRI,2018,Dismissal of pregnant workers is prohibited (1=yes; 0=no),SG.DML.PRGW,1
Puerto Rico,PRI,2017,Dismissal of pregnant workers is prohibited (1=yes; 0=no),SG.DML.PRGW,1
Puerto Rico,PRI,2016,Dismissal of pregnant workers is prohibited (1=yes; 0=no),SG.DML.PRGW,1
Puerto Rico,PRI,2015,Dismissal of pregnant workers is prohibited (1=yes; 0=no),SG.DML.PRGW,1
Puerto Rico,PRI,2014,Dismissal of pregnant workers is prohibited (1=yes; 0=no),SG.DML.PRGW,1
Puerto Rico,PRI,2013,Dismissal of pregnant workers is prohibited (1=yes; 0=no),SG.DML.PRGW,1
Puerto Rico,PRI,2012,Dismissal of pregnant workers is prohibited (1=yes; 0=no),SG.DML.PRGW,1
Puerto Rico,PRI,2011,Dismissal of pregnant workers is prohibited (1=yes; 0=no),SG.DML.PRGW,1
Puerto Rico,PRI,2010,Dismissal of pregnant workers is prohibited (1=yes; 0=no),SG.DML.PRGW,1
Puerto Rico,PRI,2009,Dismissal of pregnant workers is prohibited (1=yes; 0=no),SG.DML.PRGW,1
Puerto Rico,PRI,2008,Dismissal of pregnant workers is prohibited (1=yes; 0=no),SG.DML.PRGW,1
Puerto Rico,PRI,2007,Dismissal of pregnant workers is prohibited (1=yes; 0=no),SG.DML.PRGW,1
Puerto Rico,PRI,2006,Dismissal of pregnant workers is prohibited (1=yes; 0=no),SG.DML.PRGW,1
Puerto Rico,PRI,2005,Dismissal of pregnant workers is prohibited (1=yes; 0=no),SG.DML.PRGW,1
Puerto Rico,PRI,2004,Dismissal of pregnant workers is prohibited (1=yes; 0=no),SG.DML.PRGW,1
Puerto Rico,PRI,2003,Dismissal of pregnant workers is prohibited (1=yes; 0=no),SG.DML.PRGW,1
Puerto Rico,PRI,2002,Dismissal of pregnant workers is prohibited (1=yes; 0=no),SG.DML.PRGW,1
Puerto Rico,PRI,2001,Dismissal of pregnant workers is prohibited (1=yes; 0=no),SG.DML.PRGW,1
Puerto Rico,PRI,2000,Dismissal of pregnant workers is prohibited (1=yes; 0=no),SG.DML.PRGW,1
Puerto Rico,PRI,1999,Dismissal of pregnant workers is prohibited (1=yes; 0=no),SG.DML.PRGW,1
Puerto Rico,PRI,1998,Dismissal of pregnant workers is prohibited (1=yes; 0=no),SG.DML.PRGW,1
Puerto Rico,PRI,1997,Dismissal of pregnant workers is prohibited (1=yes; 0=no),SG.DML.PRGW,1
Puerto Rico,PRI,1996,Dismissal of pregnant workers is prohibited (1=yes; 0=no),SG.DML.PRGW,1
Puerto Rico,PRI,1995,Dismissal of pregnant workers is prohibited (1=yes; 0=no),SG.DML.PRGW,1
Puerto Rico,PRI,1994,Dismissal of pregnant workers is prohibited (1=yes; 0=no),SG.DML.PRGW,1
Puerto Rico,PRI,1993,Dismissal of pregnant workers is prohibited (1=yes; 0=no),SG.DML.PRGW,1
Puerto Rico,PRI,1992,Dismissal of pregnant workers is prohibited (1=yes; 0=no),SG.DML.PRGW,1
Puerto Rico,PRI,1991,Dismissal of pregnant workers is prohibited (1=yes; 0=no),SG.DML.PRGW,1
Puerto Rico,PRI,1990,Dismissal of pregnant workers is prohibited (1=yes; 0=no),SG.DML.PRGW,1
Puerto Rico,PRI,1989,Dismissal of pregnant workers is prohibited (1=yes; 0=no),SG.DML.PRGW,1
Puerto Rico,PRI,1988,Dismissal of pregnant workers is prohibited (1=yes; 0=no),SG.DML.PRGW,1
Puerto Rico,PRI,1987,Dismissal of pregnant workers is prohibited (1=yes; 0=no),SG.DML.PRGW,1
Puerto Rico,PRI,1986,Dismissal of pregnant workers is prohibited (1=yes; 0=no),SG.DML.PRGW,1
Puerto Rico,PRI,1985,Dismissal of pregnant workers is prohibited (1=yes; 0=no),SG.DML.PRGW,1
Puerto Rico,PRI,1984,Dismissal of pregnant workers is prohibited (1=yes; 0=no),SG.DML.PRGW,1
Puerto Rico,PRI,1983,Dismissal of pregnant workers is prohibited (1=yes; 0=no),SG.DML.PRGW,1
Puerto Rico,PRI,1982,Dismissal of pregnant workers is prohibited (1=yes; 0=no),SG.DML.PRGW,1
Puerto Rico,PRI,1981,Dismissal of pregnant workers is prohibited (1=yes; 0=no),SG.DML.PRGW,1
Puerto Rico,PRI,1980,Dismissal of pregnant workers is prohibited (1=yes; 0=no),SG.DML.PRGW,1
Puerto Rico,PRI,1979,Dismissal of pregnant workers is prohibited (1=yes; 0=no),SG.DML.PRGW,1
Puerto Rico,PRI,1978,Dismissal of pregnant workers is prohibited (1=yes; 0=no),SG.DML.PRGW,1
Puerto Rico,PRI,1977,Dismissal of pregnant workers is prohibited (1=yes; 0=no),SG.DML.PRGW,1
Puerto Rico,PRI,1976,Dismissal of pregnant workers is prohibited (1=yes; 0=no),SG.DML.PRGW,1
Puerto Rico,PRI,1975,Dismissal of pregnant workers is prohibited (1=yes; 0=no),SG.DML.PRGW,1
Puerto Rico,PRI,1974,Dismissal of pregnant workers is prohibited (1=yes; 0=no),SG.DML.PRGW,1
Puerto Rico,PRI,1973,Dismissal of pregnant workers is prohibited (1=yes; 0=no),SG.DML.PRGW,1
Puerto Rico,PRI,1972,Dismissal of pregnant workers is prohibited (1=yes; 0=no),SG.DML.PRGW,1
Puerto Rico,PRI,1971,Dismissal of pregnant workers is prohibited (1=yes; 0=no),SG.DML.PRGW,1
Puerto Rico,PRI,1970,Dismissal of pregnant workers is prohibited (1=yes; 0=no),SG.DML.PRGW,1
Puerto Rico,PRI,2023,A woman can work in a job deemed dangerous in the same way as a man (1=yes; 0=no),SG.DNG.WORK.DN.EQ,1
Puerto Rico,PRI,2022,A woman can work in a job deemed dangerous in the same way as a man (1=yes; 0=no),SG.DNG.WORK.DN.EQ,1
Puerto Rico,PRI,2021,A woman can work in a job deemed dangerous in the same way as a man (1=yes; 0=no),SG.DNG.WORK.DN.EQ,1
Puerto Rico,PRI,2020,A woman can work in a job deemed dangerous in the same way as a man (1=yes; 0=no),SG.DNG.WORK.DN.EQ,1
Puerto Rico,PRI,2019,A woman can work in a job deemed dangerous in the same way as a man (1=yes; 0=no),SG.DNG.WORK.DN.EQ,1
Puerto Rico,PRI,2018,A woman can work in a job deemed dangerous in the same way as a man (1=yes; 0=no),SG.DNG.WORK.DN.EQ,1
Puerto Rico,PRI,2017,A woman can work in a job deemed dangerous in the same way as a man (1=yes; 0=no),SG.DNG.WORK.DN.EQ,1
Puerto Rico,PRI,2016,A woman can work in a job deemed dangerous in the same way as a man (1=yes; 0=no),SG.DNG.WORK.DN.EQ,1
Puerto Rico,PRI,2015,A woman can work in a job deemed dangerous in the same way as a man (1=yes; 0=no),SG.DNG.WORK.DN.EQ,1
Puerto Rico,PRI,2014,A woman can work in a job deemed dangerous in the same way as a man (1=yes; 0=no),SG.DNG.WORK.DN.EQ,1
Puerto Rico,PRI,2013,A woman can work in a job deemed dangerous in the same way as a man (1=yes; 0=no),SG.DNG.WORK.DN.EQ,1
Puerto Rico,PRI,2012,A woman can work in a job deemed dangerous in the same way as a man (1=yes; 0=no),SG.DNG.WORK.DN.EQ,1
Puerto Rico,PRI,2011,A woman can work in a job deemed dangerous in the same way as a man (1=yes; 0=no),SG.DNG.WORK.DN.EQ,1
Puerto Rico,PRI,2010,A woman can work in a job deemed dangerous in the same way as a man (1=yes; 0=no),SG.DNG.WORK.DN.EQ,1
Puerto Rico,PRI,2009,A woman can work in a job deemed dangerous in the same way as a man (1=yes; 0=no),SG.DNG.WORK.DN.EQ,1
Puerto Rico,PRI,2008,A woman can work in a job deemed dangerous in the same way as a man (1=yes; 0=no),SG.DNG.WORK.DN.EQ,1
Puerto Rico,PRI,2007,A woman can work in a job deemed dangerous in the same way as a man (1=yes; 0=no),SG.DNG.WORK.DN.EQ,1
Puerto Rico,PRI,2006,A woman can work in a job deemed dangerous in the same way as a man (1=yes; 0=no),SG.DNG.WORK.DN.EQ,1
Puerto Rico,PRI,2005,A woman can work in a job deemed dangerous in the same way as a man (1=yes; 0=no),SG.DNG.WORK.DN.EQ,1
Puerto Rico,PRI,2004,A woman can work in a job deemed dangerous in the same way as a man (1=yes; 0=no),SG.DNG.WORK.DN.EQ,1
Puerto Rico,PRI,2003,A woman can work in a job deemed dangerous in the same way as a man (1=yes; 0=no),SG.DNG.WORK.DN.EQ,1
Puerto Rico,PRI,2002,A woman can work in a job deemed dangerous in the same way as a man (1=yes; 0=no),SG.DNG.WORK.DN.EQ,1
Puerto Rico,PRI,2001,A woman can work in a job deemed dangerous in the same way as a man (1=yes; 0=no),SG.DNG.WORK.DN.EQ,1
Puerto Rico,PRI,2000,A woman can work in a job deemed dangerous in the same way as a man (1=yes; 0=no),SG.DNG.WORK.DN.EQ,1
Puerto Rico,PRI,1999,A woman can work in a job deemed dangerous in the same way as a man (1=yes; 0=no),SG.DNG.WORK.DN.EQ,1
Puerto Rico,PRI,1998,A woman can work in a job deemed dangerous in the same way as a man (1=yes; 0=no),SG.DNG.WORK.DN.EQ,1
Puerto Rico,PRI,1997,A woman can work in a job deemed dangerous in the same way as a man (1=yes; 0=no),SG.DNG.WORK.DN.EQ,1
Puerto Rico,PRI,1996,A woman can work in a job deemed dangerous in the same way as a man (1=yes; 0=no),SG.DNG.WORK.DN.EQ,1
Puerto Rico,PRI,1995,A woman can work in a job deemed dangerous in the same way as a man (1=yes; 0=no),SG.DNG.WORK.DN.EQ,1
Puerto Rico,PRI,1994,A woman can work in a job deemed dangerous in the same way as a man (1=yes; 0=no),SG.DNG.WORK.DN.EQ,1
Puerto Rico,PRI,1993,A woman can work in a job deemed dangerous in the same way as a man (1=yes; 0=no),SG.DNG.WORK.DN.EQ,1
Puerto Rico,PRI,1992,A woman can work in a job deemed dangerous in the same way as a man (1=yes; 0=no),SG.DNG.WORK.DN.EQ,1
Puerto Rico,PRI,1991,A woman can work in a job deemed dangerous in the same way as a man (1=yes; 0=no),SG.DNG.WORK.DN.EQ,1
Puerto Rico,PRI,1990,A woman can work in a job deemed dangerous in the same way as a man (1=yes; 0=no),SG.DNG.WORK.DN.EQ,1
Puerto Rico,PRI,1989,A woman can work in a job deemed dangerous in the same way as a man (1=yes; 0=no),SG.DNG.WORK.DN.EQ,1
Puerto Rico,PRI,1988,A woman can work in a job deemed dangerous in the same way as a man (1=yes; 0=no),SG.DNG.WORK.DN.EQ,1
Puerto Rico,PRI,1987,A woman can work in a job deemed dangerous in the same way as a man (1=yes; 0=no),SG.DNG.WORK.DN.EQ,1
Puerto Rico,PRI,1986,A woman can work in a job deemed dangerous in the same way as a man (1=yes; 0=no),SG.DNG.WORK.DN.EQ,1
Puerto Rico,PRI,1985,A woman can work in a job deemed dangerous in the same way as a man (1=yes; 0=no),SG.DNG.WORK.DN.EQ,1
Puerto Rico,PRI,1984,A woman can work in a job deemed dangerous in the same way as a man (1=yes; 0=no),SG.DNG.WORK.DN.EQ,1
Puerto Rico,PRI,1983,A woman can work in a job deemed dangerous in the same way as a man (1=yes; 0=no),SG.DNG.WORK.DN.EQ,1
Puerto Rico,PRI,1982,A woman can work in a job deemed dangerous in the same way as a man (1=yes; 0=no),SG.DNG.WORK.DN.EQ,1
Puerto Rico,PRI,1981,A woman can work in a job deemed dangerous in the same way as a man (1=yes; 0=no),SG.DNG.WORK.DN.EQ,1
Puerto Rico,PRI,1980,A woman can work in a job deemed dangerous in the same way as a man (1=yes; 0=no),SG.DNG.WORK.DN.EQ,1
Puerto Rico,PRI,1979,A woman can work in a job deemed dangerous in the same way as a man (1=yes; 0=no),SG.DNG.WORK.DN.EQ,1
Puerto Rico,PRI,1978,A woman can work in a job deemed dangerous in the same way as a man (1=yes; 0=no),SG.DNG.WORK.DN.EQ,1
Puerto Rico,PRI,1977,A woman can work in a job deemed dangerous in the same way as a man (1=yes; 0=no),SG.DNG.WORK.DN.EQ,1
Puerto Rico,PRI,1976,A woman can work in a job deemed dangerous in the same way as a man (1=yes; 0=no),SG.DNG.WORK.DN.EQ,1
Puerto Rico,PRI,1975,A woman can work in a job deemed dangerous in the same way as a man (1=yes; 0=no),SG.DNG.WORK.DN.EQ,1
Puerto Rico,PRI,1974,A woman can work in a job deemed dangerous in the same way as a man (1=yes; 0=no),SG.DNG.WORK.DN.EQ,1
Puerto Rico,PRI,1973,A woman can work in a job deemed dangerous in the same way as a man (1=yes; 0=no),SG.DNG.WORK.DN.EQ,1
Puerto Rico,PRI,1972,A woman can work in a job deemed dangerous in the same way as a man (1=yes; 0=no),SG.DNG.WORK.DN.EQ,1
Puerto Rico,PRI,1971,A woman can work in a job deemed dangerous in the same way as a man (1=yes; 0=no),SG.DNG.WORK.DN.EQ,1
Puerto Rico,PRI,1970,A woman can work in a job deemed dangerous in the same way as a man (1=yes; 0=no),SG.DNG.WORK.DN.EQ,1
Puerto Rico,PRI,2023,A woman can get a job in the same way as a man (1=yes; 0=no),SG.GET.JOBS.EQ,1
Puerto Rico,PRI,2022,A woman can get a job in the same way as a man (1=yes; 0=no),SG.GET.JOBS.EQ,1
Puerto Rico,PRI,2021,A woman can get a job in the same way as a man (1=yes; 0=no),SG.GET.JOBS.EQ,1
Puerto Rico,PRI,2020,A woman can get a job in the same way as a man (1=yes; 0=no),SG.GET.JOBS.EQ,1
Puerto Rico,PRI,2019,A woman can get a job in the same way as a man (1=yes; 0=no),SG.GET.JOBS.EQ,1
Puerto Rico,PRI,2018,A woman can get a job in the same way as a man (1=yes; 0=no),SG.GET.JOBS.EQ,1
Puerto Rico,PRI,2017,A woman can get a job in the same way as a man (1=yes; 0=no),SG.GET.JOBS.EQ,1
Puerto Rico,PRI,2016,A woman can get a job in the same way as a man (1=yes; 0=no),SG.GET.JOBS.EQ,1
Puerto Rico,PRI,2015,A woman can get a job in the same way as a man (1=yes; 0=no),SG.GET.JOBS.EQ,1
Puerto Rico,PRI,2014,A woman can get a job in the same way as a man (1=yes; 0=no),SG.GET.JOBS.EQ,1
Puerto Rico,PRI,2013,A woman can get a job in the same way as a man (1=yes; 0=no),SG.GET.JOBS.EQ,1
Puerto Rico,PRI,2012,A woman can get a job in the same way as a man (1=yes; 0=no),SG.GET.JOBS.EQ,1
Puerto Rico,PRI,2011,A woman can get a job in the same way as a man (1=yes; 0=no),SG.GET.JOBS.EQ,1
Puerto Rico,PRI,2010,A woman can get a job in the same way as a man (1=yes; 0=no),SG.GET.JOBS.EQ,1
Puerto Rico,PRI,2009,A woman can get a job in the same way as a man (1=yes; 0=no),SG.GET.JOBS.EQ,1
Puerto Rico,PRI,2008,A woman can get a job in the same way as a man (1=yes; 0=no),SG.GET.JOBS.EQ,1
Puerto Rico,PRI,2007,A woman can get a job in the same way as a man (1=yes; 0=no),SG.GET.JOBS.EQ,1
Puerto Rico,PRI,2006,A woman can get a job in the same way as a man (1=yes; 0=no),SG.GET.JOBS.EQ,1
Puerto Rico,PRI,2005,A woman can get a job in the same way as a man (1=yes; 0=no),SG.GET.JOBS.EQ,1
Puerto Rico,PRI,2004,A woman can get a job in the same way as a man (1=yes; 0=no),SG.GET.JOBS.EQ,1
Puerto Rico,PRI,2003,A woman can get a job in the same way as a man (1=yes; 0=no),SG.GET.JOBS.EQ,1
Puerto Rico,PRI,2002,A woman can get a job in the same way as a man (1=yes; 0=no),SG.GET.JOBS.EQ,1
Puerto Rico,PRI,2001,A woman can get a job in the same way as a man (1=yes; 0=no),SG.GET.JOBS.EQ,1
Puerto Rico,PRI,2000,A woman can get a job in the same way as a man (1=yes; 0=no),SG.GET.JOBS.EQ,1
Puerto Rico,PRI,1999,A woman can get a job in the same way as a man (1=yes; 0=no),SG.GET.JOBS.EQ,1
Puerto Rico,PRI,1998,A woman can get a job in the same way as a man (1=yes; 0=no),SG.GET.JOBS.EQ,1
Puerto Rico,PRI,1997,A woman can get a job in the same way as a man (1=yes; 0=no),SG.GET.JOBS.EQ,1
Puerto Rico,PRI,1996,A woman can get a job in the same way as a man (1=yes; 0=no),SG.GET.JOBS.EQ,1
Puerto Rico,PRI,1995,A woman can get a job in the same way as a man (1=yes; 0=no),SG.GET.JOBS.EQ,1
Puerto Rico,PRI,1994,A woman can get a job in the same way as a man (1=yes; 0=no),SG.GET.JOBS.EQ,1
Puerto Rico,PRI,1993,A woman can get a job in the same way as a man (1=yes; 0=no),SG.GET.JOBS.EQ,1
Puerto Rico,PRI,1992,A woman can get a job in the same way as a man (1=yes; 0=no),SG.GET.JOBS.EQ,1
Puerto Rico,PRI,1991,A woman can get a job in the same way as a man (1=yes; 0=no),SG.GET.JOBS.EQ,1
Puerto Rico,PRI,1990,A woman can get a job in the same way as a man (1=yes; 0=no),SG.GET.JOBS.EQ,1
Puerto Rico,PRI,1989,A woman can get a job in the same way as a man (1=yes; 0=no),SG.GET.JOBS.EQ,1
Puerto Rico,PRI,1988,A woman can get a job in the same way as a man (1=yes; 0=no),SG.GET.JOBS.EQ,1
Puerto Rico,PRI,1987,A woman can get a job in the same way as a man (1=yes; 0=no),SG.GET.JOBS.EQ,1
Puerto Rico,PRI,1986,A woman can get a job in the same way as a man (1=yes; 0=no),SG.GET.JOBS.EQ,1
Puerto Rico,PRI,1985,A woman can get a job in the same way as a man (1=yes; 0=no),SG.GET.JOBS.EQ,1
Puerto Rico,PRI,1984,A woman can get a job in the same way as a man (1=yes; 0=no),SG.GET.JOBS.EQ,1
Puerto Rico,PRI,1983,A woman can get a job in the same way as a man (1=yes; 0=no),SG.GET.JOBS.EQ,1
Puerto Rico,PRI,1982,A woman can get a job in the same way as a man (1=yes; 0=no),SG.GET.JOBS.EQ,1
Puerto Rico,PRI,1981,A woman can get a job in the same way as a man (1=yes; 0=no),SG.GET.JOBS.EQ,1
Puerto Rico,PRI,1980,A woman can get a job in the same way as a man (1=yes; 0=no),SG.GET.JOBS.EQ,1
Puerto Rico,PRI,1979,A woman can get a job in the same way as a man (1=yes; 0=no),SG.GET.JOBS.EQ,1
Puerto Rico,PRI,1978,A woman can get a job in the same way as a man (1=yes; 0=no),SG.GET.JOBS.EQ,1
Puerto Rico,PRI,1977,A woman can get a job in the same way as a man (1=yes; 0=no),SG.GET.JOBS.EQ,1
Puerto Rico,PRI,1976,A woman can get a job in the same way as a man (1=yes; 0=no),SG.GET.JOBS.EQ,1
Puerto Rico,PRI,1975,A woman can get a job in the same way as a man (1=yes; 0=no),SG.GET.JOBS.EQ,1
Puerto Rico,PRI,1974,A woman can get a job in the same way as a man (1=yes; 0=no),SG.GET.JOBS.EQ,1
Puerto Rico,PRI,1973,A woman can get a job in the same way as a man (1=yes; 0=no),SG.GET.JOBS.EQ,1
Puerto Rico,PRI,1972,A woman can get a job in the same way as a man (1=yes; 0=no),SG.GET.JOBS.EQ,1
Puerto Rico,PRI,1971,A woman can get a job in the same way as a man (1=yes; 0=no),SG.GET.JOBS.EQ,1
Puerto Rico,PRI,1970,A woman can get a job in the same way as a man (1=yes; 0=no),SG.GET.JOBS.EQ,1
Puerto Rico,PRI,2023,"A woman can be ""head of household"" in the same way as a man (1=yes; 0=no)",SG.HLD.HEAD.EQ,1
Puerto Rico,PRI,2022,"A woman can be ""head of household"" in the same way as a man (1=yes; 0=no)",SG.HLD.HEAD.EQ,1
Puerto Rico,PRI,2021,"A woman can be ""head of household"" in the same way as a man (1=yes; 0=no)",SG.HLD.HEAD.EQ,1
Puerto Rico,PRI,2020,"A woman can be ""head of household"" in the same way as a man (1=yes; 0=no)",SG.HLD.HEAD.EQ,1
Puerto Rico,PRI,2019,"A woman can be ""head of household"" in the same way as a man (1=yes; 0=no)",SG.HLD.HEAD.EQ,1
Puerto Rico,PRI,2018,"A woman can be ""head of household"" in the same way as a man (1=yes; 0=no)",SG.HLD.HEAD.EQ,1
Puerto Rico,PRI,2017,"A woman can be ""head of household"" in the same way as a man (1=yes; 0=no)",SG.HLD.HEAD.EQ,1
Puerto Rico,PRI,2016,"A woman can be ""head of household"" in the same way as a man (1=yes; 0=no)",SG.HLD.HEAD.EQ,1
Puerto Rico,PRI,2015,"A woman can be ""head of household"" in the same way as a man (1=yes; 0=no)",SG.HLD.HEAD.EQ,1
Puerto Rico,PRI,2014,"A woman can be ""head of household"" in the same way as a man (1=yes; 0=no)",SG.HLD.HEAD.EQ,1
Puerto Rico,PRI,2013,"A woman can be ""head of household"" in the same way as a man (1=yes; 0=no)",SG.HLD.HEAD.EQ,1
Puerto Rico,PRI,2012,"A woman can be ""head of household"" in the same way as a man (1=yes; 0=no)",SG.HLD.HEAD.EQ,1
Puerto Rico,PRI,2011,"A woman can be ""head of household"" in the same way as a man (1=yes; 0=no)",SG.HLD.HEAD.EQ,1
Puerto Rico,PRI,2010,"A woman can be ""head of household"" in the same way as a man (1=yes; 0=no)",SG.HLD.HEAD.EQ,1
Puerto Rico,PRI,2009,"A woman can be ""head of household"" in the same way as a man (1=yes; 0=no)",SG.HLD.HEAD.EQ,1
Puerto Rico,PRI,2008,"A woman can be ""head of household"" in the same way as a man (1=yes; 0=no)",SG.HLD.HEAD.EQ,1
Puerto Rico,PRI,2007,"A woman can be ""head of household"" in the same way as a man (1=yes; 0=no)",SG.HLD.HEAD.EQ,1
Puerto Rico,PRI,2006,"A woman can be ""head of household"" in the same way as a man (1=yes; 0=no)",SG.HLD.HEAD.EQ,1
Puerto Rico,PRI,2005,"A woman can be ""head of household"" in the same way as a man (1=yes; 0=no)",SG.HLD.HEAD.EQ,1
Puerto Rico,PRI,2004,"A woman can be ""head of household"" in the same way as a man (1=yes; 0=no)",SG.HLD.HEAD.EQ,1
Puerto Rico,PRI,2003,"A woman can be ""head of household"" in the same way as a man (1=yes; 0=no)",SG.HLD.HEAD.EQ,1
Puerto Rico,PRI,2002,"A woman can be ""head of household"" in the same way as a man (1=yes; 0=no)",SG.HLD.HEAD.EQ,1
Puerto Rico,PRI,2001,"A woman can be ""head of household"" in the same way as a man (1=yes; 0=no)",SG.HLD.HEAD.EQ,1
Puerto Rico,PRI,2000,"A woman can be ""head of household"" in the same way as a man (1=yes; 0=no)",SG.HLD.HEAD.EQ,1
Puerto Rico,PRI,1999,"A woman can be ""head of household"" in the same way as a man (1=yes; 0=no)",SG.HLD.HEAD.EQ,1
Puerto Rico,PRI,1998,"A woman can be ""head of household"" in the same way as a man (1=yes; 0=no)",SG.HLD.HEAD.EQ,1
Puerto Rico,PRI,1997,"A woman can be ""head of household"" in the same way as a man (1=yes; 0=no)",SG.HLD.HEAD.EQ,1
Puerto Rico,PRI,1996,"A woman can be ""head of household"" in the same way as a man (1=yes; 0=no)",SG.HLD.HEAD.EQ,1
Puerto Rico,PRI,1995,"A woman can be ""head of household"" in the same way as a man (1=yes; 0=no)",SG.HLD.HEAD.EQ,1
Puerto Rico,PRI,1994,"A woman can be ""head of household"" in the same way as a man (1=yes; 0=no)",SG.HLD.HEAD.EQ,1
Puerto Rico,PRI,1993,"A woman can be ""head of household"" in the same way as a man (1=yes; 0=no)",SG.HLD.HEAD.EQ,1
Puerto Rico,PRI,1992,"A woman can be ""head of household"" in the same way as a man (1=yes; 0=no)",SG.HLD.HEAD.EQ,1
Puerto Rico,PRI,1991,"A woman can be ""head of household"" in the same way as a man (1=yes; 0=no)",SG.HLD.HEAD.EQ,1
Puerto Rico,PRI,1990,"A woman can be ""head of household"" in the same way as a man (1=yes; 0=no)",SG.HLD.HEAD.EQ,1
Puerto Rico,PRI,1989,"A woman can be ""head of household"" in the same way as a man (1=yes; 0=no)",SG.HLD.HEAD.EQ,1
Puerto Rico,PRI,1988,"A woman can be ""head of household"" in the same way as a man (1=yes; 0=no)",SG.HLD.HEAD.EQ,1
Puerto Rico,PRI,1987,"A woman can be ""head of household"" in the same way as a man (1=yes; 0=no)",SG.HLD.HEAD.EQ,1
Puerto Rico,PRI,1986,"A woman can be ""head of household"" in the same way as a man (1=yes; 0=no)",SG.HLD.HEAD.EQ,1
Puerto Rico,PRI,1985,"A woman can be ""head of household"" in the same way as a man (1=yes; 0=no)",SG.HLD.HEAD.EQ,1
Puerto Rico,PRI,1984,"A woman can be ""head of household"" in the same way as a man (1=yes; 0=no)",SG.HLD.HEAD.EQ,1
Puerto Rico,PRI,1983,"A woman can be ""head of household"" in the same way as a man (1=yes; 0=no)",SG.HLD.HEAD.EQ,1
Puerto Rico,PRI,1982,"A woman can be ""head of household"" in the same way as a man (1=yes; 0=no)",SG.HLD.HEAD.EQ,1
Puerto Rico,PRI,1981,"A woman can be ""head of household"" in the same way as a man (1=yes; 0=no)",SG.HLD.HEAD.EQ,1
Puerto Rico,PRI,1980,"A woman can be ""head of household"" in the same way as a man (1=yes; 0=no)",SG.HLD.HEAD.EQ,1
Puerto Rico,PRI,1979,"A woman can be ""head of household"" in the same way as a man (1=yes; 0=no)",SG.HLD.HEAD.EQ,1
Puerto Rico,PRI,1978,"A woman can be ""head of household"" in the same way as a man (1=yes; 0=no)",SG.HLD.HEAD.EQ,1
Puerto Rico,PRI,1977,"A woman can be ""head of household"" in the same way as a man (1=yes; 0=no)",SG.HLD.HEAD.EQ,1
Puerto Rico,PRI,1976,"A woman can be ""head of household"" in the same way as a man (1=yes; 0=no)",SG.HLD.HEAD.EQ,1
Puerto Rico,PRI,1975,"A woman can be ""head of household"" in the same way as a man (1=yes; 0=no)",SG.HLD.HEAD.EQ,1
Puerto Rico,PRI,1974,"A woman can be ""head of household"" in the same way as a man (1=yes; 0=no)",SG.HLD.HEAD.EQ,1
Puerto Rico,PRI,1973,"A woman can be ""head of household"" in the same way as a man (1=yes; 0=no)",SG.HLD.HEAD.EQ,1
Puerto Rico,PRI,1972,"A woman can be ""head of household"" in the same way as a man (1=yes; 0=no)",SG.HLD.HEAD.EQ,1
Puerto Rico,PRI,1971,"A woman can be ""head of household"" in the same way as a man (1=yes; 0=no)",SG.HLD.HEAD.EQ,1
Puerto Rico,PRI,1970,"A woman can be ""head of household"" in the same way as a man (1=yes; 0=no)",SG.HLD.HEAD.EQ,1
Puerto Rico,PRI,2023,A woman can travel outside her home in the same way as a man (1=yes; 0=no),SG.HME.TRVL.EQ,1
Puerto Rico,PRI,2022,A woman can travel outside her home in the same way as a man (1=yes; 0=no),SG.HME.TRVL.EQ,1
Puerto Rico,PRI,2021,A woman can travel outside her home in the same way as a man (1=yes; 0=no),SG.HME.TRVL.EQ,1
Puerto Rico,PRI,2020,A woman can travel outside her home in the same way as a man (1=yes; 0=no),SG.HME.TRVL.EQ,1
Puerto Rico,PRI,2019,A woman can travel outside her home in the same way as a man (1=yes; 0=no),SG.HME.TRVL.EQ,1
Puerto Rico,PRI,2018,A woman can travel outside her home in the same way as a man (1=yes; 0=no),SG.HME.TRVL.EQ,1
Puerto Rico,PRI,2017,A woman can travel outside her home in the same way as a man (1=yes; 0=no),SG.HME.TRVL.EQ,1
Puerto Rico,PRI,2016,A woman can travel outside her home in the same way as a man (1=yes; 0=no),SG.HME.TRVL.EQ,1
Puerto Rico,PRI,2015,A woman can travel outside her home in the same way as a man (1=yes; 0=no),SG.HME.TRVL.EQ,1
Puerto Rico,PRI,2014,A woman can travel outside her home in the same way as a man (1=yes; 0=no),SG.HME.TRVL.EQ,1
Puerto Rico,PRI,2013,A woman can travel outside her home in the same way as a man (1=yes; 0=no),SG.HME.TRVL.EQ,1
Puerto Rico,PRI,2012,A woman can travel outside her home in the same way as a man (1=yes; 0=no),SG.HME.TRVL.EQ,1
Puerto Rico,PRI,2011,A woman can travel outside her home in the same way as a man (1=yes; 0=no),SG.HME.TRVL.EQ,1
Puerto Rico,PRI,2010,A woman can travel outside her home in the same way as a man (1=yes; 0=no),SG.HME.TRVL.EQ,1
Puerto Rico,PRI,2009,A woman can travel outside her home in the same way as a man (1=yes; 0=no),SG.HME.TRVL.EQ,1
Puerto Rico,PRI,2008,A woman can travel outside her home in the same way as a man (1=yes; 0=no),SG.HME.TRVL.EQ,1
Puerto Rico,PRI,2007,A woman can travel outside her home in the same way as a man (1=yes; 0=no),SG.HME.TRVL.EQ,1
Puerto Rico,PRI,2006,A woman can travel outside her home in the same way as a man (1=yes; 0=no),SG.HME.TRVL.EQ,1
Puerto Rico,PRI,2005,A woman can travel outside her home in the same way as a man (1=yes; 0=no),SG.HME.TRVL.EQ,1
Puerto Rico,PRI,2004,A woman can travel outside her home in the same way as a man (1=yes; 0=no),SG.HME.TRVL.EQ,1
Puerto Rico,PRI,2003,A woman can travel outside her home in the same way as a man (1=yes; 0=no),SG.HME.TRVL.EQ,1
Puerto Rico,PRI,2002,A woman can travel outside her home in the same way as a man (1=yes; 0=no),SG.HME.TRVL.EQ,1
Puerto Rico,PRI,2001,A woman can travel outside her home in the same way as a man (1=yes; 0=no),SG.HME.TRVL.EQ,1
Puerto Rico,PRI,2000,A woman can travel outside her home in the same way as a man (1=yes; 0=no),SG.HME.TRVL.EQ,1
Puerto Rico,PRI,1999,A woman can travel outside her home in the same way as a man (1=yes; 0=no),SG.HME.TRVL.EQ,1
Puerto Rico,PRI,1998,A woman can travel outside her home in the same way as a man (1=yes; 0=no),SG.HME.TRVL.EQ,1
Puerto Rico,PRI,1997,A woman can travel outside her home in the same way as a man (1=yes; 0=no),SG.HME.TRVL.EQ,1
Puerto Rico,PRI,1996,A woman can travel outside her home in the same way as a man (1=yes; 0=no),SG.HME.TRVL.EQ,1
Puerto Rico,PRI,1995,A woman can travel outside her home in the same way as a man (1=yes; 0=no),SG.HME.TRVL.EQ,1
Puerto Rico,PRI,1994,A woman can travel outside her home in the same way as a man (1=yes; 0=no),SG.HME.TRVL.EQ,1
Puerto Rico,PRI,1993,A woman can travel outside her home in the same way as a man (1=yes; 0=no),SG.HME.TRVL.EQ,1
Puerto Rico,PRI,1992,A woman can travel outside her home in the same way as a man (1=yes; 0=no),SG.HME.TRVL.EQ,1
Puerto Rico,PRI,1991,A woman can travel outside her home in the same way as a man (1=yes; 0=no),SG.HME.TRVL.EQ,1
Puerto Rico,PRI,1990,A woman can travel outside her home in the same way as a man (1=yes; 0=no),SG.HME.TRVL.EQ,1
Puerto Rico,PRI,1989,A woman can travel outside her home in the same way as a man (1=yes; 0=no),SG.HME.TRVL.EQ,1
Puerto Rico,PRI,1988,A woman can travel outside her home in the same way as a man (1=yes; 0=no),SG.HME.TRVL.EQ,1
Puerto Rico,PRI,1987,A woman can travel outside her home in the same way as a man (1=yes; 0=no),SG.HME.TRVL.EQ,1
Puerto Rico,PRI,1986,A woman can travel outside her home in the same way as a man (1=yes; 0=no),SG.HME.TRVL.EQ,1
Puerto Rico,PRI,1985,A woman can travel outside her home in the same way as a man (1=yes; 0=no),SG.HME.TRVL.EQ,1
Puerto Rico,PRI,1984,A woman can travel outside her home in the same way as a man (1=yes; 0=no),SG.HME.TRVL.EQ,1
Puerto Rico,PRI,1983,A woman can travel outside her home in the same way as a man (1=yes; 0=no),SG.HME.TRVL.EQ,1
Puerto Rico,PRI,1982,A woman can travel outside her home in the same way as a man (1=yes; 0=no),SG.HME.TRVL.EQ,1
Puerto Rico,PRI,1981,A woman can travel outside her home in the same way as a man (1=yes; 0=no),SG.HME.TRVL.EQ,1
Puerto Rico,PRI,1980,A woman can travel outside her home in the same way as a man (1=yes; 0=no),SG.HME.TRVL.EQ,1
Puerto Rico,PRI,1979,A woman can travel outside her home in the same way as a man (1=yes; 0=no),SG.HME.TRVL.EQ,1
Puerto Rico,PRI,1978,A woman can travel outside her home in the same way as a man (1=yes; 0=no),SG.HME.TRVL.EQ,1
Puerto Rico,PRI,1977,A woman can travel outside her home in the same way as a man (1=yes; 0=no),SG.HME.TRVL.EQ,1
Puerto Rico,PRI,1976,A woman can travel outside her home in the same way as a man (1=yes; 0=no),SG.HME.TRVL.EQ,1
Puerto Rico,PRI,1975,A woman can travel outside her home in the same way as a man (1=yes; 0=no),SG.HME.TRVL.EQ,1
Puerto Rico,PRI,1974,A woman can travel outside her home in the same way as a man (1=yes; 0=no),SG.HME.TRVL.EQ,1
Puerto Rico,PRI,1973,A woman can travel outside her home in the same way as a man (1=yes; 0=no),SG.HME.TRVL.EQ,1
Puerto Rico,PRI,1972,A woman can travel outside her home in the same way as a man (1=yes; 0=no),SG.HME.TRVL.EQ,1
Puerto Rico,PRI,1971,A woman can travel outside her home in the same way as a man (1=yes; 0=no),SG.HME.TRVL.EQ,1
Puerto Rico,PRI,1970,A woman can travel outside her home in the same way as a man (1=yes; 0=no),SG.HME.TRVL.EQ,1
Puerto Rico,PRI,2023,Male and female surviving spouses have equal rights to inherit assets (1=yes; 0=no),SG.IHT.ASST.EQ,1
Puerto Rico,PRI,2022,Male and female surviving spouses have equal rights to inherit assets (1=yes; 0=no),SG.IHT.ASST.EQ,1
Puerto Rico,PRI,2021,Male and female surviving spouses have equal rights to inherit assets (1=yes; 0=no),SG.IHT.ASST.EQ,1
Puerto Rico,PRI,2020,Male and female surviving spouses have equal rights to inherit assets (1=yes; 0=no),SG.IHT.ASST.EQ,1
Puerto Rico,PRI,2019,Male and female surviving spouses have equal rights to inherit assets (1=yes; 0=no),SG.IHT.ASST.EQ,1
Puerto Rico,PRI,2018,Male and female surviving spouses have equal rights to inherit assets (1=yes; 0=no),SG.IHT.ASST.EQ,1
Puerto Rico,PRI,2017,Male and female surviving spouses have equal rights to inherit assets (1=yes; 0=no),SG.IHT.ASST.EQ,1
Puerto Rico,PRI,2016,Male and female surviving spouses have equal rights to inherit assets (1=yes; 0=no),SG.IHT.ASST.EQ,1
Puerto Rico,PRI,2015,Male and female surviving spouses have equal rights to inherit assets (1=yes; 0=no),SG.IHT.ASST.EQ,1
Puerto Rico,PRI,2014,Male and female surviving spouses have equal rights to inherit assets (1=yes; 0=no),SG.IHT.ASST.EQ,1
Puerto Rico,PRI,2013,Male and female surviving spouses have equal rights to inherit assets (1=yes; 0=no),SG.IHT.ASST.EQ,1
Puerto Rico,PRI,2012,Male and female surviving spouses have equal rights to inherit assets (1=yes; 0=no),SG.IHT.ASST.EQ,1
Puerto Rico,PRI,2011,Male and female surviving spouses have equal rights to inherit assets (1=yes; 0=no),SG.IHT.ASST.EQ,1
Puerto Rico,PRI,2010,Male and female surviving spouses have equal rights to inherit assets (1=yes; 0=no),SG.IHT.ASST.EQ,1
Puerto Rico,PRI,2009,Male and female surviving spouses have equal rights to inherit assets (1=yes; 0=no),SG.IHT.ASST.EQ,1
Puerto Rico,PRI,2008,Male and female surviving spouses have equal rights to inherit assets (1=yes; 0=no),SG.IHT.ASST.EQ,1
Puerto Rico,PRI,2007,Male and female surviving spouses have equal rights to inherit assets (1=yes; 0=no),SG.IHT.ASST.EQ,1
Puerto Rico,PRI,2006,Male and female surviving spouses have equal rights to inherit assets (1=yes; 0=no),SG.IHT.ASST.EQ,1
Puerto Rico,PRI,2005,Male and female surviving spouses have equal rights to inherit assets (1=yes; 0=no),SG.IHT.ASST.EQ,1
Puerto Rico,PRI,2004,Male and female surviving spouses have equal rights to inherit assets (1=yes; 0=no),SG.IHT.ASST.EQ,1
Puerto Rico,PRI,2003,Male and female surviving spouses have equal rights to inherit assets (1=yes; 0=no),SG.IHT.ASST.EQ,1
Puerto Rico,PRI,2002,Male and female surviving spouses have equal rights to inherit assets (1=yes; 0=no),SG.IHT.ASST.EQ,1
Puerto Rico,PRI,2001,Male and female surviving spouses have equal rights to inherit assets (1=yes; 0=no),SG.IHT.ASST.EQ,1
Puerto Rico,PRI,2000,Male and female surviving spouses have equal rights to inherit assets (1=yes; 0=no),SG.IHT.ASST.EQ,1
Puerto Rico,PRI,1999,Male and female surviving spouses have equal rights to inherit assets (1=yes; 0=no),SG.IHT.ASST.EQ,1
Puerto Rico,PRI,1998,Male and female surviving spouses have equal rights to inherit assets (1=yes; 0=no),SG.IHT.ASST.EQ,1
Puerto Rico,PRI,1997,Male and female surviving spouses have equal rights to inherit assets (1=yes; 0=no),SG.IHT.ASST.EQ,1
Puerto Rico,PRI,1996,Male and female surviving spouses have equal rights to inherit assets (1=yes; 0=no),SG.IHT.ASST.EQ,1
Puerto Rico,PRI,1995,Male and female surviving spouses have equal rights to inherit assets (1=yes; 0=no),SG.IHT.ASST.EQ,1
Puerto Rico,PRI,1994,Male and female surviving spouses have equal rights to inherit assets (1=yes; 0=no),SG.IHT.ASST.EQ,1
Puerto Rico,PRI,1993,Male and female surviving spouses have equal rights to inherit assets (1=yes; 0=no),SG.IHT.ASST.EQ,1
Puerto Rico,PRI,1992,Male and female surviving spouses have equal rights to inherit assets (1=yes; 0=no),SG.IHT.ASST.EQ,1
Puerto Rico,PRI,1991,Male and female surviving spouses have equal rights to inherit assets (1=yes; 0=no),SG.IHT.ASST.EQ,1
Puerto Rico,PRI,1990,Male and female surviving spouses have equal rights to inherit assets (1=yes; 0=no),SG.IHT.ASST.EQ,1
Puerto Rico,PRI,1989,Male and female surviving spouses have equal rights to inherit assets (1=yes; 0=no),SG.IHT.ASST.EQ,1
Puerto Rico,PRI,1988,Male and female surviving spouses have equal rights to inherit assets (1=yes; 0=no),SG.IHT.ASST.EQ,1
Puerto Rico,PRI,1987,Male and female surviving spouses have equal rights to inherit assets (1=yes; 0=no),SG.IHT.ASST.EQ,1
Puerto Rico,PRI,1986,Male and female surviving spouses have equal rights to inherit assets (1=yes; 0=no),SG.IHT.ASST.EQ,1
Puerto Rico,PRI,1985,Male and female surviving spouses have equal rights to inherit assets (1=yes; 0=no),SG.IHT.ASST.EQ,1
Puerto Rico,PRI,1984,Male and female surviving spouses have equal rights to inherit assets (1=yes; 0=no),SG.IHT.ASST.EQ,1
Puerto Rico,PRI,1983,Male and female surviving spouses have equal rights to inherit assets (1=yes; 0=no),SG.IHT.ASST.EQ,1
Puerto Rico,PRI,1982,Male and female surviving spouses have equal rights to inherit assets (1=yes; 0=no),SG.IHT.ASST.EQ,1
Puerto Rico,PRI,1981,Male and female surviving spouses have equal rights to inherit assets (1=yes; 0=no),SG.IHT.ASST.EQ,1
Puerto Rico,PRI,1980,Male and female surviving spouses have equal rights to inherit assets (1=yes; 0=no),SG.IHT.ASST.EQ,1
Puerto Rico,PRI,1979,Male and female surviving spouses have equal rights to inherit assets (1=yes; 0=no),SG.IHT.ASST.EQ,1
Puerto Rico,PRI,1978,Male and female surviving spouses have equal rights to inherit assets (1=yes; 0=no),SG.IHT.ASST.EQ,1
Puerto Rico,PRI,1977,Male and female surviving spouses have equal rights to inherit assets (1=yes; 0=no),SG.IHT.ASST.EQ,1
Puerto Rico,PRI,1976,Male and female surviving spouses have equal rights to inherit assets (1=yes; 0=no),SG.IHT.ASST.EQ,1
Puerto Rico,PRI,1975,Male and female surviving spouses have equal rights to inherit assets (1=yes; 0=no),SG.IHT.ASST.EQ,1
Puerto Rico,PRI,1974,Male and female surviving spouses have equal rights to inherit assets (1=yes; 0=no),SG.IHT.ASST.EQ,1
Puerto Rico,PRI,1973,Male and female surviving spouses have equal rights to inherit assets (1=yes; 0=no),SG.IHT.ASST.EQ,1
Puerto Rico,PRI,1972,Male and female surviving spouses have equal rights to inherit assets (1=yes; 0=no),SG.IHT.ASST.EQ,1
Puerto Rico,PRI,1971,Male and female surviving spouses have equal rights to inherit assets (1=yes; 0=no),SG.IHT.ASST.EQ,1
Puerto Rico,PRI,1970,Male and female surviving spouses have equal rights to inherit assets (1=yes; 0=no),SG.IHT.ASST.EQ,1
Puerto Rico,PRI,2023,Sons and daughters have equal rights to inherit assets from their parents (1=yes; 0=no),SG.IHT.ASST.PT.EQ,1
Puerto Rico,PRI,2022,Sons and daughters have equal rights to inherit assets from their parents (1=yes; 0=no),SG.IHT.ASST.PT.EQ,1
Puerto Rico,PRI,2021,Sons and daughters have equal rights to inherit assets from their parents (1=yes; 0=no),SG.IHT.ASST.PT.EQ,1
Puerto Rico,PRI,2020,Sons and daughters have equal rights to inherit assets from their parents (1=yes; 0=no),SG.IHT.ASST.PT.EQ,1
Puerto Rico,PRI,2019,Sons and daughters have equal rights to inherit assets from their parents (1=yes; 0=no),SG.IHT.ASST.PT.EQ,1
Puerto Rico,PRI,2018,Sons and daughters have equal rights to inherit assets from their parents (1=yes; 0=no),SG.IHT.ASST.PT.EQ,1
Puerto Rico,PRI,2017,Sons and daughters have equal rights to inherit assets from their parents (1=yes; 0=no),SG.IHT.ASST.PT.EQ,1
Puerto Rico,PRI,2016,Sons and daughters have equal rights to inherit assets from their parents (1=yes; 0=no),SG.IHT.ASST.PT.EQ,1
Puerto Rico,PRI,2015,Sons and daughters have equal rights to inherit assets from their parents (1=yes; 0=no),SG.IHT.ASST.PT.EQ,1
Puerto Rico,PRI,2014,Sons and daughters have equal rights to inherit assets from their parents (1=yes; 0=no),SG.IHT.ASST.PT.EQ,1
Puerto Rico,PRI,2013,Sons and daughters have equal rights to inherit assets from their parents (1=yes; 0=no),SG.IHT.ASST.PT.EQ,1
Puerto Rico,PRI,2012,Sons and daughters have equal rights to inherit assets from their parents (1=yes; 0=no),SG.IHT.ASST.PT.EQ,1
Puerto Rico,PRI,2011,Sons and daughters have equal rights to inherit assets from their parents (1=yes; 0=no),SG.IHT.ASST.PT.EQ,1
Puerto Rico,PRI,2010,Sons and daughters have equal rights to inherit assets from their parents (1=yes; 0=no),SG.IHT.ASST.PT.EQ,1
Puerto Rico,PRI,2009,Sons and daughters have equal rights to inherit assets from their parents (1=yes; 0=no),SG.IHT.ASST.PT.EQ,1
Puerto Rico,PRI,2008,Sons and daughters have equal rights to inherit assets from their parents (1=yes; 0=no),SG.IHT.ASST.PT.EQ,1
Puerto Rico,PRI,2007,Sons and daughters have equal rights to inherit assets from their parents (1=yes; 0=no),SG.IHT.ASST.PT.EQ,1
Puerto Rico,PRI,2006,Sons and daughters have equal rights to inherit assets from their parents (1=yes; 0=no),SG.IHT.ASST.PT.EQ,1
Puerto Rico,PRI,2005,Sons and daughters have equal rights to inherit assets from their parents (1=yes; 0=no),SG.IHT.ASST.PT.EQ,1
Puerto Rico,PRI,2004,Sons and daughters have equal rights to inherit assets from their parents (1=yes; 0=no),SG.IHT.ASST.PT.EQ,1
Puerto Rico,PRI,2003,Sons and daughters have equal rights to inherit assets from their parents (1=yes; 0=no),SG.IHT.ASST.PT.EQ,1
Puerto Rico,PRI,2002,Sons and daughters have equal rights to inherit assets from their parents (1=yes; 0=no),SG.IHT.ASST.PT.EQ,1
Puerto Rico,PRI,2001,Sons and daughters have equal rights to inherit assets from their parents (1=yes; 0=no),SG.IHT.ASST.PT.EQ,1
Puerto Rico,PRI,2000,Sons and daughters have equal rights to inherit assets from their parents (1=yes; 0=no),SG.IHT.ASST.PT.EQ,1
Puerto Rico,PRI,1999,Sons and daughters have equal rights to inherit assets from their parents (1=yes; 0=no),SG.IHT.ASST.PT.EQ,1
Puerto Rico,PRI,1998,Sons and daughters have equal rights to inherit assets from their parents (1=yes; 0=no),SG.IHT.ASST.PT.EQ,1
Puerto Rico,PRI,1997,Sons and daughters have equal rights to inherit assets from their parents (1=yes; 0=no),SG.IHT.ASST.PT.EQ,1
Puerto Rico,PRI,1996,Sons and daughters have equal rights to inherit assets from their parents (1=yes; 0=no),SG.IHT.ASST.PT.EQ,1
Puerto Rico,PRI,1995,Sons and daughters have equal rights to inherit assets from their parents (1=yes; 0=no),SG.IHT.ASST.PT.EQ,1
Puerto Rico,PRI,1994,Sons and daughters have equal rights to inherit assets from their parents (1=yes; 0=no),SG.IHT.ASST.PT.EQ,1
Puerto Rico,PRI,1993,Sons and daughters have equal rights to inherit assets from their parents (1=yes; 0=no),SG.IHT.ASST.PT.EQ,1
Puerto Rico,PRI,1992,Sons and daughters have equal rights to inherit assets from their parents (1=yes; 0=no),SG.IHT.ASST.PT.EQ,1
Puerto Rico,PRI,1991,Sons and daughters have equal rights to inherit assets from their parents (1=yes; 0=no),SG.IHT.ASST.PT.EQ,1
Puerto Rico,PRI,1990,Sons and daughters have equal rights to inherit assets from their parents (1=yes; 0=no),SG.IHT.ASST.PT.EQ,1
Puerto Rico,PRI,1989,Sons and daughters have equal rights to inherit assets from their parents (1=yes; 0=no),SG.IHT.ASST.PT.EQ,1
Puerto Rico,PRI,1988,Sons and daughters have equal rights to inherit assets from their parents (1=yes; 0=no),SG.IHT.ASST.PT.EQ,1
Puerto Rico,PRI,1987,Sons and daughters have equal rights to inherit assets from their parents (1=yes; 0=no),SG.IHT.ASST.PT.EQ,1
Puerto Rico,PRI,1986,Sons and daughters have equal rights to inherit assets from their parents (1=yes; 0=no),SG.IHT.ASST.PT.EQ,1
Puerto Rico,PRI,1985,Sons and daughters have equal rights to inherit assets from their parents (1=yes; 0=no),SG.IHT.ASST.PT.EQ,1
Puerto Rico,PRI,1984,Sons and daughters have equal rights to inherit assets from their parents (1=yes; 0=no),SG.IHT.ASST.PT.EQ,1
Puerto Rico,PRI,1983,Sons and daughters have equal rights to inherit assets from their parents (1=yes; 0=no),SG.IHT.ASST.PT.EQ,1
Puerto Rico,PRI,1982,Sons and daughters have equal rights to inherit assets from their parents (1=yes; 0=no),SG.IHT.ASST.PT.EQ,1
Puerto Rico,PRI,1981,Sons and daughters have equal rights to inherit assets from their parents (1=yes; 0=no),SG.IHT.ASST.PT.EQ,1
Puerto Rico,PRI,1980,Sons and daughters have equal rights to inherit assets from their parents (1=yes; 0=no),SG.IHT.ASST.PT.EQ,1
Puerto Rico,PRI,1979,Sons and daughters have equal rights to inherit assets from their parents (1=yes; 0=no),SG.IHT.ASST.PT.EQ,1
Puerto Rico,PRI,1978,Sons and daughters have equal rights to inherit assets from their parents (1=yes; 0=no),SG.IHT.ASST.PT.EQ,1
Puerto Rico,PRI,1977,Sons and daughters have equal rights to inherit assets from their parents (1=yes; 0=no),SG.IHT.ASST.PT.EQ,1
Puerto Rico,PRI,1976,Sons and daughters have equal rights to inherit assets from their parents (1=yes; 0=no),SG.IHT.ASST.PT.EQ,1
Puerto Rico,PRI,1975,Sons and daughters have equal rights to inherit assets from their parents (1=yes; 0=no),SG.IHT.ASST.PT.EQ,1
Puerto Rico,PRI,1974,Sons and daughters have equal rights to inherit assets from their parents (1=yes; 0=no),SG.IHT.ASST.PT.EQ,1
Puerto Rico,PRI,1973,Sons and daughters have equal rights to inherit assets from their parents (1=yes; 0=no),SG.IHT.ASST.PT.EQ,1
Puerto Rico,PRI,1972,Sons and daughters have equal rights to inherit assets from their parents (1=yes; 0=no),SG.IHT.ASST.PT.EQ,1
Puerto Rico,PRI,1971,Sons and daughters have equal rights to inherit assets from their parents (1=yes; 0=no),SG.IHT.ASST.PT.EQ,1
Puerto Rico,PRI,1970,Sons and daughters have equal rights to inherit assets from their parents (1=yes; 0=no),SG.IHT.ASST.PT.EQ,1
Puerto Rico,PRI,2023,A woman can work in an industrial job in the same way as a man (1=yes; 0=no),SG.IND.WORK.EQ,1
Puerto Rico,PRI,2022,A woman can work in an industrial job in the same way as a man (1=yes; 0=no),SG.IND.WORK.EQ,1
Puerto Rico,PRI,2021,A woman can work in an industrial job in the same way as a man (1=yes; 0=no),SG.IND.WORK.EQ,1
Puerto Rico,PRI,2020,A woman can work in an industrial job in the same way as a man (1=yes; 0=no),SG.IND.WORK.EQ,1
Puerto Rico,PRI,2019,A woman can work in an industrial job in the same way as a man (1=yes; 0=no),SG.IND.WORK.EQ,1
Puerto Rico,PRI,2018,A woman can work in an industrial job in the same way as a man (1=yes; 0=no),SG.IND.WORK.EQ,1
Puerto Rico,PRI,2017,A woman can work in an industrial job in the same way as a man (1=yes; 0=no),SG.IND.WORK.EQ,1
Puerto Rico,PRI,2016,A woman can work in an industrial job in the same way as a man (1=yes; 0=no),SG.IND.WORK.EQ,1
Puerto Rico,PRI,2015,A woman can work in an industrial job in the same way as a man (1=yes; 0=no),SG.IND.WORK.EQ,1
Puerto Rico,PRI,2014,A woman can work in an industrial job in the same way as a man (1=yes; 0=no),SG.IND.WORK.EQ,1
Puerto Rico,PRI,2013,A woman can work in an industrial job in the same way as a man (1=yes; 0=no),SG.IND.WORK.EQ,1
Puerto Rico,PRI,2012,A woman can work in an industrial job in the same way as a man (1=yes; 0=no),SG.IND.WORK.EQ,1
Puerto Rico,PRI,2011,A woman can work in an industrial job in the same way as a man (1=yes; 0=no),SG.IND.WORK.EQ,1
Puerto Rico,PRI,2010,A woman can work in an industrial job in the same way as a man (1=yes; 0=no),SG.IND.WORK.EQ,1
Puerto Rico,PRI,2009,A woman can work in an industrial job in the same way as a man (1=yes; 0=no),SG.IND.WORK.EQ,1
Puerto Rico,PRI,2008,A woman can work in an industrial job in the same way as a man (1=yes; 0=no),SG.IND.WORK.EQ,1
Puerto Rico,PRI,2007,A woman can work in an industrial job in the same way as a man (1=yes; 0=no),SG.IND.WORK.EQ,1
Puerto Rico,PRI,2006,A woman can work in an industrial job in the same way as a man (1=yes; 0=no),SG.IND.WORK.EQ,1
Puerto Rico,PRI,2005,A woman can work in an industrial job in the same way as a man (1=yes; 0=no),SG.IND.WORK.EQ,1
Puerto Rico,PRI,2004,A woman can work in an industrial job in the same way as a man (1=yes; 0=no),SG.IND.WORK.EQ,1
Puerto Rico,PRI,2003,A woman can work in an industrial job in the same way as a man (1=yes; 0=no),SG.IND.WORK.EQ,1
Puerto Rico,PRI,2002,A woman can work in an industrial job in the same way as a man (1=yes; 0=no),SG.IND.WORK.EQ,1
Puerto Rico,PRI,2001,A woman can work in an industrial job in the same way as a man (1=yes; 0=no),SG.IND.WORK.EQ,1
Puerto Rico,PRI,2000,A woman can work in an industrial job in the same way as a man (1=yes; 0=no),SG.IND.WORK.EQ,1
Puerto Rico,PRI,1999,A woman can work in an industrial job in the same way as a man (1=yes; 0=no),SG.IND.WORK.EQ,1
Puerto Rico,PRI,1998,A woman can work in an industrial job in the same way as a man (1=yes; 0=no),SG.IND.WORK.EQ,1
Puerto Rico,PRI,1997,A woman can work in an industrial job in the same way as a man (1=yes; 0=no),SG.IND.WORK.EQ,1
Puerto Rico,PRI,1996,A woman can work in an industrial job in the same way as a man (1=yes; 0=no),SG.IND.WORK.EQ,1
Puerto Rico,PRI,1995,A woman can work in an industrial job in the same way as a man (1=yes; 0=no),SG.IND.WORK.EQ,1
Puerto Rico,PRI,1994,A woman can work in an industrial job in the same way as a man (1=yes; 0=no),SG.IND.WORK.EQ,1
Puerto Rico,PRI,1993,A woman can work in an industrial job in the same way as a man (1=yes; 0=no),SG.IND.WORK.EQ,1
Puerto Rico,PRI,1992,A woman can work in an industrial job in the same way as a man (1=yes; 0=no),SG.IND.WORK.EQ,1
Puerto Rico,PRI,1991,A woman can work in an industrial job in the same way as a man (1=yes; 0=no),SG.IND.WORK.EQ,1
Puerto Rico,PRI,1990,A woman can work in an industrial job in the same way as a man (1=yes; 0=no),SG.IND.WORK.EQ,1
Puerto Rico,PRI,1989,A woman can work in an industrial job in the same way as a man (1=yes; 0=no),SG.IND.WORK.EQ,1
Puerto Rico,PRI,1988,A woman can work in an industrial job in the same way as a man (1=yes; 0=no),SG.IND.WORK.EQ,1
Puerto Rico,PRI,1987,A woman can work in an industrial job in the same way as a man (1=yes; 0=no),SG.IND.WORK.EQ,1
Puerto Rico,PRI,1986,A woman can work in an industrial job in the same way as a man (1=yes; 0=no),SG.IND.WORK.EQ,1
Puerto Rico,PRI,1985,A woman can work in an industrial job in the same way as a man (1=yes; 0=no),SG.IND.WORK.EQ,1
Puerto Rico,PRI,1984,A woman can work in an industrial job in the same way as a man (1=yes; 0=no),SG.IND.WORK.EQ,1
Puerto Rico,PRI,1983,A woman can work in an industrial job in the same way as a man (1=yes; 0=no),SG.IND.WORK.EQ,1
Puerto Rico,PRI,1982,A woman can work in an industrial job in the same way as a man (1=yes; 0=no),SG.IND.WORK.EQ,1
Puerto Rico,PRI,1981,A woman can work in an industrial job in the same way as a man (1=yes; 0=no),SG.IND.WORK.EQ,1
Puerto Rico,PRI,1980,A woman can work in an industrial job in the same way as a man (1=yes; 0=no),SG.IND.WORK.EQ,1
Puerto Rico,PRI,1979,A woman can work in an industrial job in the same way as a man (1=yes; 0=no),SG.IND.WORK.EQ,1
Puerto Rico,PRI,1978,A woman can work in an industrial job in the same way as a man (1=yes; 0=no),SG.IND.WORK.EQ,1
Puerto Rico,PRI,1977,A woman can work in an industrial job in the same way as a man (1=yes; 0=no),SG.IND.WORK.EQ,1
Puerto Rico,PRI,1976,A woman can work in an industrial job in the same way as a man (1=yes; 0=no),SG.IND.WORK.EQ,1
Puerto Rico,PRI,1975,A woman can work in an industrial job in the same way as a man (1=yes; 0=no),SG.IND.WORK.EQ,1
Puerto Rico,PRI,1974,A woman can work in an industrial job in the same way as a man (1=yes; 0=no),SG.IND.WORK.EQ,1
Puerto Rico,PRI,1973,A woman can work in an industrial job in the same way as a man (1=yes; 0=no),SG.IND.WORK.EQ,1
Puerto Rico,PRI,1972,A woman can work in an industrial job in the same way as a man (1=yes; 0=no),SG.IND.WORK.EQ,1
Puerto Rico,PRI,1971,A woman can work in an industrial job in the same way as a man (1=yes; 0=no),SG.IND.WORK.EQ,1
Puerto Rico,PRI,1970,A woman can work in an industrial job in the same way as a man (1=yes; 0=no),SG.IND.WORK.EQ,1
Puerto Rico,PRI,2023,The law grants spouses equal administrative authority over assets during marriage (1=yes; 0=no),SG.LAW.ASST.AR,1
Puerto Rico,PRI,2022,The law grants spouses equal administrative authority over assets during marriage (1=yes; 0=no),SG.LAW.ASST.AR,1
Puerto Rico,PRI,2021,The law grants spouses equal administrative authority over assets during marriage (1=yes; 0=no),SG.LAW.ASST.AR,1
Puerto Rico,PRI,2020,The law grants spouses equal administrative authority over assets during marriage (1=yes; 0=no),SG.LAW.ASST.AR,1
Puerto Rico,PRI,2019,The law grants spouses equal administrative authority over assets during marriage (1=yes; 0=no),SG.LAW.ASST.AR,1
Puerto Rico,PRI,2018,The law grants spouses equal administrative authority over assets during marriage (1=yes; 0=no),SG.LAW.ASST.AR,1
Puerto Rico,PRI,2017,The law grants spouses equal administrative authority over assets during marriage (1=yes; 0=no),SG.LAW.ASST.AR,1
Puerto Rico,PRI,2016,The law grants spouses equal administrative authority over assets during marriage (1=yes; 0=no),SG.LAW.ASST.AR,1
Puerto Rico,PRI,2015,The law grants spouses equal administrative authority over assets during marriage (1=yes; 0=no),SG.LAW.ASST.AR,1
Puerto Rico,PRI,2014,The law grants spouses equal administrative authority over assets during marriage (1=yes; 0=no),SG.LAW.ASST.AR,1
Puerto Rico,PRI,2013,The law grants spouses equal administrative authority over assets during marriage (1=yes; 0=no),SG.LAW.ASST.AR,1
Puerto Rico,PRI,2012,The law grants spouses equal administrative authority over assets during marriage (1=yes; 0=no),SG.LAW.ASST.AR,1
Puerto Rico,PRI,2011,The law grants spouses equal administrative authority over assets during marriage (1=yes; 0=no),SG.LAW.ASST.AR,1
Puerto Rico,PRI,2010,The law grants spouses equal administrative authority over assets during marriage (1=yes; 0=no),SG.LAW.ASST.AR,1
Puerto Rico,PRI,2009,The law grants spouses equal administrative authority over assets during marriage (1=yes; 0=no),SG.LAW.ASST.AR,1
Puerto Rico,PRI,2008,The law grants spouses equal administrative authority over assets during marriage (1=yes; 0=no),SG.LAW.ASST.AR,1
Puerto Rico,PRI,2007,The law grants spouses equal administrative authority over assets during marriage (1=yes; 0=no),SG.LAW.ASST.AR,1
Puerto Rico,PRI,2006,The law grants spouses equal administrative authority over assets during marriage (1=yes; 0=no),SG.LAW.ASST.AR,1
Puerto Rico,PRI,2005,The law grants spouses equal administrative authority over assets during marriage (1=yes; 0=no),SG.LAW.ASST.AR,1
Puerto Rico,PRI,2004,The law grants spouses equal administrative authority over assets during marriage (1=yes; 0=no),SG.LAW.ASST.AR,1
Puerto Rico,PRI,2003,The law grants spouses equal administrative authority over assets during marriage (1=yes; 0=no),SG.LAW.ASST.AR,1
Puerto Rico,PRI,2002,The law grants spouses equal administrative authority over assets during marriage (1=yes; 0=no),SG.LAW.ASST.AR,1
Puerto Rico,PRI,2001,The law grants spouses equal administrative authority over assets during marriage (1=yes; 0=no),SG.LAW.ASST.AR,1
Puerto Rico,PRI,2000,The law grants spouses equal administrative authority over assets during marriage (1=yes; 0=no),SG.LAW.ASST.AR,1
Puerto Rico,PRI,1999,The law grants spouses equal administrative authority over assets during marriage (1=yes; 0=no),SG.LAW.ASST.AR,1
Puerto Rico,PRI,1998,The law grants spouses equal administrative authority over assets during marriage (1=yes; 0=no),SG.LAW.ASST.AR,1
Puerto Rico,PRI,1997,The law grants spouses equal administrative authority over assets during marriage (1=yes; 0=no),SG.LAW.ASST.AR,1
Puerto Rico,PRI,1996,The law grants spouses equal administrative authority over assets during marriage (1=yes; 0=no),SG.LAW.ASST.AR,1
Puerto Rico,PRI,1995,The law grants spouses equal administrative authority over assets during marriage (1=yes; 0=no),SG.LAW.ASST.AR,1
Puerto Rico,PRI,1994,The law grants spouses equal administrative authority over assets during marriage (1=yes; 0=no),SG.LAW.ASST.AR,1
Puerto Rico,PRI,1993,The law grants spouses equal administrative authority over assets during marriage (1=yes; 0=no),SG.LAW.ASST.AR,1
Puerto Rico,PRI,1992,The law grants spouses equal administrative authority over assets during marriage (1=yes; 0=no),SG.LAW.ASST.AR,1
Puerto Rico,PRI,1991,The law grants spouses equal administrative authority over assets during marriage (1=yes; 0=no),SG.LAW.ASST.AR,1
Puerto Rico,PRI,1990,The law grants spouses equal administrative authority over assets during marriage (1=yes; 0=no),SG.LAW.ASST.AR,1
Puerto Rico,PRI,1989,The law grants spouses equal administrative authority over assets during marriage (1=yes; 0=no),SG.LAW.ASST.AR,1
Puerto Rico,PRI,1988,The law grants spouses equal administrative authority over assets during marriage (1=yes; 0=no),SG.LAW.ASST.AR,1
Puerto Rico,PRI,1987,The law grants spouses equal administrative authority over assets during marriage (1=yes; 0=no),SG.LAW.ASST.AR,1
Puerto Rico,PRI,1986,The law grants spouses equal administrative authority over assets during marriage (1=yes; 0=no),SG.LAW.ASST.AR,1
Puerto Rico,PRI,1985,The law grants spouses equal administrative authority over assets during marriage (1=yes; 0=no),SG.LAW.ASST.AR,1
Puerto Rico,PRI,1984,The law grants spouses equal administrative authority over assets during marriage (1=yes; 0=no),SG.LAW.ASST.AR,1
Puerto Rico,PRI,1983,The law grants spouses equal administrative authority over assets during marriage (1=yes; 0=no),SG.LAW.ASST.AR,1
Puerto Rico,PRI,1982,The law grants spouses equal administrative authority over assets during marriage (1=yes; 0=no),SG.LAW.ASST.AR,1
Puerto Rico,PRI,1981,The law grants spouses equal administrative authority over assets during marriage (1=yes; 0=no),SG.LAW.ASST.AR,1
Puerto Rico,PRI,1980,The law grants spouses equal administrative authority over assets during marriage (1=yes; 0=no),SG.LAW.ASST.AR,1
Puerto Rico,PRI,1979,The law grants spouses equal administrative authority over assets during marriage (1=yes; 0=no),SG.LAW.ASST.AR,1
Puerto Rico,PRI,1978,The law grants spouses equal administrative authority over assets during marriage (1=yes; 0=no),SG.LAW.ASST.AR,1
Puerto Rico,PRI,1977,The law grants spouses equal administrative authority over assets during marriage (1=yes; 0=no),SG.LAW.ASST.AR,1
Puerto Rico,PRI,1976,The law grants spouses equal administrative authority over assets during marriage (1=yes; 0=no),SG.LAW.ASST.AR,0
Puerto Rico,PRI,1975,The law grants spouses equal administrative authority over assets during marriage (1=yes; 0=no),SG.LAW.ASST.AR,0
Puerto Rico,PRI,1974,The law grants spouses equal administrative authority over assets during marriage (1=yes; 0=no),SG.LAW.ASST.AR,0
Puerto Rico,PRI,1973,The law grants spouses equal administrative authority over assets during marriage (1=yes; 0=no),SG.LAW.ASST.AR,0
Puerto Rico,PRI,1972,The law grants spouses equal administrative authority over assets during marriage (1=yes; 0=no),SG.LAW.ASST.AR,0
Puerto Rico,PRI,1971,The law grants spouses equal administrative authority over assets during marriage (1=yes; 0=no),SG.LAW.ASST.AR,0
Puerto Rico,PRI,1970,The law grants spouses equal administrative authority over assets during marriage (1=yes; 0=no),SG.LAW.ASST.AR,0
Puerto Rico,PRI,2023,The law prohibits discrimination in access to credit based on gender (1=yes; 0=no),SG.LAW.CRDD.GR,1
Puerto Rico,PRI,2022,The law prohibits discrimination in access to credit based on gender (1=yes; 0=no),SG.LAW.CRDD.GR,1
Puerto Rico,PRI,2021,The law prohibits discrimination in access to credit based on gender (1=yes; 0=no),SG.LAW.CRDD.GR,1
Puerto Rico,PRI,2020,The law prohibits discrimination in access to credit based on gender (1=yes; 0=no),SG.LAW.CRDD.GR,1
Puerto Rico,PRI,2019,The law prohibits discrimination in access to credit based on gender (1=yes; 0=no),SG.LAW.CRDD.GR,1
Puerto Rico,PRI,2018,The law prohibits discrimination in access to credit based on gender (1=yes; 0=no),SG.LAW.CRDD.GR,1
Puerto Rico,PRI,2017,The law prohibits discrimination in access to credit based on gender (1=yes; 0=no),SG.LAW.CRDD.GR,1
Puerto Rico,PRI,2016,The law prohibits discrimination in access to credit based on gender (1=yes; 0=no),SG.LAW.CRDD.GR,1
Puerto Rico,PRI,2015,The law prohibits discrimination in access to credit based on gender (1=yes; 0=no),SG.LAW.CRDD.GR,1
Puerto Rico,PRI,2014,The law prohibits discrimination in access to credit based on gender (1=yes; 0=no),SG.LAW.CRDD.GR,1
Puerto Rico,PRI,2013,The law prohibits discrimination in access to credit based on gender (1=yes; 0=no),SG.LAW.CRDD.GR,1
Puerto Rico,PRI,2012,The law prohibits discrimination in access to credit based on gender (1=yes; 0=no),SG.LAW.CRDD.GR,1
Puerto Rico,PRI,2011,The law prohibits discrimination in access to credit based on gender (1=yes; 0=no),SG.LAW.CRDD.GR,1
Puerto Rico,PRI,2010,The law prohibits discrimination in access to credit based on gender (1=yes; 0=no),SG.LAW.CRDD.GR,1
Puerto Rico,PRI,2009,The law prohibits discrimination in access to credit based on gender (1=yes; 0=no),SG.LAW.CRDD.GR,1
Puerto Rico,PRI,2008,The law prohibits discrimination in access to credit based on gender (1=yes; 0=no),SG.LAW.CRDD.GR,1
Puerto Rico,PRI,2007,The law prohibits discrimination in access to credit based on gender (1=yes; 0=no),SG.LAW.CRDD.GR,1
Puerto Rico,PRI,2006,The law prohibits discrimination in access to credit based on gender (1=yes; 0=no),SG.LAW.CRDD.GR,1
Puerto Rico,PRI,2005,The law prohibits discrimination in access to credit based on gender (1=yes; 0=no),SG.LAW.CRDD.GR,1
Puerto Rico,PRI,2004,The law prohibits discrimination in access to credit based on gender (1=yes; 0=no),SG.LAW.CRDD.GR,1
Puerto Rico,PRI,2003,The law prohibits discrimination in access to credit based on gender (1=yes; 0=no),SG.LAW.CRDD.GR,1
Puerto Rico,PRI,2002,The law prohibits discrimination in access to credit based on gender (1=yes; 0=no),SG.LAW.CRDD.GR,1
Puerto Rico,PRI,2001,The law prohibits discrimination in access to credit based on gender (1=yes; 0=no),SG.LAW.CRDD.GR,1
Puerto Rico,PRI,2000,The law prohibits discrimination in access to credit based on gender (1=yes; 0=no),SG.LAW.CRDD.GR,1
Puerto Rico,PRI,1999,The law prohibits discrimination in access to credit based on gender (1=yes; 0=no),SG.LAW.CRDD.GR,1
Puerto Rico,PRI,1998,The law prohibits discrimination in access to credit based on gender (1=yes; 0=no),SG.LAW.CRDD.GR,1
Puerto Rico,PRI,1997,The law prohibits discrimination in access to credit based on gender (1=yes; 0=no),SG.LAW.CRDD.GR,1
Puerto Rico,PRI,1996,The law prohibits discrimination in access to credit based on gender (1=yes; 0=no),SG.LAW.CRDD.GR,1
Puerto Rico,PRI,1995,The law prohibits discrimination in access to credit based on gender (1=yes; 0=no),SG.LAW.CRDD.GR,1
Puerto Rico,PRI,1994,The law prohibits discrimination in access to credit based on gender (1=yes; 0=no),SG.LAW.CRDD.GR,1
Puerto Rico,PRI,1993,The law prohibits discrimination in access to credit based on gender (1=yes; 0=no),SG.LAW.CRDD.GR,1
Puerto Rico,PRI,1992,The law prohibits discrimination in access to credit based on gender (1=yes; 0=no),SG.LAW.CRDD.GR,1
Puerto Rico,PRI,1991,The law prohibits discrimination in access to credit based on gender (1=yes; 0=no),SG.LAW.CRDD.GR,1
Puerto Rico,PRI,1990,The law prohibits discrimination in access to credit based on gender (1=yes; 0=no),SG.LAW.CRDD.GR,1
Puerto Rico,PRI,1989,The law prohibits discrimination in access to credit based on gender (1=yes; 0=no),SG.LAW.CRDD.GR,1
Puerto Rico,PRI,1988,The law prohibits discrimination in access to credit based on gender (1=yes; 0=no),SG.LAW.CRDD.GR,1
Puerto Rico,PRI,1987,The law prohibits discrimination in access to credit based on gender (1=yes; 0=no),SG.LAW.CRDD.GR,1
Puerto Rico,PRI,1986,The law prohibits discrimination in access to credit based on gender (1=yes; 0=no),SG.LAW.CRDD.GR,1
Puerto Rico,PRI,1985,The law prohibits discrimination in access to credit based on gender (1=yes; 0=no),SG.LAW.CRDD.GR,1
Puerto Rico,PRI,1984,The law prohibits discrimination in access to credit based on gender (1=yes; 0=no),SG.LAW.CRDD.GR,1
Puerto Rico,PRI,1983,The law prohibits discrimination in access to credit based on gender (1=yes; 0=no),SG.LAW.CRDD.GR,1
Puerto Rico,PRI,1982,The law prohibits discrimination in access to credit based on gender (1=yes; 0=no),SG.LAW.CRDD.GR,1
Puerto Rico,PRI,1981,The law prohibits discrimination in access to credit based on gender (1=yes; 0=no),SG.LAW.CRDD.GR,1
Puerto Rico,PRI,1980,The law prohibits discrimination in access to credit based on gender (1=yes; 0=no),SG.LAW.CRDD.GR,1
Puerto Rico,PRI,1979,The law prohibits discrimination in access to credit based on gender (1=yes; 0=no),SG.LAW.CRDD.GR,1
Puerto Rico,PRI,1978,The law prohibits discrimination in access to credit based on gender (1=yes; 0=no),SG.LAW.CRDD.GR,1
Puerto Rico,PRI,1977,The law prohibits discrimination in access to credit based on gender (1=yes; 0=no),SG.LAW.CRDD.GR,1
Puerto Rico,PRI,1976,The law prohibits discrimination in access to credit based on gender (1=yes; 0=no),SG.LAW.CRDD.GR,1
Puerto Rico,PRI,1975,The law prohibits discrimination in access to credit based on gender (1=yes; 0=no),SG.LAW.CRDD.GR,1
Puerto Rico,PRI,1974,The law prohibits discrimination in access to credit based on gender (1=yes; 0=no),SG.LAW.CRDD.GR,0
Puerto Rico,PRI,1973,The law prohibits discrimination in access to credit based on gender (1=yes; 0=no),SG.LAW.CRDD.GR,0
Puerto Rico,PRI,1972,The law prohibits discrimination in access to credit based on gender (1=yes; 0=no),SG.LAW.CRDD.GR,0
Puerto Rico,PRI,1971,The law prohibits discrimination in access to credit based on gender (1=yes; 0=no),SG.LAW.CRDD.GR,0
Puerto Rico,PRI,1970,The law prohibits discrimination in access to credit based on gender (1=yes; 0=no),SG.LAW.CRDD.GR,0
Puerto Rico,PRI,2023,Law mandates equal remuneration for females and males for work of equal value (1=yes; 0=no),SG.LAW.EQRM.WK,0
Puerto Rico,PRI,2022,Law mandates equal remuneration for females and males for work of equal value (1=yes; 0=no),SG.LAW.EQRM.WK,0
Puerto Rico,PRI,2021,Law mandates equal remuneration for females and males for work of equal value (1=yes; 0=no),SG.LAW.EQRM.WK,0
Puerto Rico,PRI,2020,Law mandates equal remuneration for females and males for work of equal value (1=yes; 0=no),SG.LAW.EQRM.WK,0
Puerto Rico,PRI,2019,Law mandates equal remuneration for females and males for work of equal value (1=yes; 0=no),SG.LAW.EQRM.WK,0
Puerto Rico,PRI,2018,Law mandates equal remuneration for females and males for work of equal value (1=yes; 0=no),SG.LAW.EQRM.WK,0
Puerto Rico,PRI,2017,Law mandates equal remuneration for females and males for work of equal value (1=yes; 0=no),SG.LAW.EQRM.WK,0
Puerto Rico,PRI,2016,Law mandates equal remuneration for females and males for work of equal value (1=yes; 0=no),SG.LAW.EQRM.WK,0
Puerto Rico,PRI,2015,Law mandates equal remuneration for females and males for work of equal value (1=yes; 0=no),SG.LAW.EQRM.WK,0
Puerto Rico,PRI,2014,Law mandates equal remuneration for females and males for work of equal value (1=yes; 0=no),SG.LAW.EQRM.WK,0
Puerto Rico,PRI,2013,Law mandates equal remuneration for females and males for work of equal value (1=yes; 0=no),SG.LAW.EQRM.WK,0
Puerto Rico,PRI,2012,Law mandates equal remuneration for females and males for work of equal value (1=yes; 0=no),SG.LAW.EQRM.WK,0
Puerto Rico,PRI,2011,Law mandates equal remuneration for females and males for work of equal value (1=yes; 0=no),SG.LAW.EQRM.WK,0
Puerto Rico,PRI,2010,Law mandates equal remuneration for females and males for work of equal value (1=yes; 0=no),SG.LAW.EQRM.WK,0
Puerto Rico,PRI,2009,Law mandates equal remuneration for females and males for work of equal value (1=yes; 0=no),SG.LAW.EQRM.WK,0
Puerto Rico,PRI,2008,Law mandates equal remuneration for females and males for work of equal value (1=yes; 0=no),SG.LAW.EQRM.WK,0
Puerto Rico,PRI,2007,Law mandates equal remuneration for females and males for work of equal value (1=yes; 0=no),SG.LAW.EQRM.WK,0
Puerto Rico,PRI,2006,Law mandates equal remuneration for females and males for work of equal value (1=yes; 0=no),SG.LAW.EQRM.WK,0
Puerto Rico,PRI,2005,Law mandates equal remuneration for females and males for work of equal value (1=yes; 0=no),SG.LAW.EQRM.WK,0
Puerto Rico,PRI,2004,Law mandates equal remuneration for females and males for work of equal value (1=yes; 0=no),SG.LAW.EQRM.WK,0
Puerto Rico,PRI,2003,Law mandates equal remuneration for females and males for work of equal value (1=yes; 0=no),SG.LAW.EQRM.WK,0
Puerto Rico,PRI,2002,Law mandates equal remuneration for females and males for work of equal value (1=yes; 0=no),SG.LAW.EQRM.WK,0
Puerto Rico,PRI,2001,Law mandates equal remuneration for females and males for work of equal value (1=yes; 0=no),SG.LAW.EQRM.WK,0
Puerto Rico,PRI,2000,Law mandates equal remuneration for females and males for work of equal value (1=yes; 0=no),SG.LAW.EQRM.WK,0
Puerto Rico,PRI,1999,Law mandates equal remuneration for females and males for work of equal value (1=yes; 0=no),SG.LAW.EQRM.WK,0
Puerto Rico,PRI,1998,Law mandates equal remuneration for females and males for work of equal value (1=yes; 0=no),SG.LAW.EQRM.WK,0
Puerto Rico,PRI,1997,Law mandates equal remuneration for females and males for work of equal value (1=yes; 0=no),SG.LAW.EQRM.WK,0
Puerto Rico,PRI,1996,Law mandates equal remuneration for females and males for work of equal value (1=yes; 0=no),SG.LAW.EQRM.WK,0
Puerto Rico,PRI,1995,Law mandates equal remuneration for females and males for work of equal value (1=yes; 0=no),SG.LAW.EQRM.WK,0
Puerto Rico,PRI,1994,Law mandates equal remuneration for females and males for work of equal value (1=yes; 0=no),SG.LAW.EQRM.WK,0
Puerto Rico,PRI,1993,Law mandates equal remuneration for females and males for work of equal value (1=yes; 0=no),SG.LAW.EQRM.WK,0
Puerto Rico,PRI,1992,Law mandates equal remuneration for females and males for work of equal value (1=yes; 0=no),SG.LAW.EQRM.WK,0
Puerto Rico,PRI,1991,Law mandates equal remuneration for females and males for work of equal value (1=yes; 0=no),SG.LAW.EQRM.WK,0
Puerto Rico,PRI,1990,Law mandates equal remuneration for females and males for work of equal value (1=yes; 0=no),SG.LAW.EQRM.WK,0
Puerto Rico,PRI,1989,Law mandates equal remuneration for females and males for work of equal value (1=yes; 0=no),SG.LAW.EQRM.WK,0
Puerto Rico,PRI,1988,Law mandates equal remuneration for females and males for work of equal value (1=yes; 0=no),SG.LAW.EQRM.WK,0
Puerto Rico,PRI,1987,Law mandates equal remuneration for females and males for work of equal value (1=yes; 0=no),SG.LAW.EQRM.WK,0
Puerto Rico,PRI,1986,Law mandates equal remuneration for females and males for work of equal value (1=yes; 0=no),SG.LAW.EQRM.WK,0
Puerto Rico,PRI,1985,Law mandates equal remuneration for females and males for work of equal value (1=yes; 0=no),SG.LAW.EQRM.WK,0
Puerto Rico,PRI,1984,Law mandates equal remuneration for females and males for work of equal value (1=yes; 0=no),SG.LAW.EQRM.WK,0
Puerto Rico,PRI,1983,Law mandates equal remuneration for females and males for work of equal value (1=yes; 0=no),SG.LAW.EQRM.WK,0
Puerto Rico,PRI,1982,Law mandates equal remuneration for females and males for work of equal value (1=yes; 0=no),SG.LAW.EQRM.WK,0
Puerto Rico,PRI,1981,Law mandates equal remuneration for females and males for work of equal value (1=yes; 0=no),SG.LAW.EQRM.WK,0
Puerto Rico,PRI,1980,Law mandates equal remuneration for females and males for work of equal value (1=yes; 0=no),SG.LAW.EQRM.WK,0
Puerto Rico,PRI,1979,Law mandates equal remuneration for females and males for work of equal value (1=yes; 0=no),SG.LAW.EQRM.WK,0
Puerto Rico,PRI,1978,Law mandates equal remuneration for females and males for work of equal value (1=yes; 0=no),SG.LAW.EQRM.WK,0
Puerto Rico,PRI,1977,Law mandates equal remuneration for females and males for work of equal value (1=yes; 0=no),SG.LAW.EQRM.WK,0
Puerto Rico,PRI,1976,Law mandates equal remuneration for females and males for work of equal value (1=yes; 0=no),SG.LAW.EQRM.WK,0
Puerto Rico,PRI,1975,Law mandates equal remuneration for females and males for work of equal value (1=yes; 0=no),SG.LAW.EQRM.WK,0
Puerto Rico,PRI,1974,Law mandates equal remuneration for females and males for work of equal value (1=yes; 0=no),SG.LAW.EQRM.WK,0
Puerto Rico,PRI,1973,Law mandates equal remuneration for females and males for work of equal value (1=yes; 0=no),SG.LAW.EQRM.WK,0
Puerto Rico,PRI,1972,Law mandates equal remuneration for females and males for work of equal value (1=yes; 0=no),SG.LAW.EQRM.WK,0
Puerto Rico,PRI,1971,Law mandates equal remuneration for females and males for work of equal value (1=yes; 0=no),SG.LAW.EQRM.WK,0
Puerto Rico,PRI,1970,Law mandates equal remuneration for females and males for work of equal value (1=yes; 0=no),SG.LAW.EQRM.WK,0
Puerto Rico,PRI,2023,The law provides for the valuation of nonmonetary contributions (1=yes; 0=no),SG.LAW.NMCN,1
Puerto Rico,PRI,2022,The law provides for the valuation of nonmonetary contributions (1=yes; 0=no),SG.LAW.NMCN,1
Puerto Rico,PRI,2021,The law provides for the valuation of nonmonetary contributions (1=yes; 0=no),SG.LAW.NMCN,1
Puerto Rico,PRI,2020,The law provides for the valuation of nonmonetary contributions (1=yes; 0=no),SG.LAW.NMCN,1
Puerto Rico,PRI,2019,The law provides for the valuation of nonmonetary contributions (1=yes; 0=no),SG.LAW.NMCN,1
Puerto Rico,PRI,2018,The law provides for the valuation of nonmonetary contributions (1=yes; 0=no),SG.LAW.NMCN,1
Puerto Rico,PRI,2017,The law provides for the valuation of nonmonetary contributions (1=yes; 0=no),SG.LAW.NMCN,1
Puerto Rico,PRI,2016,The law provides for the valuation of nonmonetary contributions (1=yes; 0=no),SG.LAW.NMCN,1
Puerto Rico,PRI,2015,The law provides for the valuation of nonmonetary contributions (1=yes; 0=no),SG.LAW.NMCN,1
Puerto Rico,PRI,2014,The law provides for the valuation of nonmonetary contributions (1=yes; 0=no),SG.LAW.NMCN,1
Puerto Rico,PRI,2013,The law provides for the valuation of nonmonetary contributions (1=yes; 0=no),SG.LAW.NMCN,1
Puerto Rico,PRI,2012,The law provides for the valuation of nonmonetary contributions (1=yes; 0=no),SG.LAW.NMCN,1
Puerto Rico,PRI,2011,The law provides for the valuation of nonmonetary contributions (1=yes; 0=no),SG.LAW.NMCN,1
Puerto Rico,PRI,2010,The law provides for the valuation of nonmonetary contributions (1=yes; 0=no),SG.LAW.NMCN,1
Puerto Rico,PRI,2009,The law provides for the valuation of nonmonetary contributions (1=yes; 0=no),SG.LAW.NMCN,1
Puerto Rico,PRI,2008,The law provides for the valuation of nonmonetary contributions (1=yes; 0=no),SG.LAW.NMCN,1
Puerto Rico,PRI,2007,The law provides for the valuation of nonmonetary contributions (1=yes; 0=no),SG.LAW.NMCN,1
Puerto Rico,PRI,2006,The law provides for the valuation of nonmonetary contributions (1=yes; 0=no),SG.LAW.NMCN,1
Puerto Rico,PRI,2005,The law provides for the valuation of nonmonetary contributions (1=yes; 0=no),SG.LAW.NMCN,1
Puerto Rico,PRI,2004,The law provides for the valuation of nonmonetary contributions (1=yes; 0=no),SG.LAW.NMCN,1
Puerto Rico,PRI,2003,The law provides for the valuation of nonmonetary contributions (1=yes; 0=no),SG.LAW.NMCN,1
Puerto Rico,PRI,2002,The law provides for the valuation of nonmonetary contributions (1=yes; 0=no),SG.LAW.NMCN,1
Puerto Rico,PRI,2001,The law provides for the valuation of nonmonetary contributions (1=yes; 0=no),SG.LAW.NMCN,1
Puerto Rico,PRI,2000,The law provides for the valuation of nonmonetary contributions (1=yes; 0=no),SG.LAW.NMCN,1
Puerto Rico,PRI,1999,The law provides for the valuation of nonmonetary contributions (1=yes; 0=no),SG.LAW.NMCN,1
Puerto Rico,PRI,1998,The law provides for the valuation of nonmonetary contributions (1=yes; 0=no),SG.LAW.NMCN,1
Puerto Rico,PRI,1997,The law provides for the valuation of nonmonetary contributions (1=yes; 0=no),SG.LAW.NMCN,1
Puerto Rico,PRI,1996,The law provides for the valuation of nonmonetary contributions (1=yes; 0=no),SG.LAW.NMCN,1
Puerto Rico,PRI,1995,The law provides for the valuation of nonmonetary contributions (1=yes; 0=no),SG.LAW.NMCN,1
Puerto Rico,PRI,1994,The law provides for the valuation of nonmonetary contributions (1=yes; 0=no),SG.LAW.NMCN,1
Puerto Rico,PRI,1993,The law provides for the valuation of nonmonetary contributions (1=yes; 0=no),SG.LAW.NMCN,1
Puerto Rico,PRI,1992,The law provides for the valuation of nonmonetary contributions (1=yes; 0=no),SG.LAW.NMCN,1
Puerto Rico,PRI,1991,The law provides for the valuation of nonmonetary contributions (1=yes; 0=no),SG.LAW.NMCN,1
Puerto Rico,PRI,1990,The law provides for the valuation of nonmonetary contributions (1=yes; 0=no),SG.LAW.NMCN,1
Puerto Rico,PRI,1989,The law provides for the valuation of nonmonetary contributions (1=yes; 0=no),SG.LAW.NMCN,1
Puerto Rico,PRI,1988,The law provides for the valuation of nonmonetary contributions (1=yes; 0=no),SG.LAW.NMCN,1
Puerto Rico,PRI,1987,The law provides for the valuation of nonmonetary contributions (1=yes; 0=no),SG.LAW.NMCN,1
Puerto Rico,PRI,1986,The law provides for the valuation of nonmonetary contributions (1=yes; 0=no),SG.LAW.NMCN,1
Puerto Rico,PRI,1985,The law provides for the valuation of nonmonetary contributions (1=yes; 0=no),SG.LAW.NMCN,1
Puerto Rico,PRI,1984,The law provides for the valuation of nonmonetary contributions (1=yes; 0=no),SG.LAW.NMCN,1
Puerto Rico,PRI,1983,The law provides for the valuation of nonmonetary contributions (1=yes; 0=no),SG.LAW.NMCN,1
Puerto Rico,PRI,1982,The law provides for the valuation of nonmonetary contributions (1=yes; 0=no),SG.LAW.NMCN,1
Puerto Rico,PRI,1981,The law provides for the valuation of nonmonetary contributions (1=yes; 0=no),SG.LAW.NMCN,1
Puerto Rico,PRI,1980,The law provides for the valuation of nonmonetary contributions (1=yes; 0=no),SG.LAW.NMCN,1
Puerto Rico,PRI,1979,The law provides for the valuation of nonmonetary contributions (1=yes; 0=no),SG.LAW.NMCN,1
Puerto Rico,PRI,1978,The law provides for the valuation of nonmonetary contributions (1=yes; 0=no),SG.LAW.NMCN,1
Puerto Rico,PRI,1977,The law provides for the valuation of nonmonetary contributions (1=yes; 0=no),SG.LAW.NMCN,1
Puerto Rico,PRI,1976,The law provides for the valuation of nonmonetary contributions (1=yes; 0=no),SG.LAW.NMCN,1
Puerto Rico,PRI,1975,The law provides for the valuation of nonmonetary contributions (1=yes; 0=no),SG.LAW.NMCN,1
Puerto Rico,PRI,1974,The law provides for the valuation of nonmonetary contributions (1=yes; 0=no),SG.LAW.NMCN,1
Puerto Rico,PRI,1973,The law provides for the valuation of nonmonetary contributions (1=yes; 0=no),SG.LAW.NMCN,1
Puerto Rico,PRI,1972,The law provides for the valuation of nonmonetary contributions (1=yes; 0=no),SG.LAW.NMCN,1
Puerto Rico,PRI,1971,The law provides for the valuation of nonmonetary contributions (1=yes; 0=no),SG.LAW.NMCN,1
Puerto Rico,PRI,1970,The law provides for the valuation of nonmonetary contributions (1=yes; 0=no),SG.LAW.NMCN,1
Puerto Rico,PRI,2023,The law prohibits discrimination in employment based on gender (1=yes; 0=no),SG.LAW.NODC.HR,1
Puerto Rico,PRI,2022,The law prohibits discrimination in employment based on gender (1=yes; 0=no),SG.LAW.NODC.HR,1
Puerto Rico,PRI,2021,The law prohibits discrimination in employment based on gender (1=yes; 0=no),SG.LAW.NODC.HR,1
Puerto Rico,PRI,2020,The law prohibits discrimination in employment based on gender (1=yes; 0=no),SG.LAW.NODC.HR,1
Puerto Rico,PRI,2019,The law prohibits discrimination in employment based on gender (1=yes; 0=no),SG.LAW.NODC.HR,1
Puerto Rico,PRI,2018,The law prohibits discrimination in employment based on gender (1=yes; 0=no),SG.LAW.NODC.HR,1
Puerto Rico,PRI,2017,The law prohibits discrimination in employment based on gender (1=yes; 0=no),SG.LAW.NODC.HR,1
Puerto Rico,PRI,2016,The law prohibits discrimination in employment based on gender (1=yes; 0=no),SG.LAW.NODC.HR,1
Puerto Rico,PRI,2015,The law prohibits discrimination in employment based on gender (1=yes; 0=no),SG.LAW.NODC.HR,1
Puerto Rico,PRI,2014,The law prohibits discrimination in employment based on gender (1=yes; 0=no),SG.LAW.NODC.HR,1
Puerto Rico,PRI,2013,The law prohibits discrimination in employment based on gender (1=yes; 0=no),SG.LAW.NODC.HR,1
Puerto Rico,PRI,2012,The law prohibits discrimination in employment based on gender (1=yes; 0=no),SG.LAW.NODC.HR,1
Puerto Rico,PRI,2011,The law prohibits discrimination in employment based on gender (1=yes; 0=no),SG.LAW.NODC.HR,1
Puerto Rico,PRI,2010,The law prohibits discrimination in employment based on gender (1=yes; 0=no),SG.LAW.NODC.HR,1
Puerto Rico,PRI,2009,The law prohibits discrimination in employment based on gender (1=yes; 0=no),SG.LAW.NODC.HR,1
Puerto Rico,PRI,2008,The law prohibits discrimination in employment based on gender (1=yes; 0=no),SG.LAW.NODC.HR,1
Puerto Rico,PRI,2007,The law prohibits discrimination in employment based on gender (1=yes; 0=no),SG.LAW.NODC.HR,1
Puerto Rico,PRI,2006,The law prohibits discrimination in employment based on gender (1=yes; 0=no),SG.LAW.NODC.HR,1
Puerto Rico,PRI,2005,The law prohibits discrimination in employment based on gender (1=yes; 0=no),SG.LAW.NODC.HR,1
Puerto Rico,PRI,2004,The law prohibits discrimination in employment based on gender (1=yes; 0=no),SG.LAW.NODC.HR,1
Puerto Rico,PRI,2003,The law prohibits discrimination in employment based on gender (1=yes; 0=no),SG.LAW.NODC.HR,1
Puerto Rico,PRI,2002,The law prohibits discrimination in employment based on gender (1=yes; 0=no),SG.LAW.NODC.HR,1
Puerto Rico,PRI,2001,The law prohibits discrimination in employment based on gender (1=yes; 0=no),SG.LAW.NODC.HR,1
Puerto Rico,PRI,2000,The law prohibits discrimination in employment based on gender (1=yes; 0=no),SG.LAW.NODC.HR,1
Puerto Rico,PRI,1999,The law prohibits discrimination in employment based on gender (1=yes; 0=no),SG.LAW.NODC.HR,1
Puerto Rico,PRI,1998,The law prohibits discrimination in employment based on gender (1=yes; 0=no),SG.LAW.NODC.HR,1
Puerto Rico,PRI,1997,The law prohibits discrimination in employment based on gender (1=yes; 0=no),SG.LAW.NODC.HR,1
Puerto Rico,PRI,1996,The law prohibits discrimination in employment based on gender (1=yes; 0=no),SG.LAW.NODC.HR,1
Puerto Rico,PRI,1995,The law prohibits discrimination in employment based on gender (1=yes; 0=no),SG.LAW.NODC.HR,1
Puerto Rico,PRI,1994,The law prohibits discrimination in employment based on gender (1=yes; 0=no),SG.LAW.NODC.HR,1
Puerto Rico,PRI,1993,The law prohibits discrimination in employment based on gender (1=yes; 0=no),SG.LAW.NODC.HR,1
Puerto Rico,PRI,1992,The law prohibits discrimination in employment based on gender (1=yes; 0=no),SG.LAW.NODC.HR,1
Puerto Rico,PRI,1991,The law prohibits discrimination in employment based on gender (1=yes; 0=no),SG.LAW.NODC.HR,1
Puerto Rico,PRI,1990,The law prohibits discrimination in employment based on gender (1=yes; 0=no),SG.LAW.NODC.HR,1
Puerto Rico,PRI,1989,The law prohibits discrimination in employment based on gender (1=yes; 0=no),SG.LAW.NODC.HR,1
Puerto Rico,PRI,1988,The law prohibits discrimination in employment based on gender (1=yes; 0=no),SG.LAW.NODC.HR,1
Puerto Rico,PRI,1987,The law prohibits discrimination in employment based on gender (1=yes; 0=no),SG.LAW.NODC.HR,1
Puerto Rico,PRI,1986,The law prohibits discrimination in employment based on gender (1=yes; 0=no),SG.LAW.NODC.HR,1
Puerto Rico,PRI,1985,The law prohibits discrimination in employment based on gender (1=yes; 0=no),SG.LAW.NODC.HR,1
Puerto Rico,PRI,1984,The law prohibits discrimination in employment based on gender (1=yes; 0=no),SG.LAW.NODC.HR,1
Puerto Rico,PRI,1983,The law prohibits discrimination in employment based on gender (1=yes; 0=no),SG.LAW.NODC.HR,1
Puerto Rico,PRI,1982,The law prohibits discrimination in employment based on gender (1=yes; 0=no),SG.LAW.NODC.HR,1
Puerto Rico,PRI,1981,The law prohibits discrimination in employment based on gender (1=yes; 0=no),SG.LAW.NODC.HR,1
Puerto Rico,PRI,1980,The law prohibits discrimination in employment based on gender (1=yes; 0=no),SG.LAW.NODC.HR,1
Puerto Rico,PRI,1979,The law prohibits discrimination in employment based on gender (1=yes; 0=no),SG.LAW.NODC.HR,1
Puerto Rico,PRI,1978,The law prohibits discrimination in employment based on gender (1=yes; 0=no),SG.LAW.NODC.HR,1
Puerto Rico,PRI,1977,The law prohibits discrimination in employment based on gender (1=yes; 0=no),SG.LAW.NODC.HR,1
Puerto Rico,PRI,1976,The law prohibits discrimination in employment based on gender (1=yes; 0=no),SG.LAW.NODC.HR,1
Puerto Rico,PRI,1975,The law prohibits discrimination in employment based on gender (1=yes; 0=no),SG.LAW.NODC.HR,1
Puerto Rico,PRI,1974,The law prohibits discrimination in employment based on gender (1=yes; 0=no),SG.LAW.NODC.HR,1
Puerto Rico,PRI,1973,The law prohibits discrimination in employment based on gender (1=yes; 0=no),SG.LAW.NODC.HR,1
Puerto Rico,PRI,1972,The law prohibits discrimination in employment based on gender (1=yes; 0=no),SG.LAW.NODC.HR,1
Puerto Rico,PRI,1971,The law prohibits discrimination in employment based on gender (1=yes; 0=no),SG.LAW.NODC.HR,1
Puerto Rico,PRI,1970,The law prohibits discrimination in employment based on gender (1=yes; 0=no),SG.LAW.NODC.HR,1
Puerto Rico,PRI,2023,The law is free of legal provisions that require a married woman to obey her husband (1=yes; 0=no),SG.LAW.OBHB.MR.NO,1
Puerto Rico,PRI,2022,The law is free of legal provisions that require a married woman to obey her husband (1=yes; 0=no),SG.LAW.OBHB.MR.NO,1
Puerto Rico,PRI,2021,The law is free of legal provisions that require a married woman to obey her husband (1=yes; 0=no),SG.LAW.OBHB.MR.NO,1
Puerto Rico,PRI,2020,The law is free of legal provisions that require a married woman to obey her husband (1=yes; 0=no),SG.LAW.OBHB.MR.NO,1
Puerto Rico,PRI,2019,The law is free of legal provisions that require a married woman to obey her husband (1=yes; 0=no),SG.LAW.OBHB.MR.NO,1
Puerto Rico,PRI,2018,The law is free of legal provisions that require a married woman to obey her husband (1=yes; 0=no),SG.LAW.OBHB.MR.NO,1
Puerto Rico,PRI,2017,The law is free of legal provisions that require a married woman to obey her husband (1=yes; 0=no),SG.LAW.OBHB.MR.NO,1
Puerto Rico,PRI,2016,The law is free of legal provisions that require a married woman to obey her husband (1=yes; 0=no),SG.LAW.OBHB.MR.NO,1
Puerto Rico,PRI,2015,The law is free of legal provisions that require a married woman to obey her husband (1=yes; 0=no),SG.LAW.OBHB.MR.NO,1
Puerto Rico,PRI,2014,The law is free of legal provisions that require a married woman to obey her husband (1=yes; 0=no),SG.LAW.OBHB.MR.NO,1
Puerto Rico,PRI,2013,The law is free of legal provisions that require a married woman to obey her husband (1=yes; 0=no),SG.LAW.OBHB.MR.NO,1
Puerto Rico,PRI,2012,The law is free of legal provisions that require a married woman to obey her husband (1=yes; 0=no),SG.LAW.OBHB.MR.NO,1
Puerto Rico,PRI,2011,The law is free of legal provisions that require a married woman to obey her husband (1=yes; 0=no),SG.LAW.OBHB.MR.NO,1
Puerto Rico,PRI,2010,The law is free of legal provisions that require a married woman to obey her husband (1=yes; 0=no),SG.LAW.OBHB.MR.NO,1
Puerto Rico,PRI,2009,The law is free of legal provisions that require a married woman to obey her husband (1=yes; 0=no),SG.LAW.OBHB.MR.NO,1
Puerto Rico,PRI,2008,The law is free of legal provisions that require a married woman to obey her husband (1=yes; 0=no),SG.LAW.OBHB.MR.NO,1
Puerto Rico,PRI,2007,The law is free of legal provisions that require a married woman to obey her husband (1=yes; 0=no),SG.LAW.OBHB.MR.NO,1
Puerto Rico,PRI,2006,The law is free of legal provisions that require a married woman to obey her husband (1=yes; 0=no),SG.LAW.OBHB.MR.NO,1
Puerto Rico,PRI,2005,The law is free of legal provisions that require a married woman to obey her husband (1=yes; 0=no),SG.LAW.OBHB.MR.NO,1
Puerto Rico,PRI,2004,The law is free of legal provisions that require a married woman to obey her husband (1=yes; 0=no),SG.LAW.OBHB.MR.NO,1
Puerto Rico,PRI,2003,The law is free of legal provisions that require a married woman to obey her husband (1=yes; 0=no),SG.LAW.OBHB.MR.NO,1
Puerto Rico,PRI,2002,The law is free of legal provisions that require a married woman to obey her husband (1=yes; 0=no),SG.LAW.OBHB.MR.NO,1
Puerto Rico,PRI,2001,The law is free of legal provisions that require a married woman to obey her husband (1=yes; 0=no),SG.LAW.OBHB.MR.NO,1
Puerto Rico,PRI,2000,The law is free of legal provisions that require a married woman to obey her husband (1=yes; 0=no),SG.LAW.OBHB.MR.NO,1
Puerto Rico,PRI,1999,The law is free of legal provisions that require a married woman to obey her husband (1=yes; 0=no),SG.LAW.OBHB.MR.NO,1
Puerto Rico,PRI,1998,The law is free of legal provisions that require a married woman to obey her husband (1=yes; 0=no),SG.LAW.OBHB.MR.NO,1
Puerto Rico,PRI,1997,The law is free of legal provisions that require a married woman to obey her husband (1=yes; 0=no),SG.LAW.OBHB.MR.NO,1
Puerto Rico,PRI,1996,The law is free of legal provisions that require a married woman to obey her husband (1=yes; 0=no),SG.LAW.OBHB.MR.NO,1
Puerto Rico,PRI,1995,The law is free of legal provisions that require a married woman to obey her husband (1=yes; 0=no),SG.LAW.OBHB.MR.NO,1
Puerto Rico,PRI,1994,The law is free of legal provisions that require a married woman to obey her husband (1=yes; 0=no),SG.LAW.OBHB.MR.NO,1
Puerto Rico,PRI,1993,The law is free of legal provisions that require a married woman to obey her husband (1=yes; 0=no),SG.LAW.OBHB.MR.NO,1
Puerto Rico,PRI,1992,The law is free of legal provisions that require a married woman to obey her husband (1=yes; 0=no),SG.LAW.OBHB.MR.NO,1
Puerto Rico,PRI,1991,The law is free of legal provisions that require a married woman to obey her husband (1=yes; 0=no),SG.LAW.OBHB.MR.NO,1
Puerto Rico,PRI,1990,The law is free of legal provisions that require a married woman to obey her husband (1=yes; 0=no),SG.LAW.OBHB.MR.NO,1
Puerto Rico,PRI,1989,The law is free of legal provisions that require a married woman to obey her husband (1=yes; 0=no),SG.LAW.OBHB.MR.NO,1
Puerto Rico,PRI,1988,The law is free of legal provisions that require a married woman to obey her husband (1=yes; 0=no),SG.LAW.OBHB.MR.NO,1
Puerto Rico,PRI,1987,The law is free of legal provisions that require a married woman to obey her husband (1=yes; 0=no),SG.LAW.OBHB.MR.NO,1
Puerto Rico,PRI,1986,The law is free of legal provisions that require a married woman to obey her husband (1=yes; 0=no),SG.LAW.OBHB.MR.NO,1
Puerto Rico,PRI,1985,The law is free of legal provisions that require a married woman to obey her husband (1=yes; 0=no),SG.LAW.OBHB.MR.NO,1
Puerto Rico,PRI,1984,The law is free of legal provisions that require a married woman to obey her husband (1=yes; 0=no),SG.LAW.OBHB.MR.NO,1
Puerto Rico,PRI,1983,The law is free of legal provisions that require a married woman to obey her husband (1=yes; 0=no),SG.LAW.OBHB.MR.NO,1
Puerto Rico,PRI,1982,The law is free of legal provisions that require a married woman to obey her husband (1=yes; 0=no),SG.LAW.OBHB.MR.NO,1
Puerto Rico,PRI,1981,The law is free of legal provisions that require a married woman to obey her husband (1=yes; 0=no),SG.LAW.OBHB.MR.NO,1
Puerto Rico,PRI,1980,The law is free of legal provisions that require a married woman to obey her husband (1=yes; 0=no),SG.LAW.OBHB.MR.NO,1
Puerto Rico,PRI,1979,The law is free of legal provisions that require a married woman to obey her husband (1=yes; 0=no),SG.LAW.OBHB.MR.NO,1
Puerto Rico,PRI,1978,The law is free of legal provisions that require a married woman to obey her husband (1=yes; 0=no),SG.LAW.OBHB.MR.NO,1
Puerto Rico,PRI,1977,The law is free of legal provisions that require a married woman to obey her husband (1=yes; 0=no),SG.LAW.OBHB.MR.NO,1
Puerto Rico,PRI,1976,The law is free of legal provisions that require a married woman to obey her husband (1=yes; 0=no),SG.LAW.OBHB.MR.NO,0
Puerto Rico,PRI,1975,The law is free of legal provisions that require a married woman to obey her husband (1=yes; 0=no),SG.LAW.OBHB.MR.NO,0
Puerto Rico,PRI,1974,The law is free of legal provisions that require a married woman to obey her husband (1=yes; 0=no),SG.LAW.OBHB.MR.NO,0
Puerto Rico,PRI,1973,The law is free of legal provisions that require a married woman to obey her husband (1=yes; 0=no),SG.LAW.OBHB.MR.NO,0
Puerto Rico,PRI,1972,The law is free of legal provisions that require a married woman to obey her husband (1=yes; 0=no),SG.LAW.OBHB.MR.NO,0
Puerto Rico,PRI,1971,The law is free of legal provisions that require a married woman to obey her husband (1=yes; 0=no),SG.LAW.OBHB.MR.NO,0
Puerto Rico,PRI,1970,The law is free of legal provisions that require a married woman to obey her husband (1=yes; 0=no),SG.LAW.OBHB.MR.NO,0
Puerto Rico,PRI,2023,There is legislation specifically addressing domestic violence (1=yes; 0=no),SG.LEG.DVAW,1
Puerto Rico,PRI,2022,There is legislation specifically addressing domestic violence (1=yes; 0=no),SG.LEG.DVAW,1
Puerto Rico,PRI,2021,There is legislation specifically addressing domestic violence (1=yes; 0=no),SG.LEG.DVAW,1
Puerto Rico,PRI,2020,There is legislation specifically addressing domestic violence (1=yes; 0=no),SG.LEG.DVAW,1
Puerto Rico,PRI,2019,There is legislation specifically addressing domestic violence (1=yes; 0=no),SG.LEG.DVAW,1
Puerto Rico,PRI,2018,There is legislation specifically addressing domestic violence (1=yes; 0=no),SG.LEG.DVAW,1
Puerto Rico,PRI,2017,There is legislation specifically addressing domestic violence (1=yes; 0=no),SG.LEG.DVAW,1
Puerto Rico,PRI,2016,There is legislation specifically addressing domestic violence (1=yes; 0=no),SG.LEG.DVAW,1
Puerto Rico,PRI,2015,There is legislation specifically addressing domestic violence (1=yes; 0=no),SG.LEG.DVAW,1
Puerto Rico,PRI,2014,There is legislation specifically addressing domestic violence (1=yes; 0=no),SG.LEG.DVAW,1
Puerto Rico,PRI,2013,There is legislation specifically addressing domestic violence (1=yes; 0=no),SG.LEG.DVAW,1
Puerto Rico,PRI,2012,There is legislation specifically addressing domestic violence (1=yes; 0=no),SG.LEG.DVAW,1
Puerto Rico,PRI,2011,There is legislation specifically addressing domestic violence (1=yes; 0=no),SG.LEG.DVAW,1
Puerto Rico,PRI,2010,There is legislation specifically addressing domestic violence (1=yes; 0=no),SG.LEG.DVAW,1
Puerto Rico,PRI,2009,There is legislation specifically addressing domestic violence (1=yes; 0=no),SG.LEG.DVAW,1
Puerto Rico,PRI,2008,There is legislation specifically addressing domestic violence (1=yes; 0=no),SG.LEG.DVAW,1
Puerto Rico,PRI,2007,There is legislation specifically addressing domestic violence (1=yes; 0=no),SG.LEG.DVAW,1
Puerto Rico,PRI,2006,There is legislation specifically addressing domestic violence (1=yes; 0=no),SG.LEG.DVAW,1
Puerto Rico,PRI,2005,There is legislation specifically addressing domestic violence (1=yes; 0=no),SG.LEG.DVAW,1
Puerto Rico,PRI,2004,There is legislation specifically addressing domestic violence (1=yes; 0=no),SG.LEG.DVAW,1
Puerto Rico,PRI,2003,There is legislation specifically addressing domestic violence (1=yes; 0=no),SG.LEG.DVAW,1
Puerto Rico,PRI,2002,There is legislation specifically addressing domestic violence (1=yes; 0=no),SG.LEG.DVAW,1
Puerto Rico,PRI,2001,There is legislation specifically addressing domestic violence (1=yes; 0=no),SG.LEG.DVAW,1
Puerto Rico,PRI,2000,There is legislation specifically addressing domestic violence (1=yes; 0=no),SG.LEG.DVAW,1
Puerto Rico,PRI,1999,There is legislation specifically addressing domestic violence (1=yes; 0=no),SG.LEG.DVAW,1
Puerto Rico,PRI,1998,There is legislation specifically addressing domestic violence (1=yes; 0=no),SG.LEG.DVAW,1
Puerto Rico,PRI,1997,There is legislation specifically addressing domestic violence (1=yes; 0=no),SG.LEG.DVAW,1
Puerto Rico,PRI,1996,There is legislation specifically addressing domestic violence (1=yes; 0=no),SG.LEG.DVAW,1
Puerto Rico,PRI,1995,There is legislation specifically addressing domestic violence (1=yes; 0=no),SG.LEG.DVAW,1
Puerto Rico,PRI,1994,There is legislation specifically addressing domestic violence (1=yes; 0=no),SG.LEG.DVAW,1
Puerto Rico,PRI,1993,There is legislation specifically addressing domestic violence (1=yes; 0=no),SG.LEG.DVAW,1
Puerto Rico,PRI,1992,There is legislation specifically addressing domestic violence (1=yes; 0=no),SG.LEG.DVAW,1
Puerto Rico,PRI,1991,There is legislation specifically addressing domestic violence (1=yes; 0=no),SG.LEG.DVAW,1
Puerto Rico,PRI,1990,There is legislation specifically addressing domestic violence (1=yes; 0=no),SG.LEG.DVAW,1
Puerto Rico,PRI,1989,There is legislation specifically addressing domestic violence (1=yes; 0=no),SG.LEG.DVAW,0
Puerto Rico,PRI,1988,There is legislation specifically addressing domestic violence (1=yes; 0=no),SG.LEG.DVAW,0
Puerto Rico,PRI,1987,There is legislation specifically addressing domestic violence (1=yes; 0=no),SG.LEG.DVAW,0
Puerto Rico,PRI,1986,There is legislation specifically addressing domestic violence (1=yes; 0=no),SG.LEG.DVAW,0
Puerto Rico,PRI,1985,There is legislation specifically addressing domestic violence (1=yes; 0=no),SG.LEG.DVAW,0
Puerto Rico,PRI,1984,There is legislation specifically addressing domestic violence (1=yes; 0=no),SG.LEG.DVAW,0
Puerto Rico,PRI,1983,There is legislation specifically addressing domestic violence (1=yes; 0=no),SG.LEG.DVAW,0
Puerto Rico,PRI,1982,There is legislation specifically addressing domestic violence (1=yes; 0=no),SG.LEG.DVAW,0
Puerto Rico,PRI,1981,There is legislation specifically addressing domestic violence (1=yes; 0=no),SG.LEG.DVAW,0
Puerto Rico,PRI,1980,There is legislation specifically addressing domestic violence (1=yes; 0=no),SG.LEG.DVAW,0
Puerto Rico,PRI,1979,There is legislation specifically addressing domestic violence (1=yes; 0=no),SG.LEG.DVAW,0
Puerto Rico,PRI,1978,There is legislation specifically addressing domestic violence (1=yes; 0=no),SG.LEG.DVAW,0
Puerto Rico,PRI,1977,There is legislation specifically addressing domestic violence (1=yes; 0=no),SG.LEG.DVAW,0
Puerto Rico,PRI,1976,There is legislation specifically addressing domestic violence (1=yes; 0=no),SG.LEG.DVAW,0
Puerto Rico,PRI,1975,There is legislation specifically addressing domestic violence (1=yes; 0=no),SG.LEG.DVAW,0
Puerto Rico,PRI,1974,There is legislation specifically addressing domestic violence (1=yes; 0=no),SG.LEG.DVAW,0
Puerto Rico,PRI,1973,There is legislation specifically addressing domestic violence (1=yes; 0=no),SG.LEG.DVAW,0
Puerto Rico,PRI,1972,There is legislation specifically addressing domestic violence (1=yes; 0=no),SG.LEG.DVAW,0
Puerto Rico,PRI,1971,There is legislation specifically addressing domestic violence (1=yes; 0=no),SG.LEG.DVAW,0
Puerto Rico,PRI,1970,There is legislation specifically addressing domestic violence (1=yes; 0=no),SG.LEG.DVAW,0
Puerto Rico,PRI,2023,There is legislation on sexual harassment in employment (1=yes; 0=no),SG.LEG.SXHR.EM,1
Puerto Rico,PRI,2022,There is legislation on sexual harassment in employment (1=yes; 0=no),SG.LEG.SXHR.EM,1
Puerto Rico,PRI,2021,There is legislation on sexual harassment in employment (1=yes; 0=no),SG.LEG.SXHR.EM,1
Puerto Rico,PRI,2020,There is legislation on sexual harassment in employment (1=yes; 0=no),SG.LEG.SXHR.EM,1
Puerto Rico,PRI,2019,There is legislation on sexual harassment in employment (1=yes; 0=no),SG.LEG.SXHR.EM,1
Puerto Rico,PRI,2018,There is legislation on sexual harassment in employment (1=yes; 0=no),SG.LEG.SXHR.EM,1
Puerto Rico,PRI,2017,There is legislation on sexual harassment in employment (1=yes; 0=no),SG.LEG.SXHR.EM,1
Puerto Rico,PRI,2016,There is legislation on sexual harassment in employment (1=yes; 0=no),SG.LEG.SXHR.EM,1
Puerto Rico,PRI,2015,There is legislation on sexual harassment in employment (1=yes; 0=no),SG.LEG.SXHR.EM,1
Puerto Rico,PRI,2014,There is legislation on sexual harassment in employment (1=yes; 0=no),SG.LEG.SXHR.EM,1
Puerto Rico,PRI,2013,There is legislation on sexual harassment in employment (1=yes; 0=no),SG.LEG.SXHR.EM,1
Puerto Rico,PRI,2012,There is legislation on sexual harassment in employment (1=yes; 0=no),SG.LEG.SXHR.EM,1
Puerto Rico,PRI,2011,There is legislation on sexual harassment in employment (1=yes; 0=no),SG.LEG.SXHR.EM,1
Puerto Rico,PRI,2010,There is legislation on sexual harassment in employment (1=yes; 0=no),SG.LEG.SXHR.EM,1
Puerto Rico,PRI,2009,There is legislation on sexual harassment in employment (1=yes; 0=no),SG.LEG.SXHR.EM,1
Puerto Rico,PRI,2008,There is legislation on sexual harassment in employment (1=yes; 0=no),SG.LEG.SXHR.EM,1
Puerto Rico,PRI,2007,There is legislation on sexual harassment in employment (1=yes; 0=no),SG.LEG.SXHR.EM,1
Puerto Rico,PRI,2006,There is legislation on sexual harassment in employment (1=yes; 0=no),SG.LEG.SXHR.EM,1
Puerto Rico,PRI,2005,There is legislation on sexual harassment in employment (1=yes; 0=no),SG.LEG.SXHR.EM,1
Puerto Rico,PRI,2004,There is legislation on sexual harassment in employment (1=yes; 0=no),SG.LEG.SXHR.EM,1
Puerto Rico,PRI,2003,There is legislation on sexual harassment in employment (1=yes; 0=no),SG.LEG.SXHR.EM,1
Puerto Rico,PRI,2002,There is legislation on sexual harassment in employment (1=yes; 0=no),SG.LEG.SXHR.EM,1
Puerto Rico,PRI,2001,There is legislation on sexual harassment in employment (1=yes; 0=no),SG.LEG.SXHR.EM,1
Puerto Rico,PRI,2000,There is legislation on sexual harassment in employment (1=yes; 0=no),SG.LEG.SXHR.EM,1
Puerto Rico,PRI,1999,There is legislation on sexual harassment in employment (1=yes; 0=no),SG.LEG.SXHR.EM,1
Puerto Rico,PRI,1998,There is legislation on sexual harassment in employment (1=yes; 0=no),SG.LEG.SXHR.EM,1
Puerto Rico,PRI,1997,There is legislation on sexual harassment in employment (1=yes; 0=no),SG.LEG.SXHR.EM,1
Puerto Rico,PRI,1996,There is legislation on sexual harassment in employment (1=yes; 0=no),SG.LEG.SXHR.EM,1
Puerto Rico,PRI,1995,There is legislation on sexual harassment in employment (1=yes; 0=no),SG.LEG.SXHR.EM,1
Puerto Rico,PRI,1994,There is legislation on sexual harassment in employment (1=yes; 0=no),SG.LEG.SXHR.EM,1
Puerto Rico,PRI,1993,There is legislation on sexual harassment in employment (1=yes; 0=no),SG.LEG.SXHR.EM,1
Puerto Rico,PRI,1992,There is legislation on sexual harassment in employment (1=yes; 0=no),SG.LEG.SXHR.EM,1
Puerto Rico,PRI,1991,There is legislation on sexual harassment in employment (1=yes; 0=no),SG.LEG.SXHR.EM,1
Puerto Rico,PRI,1990,There is legislation on sexual harassment in employment (1=yes; 0=no),SG.LEG.SXHR.EM,1
Puerto Rico,PRI,1989,There is legislation on sexual harassment in employment (1=yes; 0=no),SG.LEG.SXHR.EM,1
Puerto Rico,PRI,1988,There is legislation on sexual harassment in employment (1=yes; 0=no),SG.LEG.SXHR.EM,1
Puerto Rico,PRI,1987,There is legislation on sexual harassment in employment (1=yes; 0=no),SG.LEG.SXHR.EM,0
Puerto Rico,PRI,1986,There is legislation on sexual harassment in employment (1=yes; 0=no),SG.LEG.SXHR.EM,0
Puerto Rico,PRI,1985,There is legislation on sexual harassment in employment (1=yes; 0=no),SG.LEG.SXHR.EM,0
Puerto Rico,PRI,1984,There is legislation on sexual harassment in employment (1=yes; 0=no),SG.LEG.SXHR.EM,0
Puerto Rico,PRI,1983,There is legislation on sexual harassment in employment (1=yes; 0=no),SG.LEG.SXHR.EM,0
Puerto Rico,PRI,1982,There is legislation on sexual harassment in employment (1=yes; 0=no),SG.LEG.SXHR.EM,0
Puerto Rico,PRI,1981,There is legislation on sexual harassment in employment (1=yes; 0=no),SG.LEG.SXHR.EM,0
Puerto Rico,PRI,1980,There is legislation on sexual harassment in employment (1=yes; 0=no),SG.LEG.SXHR.EM,0
Puerto Rico,PRI,1979,There is legislation on sexual harassment in employment (1=yes; 0=no),SG.LEG.SXHR.EM,0
Puerto Rico,PRI,1978,There is legislation on sexual harassment in employment (1=yes; 0=no),SG.LEG.SXHR.EM,0
Puerto Rico,PRI,1977,There is legislation on sexual harassment in employment (1=yes; 0=no),SG.LEG.SXHR.EM,0
Puerto Rico,PRI,1976,There is legislation on sexual harassment in employment (1=yes; 0=no),SG.LEG.SXHR.EM,0
Puerto Rico,PRI,1975,There is legislation on sexual harassment in employment (1=yes; 0=no),SG.LEG.SXHR.EM,0
Puerto Rico,PRI,1974,There is legislation on sexual harassment in employment (1=yes; 0=no),SG.LEG.SXHR.EM,0
Puerto Rico,PRI,1973,There is legislation on sexual harassment in employment (1=yes; 0=no),SG.LEG.SXHR.EM,0
Puerto Rico,PRI,1972,There is legislation on sexual harassment in employment (1=yes; 0=no),SG.LEG.SXHR.EM,0
Puerto Rico,PRI,1971,There is legislation on sexual harassment in employment (1=yes; 0=no),SG.LEG.SXHR.EM,0
Puerto Rico,PRI,1970,There is legislation on sexual harassment in employment (1=yes; 0=no),SG.LEG.SXHR.EM,0
Puerto Rico,PRI,2023,A woman can choose where to live in the same way as a man (1=yes; 0=no),SG.LOC.LIVE.EQ,1
Puerto Rico,PRI,2022,A woman can choose where to live in the same way as a man (1=yes; 0=no),SG.LOC.LIVE.EQ,1
Puerto Rico,PRI,2021,A woman can choose where to live in the same way as a man (1=yes; 0=no),SG.LOC.LIVE.EQ,1
Puerto Rico,PRI,2020,A woman can choose where to live in the same way as a man (1=yes; 0=no),SG.LOC.LIVE.EQ,1
Puerto Rico,PRI,2019,A woman can choose where to live in the same way as a man (1=yes; 0=no),SG.LOC.LIVE.EQ,1
Puerto Rico,PRI,2018,A woman can choose where to live in the same way as a man (1=yes; 0=no),SG.LOC.LIVE.EQ,1
Puerto Rico,PRI,2017,A woman can choose where to live in the same way as a man (1=yes; 0=no),SG.LOC.LIVE.EQ,1
Puerto Rico,PRI,2016,A woman can choose where to live in the same way as a man (1=yes; 0=no),SG.LOC.LIVE.EQ,1
Puerto Rico,PRI,2015,A woman can choose where to live in the same way as a man (1=yes; 0=no),SG.LOC.LIVE.EQ,1
Puerto Rico,PRI,2014,A woman can choose where to live in the same way as a man (1=yes; 0=no),SG.LOC.LIVE.EQ,1
Puerto Rico,PRI,2013,A woman can choose where to live in the same way as a man (1=yes; 0=no),SG.LOC.LIVE.EQ,1
Puerto Rico,PRI,2012,A woman can choose where to live in the same way as a man (1=yes; 0=no),SG.LOC.LIVE.EQ,1
Puerto Rico,PRI,2011,A woman can choose where to live in the same way as a man (1=yes; 0=no),SG.LOC.LIVE.EQ,1
Puerto Rico,PRI,2010,A woman can choose where to live in the same way as a man (1=yes; 0=no),SG.LOC.LIVE.EQ,1
Puerto Rico,PRI,2009,A woman can choose where to live in the same way as a man (1=yes; 0=no),SG.LOC.LIVE.EQ,1
Puerto Rico,PRI,2008,A woman can choose where to live in the same way as a man (1=yes; 0=no),SG.LOC.LIVE.EQ,1
Puerto Rico,PRI,2007,A woman can choose where to live in the same way as a man (1=yes; 0=no),SG.LOC.LIVE.EQ,1
Puerto Rico,PRI,2006,A woman can choose where to live in the same way as a man (1=yes; 0=no),SG.LOC.LIVE.EQ,1
Puerto Rico,PRI,2005,A woman can choose where to live in the same way as a man (1=yes; 0=no),SG.LOC.LIVE.EQ,1
Puerto Rico,PRI,2004,A woman can choose where to live in the same way as a man (1=yes; 0=no),SG.LOC.LIVE.EQ,1
Puerto Rico,PRI,2003,A woman can choose where to live in the same way as a man (1=yes; 0=no),SG.LOC.LIVE.EQ,1
Puerto Rico,PRI,2002,A woman can choose where to live in the same way as a man (1=yes; 0=no),SG.LOC.LIVE.EQ,1
Puerto Rico,PRI,2001,A woman can choose where to live in the same way as a man (1=yes; 0=no),SG.LOC.LIVE.EQ,1
Puerto Rico,PRI,2000,A woman can choose where to live in the same way as a man (1=yes; 0=no),SG.LOC.LIVE.EQ,1
Puerto Rico,PRI,1999,A woman can choose where to live in the same way as a man (1=yes; 0=no),SG.LOC.LIVE.EQ,1
Puerto Rico,PRI,1998,A woman can choose where to live in the same way as a man (1=yes; 0=no),SG.LOC.LIVE.EQ,1
Puerto Rico,PRI,1997,A woman can choose where to live in the same way as a man (1=yes; 0=no),SG.LOC.LIVE.EQ,1
Puerto Rico,PRI,1996,A woman can choose where to live in the same way as a man (1=yes; 0=no),SG.LOC.LIVE.EQ,1
Puerto Rico,PRI,1995,A woman can choose where to live in the same way as a man (1=yes; 0=no),SG.LOC.LIVE.EQ,1
Puerto Rico,PRI,1994,A woman can choose where to live in the same way as a man (1=yes; 0=no),SG.LOC.LIVE.EQ,1
Puerto Rico,PRI,1993,A woman can choose where to live in the same way as a man (1=yes; 0=no),SG.LOC.LIVE.EQ,1
Puerto Rico,PRI,1992,A woman can choose where to live in the same way as a man (1=yes; 0=no),SG.LOC.LIVE.EQ,1
Puerto Rico,PRI,1991,A woman can choose where to live in the same way as a man (1=yes; 0=no),SG.LOC.LIVE.EQ,1
Puerto Rico,PRI,1990,A woman can choose where to live in the same way as a man (1=yes; 0=no),SG.LOC.LIVE.EQ,1
Puerto Rico,PRI,1989,A woman can choose where to live in the same way as a man (1=yes; 0=no),SG.LOC.LIVE.EQ,1
Puerto Rico,PRI,1988,A woman can choose where to live in the same way as a man (1=yes; 0=no),SG.LOC.LIVE.EQ,1
Puerto Rico,PRI,1987,A woman can choose where to live in the same way as a man (1=yes; 0=no),SG.LOC.LIVE.EQ,1
Puerto Rico,PRI,1986,A woman can choose where to live in the same way as a man (1=yes; 0=no),SG.LOC.LIVE.EQ,1
Puerto Rico,PRI,1985,A woman can choose where to live in the same way as a man (1=yes; 0=no),SG.LOC.LIVE.EQ,1
Puerto Rico,PRI,1984,A woman can choose where to live in the same way as a man (1=yes; 0=no),SG.LOC.LIVE.EQ,1
Puerto Rico,PRI,1983,A woman can choose where to live in the same way as a man (1=yes; 0=no),SG.LOC.LIVE.EQ,1
Puerto Rico,PRI,1982,A woman can choose where to live in the same way as a man (1=yes; 0=no),SG.LOC.LIVE.EQ,1
Puerto Rico,PRI,1981,A woman can choose where to live in the same way as a man (1=yes; 0=no),SG.LOC.LIVE.EQ,1
Puerto Rico,PRI,1980,A woman can choose where to live in the same way as a man (1=yes; 0=no),SG.LOC.LIVE.EQ,1
Puerto Rico,PRI,1979,A woman can choose where to live in the same way as a man (1=yes; 0=no),SG.LOC.LIVE.EQ,1
Puerto Rico,PRI,1978,A woman can choose where to live in the same way as a man (1=yes; 0=no),SG.LOC.LIVE.EQ,1
Puerto Rico,PRI,1977,A woman can choose where to live in the same way as a man (1=yes; 0=no),SG.LOC.LIVE.EQ,1
Puerto Rico,PRI,1976,A woman can choose where to live in the same way as a man (1=yes; 0=no),SG.LOC.LIVE.EQ,0
Puerto Rico,PRI,1975,A woman can choose where to live in the same way as a man (1=yes; 0=no),SG.LOC.LIVE.EQ,0
Puerto Rico,PRI,1974,A woman can choose where to live in the same way as a man (1=yes; 0=no),SG.LOC.LIVE.EQ,0
Puerto Rico,PRI,1973,A woman can choose where to live in the same way as a man (1=yes; 0=no),SG.LOC.LIVE.EQ,0
Puerto Rico,PRI,1972,A woman can choose where to live in the same way as a man (1=yes; 0=no),SG.LOC.LIVE.EQ,0
Puerto Rico,PRI,1971,A woman can choose where to live in the same way as a man (1=yes; 0=no),SG.LOC.LIVE.EQ,0
Puerto Rico,PRI,1970,A woman can choose where to live in the same way as a man (1=yes; 0=no),SG.LOC.LIVE.EQ,0
Puerto Rico,PRI,2023,A woman can work at night in the same way as a man (1=yes; 0=no),SG.NGT.WORK.EQ,1
Puerto Rico,PRI,2022,A woman can work at night in the same way as a man (1=yes; 0=no),SG.NGT.WORK.EQ,1
Puerto Rico,PRI,2021,A woman can work at night in the same way as a man (1=yes; 0=no),SG.NGT.WORK.EQ,1
Puerto Rico,PRI,2020,A woman can work at night in the same way as a man (1=yes; 0=no),SG.NGT.WORK.EQ,1
Puerto Rico,PRI,2019,A woman can work at night in the same way as a man (1=yes; 0=no),SG.NGT.WORK.EQ,1
Puerto Rico,PRI,2018,A woman can work at night in the same way as a man (1=yes; 0=no),SG.NGT.WORK.EQ,1
Puerto Rico,PRI,2017,A woman can work at night in the same way as a man (1=yes; 0=no),SG.NGT.WORK.EQ,1
Puerto Rico,PRI,2016,A woman can work at night in the same way as a man (1=yes; 0=no),SG.NGT.WORK.EQ,1
Puerto Rico,PRI,2015,A woman can work at night in the same way as a man (1=yes; 0=no),SG.NGT.WORK.EQ,1
Puerto Rico,PRI,2014,A woman can work at night in the same way as a man (1=yes; 0=no),SG.NGT.WORK.EQ,1
Puerto Rico,PRI,2013,A woman can work at night in the same way as a man (1=yes; 0=no),SG.NGT.WORK.EQ,1
Puerto Rico,PRI,2012,A woman can work at night in the same way as a man (1=yes; 0=no),SG.NGT.WORK.EQ,1
Puerto Rico,PRI,2011,A woman can work at night in the same way as a man (1=yes; 0=no),SG.NGT.WORK.EQ,1
Puerto Rico,PRI,2010,A woman can work at night in the same way as a man (1=yes; 0=no),SG.NGT.WORK.EQ,1
Puerto Rico,PRI,2009,A woman can work at night in the same way as a man (1=yes; 0=no),SG.NGT.WORK.EQ,1
Puerto Rico,PRI,2008,A woman can work at night in the same way as a man (1=yes; 0=no),SG.NGT.WORK.EQ,1
Puerto Rico,PRI,2007,A woman can work at night in the same way as a man (1=yes; 0=no),SG.NGT.WORK.EQ,1
Puerto Rico,PRI,2006,A woman can work at night in the same way as a man (1=yes; 0=no),SG.NGT.WORK.EQ,1
Puerto Rico,PRI,2005,A woman can work at night in the same way as a man (1=yes; 0=no),SG.NGT.WORK.EQ,1
Puerto Rico,PRI,2004,A woman can work at night in the same way as a man (1=yes; 0=no),SG.NGT.WORK.EQ,1
Puerto Rico,PRI,2003,A woman can work at night in the same way as a man (1=yes; 0=no),SG.NGT.WORK.EQ,1
Puerto Rico,PRI,2002,A woman can work at night in the same way as a man (1=yes; 0=no),SG.NGT.WORK.EQ,1
Puerto Rico,PRI,2001,A woman can work at night in the same way as a man (1=yes; 0=no),SG.NGT.WORK.EQ,1
Puerto Rico,PRI,2000,A woman can work at night in the same way as a man (1=yes; 0=no),SG.NGT.WORK.EQ,1
Puerto Rico,PRI,1999,A woman can work at night in the same way as a man (1=yes; 0=no),SG.NGT.WORK.EQ,1
Puerto Rico,PRI,1998,A woman can work at night in the same way as a man (1=yes; 0=no),SG.NGT.WORK.EQ,1
Puerto Rico,PRI,1997,A woman can work at night in the same way as a man (1=yes; 0=no),SG.NGT.WORK.EQ,1
Puerto Rico,PRI,1996,A woman can work at night in the same way as a man (1=yes; 0=no),SG.NGT.WORK.EQ,1
Puerto Rico,PRI,1995,A woman can work at night in the same way as a man (1=yes; 0=no),SG.NGT.WORK.EQ,1
Puerto Rico,PRI,1994,A woman can work at night in the same way as a man (1=yes; 0=no),SG.NGT.WORK.EQ,1
Puerto Rico,PRI,1993,A woman can work at night in the same way as a man (1=yes; 0=no),SG.NGT.WORK.EQ,1
Puerto Rico,PRI,1992,A woman can work at night in the same way as a man (1=yes; 0=no),SG.NGT.WORK.EQ,1
Puerto Rico,PRI,1991,A woman can work at night in the same way as a man (1=yes; 0=no),SG.NGT.WORK.EQ,1
Puerto Rico,PRI,1990,A woman can work at night in the same way as a man (1=yes; 0=no),SG.NGT.WORK.EQ,1
Puerto Rico,PRI,1989,A woman can work at night in the same way as a man (1=yes; 0=no),SG.NGT.WORK.EQ,1
Puerto Rico,PRI,1988,A woman can work at night in the same way as a man (1=yes; 0=no),SG.NGT.WORK.EQ,1
Puerto Rico,PRI,1987,A woman can work at night in the same way as a man (1=yes; 0=no),SG.NGT.WORK.EQ,1
Puerto Rico,PRI,1986,A woman can work at night in the same way as a man (1=yes; 0=no),SG.NGT.WORK.EQ,1
Puerto Rico,PRI,1985,A woman can work at night in the same way as a man (1=yes; 0=no),SG.NGT.WORK.EQ,1
Puerto Rico,PRI,1984,A woman can work at night in the same way as a man (1=yes; 0=no),SG.NGT.WORK.EQ,1
Puerto Rico,PRI,1983,A woman can work at night in the same way as a man (1=yes; 0=no),SG.NGT.WORK.EQ,1
Puerto Rico,PRI,1982,A woman can work at night in the same way as a man (1=yes; 0=no),SG.NGT.WORK.EQ,1
Puerto Rico,PRI,1981,A woman can work at night in the same way as a man (1=yes; 0=no),SG.NGT.WORK.EQ,1
Puerto Rico,PRI,1980,A woman can work at night in the same way as a man (1=yes; 0=no),SG.NGT.WORK.EQ,1
Puerto Rico,PRI,1979,A woman can work at night in the same way as a man (1=yes; 0=no),SG.NGT.WORK.EQ,1
Puerto Rico,PRI,1978,A woman can work at night in the same way as a man (1=yes; 0=no),SG.NGT.WORK.EQ,1
Puerto Rico,PRI,1977,A woman can work at night in the same way as a man (1=yes; 0=no),SG.NGT.WORK.EQ,1
Puerto Rico,PRI,1976,A woman can work at night in the same way as a man (1=yes; 0=no),SG.NGT.WORK.EQ,1
Puerto Rico,PRI,1975,A woman can work at night in the same way as a man (1=yes; 0=no),SG.NGT.WORK.EQ,1
Puerto Rico,PRI,1974,A woman can work at night in the same way as a man (1=yes; 0=no),SG.NGT.WORK.EQ,1
Puerto Rico,PRI,1973,A woman can work at night in the same way as a man (1=yes; 0=no),SG.NGT.WORK.EQ,1
Puerto Rico,PRI,1972,A woman can work at night in the same way as a man (1=yes; 0=no),SG.NGT.WORK.EQ,1
Puerto Rico,PRI,1971,A woman can work at night in the same way as a man (1=yes; 0=no),SG.NGT.WORK.EQ,1
Puerto Rico,PRI,1970,A woman can work at night in the same way as a man (1=yes; 0=no),SG.NGT.WORK.EQ,1
Puerto Rico,PRI,2023,A woman can obtain a judgment of divorce in the same way as a man (1=yes; 0=no),SG.OBT.DVRC.EQ,1
Puerto Rico,PRI,2022,A woman can obtain a judgment of divorce in the same way as a man (1=yes; 0=no),SG.OBT.DVRC.EQ,1
Puerto Rico,PRI,2021,A woman can obtain a judgment of divorce in the same way as a man (1=yes; 0=no),SG.OBT.DVRC.EQ,1
Puerto Rico,PRI,2020,A woman can obtain a judgment of divorce in the same way as a man (1=yes; 0=no),SG.OBT.DVRC.EQ,1
Puerto Rico,PRI,2019,A woman can obtain a judgment of divorce in the same way as a man (1=yes; 0=no),SG.OBT.DVRC.EQ,1
Puerto Rico,PRI,2018,A woman can obtain a judgment of divorce in the same way as a man (1=yes; 0=no),SG.OBT.DVRC.EQ,1
Puerto Rico,PRI,2017,A woman can obtain a judgment of divorce in the same way as a man (1=yes; 0=no),SG.OBT.DVRC.EQ,1
Puerto Rico,PRI,2016,A woman can obtain a judgment of divorce in the same way as a man (1=yes; 0=no),SG.OBT.DVRC.EQ,1
Puerto Rico,PRI,2015,A woman can obtain a judgment of divorce in the same way as a man (1=yes; 0=no),SG.OBT.DVRC.EQ,1
Puerto Rico,PRI,2014,A woman can obtain a judgment of divorce in the same way as a man (1=yes; 0=no),SG.OBT.DVRC.EQ,1
Puerto Rico,PRI,2013,A woman can obtain a judgment of divorce in the same way as a man (1=yes; 0=no),SG.OBT.DVRC.EQ,1
Puerto Rico,PRI,2012,A woman can obtain a judgment of divorce in the same way as a man (1=yes; 0=no),SG.OBT.DVRC.EQ,1
Puerto Rico,PRI,2011,A woman can obtain a judgment of divorce in the same way as a man (1=yes; 0=no),SG.OBT.DVRC.EQ,1
Puerto Rico,PRI,2010,A woman can obtain a judgment of divorce in the same way as a man (1=yes; 0=no),SG.OBT.DVRC.EQ,1
Puerto Rico,PRI,2009,A woman can obtain a judgment of divorce in the same way as a man (1=yes; 0=no),SG.OBT.DVRC.EQ,1
Puerto Rico,PRI,2008,A woman can obtain a judgment of divorce in the same way as a man (1=yes; 0=no),SG.OBT.DVRC.EQ,1
Puerto Rico,PRI,2007,A woman can obtain a judgment of divorce in the same way as a man (1=yes; 0=no),SG.OBT.DVRC.EQ,1
Puerto Rico,PRI,2006,A woman can obtain a judgment of divorce in the same way as a man (1=yes; 0=no),SG.OBT.DVRC.EQ,1
Puerto Rico,PRI,2005,A woman can obtain a judgment of divorce in the same way as a man (1=yes; 0=no),SG.OBT.DVRC.EQ,1
Puerto Rico,PRI,2004,A woman can obtain a judgment of divorce in the same way as a man (1=yes; 0=no),SG.OBT.DVRC.EQ,1
Puerto Rico,PRI,2003,A woman can obtain a judgment of divorce in the same way as a man (1=yes; 0=no),SG.OBT.DVRC.EQ,1
Puerto Rico,PRI,2002,A woman can obtain a judgment of divorce in the same way as a man (1=yes; 0=no),SG.OBT.DVRC.EQ,1
Puerto Rico,PRI,2001,A woman can obtain a judgment of divorce in the same way as a man (1=yes; 0=no),SG.OBT.DVRC.EQ,1
Puerto Rico,PRI,2000,A woman can obtain a judgment of divorce in the same way as a man (1=yes; 0=no),SG.OBT.DVRC.EQ,1
Puerto Rico,PRI,1999,A woman can obtain a judgment of divorce in the same way as a man (1=yes; 0=no),SG.OBT.DVRC.EQ,1
Puerto Rico,PRI,1998,A woman can obtain a judgment of divorce in the same way as a man (1=yes; 0=no),SG.OBT.DVRC.EQ,1
Puerto Rico,PRI,1997,A woman can obtain a judgment of divorce in the same way as a man (1=yes; 0=no),SG.OBT.DVRC.EQ,1
Puerto Rico,PRI,1996,A woman can obtain a judgment of divorce in the same way as a man (1=yes; 0=no),SG.OBT.DVRC.EQ,1
Puerto Rico,PRI,1995,A woman can obtain a judgment of divorce in the same way as a man (1=yes; 0=no),SG.OBT.DVRC.EQ,1
Puerto Rico,PRI,1994,A woman can obtain a judgment of divorce in the same way as a man (1=yes; 0=no),SG.OBT.DVRC.EQ,1
Puerto Rico,PRI,1993,A woman can obtain a judgment of divorce in the same way as a man (1=yes; 0=no),SG.OBT.DVRC.EQ,1
Puerto Rico,PRI,1992,A woman can obtain a judgment of divorce in the same way as a man (1=yes; 0=no),SG.OBT.DVRC.EQ,1
Puerto Rico,PRI,1991,A woman can obtain a judgment of divorce in the same way as a man (1=yes; 0=no),SG.OBT.DVRC.EQ,1
Puerto Rico,PRI,1990,A woman can obtain a judgment of divorce in the same way as a man (1=yes; 0=no),SG.OBT.DVRC.EQ,1
Puerto Rico,PRI,1989,A woman can obtain a judgment of divorce in the same way as a man (1=yes; 0=no),SG.OBT.DVRC.EQ,1
Puerto Rico,PRI,1988,A woman can obtain a judgment of divorce in the same way as a man (1=yes; 0=no),SG.OBT.DVRC.EQ,1
Puerto Rico,PRI,1987,A woman can obtain a judgment of divorce in the same way as a man (1=yes; 0=no),SG.OBT.DVRC.EQ,1
Puerto Rico,PRI,1986,A woman can obtain a judgment of divorce in the same way as a man (1=yes; 0=no),SG.OBT.DVRC.EQ,1
Puerto Rico,PRI,1985,A woman can obtain a judgment of divorce in the same way as a man (1=yes; 0=no),SG.OBT.DVRC.EQ,1
Puerto Rico,PRI,1984,A woman can obtain a judgment of divorce in the same way as a man (1=yes; 0=no),SG.OBT.DVRC.EQ,1
Puerto Rico,PRI,1983,A woman can obtain a judgment of divorce in the same way as a man (1=yes; 0=no),SG.OBT.DVRC.EQ,1
Puerto Rico,PRI,1982,A woman can obtain a judgment of divorce in the same way as a man (1=yes; 0=no),SG.OBT.DVRC.EQ,1
Puerto Rico,PRI,1981,A woman can obtain a judgment of divorce in the same way as a man (1=yes; 0=no),SG.OBT.DVRC.EQ,1
Puerto Rico,PRI,1980,A woman can obtain a judgment of divorce in the same way as a man (1=yes; 0=no),SG.OBT.DVRC.EQ,1
Puerto Rico,PRI,1979,A woman can obtain a judgment of divorce in the same way as a man (1=yes; 0=no),SG.OBT.DVRC.EQ,1
Puerto Rico,PRI,1978,A woman can obtain a judgment of divorce in the same way as a man (1=yes; 0=no),SG.OBT.DVRC.EQ,1
Puerto Rico,PRI,1977,A woman can obtain a judgment of divorce in the same way as a man (1=yes; 0=no),SG.OBT.DVRC.EQ,1
Puerto Rico,PRI,1976,A woman can obtain a judgment of divorce in the same way as a man (1=yes; 0=no),SG.OBT.DVRC.EQ,1
Puerto Rico,PRI,1975,A woman can obtain a judgment of divorce in the same way as a man (1=yes; 0=no),SG.OBT.DVRC.EQ,1
Puerto Rico,PRI,1974,A woman can obtain a judgment of divorce in the same way as a man (1=yes; 0=no),SG.OBT.DVRC.EQ,1
Puerto Rico,PRI,1973,A woman can obtain a judgment of divorce in the same way as a man (1=yes; 0=no),SG.OBT.DVRC.EQ,1
Puerto Rico,PRI,1972,A woman can obtain a judgment of divorce in the same way as a man (1=yes; 0=no),SG.OBT.DVRC.EQ,1
Puerto Rico,PRI,1971,A woman can obtain a judgment of divorce in the same way as a man (1=yes; 0=no),SG.OBT.DVRC.EQ,1
Puerto Rico,PRI,1970,A woman can obtain a judgment of divorce in the same way as a man (1=yes; 0=no),SG.OBT.DVRC.EQ,1
Puerto Rico,PRI,2023,A woman can open a bank account in the same way as a man (1=yes; 0=no),SG.OPN.BANK.EQ,1
Puerto Rico,PRI,2022,A woman can open a bank account in the same way as a man (1=yes; 0=no),SG.OPN.BANK.EQ,1
Puerto Rico,PRI,2021,A woman can open a bank account in the same way as a man (1=yes; 0=no),SG.OPN.BANK.EQ,1
Puerto Rico,PRI,2020,A woman can open a bank account in the same way as a man (1=yes; 0=no),SG.OPN.BANK.EQ,1
Puerto Rico,PRI,2019,A woman can open a bank account in the same way as a man (1=yes; 0=no),SG.OPN.BANK.EQ,1
Puerto Rico,PRI,2018,A woman can open a bank account in the same way as a man (1=yes; 0=no),SG.OPN.BANK.EQ,1
Puerto Rico,PRI,2017,A woman can open a bank account in the same way as a man (1=yes; 0=no),SG.OPN.BANK.EQ,1
Puerto Rico,PRI,2016,A woman can open a bank account in the same way as a man (1=yes; 0=no),SG.OPN.BANK.EQ,1
Puerto Rico,PRI,2015,A woman can open a bank account in the same way as a man (1=yes; 0=no),SG.OPN.BANK.EQ,1
Puerto Rico,PRI,2014,A woman can open a bank account in the same way as a man (1=yes; 0=no),SG.OPN.BANK.EQ,1
Puerto Rico,PRI,2013,A woman can open a bank account in the same way as a man (1=yes; 0=no),SG.OPN.BANK.EQ,1
Puerto Rico,PRI,2012,A woman can open a bank account in the same way as a man (1=yes; 0=no),SG.OPN.BANK.EQ,1
Puerto Rico,PRI,2011,A woman can open a bank account in the same way as a man (1=yes; 0=no),SG.OPN.BANK.EQ,1
Puerto Rico,PRI,2010,A woman can open a bank account in the same way as a man (1=yes; 0=no),SG.OPN.BANK.EQ,1
Puerto Rico,PRI,2009,A woman can open a bank account in the same way as a man (1=yes; 0=no),SG.OPN.BANK.EQ,1
Puerto Rico,PRI,2008,A woman can open a bank account in the same way as a man (1=yes; 0=no),SG.OPN.BANK.EQ,1
Puerto Rico,PRI,2007,A woman can open a bank account in the same way as a man (1=yes; 0=no),SG.OPN.BANK.EQ,1
Puerto Rico,PRI,2006,A woman can open a bank account in the same way as a man (1=yes; 0=no),SG.OPN.BANK.EQ,1
Puerto Rico,PRI,2005,A woman can open a bank account in the same way as a man (1=yes; 0=no),SG.OPN.BANK.EQ,1
Puerto Rico,PRI,2004,A woman can open a bank account in the same way as a man (1=yes; 0=no),SG.OPN.BANK.EQ,1
Puerto Rico,PRI,2003,A woman can open a bank account in the same way as a man (1=yes; 0=no),SG.OPN.BANK.EQ,1
Puerto Rico,PRI,2002,A woman can open a bank account in the same way as a man (1=yes; 0=no),SG.OPN.BANK.EQ,1
Puerto Rico,PRI,2001,A woman can open a bank account in the same way as a man (1=yes; 0=no),SG.OPN.BANK.EQ,1
Puerto Rico,PRI,2000,A woman can open a bank account in the same way as a man (1=yes; 0=no),SG.OPN.BANK.EQ,1
Puerto Rico,PRI,1999,A woman can open a bank account in the same way as a man (1=yes; 0=no),SG.OPN.BANK.EQ,1
Puerto Rico,PRI,1998,A woman can open a bank account in the same way as a man (1=yes; 0=no),SG.OPN.BANK.EQ,1
Puerto Rico,PRI,1997,A woman can open a bank account in the same way as a man (1=yes; 0=no),SG.OPN.BANK.EQ,1
Puerto Rico,PRI,1996,A woman can open a bank account in the same way as a man (1=yes; 0=no),SG.OPN.BANK.EQ,1
Puerto Rico,PRI,1995,A woman can open a bank account in the same way as a man (1=yes; 0=no),SG.OPN.BANK.EQ,1
Puerto Rico,PRI,1994,A woman can open a bank account in the same way as a man (1=yes; 0=no),SG.OPN.BANK.EQ,1
Puerto Rico,PRI,1993,A woman can open a bank account in the same way as a man (1=yes; 0=no),SG.OPN.BANK.EQ,1
Puerto Rico,PRI,1992,A woman can open a bank account in the same way as a man (1=yes; 0=no),SG.OPN.BANK.EQ,1
Puerto Rico,PRI,1991,A woman can open a bank account in the same way as a man (1=yes; 0=no),SG.OPN.BANK.EQ,1
Puerto Rico,PRI,1990,A woman can open a bank account in the same way as a man (1=yes; 0=no),SG.OPN.BANK.EQ,1
Puerto Rico,PRI,1989,A woman can open a bank account in the same way as a man (1=yes; 0=no),SG.OPN.BANK.EQ,1
Puerto Rico,PRI,1988,A woman can open a bank account in the same way as a man (1=yes; 0=no),SG.OPN.BANK.EQ,1
Puerto Rico,PRI,1987,A woman can open a bank account in the same way as a man (1=yes; 0=no),SG.OPN.BANK.EQ,1
Puerto Rico,PRI,1986,A woman can open a bank account in the same way as a man (1=yes; 0=no),SG.OPN.BANK.EQ,1
Puerto Rico,PRI,1985,A woman can open a bank account in the same way as a man (1=yes; 0=no),SG.OPN.BANK.EQ,1
Puerto Rico,PRI,1984,A woman can open a bank account in the same way as a man (1=yes; 0=no),SG.OPN.BANK.EQ,1
Puerto Rico,PRI,1983,A woman can open a bank account in the same way as a man (1=yes; 0=no),SG.OPN.BANK.EQ,1
Puerto Rico,PRI,1982,A woman can open a bank account in the same way as a man (1=yes; 0=no),SG.OPN.BANK.EQ,1
Puerto Rico,PRI,1981,A woman can open a bank account in the same way as a man (1=yes; 0=no),SG.OPN.BANK.EQ,1
Puerto Rico,PRI,1980,A woman can open a bank account in the same way as a man (1=yes; 0=no),SG.OPN.BANK.EQ,1
Puerto Rico,PRI,1979,A woman can open a bank account in the same way as a man (1=yes; 0=no),SG.OPN.BANK.EQ,1
Puerto Rico,PRI,1978,A woman can open a bank account in the same way as a man (1=yes; 0=no),SG.OPN.BANK.EQ,1
Puerto Rico,PRI,1977,A woman can open a bank account in the same way as a man (1=yes; 0=no),SG.OPN.BANK.EQ,1
Puerto Rico,PRI,1976,A woman can open a bank account in the same way as a man (1=yes; 0=no),SG.OPN.BANK.EQ,1
Puerto Rico,PRI,1975,A woman can open a bank account in the same way as a man (1=yes; 0=no),SG.OPN.BANK.EQ,1
Puerto Rico,PRI,1974,A woman can open a bank account in the same way as a man (1=yes; 0=no),SG.OPN.BANK.EQ,1
Puerto Rico,PRI,1973,A woman can open a bank account in the same way as a man (1=yes; 0=no),SG.OPN.BANK.EQ,1
Puerto Rico,PRI,1972,A woman can open a bank account in the same way as a man (1=yes; 0=no),SG.OPN.BANK.EQ,1
Puerto Rico,PRI,1971,A woman can open a bank account in the same way as a man (1=yes; 0=no),SG.OPN.BANK.EQ,1
Puerto Rico,PRI,1970,A woman can open a bank account in the same way as a man (1=yes; 0=no),SG.OPN.BANK.EQ,1
Puerto Rico,PRI,2023,Women and men have equal ownership rights to immovable property (1=yes; 0=no),SG.OWN.PRRT.IM,1
Puerto Rico,PRI,2022,Women and men have equal ownership rights to immovable property (1=yes; 0=no),SG.OWN.PRRT.IM,1
Puerto Rico,PRI,2021,Women and men have equal ownership rights to immovable property (1=yes; 0=no),SG.OWN.PRRT.IM,1
Puerto Rico,PRI,2020,Women and men have equal ownership rights to immovable property (1=yes; 0=no),SG.OWN.PRRT.IM,1
Puerto Rico,PRI,2019,Women and men have equal ownership rights to immovable property (1=yes; 0=no),SG.OWN.PRRT.IM,1
Puerto Rico,PRI,2018,Women and men have equal ownership rights to immovable property (1=yes; 0=no),SG.OWN.PRRT.IM,1
Puerto Rico,PRI,2017,Women and men have equal ownership rights to immovable property (1=yes; 0=no),SG.OWN.PRRT.IM,1
Puerto Rico,PRI,2016,Women and men have equal ownership rights to immovable property (1=yes; 0=no),SG.OWN.PRRT.IM,1
Puerto Rico,PRI,2015,Women and men have equal ownership rights to immovable property (1=yes; 0=no),SG.OWN.PRRT.IM,1
Puerto Rico,PRI,2014,Women and men have equal ownership rights to immovable property (1=yes; 0=no),SG.OWN.PRRT.IM,1
Puerto Rico,PRI,2013,Women and men have equal ownership rights to immovable property (1=yes; 0=no),SG.OWN.PRRT.IM,1
Puerto Rico,PRI,2012,Women and men have equal ownership rights to immovable property (1=yes; 0=no),SG.OWN.PRRT.IM,1
Puerto Rico,PRI,2011,Women and men have equal ownership rights to immovable property (1=yes; 0=no),SG.OWN.PRRT.IM,1
Puerto Rico,PRI,2010,Women and men have equal ownership rights to immovable property (1=yes; 0=no),SG.OWN.PRRT.IM,1
Puerto Rico,PRI,2009,Women and men have equal ownership rights to immovable property (1=yes; 0=no),SG.OWN.PRRT.IM,1
Puerto Rico,PRI,2008,Women and men have equal ownership rights to immovable property (1=yes; 0=no),SG.OWN.PRRT.IM,1
Puerto Rico,PRI,2007,Women and men have equal ownership rights to immovable property (1=yes; 0=no),SG.OWN.PRRT.IM,1
Puerto Rico,PRI,2006,Women and men have equal ownership rights to immovable property (1=yes; 0=no),SG.OWN.PRRT.IM,1
Puerto Rico,PRI,2005,Women and men have equal ownership rights to immovable property (1=yes; 0=no),SG.OWN.PRRT.IM,1
Puerto Rico,PRI,2004,Women and men have equal ownership rights to immovable property (1=yes; 0=no),SG.OWN.PRRT.IM,1
Puerto Rico,PRI,2003,Women and men have equal ownership rights to immovable property (1=yes; 0=no),SG.OWN.PRRT.IM,1
Puerto Rico,PRI,2002,Women and men have equal ownership rights to immovable property (1=yes; 0=no),SG.OWN.PRRT.IM,1
Puerto Rico,PRI,2001,Women and men have equal ownership rights to immovable property (1=yes; 0=no),SG.OWN.PRRT.IM,1
Puerto Rico,PRI,2000,Women and men have equal ownership rights to immovable property (1=yes; 0=no),SG.OWN.PRRT.IM,1
Puerto Rico,PRI,1999,Women and men have equal ownership rights to immovable property (1=yes; 0=no),SG.OWN.PRRT.IM,1
Puerto Rico,PRI,1998,Women and men have equal ownership rights to immovable property (1=yes; 0=no),SG.OWN.PRRT.IM,1
Puerto Rico,PRI,1997,Women and men have equal ownership rights to immovable property (1=yes; 0=no),SG.OWN.PRRT.IM,1
Puerto Rico,PRI,1996,Women and men have equal ownership rights to immovable property (1=yes; 0=no),SG.OWN.PRRT.IM,1
Puerto Rico,PRI,1995,Women and men have equal ownership rights to immovable property (1=yes; 0=no),SG.OWN.PRRT.IM,1
Puerto Rico,PRI,1994,Women and men have equal ownership rights to immovable property (1=yes; 0=no),SG.OWN.PRRT.IM,1
Puerto Rico,PRI,1993,Women and men have equal ownership rights to immovable property (1=yes; 0=no),SG.OWN.PRRT.IM,1
Puerto Rico,PRI,1992,Women and men have equal ownership rights to immovable property (1=yes; 0=no),SG.OWN.PRRT.IM,1
Puerto Rico,PRI,1991,Women and men have equal ownership rights to immovable property (1=yes; 0=no),SG.OWN.PRRT.IM,1
Puerto Rico,PRI,1990,Women and men have equal ownership rights to immovable property (1=yes; 0=no),SG.OWN.PRRT.IM,1
Puerto Rico,PRI,1989,Women and men have equal ownership rights to immovable property (1=yes; 0=no),SG.OWN.PRRT.IM,1
Puerto Rico,PRI,1988,Women and men have equal ownership rights to immovable property (1=yes; 0=no),SG.OWN.PRRT.IM,1
Puerto Rico,PRI,1987,Women and men have equal ownership rights to immovable property (1=yes; 0=no),SG.OWN.PRRT.IM,1
Puerto Rico,PRI,1986,Women and men have equal ownership rights to immovable property (1=yes; 0=no),SG.OWN.PRRT.IM,1
Puerto Rico,PRI,1985,Women and men have equal ownership rights to immovable property (1=yes; 0=no),SG.OWN.PRRT.IM,1
Puerto Rico,PRI,1984,Women and men have equal ownership rights to immovable property (1=yes; 0=no),SG.OWN.PRRT.IM,1
Puerto Rico,PRI,1983,Women and men have equal ownership rights to immovable property (1=yes; 0=no),SG.OWN.PRRT.IM,1
Puerto Rico,PRI,1982,Women and men have equal ownership rights to immovable property (1=yes; 0=no),SG.OWN.PRRT.IM,1
Puerto Rico,PRI,1981,Women and men have equal ownership rights to immovable property (1=yes; 0=no),SG.OWN.PRRT.IM,1
Puerto Rico,PRI,1980,Women and men have equal ownership rights to immovable property (1=yes; 0=no),SG.OWN.PRRT.IM,1
Puerto Rico,PRI,1979,Women and men have equal ownership rights to immovable property (1=yes; 0=no),SG.OWN.PRRT.IM,1
Puerto Rico,PRI,1978,Women and men have equal ownership rights to immovable property (1=yes; 0=no),SG.OWN.PRRT.IM,1
Puerto Rico,PRI,1977,Women and men have equal ownership rights to immovable property (1=yes; 0=no),SG.OWN.PRRT.IM,1
Puerto Rico,PRI,1976,Women and men have equal ownership rights to immovable property (1=yes; 0=no),SG.OWN.PRRT.IM,0
Puerto Rico,PRI,1975,Women and men have equal ownership rights to immovable property (1=yes; 0=no),SG.OWN.PRRT.IM,0
Puerto Rico,PRI,1974,Women and men have equal ownership rights to immovable property (1=yes; 0=no),SG.OWN.PRRT.IM,0
Puerto Rico,PRI,1973,Women and men have equal ownership rights to immovable property (1=yes; 0=no),SG.OWN.PRRT.IM,0
Puerto Rico,PRI,1972,Women and men have equal ownership rights to immovable property (1=yes; 0=no),SG.OWN.PRRT.IM,0
Puerto Rico,PRI,1971,Women and men have equal ownership rights to immovable property (1=yes; 0=no),SG.OWN.PRRT.IM,0
Puerto Rico,PRI,1970,Women and men have equal ownership rights to immovable property (1=yes; 0=no),SG.OWN.PRRT.IM,0
Puerto Rico,PRI,2023,Criminal penalties or civil remedies exist for sexual harassment in employment (1=yes; 0=no),SG.PEN.SXHR.EM,1
Puerto Rico,PRI,2022,Criminal penalties or civil remedies exist for sexual harassment in employment (1=yes; 0=no),SG.PEN.SXHR.EM,1
Puerto Rico,PRI,2021,Criminal penalties or civil remedies exist for sexual harassment in employment (1=yes; 0=no),SG.PEN.SXHR.EM,1
Puerto Rico,PRI,2020,Criminal penalties or civil remedies exist for sexual harassment in employment (1=yes; 0=no),SG.PEN.SXHR.EM,1
Puerto Rico,PRI,2019,Criminal penalties or civil remedies exist for sexual harassment in employment (1=yes; 0=no),SG.PEN.SXHR.EM,1
Puerto Rico,PRI,2018,Criminal penalties or civil remedies exist for sexual harassment in employment (1=yes; 0=no),SG.PEN.SXHR.EM,1
Puerto Rico,PRI,2017,Criminal penalties or civil remedies exist for sexual harassment in employment (1=yes; 0=no),SG.PEN.SXHR.EM,1
Puerto Rico,PRI,2016,Criminal penalties or civil remedies exist for sexual harassment in employment (1=yes; 0=no),SG.PEN.SXHR.EM,1
Puerto Rico,PRI,2015,Criminal penalties or civil remedies exist for sexual harassment in employment (1=yes; 0=no),SG.PEN.SXHR.EM,1
Puerto Rico,PRI,2014,Criminal penalties or civil remedies exist for sexual harassment in employment (1=yes; 0=no),SG.PEN.SXHR.EM,1
Puerto Rico,PRI,2013,Criminal penalties or civil remedies exist for sexual harassment in employment (1=yes; 0=no),SG.PEN.SXHR.EM,1
Puerto Rico,PRI,2012,Criminal penalties or civil remedies exist for sexual harassment in employment (1=yes; 0=no),SG.PEN.SXHR.EM,1
Puerto Rico,PRI,2011,Criminal penalties or civil remedies exist for sexual harassment in employment (1=yes; 0=no),SG.PEN.SXHR.EM,1
Puerto Rico,PRI,2010,Criminal penalties or civil remedies exist for sexual harassment in employment (1=yes; 0=no),SG.PEN.SXHR.EM,1
Puerto Rico,PRI,2009,Criminal penalties or civil remedies exist for sexual harassment in employment (1=yes; 0=no),SG.PEN.SXHR.EM,1
Puerto Rico,PRI,2008,Criminal penalties or civil remedies exist for sexual harassment in employment (1=yes; 0=no),SG.PEN.SXHR.EM,1
Puerto Rico,PRI,2007,Criminal penalties or civil remedies exist for sexual harassment in employment (1=yes; 0=no),SG.PEN.SXHR.EM,1
Puerto Rico,PRI,2006,Criminal penalties or civil remedies exist for sexual harassment in employment (1=yes; 0=no),SG.PEN.SXHR.EM,1
Puerto Rico,PRI,2005,Criminal penalties or civil remedies exist for sexual harassment in employment (1=yes; 0=no),SG.PEN.SXHR.EM,1
Puerto Rico,PRI,2004,Criminal penalties or civil remedies exist for sexual harassment in employment (1=yes; 0=no),SG.PEN.SXHR.EM,1
Puerto Rico,PRI,2003,Criminal penalties or civil remedies exist for sexual harassment in employment (1=yes; 0=no),SG.PEN.SXHR.EM,1
Puerto Rico,PRI,2002,Criminal penalties or civil remedies exist for sexual harassment in employment (1=yes; 0=no),SG.PEN.SXHR.EM,1
Puerto Rico,PRI,2001,Criminal penalties or civil remedies exist for sexual harassment in employment (1=yes; 0=no),SG.PEN.SXHR.EM,1
Puerto Rico,PRI,2000,Criminal penalties or civil remedies exist for sexual harassment in employment (1=yes; 0=no),SG.PEN.SXHR.EM,1
Puerto Rico,PRI,1999,Criminal penalties or civil remedies exist for sexual harassment in employment (1=yes; 0=no),SG.PEN.SXHR.EM,1
Puerto Rico,PRI,1998,Criminal penalties or civil remedies exist for sexual harassment in employment (1=yes; 0=no),SG.PEN.SXHR.EM,1
Puerto Rico,PRI,1997,Criminal penalties or civil remedies exist for sexual harassment in employment (1=yes; 0=no),SG.PEN.SXHR.EM,1
Puerto Rico,PRI,1996,Criminal penalties or civil remedies exist for sexual harassment in employment (1=yes; 0=no),SG.PEN.SXHR.EM,1
Puerto Rico,PRI,1995,Criminal penalties or civil remedies exist for sexual harassment in employment (1=yes; 0=no),SG.PEN.SXHR.EM,1
Puerto Rico,PRI,1994,Criminal penalties or civil remedies exist for sexual harassment in employment (1=yes; 0=no),SG.PEN.SXHR.EM,1
Puerto Rico,PRI,1993,Criminal penalties or civil remedies exist for sexual harassment in employment (1=yes; 0=no),SG.PEN.SXHR.EM,1
Puerto Rico,PRI,1992,Criminal penalties or civil remedies exist for sexual harassment in employment (1=yes; 0=no),SG.PEN.SXHR.EM,1
Puerto Rico,PRI,1991,Criminal penalties or civil remedies exist for sexual harassment in employment (1=yes; 0=no),SG.PEN.SXHR.EM,1
Puerto Rico,PRI,1990,Criminal penalties or civil remedies exist for sexual harassment in employment (1=yes; 0=no),SG.PEN.SXHR.EM,1
Puerto Rico,PRI,1989,Criminal penalties or civil remedies exist for sexual harassment in employment (1=yes; 0=no),SG.PEN.SXHR.EM,1
Puerto Rico,PRI,1988,Criminal penalties or civil remedies exist for sexual harassment in employment (1=yes; 0=no),SG.PEN.SXHR.EM,1
Puerto Rico,PRI,1987,Criminal penalties or civil remedies exist for sexual harassment in employment (1=yes; 0=no),SG.PEN.SXHR.EM,0
Puerto Rico,PRI,1986,Criminal penalties or civil remedies exist for sexual harassment in employment (1=yes; 0=no),SG.PEN.SXHR.EM,0
Puerto Rico,PRI,1985,Criminal penalties or civil remedies exist for sexual harassment in employment (1=yes; 0=no),SG.PEN.SXHR.EM,0
Puerto Rico,PRI,1984,Criminal penalties or civil remedies exist for sexual harassment in employment (1=yes; 0=no),SG.PEN.SXHR.EM,0
Puerto Rico,PRI,1983,Criminal penalties or civil remedies exist for sexual harassment in employment (1=yes; 0=no),SG.PEN.SXHR.EM,0
Puerto Rico,PRI,1982,Criminal penalties or civil remedies exist for sexual harassment in employment (1=yes; 0=no),SG.PEN.SXHR.EM,0
Puerto Rico,PRI,1981,Criminal penalties or civil remedies exist for sexual harassment in employment (1=yes; 0=no),SG.PEN.SXHR.EM,0
Puerto Rico,PRI,1980,Criminal penalties or civil remedies exist for sexual harassment in employment (1=yes; 0=no),SG.PEN.SXHR.EM,0
Puerto Rico,PRI,1979,Criminal penalties or civil remedies exist for sexual harassment in employment (1=yes; 0=no),SG.PEN.SXHR.EM,0
Puerto Rico,PRI,1978,Criminal penalties or civil remedies exist for sexual harassment in employment (1=yes; 0=no),SG.PEN.SXHR.EM,0
Puerto Rico,PRI,1977,Criminal penalties or civil remedies exist for sexual harassment in employment (1=yes; 0=no),SG.PEN.SXHR.EM,0
Puerto Rico,PRI,1976,Criminal penalties or civil remedies exist for sexual harassment in employment (1=yes; 0=no),SG.PEN.SXHR.EM,0
Puerto Rico,PRI,1975,Criminal penalties or civil remedies exist for sexual harassment in employment (1=yes; 0=no),SG.PEN.SXHR.EM,0
Puerto Rico,PRI,1974,Criminal penalties or civil remedies exist for sexual harassment in employment (1=yes; 0=no),SG.PEN.SXHR.EM,0
Puerto Rico,PRI,1973,Criminal penalties or civil remedies exist for sexual harassment in employment (1=yes; 0=no),SG.PEN.SXHR.EM,0
Puerto Rico,PRI,1972,Criminal penalties or civil remedies exist for sexual harassment in employment (1=yes; 0=no),SG.PEN.SXHR.EM,0
Puerto Rico,PRI,1971,Criminal penalties or civil remedies exist for sexual harassment in employment (1=yes; 0=no),SG.PEN.SXHR.EM,0
Puerto Rico,PRI,1970,Criminal penalties or civil remedies exist for sexual harassment in employment (1=yes; 0=no),SG.PEN.SXHR.EM,0
Puerto Rico,PRI,2020,Female migrants (% of international migrant stock),SG.POP.MIGR.FE.ZS,53.5195765825551
Puerto Rico,PRI,2015,Female migrants (% of international migrant stock),SG.POP.MIGR.FE.ZS,53.3266308726746
Puerto Rico,PRI,2010,Female migrants (% of international migrant stock),SG.POP.MIGR.FE.ZS,53.1299902613053
Puerto Rico,PRI,2005,Female migrants (% of international migrant stock),SG.POP.MIGR.FE.ZS,52.6386932618474
Puerto Rico,PRI,2000,Female migrants (% of international migrant stock),SG.POP.MIGR.FE.ZS,52.5459246615855
Puerto Rico,PRI,1995,Female migrants (% of international migrant stock),SG.POP.MIGR.FE.ZS,52.4535077366321
Puerto Rico,PRI,1990,Female migrants (% of international migrant stock),SG.POP.MIGR.FE.ZS,52.3610709858997
Puerto Rico,PRI,2023,A woman has the same rights to remarry as a man (1=yes; 0=no),SG.REM.RIGT.EQ,1
Puerto Rico,PRI,2022,A woman has the same rights to remarry as a man (1=yes; 0=no),SG.REM.RIGT.EQ,1
Puerto Rico,PRI,2021,A woman has the same rights to remarry as a man (1=yes; 0=no),SG.REM.RIGT.EQ,1
Puerto Rico,PRI,2020,A woman has the same rights to remarry as a man (1=yes; 0=no),SG.REM.RIGT.EQ,1
Puerto Rico,PRI,2019,A woman has the same rights to remarry as a man (1=yes; 0=no),SG.REM.RIGT.EQ,0
Puerto Rico,PRI,2018,A woman has the same rights to remarry as a man (1=yes; 0=no),SG.REM.RIGT.EQ,0
Puerto Rico,PRI,2017,A woman has the same rights to remarry as a man (1=yes; 0=no),SG.REM.RIGT.EQ,0
Puerto Rico,PRI,2016,A woman has the same rights to remarry as a man (1=yes; 0=no),SG.REM.RIGT.EQ,0
Puerto Rico,PRI,2015,A woman has the same rights to remarry as a man (1=yes; 0=no),SG.REM.RIGT.EQ,0
Puerto Rico,PRI,2014,A woman has the same rights to remarry as a man (1=yes; 0=no),SG.REM.RIGT.EQ,0
Puerto Rico,PRI,2013,A woman has the same rights to remarry as a man (1=yes; 0=no),SG.REM.RIGT.EQ,0
Puerto Rico,PRI,2012,A woman has the same rights to remarry as a man (1=yes; 0=no),SG.REM.RIGT.EQ,0
Puerto Rico,PRI,2011,A woman has the same rights to remarry as a man (1=yes; 0=no),SG.REM.RIGT.EQ,0
Puerto Rico,PRI,2010,A woman has the same rights to remarry as a man (1=yes; 0=no),SG.REM.RIGT.EQ,0
Puerto Rico,PRI,2009,A woman has the same rights to remarry as a man (1=yes; 0=no),SG.REM.RIGT.EQ,0
Puerto Rico,PRI,2008,A woman has the same rights to remarry as a man (1=yes; 0=no),SG.REM.RIGT.EQ,0
Puerto Rico,PRI,2007,A woman has the same rights to remarry as a man (1=yes; 0=no),SG.REM.RIGT.EQ,0
Puerto Rico,PRI,2006,A woman has the same rights to remarry as a man (1=yes; 0=no),SG.REM.RIGT.EQ,0
Puerto Rico,PRI,2005,A woman has the same rights to remarry as a man (1=yes; 0=no),SG.REM.RIGT.EQ,0
Puerto Rico,PRI,2004,A woman has the same rights to remarry as a man (1=yes; 0=no),SG.REM.RIGT.EQ,0
Puerto Rico,PRI,2003,A woman has the same rights to remarry as a man (1=yes; 0=no),SG.REM.RIGT.EQ,0
Puerto Rico,PRI,2002,A woman has the same rights to remarry as a man (1=yes; 0=no),SG.REM.RIGT.EQ,0
Puerto Rico,PRI,2001,A woman has the same rights to remarry as a man (1=yes; 0=no),SG.REM.RIGT.EQ,0
Puerto Rico,PRI,2000,A woman has the same rights to remarry as a man (1=yes; 0=no),SG.REM.RIGT.EQ,0
Puerto Rico,PRI,1999,A woman has the same rights to remarry as a man (1=yes; 0=no),SG.REM.RIGT.EQ,0
Puerto Rico,PRI,1998,A woman has the same rights to remarry as a man (1=yes; 0=no),SG.REM.RIGT.EQ,0
Puerto Rico,PRI,1997,A woman has the same rights to remarry as a man (1=yes; 0=no),SG.REM.RIGT.EQ,0
Puerto Rico,PRI,1996,A woman has the same rights to remarry as a man (1=yes; 0=no),SG.REM.RIGT.EQ,0
Puerto Rico,PRI,1995,A woman has the same rights to remarry as a man (1=yes; 0=no),SG.REM.RIGT.EQ,0
Puerto Rico,PRI,1994,A woman has the same rights to remarry as a man (1=yes; 0=no),SG.REM.RIGT.EQ,0
Puerto Rico,PRI,1993,A woman has the same rights to remarry as a man (1=yes; 0=no),SG.REM.RIGT.EQ,0
Puerto Rico,PRI,1992,A woman has the same rights to remarry as a man (1=yes; 0=no),SG.REM.RIGT.EQ,0
Puerto Rico,PRI,1991,A woman has the same rights to remarry as a man (1=yes; 0=no),SG.REM.RIGT.EQ,0
Puerto Rico,PRI,1990,A woman has the same rights to remarry as a man (1=yes; 0=no),SG.REM.RIGT.EQ,0
Puerto Rico,PRI,1989,A woman has the same rights to remarry as a man (1=yes; 0=no),SG.REM.RIGT.EQ,0
Puerto Rico,PRI,1988,A woman has the same rights to remarry as a man (1=yes; 0=no),SG.REM.RIGT.EQ,0
Puerto Rico,PRI,1987,A woman has the same rights to remarry as a man (1=yes; 0=no),SG.REM.RIGT.EQ,0
Puerto Rico,PRI,1986,A woman has the same rights to remarry as a man (1=yes; 0=no),SG.REM.RIGT.EQ,0
Puerto Rico,PRI,1985,A woman has the same rights to remarry as a man (1=yes; 0=no),SG.REM.RIGT.EQ,0
Puerto Rico,PRI,1984,A woman has the same rights to remarry as a man (1=yes; 0=no),SG.REM.RIGT.EQ,0
Puerto Rico,PRI,1983,A woman has the same rights to remarry as a man (1=yes; 0=no),SG.REM.RIGT.EQ,0
Puerto Rico,PRI,1982,A woman has the same rights to remarry as a man (1=yes; 0=no),SG.REM.RIGT.EQ,0
Puerto Rico,PRI,1981,A woman has the same rights to remarry as a man (1=yes; 0=no),SG.REM.RIGT.EQ,0
Puerto Rico,PRI,1980,A woman has the same rights to remarry as a man (1=yes; 0=no),SG.REM.RIGT.EQ,0
Puerto Rico,PRI,1979,A woman has the same rights to remarry as a man (1=yes; 0=no),SG.REM.RIGT.EQ,0
Puerto Rico,PRI,1978,A woman has the same rights to remarry as a man (1=yes; 0=no),SG.REM.RIGT.EQ,0
Puerto Rico,PRI,1977,A woman has the same rights to remarry as a man (1=yes; 0=no),SG.REM.RIGT.EQ,0
Puerto Rico,PRI,1976,A woman has the same rights to remarry as a man (1=yes; 0=no),SG.REM.RIGT.EQ,0
Puerto Rico,PRI,1975,A woman has the same rights to remarry as a man (1=yes; 0=no),SG.REM.RIGT.EQ,0
Puerto Rico,PRI,1974,A woman has the same rights to remarry as a man (1=yes; 0=no),SG.REM.RIGT.EQ,0
Puerto Rico,PRI,1973,A woman has the same rights to remarry as a man (1=yes; 0=no),SG.REM.RIGT.EQ,0
Puerto Rico,PRI,1972,A woman has the same rights to remarry as a man (1=yes; 0=no),SG.REM.RIGT.EQ,0
Puerto Rico,PRI,1971,A woman has the same rights to remarry as a man (1=yes; 0=no),SG.REM.RIGT.EQ,0
Puerto Rico,PRI,1970,A woman has the same rights to remarry as a man (1=yes; 0=no),SG.REM.RIGT.EQ,0
Puerto Rico,PRI,2023,Length of paid maternity leave (calendar days),SH.MMR.LEVE,56
Puerto Rico,PRI,2022,Length of paid maternity leave (calendar days),SH.MMR.LEVE,56
Puerto Rico,PRI,2021,Length of paid maternity leave (calendar days),SH.MMR.LEVE,56
Puerto Rico,PRI,2020,Length of paid maternity leave (calendar days),SH.MMR.LEVE,56
Puerto Rico,PRI,2019,Length of paid maternity leave (calendar days),SH.MMR.LEVE,56
Puerto Rico,PRI,2018,Length of paid maternity leave (calendar days),SH.MMR.LEVE,56
Puerto Rico,PRI,2017,Length of paid maternity leave (calendar days),SH.MMR.LEVE,56
Puerto Rico,PRI,2016,Length of paid maternity leave (calendar days),SH.MMR.LEVE,56
Puerto Rico,PRI,2015,Length of paid maternity leave (calendar days),SH.MMR.LEVE,56
Puerto Rico,PRI,2014,Length of paid maternity leave (calendar days),SH.MMR.LEVE,56
Puerto Rico,PRI,2013,Length of paid maternity leave (calendar days),SH.MMR.LEVE,56
Puerto Rico,PRI,2012,Length of paid maternity leave (calendar days),SH.MMR.LEVE,56
Puerto Rico,PRI,2011,Length of paid maternity leave (calendar days),SH.MMR.LEVE,56
Puerto Rico,PRI,2010,Length of paid maternity leave (calendar days),SH.MMR.LEVE,56
Puerto Rico,PRI,2009,Length of paid maternity leave (calendar days),SH.MMR.LEVE,56
Puerto Rico,PRI,2008,Length of paid maternity leave (calendar days),SH.MMR.LEVE,56
Puerto Rico,PRI,2007,Length of paid maternity leave (calendar days),SH.MMR.LEVE,56
Puerto Rico,PRI,2006,Length of paid maternity leave (calendar days),SH.MMR.LEVE,56
Puerto Rico,PRI,2005,Length of paid maternity leave (calendar days),SH.MMR.LEVE,56
Puerto Rico,PRI,2004,Length of paid maternity leave (calendar days),SH.MMR.LEVE,56
Puerto Rico,PRI,2003,Length of paid maternity leave (calendar days),SH.MMR.LEVE,56
Puerto Rico,PRI,2002,Length of paid maternity leave (calendar days),SH.MMR.LEVE,56
Puerto Rico,PRI,2001,Length of paid maternity leave (calendar days),SH.MMR.LEVE,56
Puerto Rico,PRI,2000,Length of paid maternity leave (calendar days),SH.MMR.LEVE,56
Puerto Rico,PRI,1999,Length of paid maternity leave (calendar days),SH.MMR.LEVE,56
Puerto Rico,PRI,1998,Length of paid maternity leave (calendar days),SH.MMR.LEVE,56
Puerto Rico,PRI,1997,Length of paid maternity leave (calendar days),SH.MMR.LEVE,56
Puerto Rico,PRI,1996,Length of paid maternity leave (calendar days),SH.MMR.LEVE,56
Puerto Rico,PRI,1995,Length of paid maternity leave (calendar days),SH.MMR.LEVE,56
Puerto Rico,PRI,1994,Length of paid maternity leave (calendar days),SH.MMR.LEVE,56
Puerto Rico,PRI,1993,Length of paid maternity leave (calendar days),SH.MMR.LEVE,56
Puerto Rico,PRI,1992,Length of paid maternity leave (calendar days),SH.MMR.LEVE,56
Puerto Rico,PRI,1991,Length of paid maternity leave (calendar days),SH.MMR.LEVE,56
Puerto Rico,PRI,1990,Length of paid maternity leave (calendar days),SH.MMR.LEVE,56
Puerto Rico,PRI,1989,Length of paid maternity leave (calendar days),SH.MMR.LEVE,56
Puerto Rico,PRI,1988,Length of paid maternity leave (calendar days),SH.MMR.LEVE,56
Puerto Rico,PRI,1987,Length of paid maternity leave (calendar days),SH.MMR.LEVE,56
Puerto Rico,PRI,1986,Length of paid maternity leave (calendar days),SH.MMR.LEVE,56
Puerto Rico,PRI,1985,Length of paid maternity leave (calendar days),SH.MMR.LEVE,56
Puerto Rico,PRI,1984,Length of paid maternity leave (calendar days),SH.MMR.LEVE,56
Puerto Rico,PRI,1983,Length of paid maternity leave (calendar days),SH.MMR.LEVE,56
Puerto Rico,PRI,1982,Length of paid maternity leave (calendar days),SH.MMR.LEVE,56
Puerto Rico,PRI,1981,Length of paid maternity leave (calendar days),SH.MMR.LEVE,56
Puerto Rico,PRI,1980,Length of paid maternity leave (calendar days),SH.MMR.LEVE,56
Puerto Rico,PRI,1979,Length of paid maternity leave (calendar days),SH.MMR.LEVE,56
Puerto Rico,PRI,1978,Length of paid maternity leave (calendar days),SH.MMR.LEVE,56
Puerto Rico,PRI,1977,Length of paid maternity leave (calendar days),SH.MMR.LEVE,56
Puerto Rico,PRI,1976,Length of paid maternity leave (calendar days),SH.MMR.LEVE,56
Puerto Rico,PRI,1975,Length of paid maternity leave (calendar days),SH.MMR.LEVE,56
Puerto Rico,PRI,1974,Length of paid maternity leave (calendar days),SH.MMR.LEVE,56
Puerto Rico,PRI,1973,Length of paid maternity leave (calendar days),SH.MMR.LEVE,56
Puerto Rico,PRI,1972,Length of paid maternity leave (calendar days),SH.MMR.LEVE,56
Puerto Rico,PRI,1971,Length of paid maternity leave (calendar days),SH.MMR.LEVE,56
Puerto Rico,PRI,1970,Length of paid maternity leave (calendar days),SH.MMR.LEVE,56
Puerto Rico,PRI,2023,Paid leave of at least 14 weeks available to mothers (1=yes; 0=no),SH.MMR.LEVE.AL,0
Puerto Rico,PRI,2022,Paid leave of at least 14 weeks available to mothers (1=yes; 0=no),SH.MMR.LEVE.AL,0
Puerto Rico,PRI,2021,Paid leave of at least 14 weeks available to mothers (1=yes; 0=no),SH.MMR.LEVE.AL,0
Puerto Rico,PRI,2020,Paid leave of at least 14 weeks available to mothers (1=yes; 0=no),SH.MMR.LEVE.AL,0
Puerto Rico,PRI,2019,Paid leave of at least 14 weeks available to mothers (1=yes; 0=no),SH.MMR.LEVE.AL,0
Puerto Rico,PRI,2018,Paid leave of at least 14 weeks available to mothers (1=yes; 0=no),SH.MMR.LEVE.AL,0
Puerto Rico,PRI,2017,Paid leave of at least 14 weeks available to mothers (1=yes; 0=no),SH.MMR.LEVE.AL,0
Puerto Rico,PRI,2016,Paid leave of at least 14 weeks available to mothers (1=yes; 0=no),SH.MMR.LEVE.AL,0
Puerto Rico,PRI,2015,Paid leave of at least 14 weeks available to mothers (1=yes; 0=no),SH.MMR.LEVE.AL,0
Puerto Rico,PRI,2014,Paid leave of at least 14 weeks available to mothers (1=yes; 0=no),SH.MMR.LEVE.AL,0
Puerto Rico,PRI,2013,Paid leave of at least 14 weeks available to mothers (1=yes; 0=no),SH.MMR.LEVE.AL,0
Puerto Rico,PRI,2012,Paid leave of at least 14 weeks available to mothers (1=yes; 0=no),SH.MMR.LEVE.AL,0
Puerto Rico,PRI,2011,Paid leave of at least 14 weeks available to mothers (1=yes; 0=no),SH.MMR.LEVE.AL,0
Puerto Rico,PRI,2010,Paid leave of at least 14 weeks available to mothers (1=yes; 0=no),SH.MMR.LEVE.AL,0
Puerto Rico,PRI,2009,Paid leave of at least 14 weeks available to mothers (1=yes; 0=no),SH.MMR.LEVE.AL,0
Puerto Rico,PRI,2008,Paid leave of at least 14 weeks available to mothers (1=yes; 0=no),SH.MMR.LEVE.AL,0
Puerto Rico,PRI,2007,Paid leave of at least 14 weeks available to mothers (1=yes; 0=no),SH.MMR.LEVE.AL,0
Puerto Rico,PRI,2006,Paid leave of at least 14 weeks available to mothers (1=yes; 0=no),SH.MMR.LEVE.AL,0
Puerto Rico,PRI,2005,Paid leave of at least 14 weeks available to mothers (1=yes; 0=no),SH.MMR.LEVE.AL,0
Puerto Rico,PRI,2004,Paid leave of at least 14 weeks available to mothers (1=yes; 0=no),SH.MMR.LEVE.AL,0
Puerto Rico,PRI,2003,Paid leave of at least 14 weeks available to mothers (1=yes; 0=no),SH.MMR.LEVE.AL,0
Puerto Rico,PRI,2002,Paid leave of at least 14 weeks available to mothers (1=yes; 0=no),SH.MMR.LEVE.AL,0
Puerto Rico,PRI,2001,Paid leave of at least 14 weeks available to mothers (1=yes; 0=no),SH.MMR.LEVE.AL,0
Puerto Rico,PRI,2000,Paid leave of at least 14 weeks available to mothers (1=yes; 0=no),SH.MMR.LEVE.AL,0
Puerto Rico,PRI,1999,Paid leave of at least 14 weeks available to mothers (1=yes; 0=no),SH.MMR.LEVE.AL,0
Puerto Rico,PRI,1998,Paid leave of at least 14 weeks available to mothers (1=yes; 0=no),SH.MMR.LEVE.AL,0
Puerto Rico,PRI,1997,Paid leave of at least 14 weeks available to mothers (1=yes; 0=no),SH.MMR.LEVE.AL,0
Puerto Rico,PRI,1996,Paid leave of at least 14 weeks available to mothers (1=yes; 0=no),SH.MMR.LEVE.AL,0
Puerto Rico,PRI,1995,Paid leave of at least 14 weeks available to mothers (1=yes; 0=no),SH.MMR.LEVE.AL,0
Puerto Rico,PRI,1994,Paid leave of at least 14 weeks available to mothers (1=yes; 0=no),SH.MMR.LEVE.AL,0
Puerto Rico,PRI,1993,Paid leave of at least 14 weeks available to mothers (1=yes; 0=no),SH.MMR.LEVE.AL,0
Puerto Rico,PRI,1992,Paid leave of at least 14 weeks available to mothers (1=yes; 0=no),SH.MMR.LEVE.AL,0
Puerto Rico,PRI,1991,Paid leave of at least 14 weeks available to mothers (1=yes; 0=no),SH.MMR.LEVE.AL,0
Puerto Rico,PRI,1990,Paid leave of at least 14 weeks available to mothers (1=yes; 0=no),SH.MMR.LEVE.AL,0
Puerto Rico,PRI,1989,Paid leave of at least 14 weeks available to mothers (1=yes; 0=no),SH.MMR.LEVE.AL,0
Puerto Rico,PRI,1988,Paid leave of at least 14 weeks available to mothers (1=yes; 0=no),SH.MMR.LEVE.AL,0
Puerto Rico,PRI,1987,Paid leave of at least 14 weeks available to mothers (1=yes; 0=no),SH.MMR.LEVE.AL,0
Puerto Rico,PRI,1986,Paid leave of at least 14 weeks available to mothers (1=yes; 0=no),SH.MMR.LEVE.AL,0
Puerto Rico,PRI,1985,Paid leave of at least 14 weeks available to mothers (1=yes; 0=no),SH.MMR.LEVE.AL,0
Puerto Rico,PRI,1984,Paid leave of at least 14 weeks available to mothers (1=yes; 0=no),SH.MMR.LEVE.AL,0
Puerto Rico,PRI,1983,Paid leave of at least 14 weeks available to mothers (1=yes; 0=no),SH.MMR.LEVE.AL,0
Puerto Rico,PRI,1982,Paid leave of at least 14 weeks available to mothers (1=yes; 0=no),SH.MMR.LEVE.AL,0
Puerto Rico,PRI,1981,Paid leave of at least 14 weeks available to mothers (1=yes; 0=no),SH.MMR.LEVE.AL,0
Puerto Rico,PRI,1980,Paid leave of at least 14 weeks available to mothers (1=yes; 0=no),SH.MMR.LEVE.AL,0
Puerto Rico,PRI,1979,Paid leave of at least 14 weeks available to mothers (1=yes; 0=no),SH.MMR.LEVE.AL,0
Puerto Rico,PRI,1978,Paid leave of at least 14 weeks available to mothers (1=yes; 0=no),SH.MMR.LEVE.AL,0
Puerto Rico,PRI,1977,Paid leave of at least 14 weeks available to mothers (1=yes; 0=no),SH.MMR.LEVE.AL,0
Puerto Rico,PRI,1976,Paid leave of at least 14 weeks available to mothers (1=yes; 0=no),SH.MMR.LEVE.AL,0
Puerto Rico,PRI,1975,Paid leave of at least 14 weeks available to mothers (1=yes; 0=no),SH.MMR.LEVE.AL,0
Puerto Rico,PRI,1974,Paid leave of at least 14 weeks available to mothers (1=yes; 0=no),SH.MMR.LEVE.AL,0
Puerto Rico,PRI,1973,Paid leave of at least 14 weeks available to mothers (1=yes; 0=no),SH.MMR.LEVE.AL,0
Puerto Rico,PRI,1972,Paid leave of at least 14 weeks available to mothers (1=yes; 0=no),SH.MMR.LEVE.AL,0
Puerto Rico,PRI,1971,Paid leave of at least 14 weeks available to mothers (1=yes; 0=no),SH.MMR.LEVE.AL,0
Puerto Rico,PRI,1970,Paid leave of at least 14 weeks available to mothers (1=yes; 0=no),SH.MMR.LEVE.AL,0
Puerto Rico,PRI,2023,The government administers 100 percent of maternity leave benefits (1=yes; 0=no),SH.MMR.LEVE.GT,0
Puerto Rico,PRI,2022,The government administers 100 percent of maternity leave benefits (1=yes; 0=no),SH.MMR.LEVE.GT,0
Puerto Rico,PRI,2021,The government administers 100 percent of maternity leave benefits (1=yes; 0=no),SH.MMR.LEVE.GT,0
Puerto Rico,PRI,2020,The government administers 100 percent of maternity leave benefits (1=yes; 0=no),SH.MMR.LEVE.GT,0
Puerto Rico,PRI,2019,The government administers 100 percent of maternity leave benefits (1=yes; 0=no),SH.MMR.LEVE.GT,0
Puerto Rico,PRI,2018,The government administers 100 percent of maternity leave benefits (1=yes; 0=no),SH.MMR.LEVE.GT,0
Puerto Rico,PRI,2017,The government administers 100 percent of maternity leave benefits (1=yes; 0=no),SH.MMR.LEVE.GT,0
Puerto Rico,PRI,2016,The government administers 100 percent of maternity leave benefits (1=yes; 0=no),SH.MMR.LEVE.GT,0
Puerto Rico,PRI,2015,The government administers 100 percent of maternity leave benefits (1=yes; 0=no),SH.MMR.LEVE.GT,0
Puerto Rico,PRI,2014,The government administers 100 percent of maternity leave benefits (1=yes; 0=no),SH.MMR.LEVE.GT,0
Puerto Rico,PRI,2013,The government administers 100 percent of maternity leave benefits (1=yes; 0=no),SH.MMR.LEVE.GT,0
Puerto Rico,PRI,2012,The government administers 100 percent of maternity leave benefits (1=yes; 0=no),SH.MMR.LEVE.GT,0
Puerto Rico,PRI,2011,The government administers 100 percent of maternity leave benefits (1=yes; 0=no),SH.MMR.LEVE.GT,0
Puerto Rico,PRI,2010,The government administers 100 percent of maternity leave benefits (1=yes; 0=no),SH.MMR.LEVE.GT,0
Puerto Rico,PRI,2009,The government administers 100 percent of maternity leave benefits (1=yes; 0=no),SH.MMR.LEVE.GT,0
Puerto Rico,PRI,2008,The government administers 100 percent of maternity leave benefits (1=yes; 0=no),SH.MMR.LEVE.GT,0
Puerto Rico,PRI,2007,The government administers 100 percent of maternity leave benefits (1=yes; 0=no),SH.MMR.LEVE.GT,0
Puerto Rico,PRI,2006,The government administers 100 percent of maternity leave benefits (1=yes; 0=no),SH.MMR.LEVE.GT,0
Puerto Rico,PRI,2005,The government administers 100 percent of maternity leave benefits (1=yes; 0=no),SH.MMR.LEVE.GT,0
Puerto Rico,PRI,2004,The government administers 100 percent of maternity leave benefits (1=yes; 0=no),SH.MMR.LEVE.GT,0
Puerto Rico,PRI,2003,The government administers 100 percent of maternity leave benefits (1=yes; 0=no),SH.MMR.LEVE.GT,0
Puerto Rico,PRI,2002,The government administers 100 percent of maternity leave benefits (1=yes; 0=no),SH.MMR.LEVE.GT,0
Puerto Rico,PRI,2001,The government administers 100 percent of maternity leave benefits (1=yes; 0=no),SH.MMR.LEVE.GT,0
Puerto Rico,PRI,2000,The government administers 100 percent of maternity leave benefits (1=yes; 0=no),SH.MMR.LEVE.GT,0
Puerto Rico,PRI,1999,The government administers 100 percent of maternity leave benefits (1=yes; 0=no),SH.MMR.LEVE.GT,0
Puerto Rico,PRI,1998,The government administers 100 percent of maternity leave benefits (1=yes; 0=no),SH.MMR.LEVE.GT,0
Puerto Rico,PRI,1997,The government administers 100 percent of maternity leave benefits (1=yes; 0=no),SH.MMR.LEVE.GT,0
Puerto Rico,PRI,1996,The government administers 100 percent of maternity leave benefits (1=yes; 0=no),SH.MMR.LEVE.GT,0
Puerto Rico,PRI,1995,The government administers 100 percent of maternity leave benefits (1=yes; 0=no),SH.MMR.LEVE.GT,0
Puerto Rico,PRI,1994,The government administers 100 percent of maternity leave benefits (1=yes; 0=no),SH.MMR.LEVE.GT,0
Puerto Rico,PRI,1993,The government administers 100 percent of maternity leave benefits (1=yes; 0=no),SH.MMR.LEVE.GT,0
Puerto Rico,PRI,1992,The government administers 100 percent of maternity leave benefits (1=yes; 0=no),SH.MMR.LEVE.GT,0
Puerto Rico,PRI,1991,The government administers 100 percent of maternity leave benefits (1=yes; 0=no),SH.MMR.LEVE.GT,0
Puerto Rico,PRI,1990,The government administers 100 percent of maternity leave benefits (1=yes; 0=no),SH.MMR.LEVE.GT,0
Puerto Rico,PRI,1989,The government administers 100 percent of maternity leave benefits (1=yes; 0=no),SH.MMR.LEVE.GT,0
Puerto Rico,PRI,1988,The government administers 100 percent of maternity leave benefits (1=yes; 0=no),SH.MMR.LEVE.GT,0
Puerto Rico,PRI,1987,The government administers 100 percent of maternity leave benefits (1=yes; 0=no),SH.MMR.LEVE.GT,0
Puerto Rico,PRI,1986,The government administers 100 percent of maternity leave benefits (1=yes; 0=no),SH.MMR.LEVE.GT,0
Puerto Rico,PRI,1985,The government administers 100 percent of maternity leave benefits (1=yes; 0=no),SH.MMR.LEVE.GT,0
Puerto Rico,PRI,1984,The government administers 100 percent of maternity leave benefits (1=yes; 0=no),SH.MMR.LEVE.GT,0
Puerto Rico,PRI,1983,The government administers 100 percent of maternity leave benefits (1=yes; 0=no),SH.MMR.LEVE.GT,0
Puerto Rico,PRI,1982,The government administers 100 percent of maternity leave benefits (1=yes; 0=no),SH.MMR.LEVE.GT,0
Puerto Rico,PRI,1981,The government administers 100 percent of maternity leave benefits (1=yes; 0=no),SH.MMR.LEVE.GT,0
Puerto Rico,PRI,1980,The government administers 100 percent of maternity leave benefits (1=yes; 0=no),SH.MMR.LEVE.GT,0
Puerto Rico,PRI,1979,The government administers 100 percent of maternity leave benefits (1=yes; 0=no),SH.MMR.LEVE.GT,0
Puerto Rico,PRI,1978,The government administers 100 percent of maternity leave benefits (1=yes; 0=no),SH.MMR.LEVE.GT,0
Puerto Rico,PRI,1977,The government administers 100 percent of maternity leave benefits (1=yes; 0=no),SH.MMR.LEVE.GT,0
Puerto Rico,PRI,1976,The government administers 100 percent of maternity leave benefits (1=yes; 0=no),SH.MMR.LEVE.GT,0
Puerto Rico,PRI,1975,The government administers 100 percent of maternity leave benefits (1=yes; 0=no),SH.MMR.LEVE.GT,0
Puerto Rico,PRI,1974,The government administers 100 percent of maternity leave benefits (1=yes; 0=no),SH.MMR.LEVE.GT,0
Puerto Rico,PRI,1973,The government administers 100 percent of maternity leave benefits (1=yes; 0=no),SH.MMR.LEVE.GT,0
Puerto Rico,PRI,1972,The government administers 100 percent of maternity leave benefits (1=yes; 0=no),SH.MMR.LEVE.GT,0
Puerto Rico,PRI,1971,The government administers 100 percent of maternity leave benefits (1=yes; 0=no),SH.MMR.LEVE.GT,0
Puerto Rico,PRI,1970,The government administers 100 percent of maternity leave benefits (1=yes; 0=no),SH.MMR.LEVE.GT,0
Puerto Rico,PRI,2023,Length of paid shared parental leave (calendar days),SH.PAR.LEVE,0
Puerto Rico,PRI,2022,Length of paid shared parental leave (calendar days),SH.PAR.LEVE,0
Puerto Rico,PRI,2021,Length of paid shared parental leave (calendar days),SH.PAR.LEVE,0
Puerto Rico,PRI,2020,Length of paid shared parental leave (calendar days),SH.PAR.LEVE,0
Puerto Rico,PRI,2019,Length of paid shared parental leave (calendar days),SH.PAR.LEVE,0
Puerto Rico,PRI,2018,Length of paid shared parental leave (calendar days),SH.PAR.LEVE,0
Puerto Rico,PRI,2017,Length of paid shared parental leave (calendar days),SH.PAR.LEVE,0
Puerto Rico,PRI,2016,Length of paid shared parental leave (calendar days),SH.PAR.LEVE,0
Puerto Rico,PRI,2015,Length of paid shared parental leave (calendar days),SH.PAR.LEVE,0
Puerto Rico,PRI,2014,Length of paid shared parental leave (calendar days),SH.PAR.LEVE,0
Puerto Rico,PRI,2013,Length of paid shared parental leave (calendar days),SH.PAR.LEVE,0
Puerto Rico,PRI,2012,Length of paid shared parental leave (calendar days),SH.PAR.LEVE,0
Puerto Rico,PRI,2011,Length of paid shared parental leave (calendar days),SH.PAR.LEVE,0
Puerto Rico,PRI,2010,Length of paid shared parental leave (calendar days),SH.PAR.LEVE,0
Puerto Rico,PRI,2009,Length of paid shared parental leave (calendar days),SH.PAR.LEVE,0
Puerto Rico,PRI,2008,Length of paid shared parental leave (calendar days),SH.PAR.LEVE,0
Puerto Rico,PRI,2007,Length of paid shared parental leave (calendar days),SH.PAR.LEVE,0
Puerto Rico,PRI,2006,Length of paid shared parental leave (calendar days),SH.PAR.LEVE,0
Puerto Rico,PRI,2005,Length of paid shared parental leave (calendar days),SH.PAR.LEVE,0
Puerto Rico,PRI,2004,Length of paid shared parental leave (calendar days),SH.PAR.LEVE,0
Puerto Rico,PRI,2003,Length of paid shared parental leave (calendar days),SH.PAR.LEVE,0
Puerto Rico,PRI,2002,Length of paid shared parental leave (calendar days),SH.PAR.LEVE,0
Puerto Rico,PRI,2001,Length of paid shared parental leave (calendar days),SH.PAR.LEVE,0
Puerto Rico,PRI,2000,Length of paid shared parental leave (calendar days),SH.PAR.LEVE,0
Puerto Rico,PRI,1999,Length of paid shared parental leave (calendar days),SH.PAR.LEVE,0
Puerto Rico,PRI,1998,Length of paid shared parental leave (calendar days),SH.PAR.LEVE,0
Puerto Rico,PRI,1997,Length of paid shared parental leave (calendar days),SH.PAR.LEVE,0
Puerto Rico,PRI,1996,Length of paid shared parental leave (calendar days),SH.PAR.LEVE,0
Puerto Rico,PRI,1995,Length of paid shared parental leave (calendar days),SH.PAR.LEVE,0
Puerto Rico,PRI,1994,Length of paid shared parental leave (calendar days),SH.PAR.LEVE,0
Puerto Rico,PRI,1993,Length of paid shared parental leave (calendar days),SH.PAR.LEVE,0
Puerto Rico,PRI,1992,Length of paid shared parental leave (calendar days),SH.PAR.LEVE,0
Puerto Rico,PRI,1991,Length of paid shared parental leave (calendar days),SH.PAR.LEVE,0
Puerto Rico,PRI,1990,Length of paid shared parental leave (calendar days),SH.PAR.LEVE,0
Puerto Rico,PRI,1989,Length of paid shared parental leave (calendar days),SH.PAR.LEVE,0
Puerto Rico,PRI,1988,Length of paid shared parental leave (calendar days),SH.PAR.LEVE,0
Puerto Rico,PRI,1987,Length of paid shared parental leave (calendar days),SH.PAR.LEVE,0
Puerto Rico,PRI,1986,Length of paid shared parental leave (calendar days),SH.PAR.LEVE,0
Puerto Rico,PRI,1985,Length of paid shared parental leave (calendar days),SH.PAR.LEVE,0
Puerto Rico,PRI,1984,Length of paid shared parental leave (calendar days),SH.PAR.LEVE,0
Puerto Rico,PRI,1983,Length of paid shared parental leave (calendar days),SH.PAR.LEVE,0
Puerto Rico,PRI,1982,Length of paid shared parental leave (calendar days),SH.PAR.LEVE,0
Puerto Rico,PRI,1981,Length of paid shared parental leave (calendar days),SH.PAR.LEVE,0
Puerto Rico,PRI,1980,Length of paid shared parental leave (calendar days),SH.PAR.LEVE,0
Puerto Rico,PRI,1979,Length of paid shared parental leave (calendar days),SH.PAR.LEVE,0
Puerto Rico,PRI,1978,Length of paid shared parental leave (calendar days),SH.PAR.LEVE,0
Puerto Rico,PRI,1977,Length of paid shared parental leave (calendar days),SH.PAR.LEVE,0
Puerto Rico,PRI,1976,Length of paid shared parental leave (calendar days),SH.PAR.LEVE,0
Puerto Rico,PRI,1975,Length of paid shared parental leave (calendar days),SH.PAR.LEVE,0
Puerto Rico,PRI,1974,Length of paid shared parental leave (calendar days),SH.PAR.LEVE,0
Puerto Rico,PRI,1973,Length of paid shared parental leave (calendar days),SH.PAR.LEVE,0
Puerto Rico,PRI,1972,Length of paid shared parental leave (calendar days),SH.PAR.LEVE,0
Puerto Rico,PRI,1971,Length of paid shared parental leave (calendar days),SH.PAR.LEVE,0
Puerto Rico,PRI,1970,Length of paid shared parental leave (calendar days),SH.PAR.LEVE,0
Puerto Rico,PRI,2023,There is paid parental leave (1=yes; 0=no),SH.PAR.LEVE.AL,0
Puerto Rico,PRI,2022,There is paid parental leave (1=yes; 0=no),SH.PAR.LEVE.AL,0
Puerto Rico,PRI,2021,There is paid parental leave (1=yes; 0=no),SH.PAR.LEVE.AL,0
Puerto Rico,PRI,2020,There is paid parental leave (1=yes; 0=no),SH.PAR.LEVE.AL,0
Puerto Rico,PRI,2019,There is paid parental leave (1=yes; 0=no),SH.PAR.LEVE.AL,0
Puerto Rico,PRI,2018,There is paid parental leave (1=yes; 0=no),SH.PAR.LEVE.AL,0
Puerto Rico,PRI,2017,There is paid parental leave (1=yes; 0=no),SH.PAR.LEVE.AL,0
Puerto Rico,PRI,2016,There is paid parental leave (1=yes; 0=no),SH.PAR.LEVE.AL,0
Puerto Rico,PRI,2015,There is paid parental leave (1=yes; 0=no),SH.PAR.LEVE.AL,0
Puerto Rico,PRI,2014,There is paid parental leave (1=yes; 0=no),SH.PAR.LEVE.AL,0
Puerto Rico,PRI,2013,There is paid parental leave (1=yes; 0=no),SH.PAR.LEVE.AL,0
Puerto Rico,PRI,2012,There is paid parental leave (1=yes; 0=no),SH.PAR.LEVE.AL,0
Puerto Rico,PRI,2011,There is paid parental leave (1=yes; 0=no),SH.PAR.LEVE.AL,0
Puerto Rico,PRI,2010,There is paid parental leave (1=yes; 0=no),SH.PAR.LEVE.AL,0
Puerto Rico,PRI,2009,There is paid parental leave (1=yes; 0=no),SH.PAR.LEVE.AL,0
Puerto Rico,PRI,2008,There is paid parental leave (1=yes; 0=no),SH.PAR.LEVE.AL,0
Puerto Rico,PRI,2007,There is paid parental leave (1=yes; 0=no),SH.PAR.LEVE.AL,0
Puerto Rico,PRI,2006,There is paid parental leave (1=yes; 0=no),SH.PAR.LEVE.AL,0
Puerto Rico,PRI,2005,There is paid parental leave (1=yes; 0=no),SH.PAR.LEVE.AL,0
Puerto Rico,PRI,2004,There is paid parental leave (1=yes; 0=no),SH.PAR.LEVE.AL,0
Puerto Rico,PRI,2003,There is paid parental leave (1=yes; 0=no),SH.PAR.LEVE.AL,0
Puerto Rico,PRI,2002,There is paid parental leave (1=yes; 0=no),SH.PAR.LEVE.AL,0
Puerto Rico,PRI,2001,There is paid parental leave (1=yes; 0=no),SH.PAR.LEVE.AL,0
Puerto Rico,PRI,2000,There is paid parental leave (1=yes; 0=no),SH.PAR.LEVE.AL,0
Puerto Rico,PRI,1999,There is paid parental leave (1=yes; 0=no),SH.PAR.LEVE.AL,0
Puerto Rico,PRI,1998,There is paid parental leave (1=yes; 0=no),SH.PAR.LEVE.AL,0
Puerto Rico,PRI,1997,There is paid parental leave (1=yes; 0=no),SH.PAR.LEVE.AL,0
Puerto Rico,PRI,1996,There is paid parental leave (1=yes; 0=no),SH.PAR.LEVE.AL,0
Puerto Rico,PRI,1995,There is paid parental leave (1=yes; 0=no),SH.PAR.LEVE.AL,0
Puerto Rico,PRI,1994,There is paid parental leave (1=yes; 0=no),SH.PAR.LEVE.AL,0
Puerto Rico,PRI,1993,There is paid parental leave (1=yes; 0=no),SH.PAR.LEVE.AL,0
Puerto Rico,PRI,1992,There is paid parental leave (1=yes; 0=no),SH.PAR.LEVE.AL,0
Puerto Rico,PRI,1991,There is paid parental leave (1=yes; 0=no),SH.PAR.LEVE.AL,0
Puerto Rico,PRI,1990,There is paid parental leave (1=yes; 0=no),SH.PAR.LEVE.AL,0
Puerto Rico,PRI,1989,There is paid parental leave (1=yes; 0=no),SH.PAR.LEVE.AL,0
Puerto Rico,PRI,1988,There is paid parental leave (1=yes; 0=no),SH.PAR.LEVE.AL,0
Puerto Rico,PRI,1987,There is paid parental leave (1=yes; 0=no),SH.PAR.LEVE.AL,0
Puerto Rico,PRI,1986,There is paid parental leave (1=yes; 0=no),SH.PAR.LEVE.AL,0
Puerto Rico,PRI,1985,There is paid parental leave (1=yes; 0=no),SH.PAR.LEVE.AL,0
Puerto Rico,PRI,1984,There is paid parental leave (1=yes; 0=no),SH.PAR.LEVE.AL,0
Puerto Rico,PRI,1983,There is paid parental leave (1=yes; 0=no),SH.PAR.LEVE.AL,0
Puerto Rico,PRI,1982,There is paid parental leave (1=yes; 0=no),SH.PAR.LEVE.AL,0
Puerto Rico,PRI,1981,There is paid parental leave (1=yes; 0=no),SH.PAR.LEVE.AL,0
Puerto Rico,PRI,1980,There is paid parental leave (1=yes; 0=no),SH.PAR.LEVE.AL,0
Puerto Rico,PRI,1979,There is paid parental leave (1=yes; 0=no),SH.PAR.LEVE.AL,0
Puerto Rico,PRI,1978,There is paid parental leave (1=yes; 0=no),SH.PAR.LEVE.AL,0
Puerto Rico,PRI,1977,There is paid parental leave (1=yes; 0=no),SH.PAR.LEVE.AL,0
Puerto Rico,PRI,1976,There is paid parental leave (1=yes; 0=no),SH.PAR.LEVE.AL,0
Puerto Rico,PRI,1975,There is paid parental leave (1=yes; 0=no),SH.PAR.LEVE.AL,0
Puerto Rico,PRI,1974,There is paid parental leave (1=yes; 0=no),SH.PAR.LEVE.AL,0
Puerto Rico,PRI,1973,There is paid parental leave (1=yes; 0=no),SH.PAR.LEVE.AL,0
Puerto Rico,PRI,1972,There is paid parental leave (1=yes; 0=no),SH.PAR.LEVE.AL,0
Puerto Rico,PRI,1971,There is paid parental leave (1=yes; 0=no),SH.PAR.LEVE.AL,0
Puerto Rico,PRI,1970,There is paid parental leave (1=yes; 0=no),SH.PAR.LEVE.AL,0
Puerto Rico,PRI,2023,Length of paid parental leave for mother (calendar days),SH.PAR.LEVE.FE,0
Puerto Rico,PRI,2022,Length of paid parental leave for mother (calendar days),SH.PAR.LEVE.FE,0
Puerto Rico,PRI,2021,Length of paid parental leave for mother (calendar days),SH.PAR.LEVE.FE,0
Puerto Rico,PRI,2020,Length of paid parental leave for mother (calendar days),SH.PAR.LEVE.FE,0
Puerto Rico,PRI,2019,Length of paid parental leave for mother (calendar days),SH.PAR.LEVE.FE,0
Puerto Rico,PRI,2018,Length of paid parental leave for mother (calendar days),SH.PAR.LEVE.FE,0
Puerto Rico,PRI,2017,Length of paid parental leave for mother (calendar days),SH.PAR.LEVE.FE,0
Puerto Rico,PRI,2016,Length of paid parental leave for mother (calendar days),SH.PAR.LEVE.FE,0
Puerto Rico,PRI,2015,Length of paid parental leave for mother (calendar days),SH.PAR.LEVE.FE,0
Puerto Rico,PRI,2014,Length of paid parental leave for mother (calendar days),SH.PAR.LEVE.FE,0
Puerto Rico,PRI,2013,Length of paid parental leave for mother (calendar days),SH.PAR.LEVE.FE,0
Puerto Rico,PRI,2012,Length of paid parental leave for mother (calendar days),SH.PAR.LEVE.FE,0
Puerto Rico,PRI,2011,Length of paid parental leave for mother (calendar days),SH.PAR.LEVE.FE,0
Puerto Rico,PRI,2010,Length of paid parental leave for mother (calendar days),SH.PAR.LEVE.FE,0
Puerto Rico,PRI,2009,Length of paid parental leave for mother (calendar days),SH.PAR.LEVE.FE,0
Puerto Rico,PRI,2008,Length of paid parental leave for mother (calendar days),SH.PAR.LEVE.FE,0
Puerto Rico,PRI,2007,Length of paid parental leave for mother (calendar days),SH.PAR.LEVE.FE,0
Puerto Rico,PRI,2006,Length of paid parental leave for mother (calendar days),SH.PAR.LEVE.FE,0
Puerto Rico,PRI,2005,Length of paid parental leave for mother (calendar days),SH.PAR.LEVE.FE,0
Puerto Rico,PRI,2004,Length of paid parental leave for mother (calendar days),SH.PAR.LEVE.FE,0
Puerto Rico,PRI,2003,Length of paid parental leave for mother (calendar days),SH.PAR.LEVE.FE,0
Puerto Rico,PRI,2002,Length of paid parental leave for mother (calendar days),SH.PAR.LEVE.FE,0
Puerto Rico,PRI,2001,Length of paid parental leave for mother (calendar days),SH.PAR.LEVE.FE,0
Puerto Rico,PRI,2000,Length of paid parental leave for mother (calendar days),SH.PAR.LEVE.FE,0
Puerto Rico,PRI,1999,Length of paid parental leave for mother (calendar days),SH.PAR.LEVE.FE,0
Puerto Rico,PRI,1998,Length of paid parental leave for mother (calendar days),SH.PAR.LEVE.FE,0
Puerto Rico,PRI,1997,Length of paid parental leave for mother (calendar days),SH.PAR.LEVE.FE,0
Puerto Rico,PRI,1996,Length of paid parental leave for mother (calendar days),SH.PAR.LEVE.FE,0
Puerto Rico,PRI,1995,Length of paid parental leave for mother (calendar days),SH.PAR.LEVE.FE,0
Puerto Rico,PRI,1994,Length of paid parental leave for mother (calendar days),SH.PAR.LEVE.FE,0
Puerto Rico,PRI,1993,Length of paid parental leave for mother (calendar days),SH.PAR.LEVE.FE,0
Puerto Rico,PRI,1992,Length of paid parental leave for mother (calendar days),SH.PAR.LEVE.FE,0
Puerto Rico,PRI,1991,Length of paid parental leave for mother (calendar days),SH.PAR.LEVE.FE,0
Puerto Rico,PRI,1990,Length of paid parental leave for mother (calendar days),SH.PAR.LEVE.FE,0
Puerto Rico,PRI,1989,Length of paid parental leave for mother (calendar days),SH.PAR.LEVE.FE,0
Puerto Rico,PRI,1988,Length of paid parental leave for mother (calendar days),SH.PAR.LEVE.FE,0
Puerto Rico,PRI,1987,Length of paid parental leave for mother (calendar days),SH.PAR.LEVE.FE,0
Puerto Rico,PRI,1986,Length of paid parental leave for mother (calendar days),SH.PAR.LEVE.FE,0
Puerto Rico,PRI,1985,Length of paid parental leave for mother (calendar days),SH.PAR.LEVE.FE,0
Puerto Rico,PRI,1984,Length of paid parental leave for mother (calendar days),SH.PAR.LEVE.FE,0
Puerto Rico,PRI,1983,Length of paid parental leave for mother (calendar days),SH.PAR.LEVE.FE,0
Puerto Rico,PRI,1982,Length of paid parental leave for mother (calendar days),SH.PAR.LEVE.FE,0
Puerto Rico,PRI,1981,Length of paid parental leave for mother (calendar days),SH.PAR.LEVE.FE,0
Puerto Rico,PRI,1980,Length of paid parental leave for mother (calendar days),SH.PAR.LEVE.FE,0
Puerto Rico,PRI,1979,Length of paid parental leave for mother (calendar days),SH.PAR.LEVE.FE,0
Puerto Rico,PRI,1978,Length of paid parental leave for mother (calendar days),SH.PAR.LEVE.FE,0
Puerto Rico,PRI,1977,Length of paid parental leave for mother (calendar days),SH.PAR.LEVE.FE,0
Puerto Rico,PRI,1976,Length of paid parental leave for mother (calendar days),SH.PAR.LEVE.FE,0
Puerto Rico,PRI,1975,Length of paid parental leave for mother (calendar days),SH.PAR.LEVE.FE,0
Puerto Rico,PRI,1974,Length of paid parental leave for mother (calendar days),SH.PAR.LEVE.FE,0
Puerto Rico,PRI,1973,Length of paid parental leave for mother (calendar days),SH.PAR.LEVE.FE,0
Puerto Rico,PRI,1972,Length of paid parental leave for mother (calendar days),SH.PAR.LEVE.FE,0
Puerto Rico,PRI,1971,Length of paid parental leave for mother (calendar days),SH.PAR.LEVE.FE,0
Puerto Rico,PRI,1970,Length of paid parental leave for mother (calendar days),SH.PAR.LEVE.FE,0
Puerto Rico,PRI,2023,Length of paid parental leave for father (calendar days),SH.PAR.LEVE.MA,0
Puerto Rico,PRI,2022,Length of paid parental leave for father (calendar days),SH.PAR.LEVE.MA,0
Puerto Rico,PRI,2021,Length of paid parental leave for father (calendar days),SH.PAR.LEVE.MA,0
Puerto Rico,PRI,2020,Length of paid parental leave for father (calendar days),SH.PAR.LEVE.MA,0
Puerto Rico,PRI,2019,Length of paid parental leave for father (calendar days),SH.PAR.LEVE.MA,0
Puerto Rico,PRI,2018,Length of paid parental leave for father (calendar days),SH.PAR.LEVE.MA,0
Puerto Rico,PRI,2017,Length of paid parental leave for father (calendar days),SH.PAR.LEVE.MA,0
Puerto Rico,PRI,2016,Length of paid parental leave for father (calendar days),SH.PAR.LEVE.MA,0
Puerto Rico,PRI,2015,Length of paid parental leave for father (calendar days),SH.PAR.LEVE.MA,0
Puerto Rico,PRI,2014,Length of paid parental leave for father (calendar days),SH.PAR.LEVE.MA,0
Puerto Rico,PRI,2013,Length of paid parental leave for father (calendar days),SH.PAR.LEVE.MA,0
Puerto Rico,PRI,2012,Length of paid parental leave for father (calendar days),SH.PAR.LEVE.MA,0
Puerto Rico,PRI,2011,Length of paid parental leave for father (calendar days),SH.PAR.LEVE.MA,0
Puerto Rico,PRI,2010,Length of paid parental leave for father (calendar days),SH.PAR.LEVE.MA,0
Puerto Rico,PRI,2009,Length of paid parental leave for father (calendar days),SH.PAR.LEVE.MA,0
Puerto Rico,PRI,2008,Length of paid parental leave for father (calendar days),SH.PAR.LEVE.MA,0
Puerto Rico,PRI,2007,Length of paid parental leave for father (calendar days),SH.PAR.LEVE.MA,0
Puerto Rico,PRI,2006,Length of paid parental leave for father (calendar days),SH.PAR.LEVE.MA,0
Puerto Rico,PRI,2005,Length of paid parental leave for father (calendar days),SH.PAR.LEVE.MA,0
Puerto Rico,PRI,2004,Length of paid parental leave for father (calendar days),SH.PAR.LEVE.MA,0
Puerto Rico,PRI,2003,Length of paid parental leave for father (calendar days),SH.PAR.LEVE.MA,0
Puerto Rico,PRI,2002,Length of paid parental leave for father (calendar days),SH.PAR.LEVE.MA,0
Puerto Rico,PRI,2001,Length of paid parental leave for father (calendar days),SH.PAR.LEVE.MA,0
Puerto Rico,PRI,2000,Length of paid parental leave for father (calendar days),SH.PAR.LEVE.MA,0
Puerto Rico,PRI,1999,Length of paid parental leave for father (calendar days),SH.PAR.LEVE.MA,0
Puerto Rico,PRI,1998,Length of paid parental leave for father (calendar days),SH.PAR.LEVE.MA,0
Puerto Rico,PRI,1997,Length of paid parental leave for father (calendar days),SH.PAR.LEVE.MA,0
Puerto Rico,PRI,1996,Length of paid parental leave for father (calendar days),SH.PAR.LEVE.MA,0
Puerto Rico,PRI,1995,Length of paid parental leave for father (calendar days),SH.PAR.LEVE.MA,0
Puerto Rico,PRI,1994,Length of paid parental leave for father (calendar days),SH.PAR.LEVE.MA,0
Puerto Rico,PRI,1993,Length of paid parental leave for father (calendar days),SH.PAR.LEVE.MA,0
Puerto Rico,PRI,1992,Length of paid parental leave for father (calendar days),SH.PAR.LEVE.MA,0
Puerto Rico,PRI,1991,Length of paid parental leave for father (calendar days),SH.PAR.LEVE.MA,0
Puerto Rico,PRI,1990,Length of paid parental leave for father (calendar days),SH.PAR.LEVE.MA,0
Puerto Rico,PRI,1989,Length of paid parental leave for father (calendar days),SH.PAR.LEVE.MA,0
Puerto Rico,PRI,1988,Length of paid parental leave for father (calendar days),SH.PAR.LEVE.MA,0
Puerto Rico,PRI,1987,Length of paid parental leave for father (calendar days),SH.PAR.LEVE.MA,0
Puerto Rico,PRI,1986,Length of paid parental leave for father (calendar days),SH.PAR.LEVE.MA,0
Puerto Rico,PRI,1985,Length of paid parental leave for father (calendar days),SH.PAR.LEVE.MA,0
Puerto Rico,PRI,1984,Length of paid parental leave for father (calendar days),SH.PAR.LEVE.MA,0
Puerto Rico,PRI,1983,Length of paid parental leave for father (calendar days),SH.PAR.LEVE.MA,0
Puerto Rico,PRI,1982,Length of paid parental leave for father (calendar days),SH.PAR.LEVE.MA,0
Puerto Rico,PRI,1981,Length of paid parental leave for father (calendar days),SH.PAR.LEVE.MA,0
Puerto Rico,PRI,1980,Length of paid parental leave for father (calendar days),SH.PAR.LEVE.MA,0
Puerto Rico,PRI,1979,Length of paid parental leave for father (calendar days),SH.PAR.LEVE.MA,0
Puerto Rico,PRI,1978,Length of paid parental leave for father (calendar days),SH.PAR.LEVE.MA,0
Puerto Rico,PRI,1977,Length of paid parental leave for father (calendar days),SH.PAR.LEVE.MA,0
Puerto Rico,PRI,1976,Length of paid parental leave for father (calendar days),SH.PAR.LEVE.MA,0
Puerto Rico,PRI,1975,Length of paid parental leave for father (calendar days),SH.PAR.LEVE.MA,0
Puerto Rico,PRI,1974,Length of paid parental leave for father (calendar days),SH.PAR.LEVE.MA,0
Puerto Rico,PRI,1973,Length of paid parental leave for father (calendar days),SH.PAR.LEVE.MA,0
Puerto Rico,PRI,1972,Length of paid parental leave for father (calendar days),SH.PAR.LEVE.MA,0
Puerto Rico,PRI,1971,Length of paid parental leave for father (calendar days),SH.PAR.LEVE.MA,0
Puerto Rico,PRI,1970,Length of paid parental leave for father (calendar days),SH.PAR.LEVE.MA,0
Puerto Rico,PRI,2023,Length of paid paternity leave (calendar days),SH.PTR.LEVE,0
Puerto Rico,PRI,2022,Length of paid paternity leave (calendar days),SH.PTR.LEVE,0
Puerto Rico,PRI,2021,Length of paid paternity leave (calendar days),SH.PTR.LEVE,0
Puerto Rico,PRI,2020,Length of paid paternity leave (calendar days),SH.PTR.LEVE,0
Puerto Rico,PRI,2019,Length of paid paternity leave (calendar days),SH.PTR.LEVE,0
Puerto Rico,PRI,2018,Length of paid paternity leave (calendar days),SH.PTR.LEVE,0
Puerto Rico,PRI,2017,Length of paid paternity leave (calendar days),SH.PTR.LEVE,0
Puerto Rico,PRI,2016,Length of paid paternity leave (calendar days),SH.PTR.LEVE,0
Puerto Rico,PRI,2015,Length of paid paternity leave (calendar days),SH.PTR.LEVE,0
Puerto Rico,PRI,2014,Length of paid paternity leave (calendar days),SH.PTR.LEVE,0
Puerto Rico,PRI,2013,Length of paid paternity leave (calendar days),SH.PTR.LEVE,0
Puerto Rico,PRI,2012,Length of paid paternity leave (calendar days),SH.PTR.LEVE,0
Puerto Rico,PRI,2011,Length of paid paternity leave (calendar days),SH.PTR.LEVE,0
Puerto Rico,PRI,2010,Length of paid paternity leave (calendar days),SH.PTR.LEVE,0
Puerto Rico,PRI,2009,Length of paid paternity leave (calendar days),SH.PTR.LEVE,0
Puerto Rico,PRI,2008,Length of paid paternity leave (calendar days),SH.PTR.LEVE,0
Puerto Rico,PRI,2007,Length of paid paternity leave (calendar days),SH.PTR.LEVE,0
Puerto Rico,PRI,2006,Length of paid paternity leave (calendar days),SH.PTR.LEVE,0
Puerto Rico,PRI,2005,Length of paid paternity leave (calendar days),SH.PTR.LEVE,0
Puerto Rico,PRI,2004,Length of paid paternity leave (calendar days),SH.PTR.LEVE,0
Puerto Rico,PRI,2003,Length of paid paternity leave (calendar days),SH.PTR.LEVE,0
Puerto Rico,PRI,2002,Length of paid paternity leave (calendar days),SH.PTR.LEVE,0
Puerto Rico,PRI,2001,Length of paid paternity leave (calendar days),SH.PTR.LEVE,0
Puerto Rico,PRI,2000,Length of paid paternity leave (calendar days),SH.PTR.LEVE,0
Puerto Rico,PRI,1999,Length of paid paternity leave (calendar days),SH.PTR.LEVE,0
Puerto Rico,PRI,1998,Length of paid paternity leave (calendar days),SH.PTR.LEVE,0
Puerto Rico,PRI,1997,Length of paid paternity leave (calendar days),SH.PTR.LEVE,0
Puerto Rico,PRI,1996,Length of paid paternity leave (calendar days),SH.PTR.LEVE,0
Puerto Rico,PRI,1995,Length of paid paternity leave (calendar days),SH.PTR.LEVE,0
Puerto Rico,PRI,1994,Length of paid paternity leave (calendar days),SH.PTR.LEVE,0
Puerto Rico,PRI,1993,Length of paid paternity leave (calendar days),SH.PTR.LEVE,0
Puerto Rico,PRI,1992,Length of paid paternity leave (calendar days),SH.PTR.LEVE,0
Puerto Rico,PRI,1991,Length of paid paternity leave (calendar days),SH.PTR.LEVE,0
Puerto Rico,PRI,1990,Length of paid paternity leave (calendar days),SH.PTR.LEVE,0
Puerto Rico,PRI,1989,Length of paid paternity leave (calendar days),SH.PTR.LEVE,0
Puerto Rico,PRI,1988,Length of paid paternity leave (calendar days),SH.PTR.LEVE,0
Puerto Rico,PRI,1987,Length of paid paternity leave (calendar days),SH.PTR.LEVE,0
Puerto Rico,PRI,1986,Length of paid paternity leave (calendar days),SH.PTR.LEVE,0
Puerto Rico,PRI,1985,Length of paid paternity leave (calendar days),SH.PTR.LEVE,0
Puerto Rico,PRI,1984,Length of paid paternity leave (calendar days),SH.PTR.LEVE,0
Puerto Rico,PRI,1983,Length of paid paternity leave (calendar days),SH.PTR.LEVE,0
Puerto Rico,PRI,1982,Length of paid paternity leave (calendar days),SH.PTR.LEVE,0
Puerto Rico,PRI,1981,Length of paid paternity leave (calendar days),SH.PTR.LEVE,0
Puerto Rico,PRI,1980,Length of paid paternity leave (calendar days),SH.PTR.LEVE,0
Puerto Rico,PRI,1979,Length of paid paternity leave (calendar days),SH.PTR.LEVE,0
Puerto Rico,PRI,1978,Length of paid paternity leave (calendar days),SH.PTR.LEVE,0
Puerto Rico,PRI,1977,Length of paid paternity leave (calendar days),SH.PTR.LEVE,0
Puerto Rico,PRI,1976,Length of paid paternity leave (calendar days),SH.PTR.LEVE,0
Puerto Rico,PRI,1975,Length of paid paternity leave (calendar days),SH.PTR.LEVE,0
Puerto Rico,PRI,1974,Length of paid paternity leave (calendar days),SH.PTR.LEVE,0
Puerto Rico,PRI,1973,Length of paid paternity leave (calendar days),SH.PTR.LEVE,0
Puerto Rico,PRI,1972,Length of paid paternity leave (calendar days),SH.PTR.LEVE,0
Puerto Rico,PRI,1971,Length of paid paternity leave (calendar days),SH.PTR.LEVE,0
Puerto Rico,PRI,1970,Length of paid paternity leave (calendar days),SH.PTR.LEVE,0
Puerto Rico,PRI,2023,Paid leave is available to fathers (1=yes; 0=no),SH.PTR.LEVE.AL,0
Puerto Rico,PRI,2022,Paid leave is available to fathers (1=yes; 0=no),SH.PTR.LEVE.AL,0
Puerto Rico,PRI,2021,Paid leave is available to fathers (1=yes; 0=no),SH.PTR.LEVE.AL,0
Puerto Rico,PRI,2020,Paid leave is available to fathers (1=yes; 0=no),SH.PTR.LEVE.AL,0
Puerto Rico,PRI,2019,Paid leave is available to fathers (1=yes; 0=no),SH.PTR.LEVE.AL,0
Puerto Rico,PRI,2018,Paid leave is available to fathers (1=yes; 0=no),SH.PTR.LEVE.AL,0
Puerto Rico,PRI,2017,Paid leave is available to fathers (1=yes; 0=no),SH.PTR.LEVE.AL,0
Puerto Rico,PRI,2016,Paid leave is available to fathers (1=yes; 0=no),SH.PTR.LEVE.AL,0
Puerto Rico,PRI,2015,Paid leave is available to fathers (1=yes; 0=no),SH.PTR.LEVE.AL,0
Puerto Rico,PRI,2014,Paid leave is available to fathers (1=yes; 0=no),SH.PTR.LEVE.AL,0
Puerto Rico,PRI,2013,Paid leave is available to fathers (1=yes; 0=no),SH.PTR.LEVE.AL,0
Puerto Rico,PRI,2012,Paid leave is available to fathers (1=yes; 0=no),SH.PTR.LEVE.AL,0
Puerto Rico,PRI,2011,Paid leave is available to fathers (1=yes; 0=no),SH.PTR.LEVE.AL,0
Puerto Rico,PRI,2010,Paid leave is available to fathers (1=yes; 0=no),SH.PTR.LEVE.AL,0
Puerto Rico,PRI,2009,Paid leave is available to fathers (1=yes; 0=no),SH.PTR.LEVE.AL,0
Puerto Rico,PRI,2008,Paid leave is available to fathers (1=yes; 0=no),SH.PTR.LEVE.AL,0
Puerto Rico,PRI,2007,Paid leave is available to fathers (1=yes; 0=no),SH.PTR.LEVE.AL,0
Puerto Rico,PRI,2006,Paid leave is available to fathers (1=yes; 0=no),SH.PTR.LEVE.AL,0
Puerto Rico,PRI,2005,Paid leave is available to fathers (1=yes; 0=no),SH.PTR.LEVE.AL,0
Puerto Rico,PRI,2004,Paid leave is available to fathers (1=yes; 0=no),SH.PTR.LEVE.AL,0
Puerto Rico,PRI,2003,Paid leave is available to fathers (1=yes; 0=no),SH.PTR.LEVE.AL,0
Puerto Rico,PRI,2002,Paid leave is available to fathers (1=yes; 0=no),SH.PTR.LEVE.AL,0
Puerto Rico,PRI,2001,Paid leave is available to fathers (1=yes; 0=no),SH.PTR.LEVE.AL,0
Puerto Rico,PRI,2000,Paid leave is available to fathers (1=yes; 0=no),SH.PTR.LEVE.AL,0
Puerto Rico,PRI,1999,Paid leave is available to fathers (1=yes; 0=no),SH.PTR.LEVE.AL,0
Puerto Rico,PRI,1998,Paid leave is available to fathers (1=yes; 0=no),SH.PTR.LEVE.AL,0
Puerto Rico,PRI,1997,Paid leave is available to fathers (1=yes; 0=no),SH.PTR.LEVE.AL,0
Puerto Rico,PRI,1996,Paid leave is available to fathers (1=yes; 0=no),SH.PTR.LEVE.AL,0
Puerto Rico,PRI,1995,Paid leave is available to fathers (1=yes; 0=no),SH.PTR.LEVE.AL,0
Puerto Rico,PRI,1994,Paid leave is available to fathers (1=yes; 0=no),SH.PTR.LEVE.AL,0
Puerto Rico,PRI,1993,Paid leave is available to fathers (1=yes; 0=no),SH.PTR.LEVE.AL,0
Puerto Rico,PRI,1992,Paid leave is available to fathers (1=yes; 0=no),SH.PTR.LEVE.AL,0
Puerto Rico,PRI,1991,Paid leave is available to fathers (1=yes; 0=no),SH.PTR.LEVE.AL,0
Puerto Rico,PRI,1990,Paid leave is available to fathers (1=yes; 0=no),SH.PTR.LEVE.AL,0
Puerto Rico,PRI,1989,Paid leave is available to fathers (1=yes; 0=no),SH.PTR.LEVE.AL,0
Puerto Rico,PRI,1988,Paid leave is available to fathers (1=yes; 0=no),SH.PTR.LEVE.AL,0
Puerto Rico,PRI,1987,Paid leave is available to fathers (1=yes; 0=no),SH.PTR.LEVE.AL,0
Puerto Rico,PRI,1986,Paid leave is available to fathers (1=yes; 0=no),SH.PTR.LEVE.AL,0
Puerto Rico,PRI,1985,Paid leave is available to fathers (1=yes; 0=no),SH.PTR.LEVE.AL,0
Puerto Rico,PRI,1984,Paid leave is available to fathers (1=yes; 0=no),SH.PTR.LEVE.AL,0
Puerto Rico,PRI,1983,Paid leave is available to fathers (1=yes; 0=no),SH.PTR.LEVE.AL,0
Puerto Rico,PRI,1982,Paid leave is available to fathers (1=yes; 0=no),SH.PTR.LEVE.AL,0
Puerto Rico,PRI,1981,Paid leave is available to fathers (1=yes; 0=no),SH.PTR.LEVE.AL,0
Puerto Rico,PRI,1980,Paid leave is available to fathers (1=yes; 0=no),SH.PTR.LEVE.AL,0
Puerto Rico,PRI,1979,Paid leave is available to fathers (1=yes; 0=no),SH.PTR.LEVE.AL,0
Puerto Rico,PRI,1978,Paid leave is available to fathers (1=yes; 0=no),SH.PTR.LEVE.AL,0
Puerto Rico,PRI,1977,Paid leave is available to fathers (1=yes; 0=no),SH.PTR.LEVE.AL,0
Puerto Rico,PRI,1976,Paid leave is available to fathers (1=yes; 0=no),SH.PTR.LEVE.AL,0
Puerto Rico,PRI,1975,Paid leave is available to fathers (1=yes; 0=no),SH.PTR.LEVE.AL,0
Puerto Rico,PRI,1974,Paid leave is available to fathers (1=yes; 0=no),SH.PTR.LEVE.AL,0
Puerto Rico,PRI,1973,Paid leave is available to fathers (1=yes; 0=no),SH.PTR.LEVE.AL,0
Puerto Rico,PRI,1972,Paid leave is available to fathers (1=yes; 0=no),SH.PTR.LEVE.AL,0
Puerto Rico,PRI,1971,Paid leave is available to fathers (1=yes; 0=no),SH.PTR.LEVE.AL,0
Puerto Rico,PRI,1970,Paid leave is available to fathers (1=yes; 0=no),SH.PTR.LEVE.AL,0
Puerto Rico,PRI,2024,"Labor force, female",SL.TLF.TOTL.FE.IN,490072
Puerto Rico,PRI,2023,"Labor force, female",SL.TLF.TOTL.FE.IN,490224
Puerto Rico,PRI,2022,"Labor force, female",SL.TLF.TOTL.FE.IN,493776
Puerto Rico,PRI,2021,"Labor force, female",SL.TLF.TOTL.FE.IN,483011
Puerto Rico,PRI,2020,"Labor force, female",SL.TLF.TOTL.FE.IN,494861
Puerto Rico,PRI,2019,"Labor force, female",SL.TLF.TOTL.FE.IN,481749
Puerto Rico,PRI,2018,"Labor force, female",SL.TLF.TOTL.FE.IN,470274
Puerto Rico,PRI,2017,"Labor force, female",SL.TLF.TOTL.FE.IN,479787
Puerto Rico,PRI,2016,"Labor force, female",SL.TLF.TOTL.FE.IN,489189
Puerto Rico,PRI,2015,"Labor force, female",SL.TLF.TOTL.FE.IN,491794
Puerto Rico,PRI,2014,"Labor force, female",SL.TLF.TOTL.FE.IN,500437
Puerto Rico,PRI,2013,"Labor force, female",SL.TLF.TOTL.FE.IN,508657
Puerto Rico,PRI,2012,"Labor force, female",SL.TLF.TOTL.FE.IN,514556
Puerto Rico,PRI,2011,"Labor force, female",SL.TLF.TOTL.FE.IN,520964
Puerto Rico,PRI,2010,"Labor force, female",SL.TLF.TOTL.FE.IN,536240
Puerto Rico,PRI,2009,"Labor force, female",SL.TLF.TOTL.FE.IN,551975
Puerto Rico,PRI,2008,"Labor force, female",SL.TLF.TOTL.FE.IN,572210
Puerto Rico,PRI,2007,"Labor force, female",SL.TLF.TOTL.FE.IN,585666
Puerto Rico,PRI,2006,"Labor force, female",SL.TLF.TOTL.FE.IN,599766
Puerto Rico,PRI,2005,"Labor force, female",SL.TLF.TOTL.FE.IN,593152
Puerto Rico,PRI,2004,"Labor force, female",SL.TLF.TOTL.FE.IN,569515
Puerto Rico,PRI,2003,"Labor force, female",SL.TLF.TOTL.FE.IN,573973
Puerto Rico,PRI,2002,"Labor force, female",SL.TLF.TOTL.FE.IN,559289
Puerto Rico,PRI,2001,"Labor force, female",SL.TLF.TOTL.FE.IN,546358
Puerto Rico,PRI,2000,"Labor force, female",SL.TLF.TOTL.FE.IN,533447
Puerto Rico,PRI,1999,"Labor force, female",SL.TLF.TOTL.FE.IN,554884
Puerto Rico,PRI,1998,"Labor force, female",SL.TLF.TOTL.FE.IN,525222
Puerto Rico,PRI,1997,"Labor force, female",SL.TLF.TOTL.FE.IN,521936
Puerto Rico,PRI,1996,"Labor force, female",SL.TLF.TOTL.FE.IN,501477
Puerto Rico,PRI,1995,"Labor force, female",SL.TLF.TOTL.FE.IN,486227
Puerto Rico,PRI,1994,"Labor force, female",SL.TLF.TOTL.FE.IN,482131
Puerto Rico,PRI,1993,"Labor force, female",SL.TLF.TOTL.FE.IN,477943
Puerto Rico,PRI,1992,"Labor force, female",SL.TLF.TOTL.FE.IN,442562
Puerto Rico,PRI,1991,"Labor force, female",SL.TLF.TOTL.FE.IN,426431
Puerto Rico,PRI,1990,"Labor force, female",SL.TLF.TOTL.FE.IN,413270
Puerto Rico,PRI,2008,Ratio of female to male youth unemployment rate (%) (national estimate),SL.UEM.1524.FM.NE.ZS,74.2053343076361
Puerto Rico,PRI,2007,Ratio of female to male youth unemployment rate (%) (national estimate),SL.UEM.1524.FM.NE.ZS,78.4919653893696
Puerto Rico,PRI,2006,Ratio of female to male youth unemployment rate (%) (national estimate),SL.UEM.1524.FM.NE.ZS,94.7829899167032
Puerto Rico,PRI,2005,Ratio of female to male youth unemployment rate (%) (national estimate),SL.UEM.1524.FM.NE.ZS,84.3611446997179
Puerto Rico,PRI,2004,Ratio of female to male youth unemployment rate (%) (national estimate),SL.UEM.1524.FM.NE.ZS,87.0658135283364
Puerto Rico,PRI,2003,Ratio of female to male youth unemployment rate (%) (national estimate),SL.UEM.1524.FM.NE.ZS,95.0392724266226
Puerto Rico,PRI,2002,Ratio of female to male youth unemployment rate (%) (national estimate),SL.UEM.1524.FM.NE.ZS,97.8723404255319
Puerto Rico,PRI,2000,Ratio of female to male youth unemployment rate (%) (national estimate),SL.UEM.1524.FM.NE.ZS,68.7955422203172
Puerto Rico,PRI,1999,Ratio of female to male youth unemployment rate (%) (national estimate),SL.UEM.1524.FM.NE.ZS,78.7585650947199
Puerto Rico,PRI,1998,Ratio of female to male youth unemployment rate (%) (national estimate),SL.UEM.1524.FM.NE.ZS,96.8241365621278
Puerto Rico,PRI,1997,Ratio of female to male youth unemployment rate (%) (national estimate),SL.UEM.1524.FM.NE.ZS,86.0878661087866
Puerto Rico,PRI,1996,Ratio of female to male youth unemployment rate (%) (national estimate),SL.UEM.1524.FM.NE.ZS,88.4602135721667
Puerto Rico,PRI,1995,Ratio of female to male youth unemployment rate (%) (national estimate),SL.UEM.1524.FM.NE.ZS,82.2096717260854
Puerto Rico,PRI,1993,Ratio of female to male youth unemployment rate (%) (national estimate),SL.UEM.1524.FM.NE.ZS,74.4269127716582
Puerto Rico,PRI,1992,Ratio of female to male youth unemployment rate (%) (national estimate),SL.UEM.1524.FM.NE.ZS,87.1874121944366
Puerto Rico,PRI,1991,Ratio of female to male youth unemployment rate (%) (national estimate),SL.UEM.1524.FM.NE.ZS,95.9136690647482
Puerto Rico,PRI,1990,Ratio of female to male youth unemployment rate (%) (national estimate),SL.UEM.1524.FM.NE.ZS,82.7782778277828
Puerto Rico,PRI,1988,Ratio of female to male youth unemployment rate (%) (national estimate),SL.UEM.1524.FM.NE.ZS,83.4503239740821
Puerto Rico,PRI,1987,Ratio of female to male youth unemployment rate (%) (national estimate),SL.UEM.1524.FM.NE.ZS,102.405498281787
Puerto Rico,PRI,1986,Ratio of female to male youth unemployment rate (%) (national estimate),SL.UEM.1524.FM.NE.ZS,88.3416177135111
Puerto Rico,PRI,1985,Ratio of female to male youth unemployment rate (%) (national estimate),SL.UEM.1524.FM.NE.ZS,79.1907514450867
Puerto Rico,PRI,1984,Ratio of female to male youth unemployment rate (%) (national estimate),SL.UEM.1524.FM.NE.ZS,80.4047838086477
Puerto Rico,PRI,1983,Ratio of female to male youth unemployment rate (%) (national estimate),SL.UEM.1524.FM.NE.ZS,81.5433571996818
Puerto Rico,PRI,1982,Ratio of female to male youth unemployment rate (%) (national estimate),SL.UEM.1524.FM.NE.ZS,66.2557077625571
Puerto Rico,PRI,1981,Ratio of female to male youth unemployment rate (%) (national estimate),SL.UEM.1524.FM.NE.ZS,64.8740310077519
Puerto Rico,PRI,1979,Ratio of female to male youth unemployment rate (%) (national estimate),SL.UEM.1524.FM.NE.ZS,64.9255827014884
Puerto Rico,PRI,1978,Ratio of female to male youth unemployment rate (%) (national estimate),SL.UEM.1524.FM.NE.ZS,72.3717623158964
Puerto Rico,PRI,1977,Ratio of female to male youth unemployment rate (%) (national estimate),SL.UEM.1524.FM.NE.ZS,69.8820754716981
Puerto Rico,PRI,1976,Ratio of female to male youth unemployment rate (%) (national estimate),SL.UEM.1524.FM.NE.ZS,76.0761999010391
Puerto Rico,PRI,2024,Ratio of female to male youth unemployment rate (% ages 15-24) (modeled ILO estimate),SL.UEM.1524.FM.ZS,70.071530758226
Puerto Rico,PRI,2023,Ratio of female to male youth unemployment rate (% ages 15-24) (modeled ILO estimate),SL.UEM.1524.FM.ZS,69.0853242320819
Puerto Rico,PRI,2022,Ratio of female to male youth unemployment rate (% ages 15-24) (modeled ILO estimate),SL.UEM.1524.FM.ZS,68.914591910083
Puerto Rico,PRI,2021,Ratio of female to male youth unemployment rate (% ages 15-24) (modeled ILO estimate),SL.UEM.1524.FM.ZS,73.5192563081009
Puerto Rico,PRI,2020,Ratio of female to male youth unemployment rate (% ages 15-24) (modeled ILO estimate),SL.UEM.1524.FM.ZS,70.8245533669263
Puerto Rico,PRI,2019,Ratio of female to male youth unemployment rate (% ages 15-24) (modeled ILO estimate),SL.UEM.1524.FM.ZS,69.3338456366169
Puerto Rico,PRI,2018,Ratio of female to male youth unemployment rate (% ages 15-24) (modeled ILO estimate),SL.UEM.1524.FM.ZS,69.2240703648872
Puerto Rico,PRI,2017,Ratio of female to male youth unemployment rate (% ages 15-24) (modeled ILO estimate),SL.UEM.1524.FM.ZS,69.0826434062685
Puerto Rico,PRI,2016,Ratio of female to male youth unemployment rate (% ages 15-24) (modeled ILO estimate),SL.UEM.1524.FM.ZS,68.76981182977
Puerto Rico,PRI,2015,Ratio of female to male youth unemployment rate (% ages 15-24) (modeled ILO estimate),SL.UEM.1524.FM.ZS,68.6049595544357
Puerto Rico,PRI,2014,Ratio of female to male youth unemployment rate (% ages 15-24) (modeled ILO estimate),SL.UEM.1524.FM.ZS,70.0430349767496
Puerto Rico,PRI,2013,Ratio of female to male youth unemployment rate (% ages 15-24) (modeled ILO estimate),SL.UEM.1524.FM.ZS,71.3395462142028
Puerto Rico,PRI,2012,Ratio of female to male youth unemployment rate (% ages 15-24) (modeled ILO estimate),SL.UEM.1524.FM.ZS,72.4835053290475
Puerto Rico,PRI,2011,Ratio of female to male youth unemployment rate (% ages 15-24) (modeled ILO estimate),SL.UEM.1524.FM.ZS,68.8740870280835
Puerto Rico,PRI,2010,Ratio of female to male youth unemployment rate (% ages 15-24) (modeled ILO estimate),SL.UEM.1524.FM.ZS,66.0491371164271
Puerto Rico,PRI,2009,Ratio of female to male youth unemployment rate (% ages 15-24) (modeled ILO estimate),SL.UEM.1524.FM.ZS,72.0316768301095
Puerto Rico,PRI,2008,Ratio of female to male youth unemployment rate (% ages 15-24) (modeled ILO estimate),SL.UEM.1524.FM.ZS,73.4771711888417
Puerto Rico,PRI,2007,Ratio of female to male youth unemployment rate (% ages 15-24) (modeled ILO estimate),SL.UEM.1524.FM.ZS,78.0804953560371
Puerto Rico,PRI,2006,Ratio of female to male youth unemployment rate (% ages 15-24) (modeled ILO estimate),SL.UEM.1524.FM.ZS,94.1023191175193
Puerto Rico,PRI,2005,Ratio of female to male youth unemployment rate (% ages 15-24) (modeled ILO estimate),SL.UEM.1524.FM.ZS,83.5428435038587
Puerto Rico,PRI,2004,Ratio of female to male youth unemployment rate (% ages 15-24) (modeled ILO estimate),SL.UEM.1524.FM.ZS,86.6772823779193
Puerto Rico,PRI,2003,Ratio of female to male youth unemployment rate (% ages 15-24) (modeled ILO estimate),SL.UEM.1524.FM.ZS,94.963877688172
Puerto Rico,PRI,2002,Ratio of female to male youth unemployment rate (% ages 15-24) (modeled ILO estimate),SL.UEM.1524.FM.ZS,97.7436899804538
Puerto Rico,PRI,2001,Ratio of female to male youth unemployment rate (% ages 15-24) (modeled ILO estimate),SL.UEM.1524.FM.ZS,83.4441161989168
Puerto Rico,PRI,2000,Ratio of female to male youth unemployment rate (% ages 15-24) (modeled ILO estimate),SL.UEM.1524.FM.ZS,68.8742004264392
Puerto Rico,PRI,1999,Ratio of female to male youth unemployment rate (% ages 15-24) (modeled ILO estimate),SL.UEM.1524.FM.ZS,78.8226330352488
Puerto Rico,PRI,1998,Ratio of female to male youth unemployment rate (% ages 15-24) (modeled ILO estimate),SL.UEM.1524.FM.ZS,97.0412103065164
Puerto Rico,PRI,1997,Ratio of female to male youth unemployment rate (% ages 15-24) (modeled ILO estimate),SL.UEM.1524.FM.ZS,86.0453803120331
Puerto Rico,PRI,1996,Ratio of female to male youth unemployment rate (% ages 15-24) (modeled ILO estimate),SL.UEM.1524.FM.ZS,88.1791986827662
Puerto Rico,PRI,1995,Ratio of female to male youth unemployment rate (% ages 15-24) (modeled ILO estimate),SL.UEM.1524.FM.ZS,81.5295562182073
Puerto Rico,PRI,1994,Ratio of female to male youth unemployment rate (% ages 15-24) (modeled ILO estimate),SL.UEM.1524.FM.ZS,77.3449408895362
Puerto Rico,PRI,1993,Ratio of female to male youth unemployment rate (% ages 15-24) (modeled ILO estimate),SL.UEM.1524.FM.ZS,73.824906644538
Puerto Rico,PRI,1992,Ratio of female to male youth unemployment rate (% ages 15-24) (modeled ILO estimate),SL.UEM.1524.FM.ZS,86.3081094680345
Puerto Rico,PRI,1991,Ratio of female to male youth unemployment rate (% ages 15-24) (modeled ILO estimate),SL.UEM.1524.FM.ZS,95.2735672008084
Puerto Rico,PRI,2023,"Life expectancy at age 60, female (years)",SP.DYN.LE60.FE.IN,27.2538
Puerto Rico,PRI,2022,"Life expectancy at age 60, female (years)",SP.DYN.LE60.FE.IN,26.5908
Puerto Rico,PRI,2021,"Life expectancy at age 60, female (years)",SP.DYN.LE60.FE.IN,26.8187
Puerto Rico,PRI,2020,"Life expectancy at age 60, female (years)",SP.DYN.LE60.FE.IN,26.926
Puerto Rico,PRI,2019,"Life expectancy at age 60, female (years)",SP.DYN.LE60.FE.IN,27.301
Puerto Rico,PRI,2018,"Life expectancy at age 60, female (years)",SP.DYN.LE60.FE.IN,26.8365
Puerto Rico,PRI,2017,"Life expectancy at age 60, female (years)",SP.DYN.LE60.FE.IN,25.8431
Puerto Rico,PRI,2016,"Life expectancy at age 60, female (years)",SP.DYN.LE60.FE.IN,26.2495
Puerto Rico,PRI,2015,"Life expectancy at age 60, female (years)",SP.DYN.LE60.FE.IN,26.4413
Puerto Rico,PRI,2014,"Life expectancy at age 60, female (years)",SP.DYN.LE60.FE.IN,26.0313
Puerto Rico,PRI,2013,"Life expectancy at age 60, female (years)",SP.DYN.LE60.FE.IN,26.0523
Puerto Rico,PRI,2012,"Life expectancy at age 60, female (years)",SP.DYN.LE60.FE.IN,25.5001
Puerto Rico,PRI,2011,"Life expectancy at age 60, female (years)",SP.DYN.LE60.FE.IN,25.2549
Puerto Rico,PRI,2010,"Life expectancy at age 60, female (years)",SP.DYN.LE60.FE.IN,25.0547
Puerto Rico,PRI,2009,"Life expectancy at age 60, female (years)",SP.DYN.LE60.FE.IN,24.9237
Puerto Rico,PRI,2008,"Life expectancy at age 60, female (years)",SP.DYN.LE60.FE.IN,24.6063
Puerto Rico,PRI,2007,"Life expectancy at age 60, female (years)",SP.DYN.LE60.FE.IN,24.5311
Puerto Rico,PRI,2006,"Life expectancy at age 60, female (years)",SP.DYN.LE60.FE.IN,24.3268
Puerto Rico,PRI,2005,"Life expectancy at age 60, female (years)",SP.DYN.LE60.FE.IN,23.7478
Puerto Rico,PRI,2004,"Life expectancy at age 60, female (years)",SP.DYN.LE60.FE.IN,23.8189
Puerto Rico,PRI,2003,"Life expectancy at age 60, female (years)",SP.DYN.LE60.FE.IN,23.8772
Puerto Rico,PRI,2002,"Life expectancy at age 60, female (years)",SP.DYN.LE60.FE.IN,23.9268
Puerto Rico,PRI,2001,"Life expectancy at age 60, female (years)",SP.DYN.LE60.FE.IN,23.4358
Puerto Rico,PRI,2000,"Life expectancy at age 60, female (years)",SP.DYN.LE60.FE.IN,23.0393
Puerto Rico,PRI,1999,"Life expectancy at age 60, female (years)",SP.DYN.LE60.FE.IN,22.9938
Puerto Rico,PRI,1998,"Life expectancy at age 60, female (years)",SP.DYN.LE60.FE.IN,22.9167
Puerto Rico,PRI,1997,"Life expectancy at age 60, female (years)",SP.DYN.LE60.FE.IN,22.8331
Puerto Rico,PRI,1996,"Life expectancy at age 60, female (years)",SP.DYN.LE60.FE.IN,22.5238
Puerto Rico,PRI,1995,"Life expectancy at age 60, female (years)",SP.DYN.LE60.FE.IN,22.4523
Puerto Rico,PRI,1994,"Life expectancy at age 60, female (years)",SP.DYN.LE60.FE.IN,22.4169
Puerto Rico,PRI,1993,"Life expectancy at age 60, female (years)",SP.DYN.LE60.FE.IN,22.3698
Puerto Rico,PRI,1992,"Life expectancy at age 60, female (years)",SP.DYN.LE60.FE.IN,22.3026
Puerto Rico,PRI,1991,"Life expectancy at age 60, female (years)",SP.DYN.LE60.FE.IN,22.5308
Puerto Rico,PRI,1990,"Life expectancy at age 60, female (years)",SP.DYN.LE60.FE.IN,21.3115
Puerto Rico,PRI,1989,"Life expectancy at age 60, female (years)",SP.DYN.LE60.FE.IN,20.8849
Puerto Rico,PRI,1988,"Life expectancy at age 60, female (years)",SP.DYN.LE60.FE.IN,21.7869
Puerto Rico,PRI,1987,"Life expectancy at age 60, female (years)",SP.DYN.LE60.FE.IN,22.0891
Puerto Rico,PRI,1986,"Life expectancy at age 60, female (years)",SP.DYN.LE60.FE.IN,22.0346
Puerto Rico,PRI,1985,"Life expectancy at age 60, female (years)",SP.DYN.LE60.FE.IN,21.6492
Puerto Rico,PRI,1984,"Life expectancy at age 60, female (years)",SP.DYN.LE60.FE.IN,21.8448
Puerto Rico,PRI,1983,"Life expectancy at age 60, female (years)",SP.DYN.LE60.FE.IN,21.9874
Puerto Rico,PRI,1982,"Life expectancy at age 60, female (years)",SP.DYN.LE60.FE.IN,21.5901
Puerto Rico,PRI,1981,"Life expectancy at age 60, female (years)",SP.DYN.LE60.FE.IN,21.9432
Puerto Rico,PRI,1980,"Life expectancy at age 60, female (years)",SP.DYN.LE60.FE.IN,21.8386
Puerto Rico,PRI,1979,"Life expectancy at age 60, female (years)",SP.DYN.LE60.FE.IN,21.705
Puerto Rico,PRI,1978,"Life expectancy at age 60, female (years)",SP.DYN.LE60.FE.IN,21.7574
Puerto Rico,PRI,1977,"Life expectancy at age 60, female (years)",SP.DYN.LE60.FE.IN,21.4375
Puerto Rico,PRI,1976,"Life expectancy at age 60, female (years)",SP.DYN.LE60.FE.IN,21.3834
Puerto Rico,PRI,1975,"Life expectancy at age 60, female (years)",SP.DYN.LE60.FE.IN,21.286
Puerto Rico,PRI,1974,"Life expectancy at age 60, female (years)",SP.DYN.LE60.FE.IN,20.8472
Puerto Rico,PRI,1973,"Life expectancy at age 60, female (years)",SP.DYN.LE60.FE.IN,20.6197
Puerto Rico,PRI,1972,"Life expectancy at age 60, female (years)",SP.DYN.LE60.FE.IN,20.5062
Puerto Rico,PRI,1971,"Life expectancy at age 60, female (years)",SP.DYN.LE60.FE.IN,20.847
Puerto Rico,PRI,1970,"Life expectancy at age 60, female (years)",SP.DYN.LE60.FE.IN,20.1021
Puerto Rico,PRI,1969,"Life expectancy at age 60, female (years)",SP.DYN.LE60.FE.IN,20.0976
Puerto Rico,PRI,1968,"Life expectancy at age 60, female (years)",SP.DYN.LE60.FE.IN,20.578
Puerto Rico,PRI,1967,"Life expectancy at age 60, female (years)",SP.DYN.LE60.FE.IN,20.6499
Puerto Rico,PRI,1966,"Life expectancy at age 60, female (years)",SP.DYN.LE60.FE.IN,20.3039
Puerto Rico,PRI,1965,"Life expectancy at age 60, female (years)",SP.DYN.LE60.FE.IN,20.1425
Puerto Rico,PRI,1964,"Life expectancy at age 60, female (years)",SP.DYN.LE60.FE.IN,19.5366
Puerto Rico,PRI,1963,"Life expectancy at age 60, female (years)",SP.DYN.LE60.FE.IN,19.7679
Puerto Rico,PRI,1962,"Life expectancy at age 60, female (years)",SP.DYN.LE60.FE.IN,19.5592
Puerto Rico,PRI,1961,"Life expectancy at age 60, female (years)",SP.DYN.LE60.FE.IN,19.1245
Puerto Rico,PRI,1960,"Life expectancy at age 60, female (years)",SP.DYN.LE60.FE.IN,19.4353
Puerto Rico,PRI,2023,"Life expectancy at age 60, male (years)",SP.DYN.LE60.MA.IN,22.3553
Puerto Rico,PRI,2022,"Life expectancy at age 60, male (years)",SP.DYN.LE60.MA.IN,22.2499
Puerto Rico,PRI,2021,"Life expectancy at age 60, male (years)",SP.DYN.LE60.MA.IN,23.3912
Puerto Rico,PRI,2020,"Life expectancy at age 60, male (years)",SP.DYN.LE60.MA.IN,22.5258
Puerto Rico,PRI,2019,"Life expectancy at age 60, male (years)",SP.DYN.LE60.MA.IN,22.4943
Puerto Rico,PRI,2018,"Life expectancy at age 60, male (years)",SP.DYN.LE60.MA.IN,22.4313
Puerto Rico,PRI,2017,"Life expectancy at age 60, male (years)",SP.DYN.LE60.MA.IN,21.7863
Puerto Rico,PRI,2016,"Life expectancy at age 60, male (years)",SP.DYN.LE60.MA.IN,22.1209
Puerto Rico,PRI,2015,"Life expectancy at age 60, male (years)",SP.DYN.LE60.MA.IN,22.4638
Puerto Rico,PRI,2014,"Life expectancy at age 60, male (years)",SP.DYN.LE60.MA.IN,22.0153
Puerto Rico,PRI,2013,"Life expectancy at age 60, male (years)",SP.DYN.LE60.MA.IN,22.4811
Puerto Rico,PRI,2012,"Life expectancy at age 60, male (years)",SP.DYN.LE60.MA.IN,21.801
Puerto Rico,PRI,2011,"Life expectancy at age 60, male (years)",SP.DYN.LE60.MA.IN,21.3819
Puerto Rico,PRI,2010,"Life expectancy at age 60, male (years)",SP.DYN.LE60.MA.IN,21.4907
Puerto Rico,PRI,2009,"Life expectancy at age 60, male (years)",SP.DYN.LE60.MA.IN,21.2321
Puerto Rico,PRI,2008,"Life expectancy at age 60, male (years)",SP.DYN.LE60.MA.IN,21.2504
Puerto Rico,PRI,2007,"Life expectancy at age 60, male (years)",SP.DYN.LE60.MA.IN,20.8271
Puerto Rico,PRI,2006,"Life expectancy at age 60, male (years)",SP.DYN.LE60.MA.IN,20.9231
Puerto Rico,PRI,2005,"Life expectancy at age 60, male (years)",SP.DYN.LE60.MA.IN,20.3639
Puerto Rico,PRI,2004,"Life expectancy at age 60, male (years)",SP.DYN.LE60.MA.IN,20.4988
Puerto Rico,PRI,2003,"Life expectancy at age 60, male (years)",SP.DYN.LE60.MA.IN,20.5958
Puerto Rico,PRI,2002,"Life expectancy at age 60, male (years)",SP.DYN.LE60.MA.IN,20.4452
Puerto Rico,PRI,2001,"Life expectancy at age 60, male (years)",SP.DYN.LE60.MA.IN,19.8449
Puerto Rico,PRI,2000,"Life expectancy at age 60, male (years)",SP.DYN.LE60.MA.IN,19.6899
Puerto Rico,PRI,1999,"Life expectancy at age 60, male (years)",SP.DYN.LE60.MA.IN,19.5424
Puerto Rico,PRI,1998,"Life expectancy at age 60, male (years)",SP.DYN.LE60.MA.IN,18.8655
Puerto Rico,PRI,1997,"Life expectancy at age 60, male (years)",SP.DYN.LE60.MA.IN,19.1709
Puerto Rico,PRI,1996,"Life expectancy at age 60, male (years)",SP.DYN.LE60.MA.IN,18.6704
Puerto Rico,PRI,1995,"Life expectancy at age 60, male (years)",SP.DYN.LE60.MA.IN,18.4259
Puerto Rico,PRI,1994,"Life expectancy at age 60, male (years)",SP.DYN.LE60.MA.IN,18.5039
Puerto Rico,PRI,1993,"Life expectancy at age 60, male (years)",SP.DYN.LE60.MA.IN,18.3559
Puerto Rico,PRI,1992,"Life expectancy at age 60, male (years)",SP.DYN.LE60.MA.IN,18.5104
Puerto Rico,PRI,1991,"Life expectancy at age 60, male (years)",SP.DYN.LE60.MA.IN,18.9194
Puerto Rico,PRI,1990,"Life expectancy at age 60, male (years)",SP.DYN.LE60.MA.IN,18.7976
Puerto Rico,PRI,1989,"Life expectancy at age 60, male (years)",SP.DYN.LE60.MA.IN,18.8223
Puerto Rico,PRI,1988,"Life expectancy at age 60, male (years)",SP.DYN.LE60.MA.IN,18.7737
Puerto Rico,PRI,1987,"Life expectancy at age 60, male (years)",SP.DYN.LE60.MA.IN,18.9526
Puerto Rico,PRI,1986,"Life expectancy at age 60, male (years)",SP.DYN.LE60.MA.IN,18.8739
Puerto Rico,PRI,1985,"Life expectancy at age 60, male (years)",SP.DYN.LE60.MA.IN,18.9261
Puerto Rico,PRI,1984,"Life expectancy at age 60, male (years)",SP.DYN.LE60.MA.IN,19.2933
Puerto Rico,PRI,1983,"Life expectancy at age 60, male (years)",SP.DYN.LE60.MA.IN,19.2327
Puerto Rico,PRI,1982,"Life expectancy at age 60, male (years)",SP.DYN.LE60.MA.IN,19.0886
Puerto Rico,PRI,1981,"Life expectancy at age 60, male (years)",SP.DYN.LE60.MA.IN,18.9803
Puerto Rico,PRI,1980,"Life expectancy at age 60, male (years)",SP.DYN.LE60.MA.IN,19.2093
Puerto Rico,PRI,1979,"Life expectancy at age 60, male (years)",SP.DYN.LE60.MA.IN,18.9792
Puerto Rico,PRI,1978,"Life expectancy at age 60, male (years)",SP.DYN.LE60.MA.IN,18.7431
Puerto Rico,PRI,1977,"Life expectancy at age 60, male (years)",SP.DYN.LE60.MA.IN,18.8772
Puerto Rico,PRI,1976,"Life expectancy at age 60, male (years)",SP.DYN.LE60.MA.IN,18.5925
Puerto Rico,PRI,1975,"Life expectancy at age 60, male (years)",SP.DYN.LE60.MA.IN,18.5758
Puerto Rico,PRI,1974,"Life expectancy at age 60, male (years)",SP.DYN.LE60.MA.IN,18.2997
Puerto Rico,PRI,1973,"Life expectancy at age 60, male (years)",SP.DYN.LE60.MA.IN,18.1335
Puerto Rico,PRI,1972,"Life expectancy at age 60, male (years)",SP.DYN.LE60.MA.IN,18.1746
Puerto Rico,PRI,1971,"Life expectancy at age 60, male (years)",SP.DYN.LE60.MA.IN,18.2866
Puerto Rico,PRI,1970,"Life expectancy at age 60, male (years)",SP.DYN.LE60.MA.IN,18.1539
Puerto Rico,PRI,1969,"Life expectancy at age 60, male (years)",SP.DYN.LE60.MA.IN,18.3568
Puerto Rico,PRI,1968,"Life expectancy at age 60, male (years)",SP.DYN.LE60.MA.IN,18.1041
Puerto Rico,PRI,1967,"Life expectancy at age 60, male (years)",SP.DYN.LE60.MA.IN,18.3477
Puerto Rico,PRI,1966,"Life expectancy at age 60, male (years)",SP.DYN.LE60.MA.IN,18.304
Puerto Rico,PRI,1965,"Life expectancy at age 60, male (years)",SP.DYN.LE60.MA.IN,17.7629
Puerto Rico,PRI,1964,"Life expectancy at age 60, male (years)",SP.DYN.LE60.MA.IN,17.4088
Puerto Rico,PRI,1963,"Life expectancy at age 60, male (years)",SP.DYN.LE60.MA.IN,17.5872
Puerto Rico,PRI,1962,"Life expectancy at age 60, male (years)",SP.DYN.LE60.MA.IN,17.8278
Puerto Rico,PRI,1961,"Life expectancy at age 60, male (years)",SP.DYN.LE60.MA.IN,17.8615
Puerto Rico,PRI,1960,"Life expectancy at age 60, male (years)",SP.DYN.LE60.MA.IN,17.8218
Puerto Rico,PRI,2010,"Age at first marriage, female",SP.DYN.SMAM.FE,29.2
Puerto Rico,PRI,1996,"Age at first marriage, female",SP.DYN.SMAM.FE,22.6
Puerto Rico,PRI,1990,"Age at first marriage, female",SP.DYN.SMAM.FE,23.8
Puerto Rico,PRI,1980,"Age at first marriage, female",SP.DYN.SMAM.FE,22.5
Puerto Rico,PRI,1970,"Age at first marriage, female",SP.DYN.SMAM.FE,22.1
Puerto Rico,PRI,2015,"Rural population, female (% of total)",SP.RUR.TOTL.FE.ZS,3.20739331340038
Puerto Rico,PRI,2010,"Rural population, female (% of total)",SP.RUR.TOTL.FE.ZS,3.09973045822102
Puerto Rico,PRI,2005,"Rural population, female (% of total)",SP.RUR.TOTL.FE.ZS,2.95055821371611
Puerto Rico,PRI,2000,"Rural population, female (% of total)",SP.RUR.TOTL.FE.ZS,2.7916776402423
Puerto Rico,PRI,1995,"Rural population, female (% of total)",SP.RUR.TOTL.FE.ZS,3.11653116531165
Puerto Rico,PRI,1990,"Rural population, female (% of total)",SP.RUR.TOTL.FE.ZS,3.49531116794544
Puerto Rico,PRI,1985,"Rural population, female (% of total)",SP.RUR.TOTL.FE.ZS,7.71742356782428
Puerto Rico,PRI,1980,"Rural population, female (% of total)",SP.RUR.TOTL.FE.ZS,15.9711327267022
Puerto Rico,PRI,2015,"Rural population, male (% of total)",SP.RUR.TOTL.MA.ZS,3.18021201413428
Puerto Rico,PRI,2010,"Rural population, male (% of total)",SP.RUR.TOTL.MA.ZS,3.07277628032345
Puerto Rico,PRI,2005,"Rural population, male (% of total)",SP.RUR.TOTL.MA.ZS,2.95055821371611
Puerto Rico,PRI,2000,"Rural population, male (% of total)",SP.RUR.TOTL.MA.ZS,2.81801422175402
Puerto Rico,PRI,1995,"Rural population, male (% of total)",SP.RUR.TOTL.MA.ZS,3.17073170731707
Puerto Rico,PRI,1990,"Rural population, male (% of total)",SP.RUR.TOTL.MA.ZS,3.58056265984655
Puerto Rico,PRI,1985,"Rural population, male (% of total)",SP.RUR.TOTL.MA.ZS,7.95488275452657
Puerto Rico,PRI,1980,"Rural population, male (% of total)",SP.RUR.TOTL.MA.ZS,16.1907750235331
Puerto Rico,PRI,2015,"Urban population, female (% of total)",SP.URB.TOTL.FE.ZS,48.6817069855939
Puerto Rico,PRI,2010,"Urban population, female (% of total)",SP.URB.TOTL.FE.ZS,48.8409703504043
Puerto Rico,PRI,2005,"Urban population, female (% of total)",SP.URB.TOTL.FE.ZS,49.0430622009569
Puerto Rico,PRI,2000,"Urban population, female (% of total)",SP.URB.TOTL.FE.ZS,49.0913879378457
Puerto Rico,PRI,1995,"Urban population, female (% of total)",SP.URB.TOTL.FE.ZS,48.6449864498645
Puerto Rico,PRI,1990,"Urban population, female (% of total)",SP.URB.TOTL.FE.ZS,48.0818414322251
Puerto Rico,PRI,1985,"Urban population, female (% of total)",SP.URB.TOTL.FE.ZS,43.4253487681805
Puerto Rico,PRI,1980,"Urban population, female (% of total)",SP.URB.TOTL.FE.ZS,35.3624097897709
Puerto Rico,PRI,2015,"Urban population, male (% of total)",SP.URB.TOTL.MA.ZS,44.9306876868714
Puerto Rico,PRI,2010,"Urban population, male (% of total)",SP.URB.TOTL.MA.ZS,44.9865229110512
Puerto Rico,PRI,2005,"Urban population, male (% of total)",SP.URB.TOTL.MA.ZS,45.0558213716108
Puerto Rico,PRI,2000,"Urban population, male (% of total)",SP.URB.TOTL.MA.ZS,45.298920200158
Puerto Rico,PRI,1995,"Urban population, male (% of total)",SP.URB.TOTL.MA.ZS,45.0677506775068
Puerto Rico,PRI,1990,"Urban population, male (% of total)",SP.URB.TOTL.MA.ZS,44.842284739983
Puerto Rico,PRI,1985,"Urban population, male (% of total)",SP.URB.TOTL.MA.ZS,40.9023449094687
Puerto Rico,PRI,1980,"Urban population, male (% of total)",SP.URB.TOTL.MA.ZS,32.4756824599937
Puerto Rico,PRI,2017,Maternal leave benefits (% of wages paid in covered period),SH.MMR.WAGE.ZS,100
Puerto Rico,PRI,2015,Maternal leave benefits (% of wages paid in covered period),SH.MMR.WAGE.ZS,100
Puerto Rico,PRI,2013,Maternal leave benefits (% of wages paid in covered period),SH.MMR.WAGE.ZS,100
Puerto Rico,PRI,2011,Maternal leave benefits (% of wages paid in covered period),SH.MMR.WAGE.ZS,100
Puerto Rico,PRI,2009,Maternal leave benefits (% of wages paid in covered period),SH.MMR.WAGE.ZS,100
Puerto Rico,PRI,2010,"Age at first marriage, male",SP.DYN.SMAM.MA,30.8
Puerto Rico,PRI,1990,"Age at first marriage, male",SP.DYN.SMAM.MA,25.8
Puerto Rico,PRI,1980,"Age at first marriage, male",SP.DYN.SMAM.MA,24.3
Puerto Rico,PRI,1970,"Age at first marriage, male",SP.DYN.SMAM.MA,24
Puerto Rico,PRI,2023,"Age population, age 00, female",SP.POP.AG00.FE.IN,9134
Puerto Rico,PRI,2022,"Age population, age 00, female",SP.POP.AG00.FE.IN,9098.5
Puerto Rico,PRI,2021,"Age population, age 00, female",SP.POP.AG00.FE.IN,9101
Puerto Rico,PRI,2020,"Age population, age 00, female",SP.POP.AG00.FE.IN,9512
Puerto Rico,PRI,2019,"Age population, age 00, female",SP.POP.AG00.FE.IN,10064.5
Puerto Rico,PRI,2018,"Age population, age 00, female",SP.POP.AG00.FE.IN,10576.5
Puerto Rico,PRI,2017,"Age population, age 00, female",SP.POP.AG00.FE.IN,11604
Puerto Rico,PRI,2016,"Age population, age 00, female",SP.POP.AG00.FE.IN,12749
Puerto Rico,PRI,2015,"Age population, age 00, female",SP.POP.AG00.FE.IN,13798.5
Puerto Rico,PRI,2014,"Age population, age 00, female",SP.POP.AG00.FE.IN,14841
Puerto Rico,PRI,2013,"Age population, age 00, female",SP.POP.AG00.FE.IN,15995
Puerto Rico,PRI,2012,"Age population, age 00, female",SP.POP.AG00.FE.IN,17448
Puerto Rico,PRI,2011,"Age population, age 00, female",SP.POP.AG00.FE.IN,19362
Puerto Rico,PRI,2010,"Age population, age 00, female",SP.POP.AG00.FE.IN,21227
Puerto Rico,PRI,2009,"Age population, age 00, female",SP.POP.AG00.FE.IN,21809
Puerto Rico,PRI,2008,"Age population, age 00, female",SP.POP.AG00.FE.IN,21811.5
Puerto Rico,PRI,2007,"Age population, age 00, female",SP.POP.AG00.FE.IN,22210.5
Puerto Rico,PRI,2006,"Age population, age 00, female",SP.POP.AG00.FE.IN,22731
Puerto Rico,PRI,2005,"Age population, age 00, female",SP.POP.AG00.FE.IN,23367
Puerto Rico,PRI,2004,"Age population, age 00, female",SP.POP.AG00.FE.IN,24159.5
Puerto Rico,PRI,2003,"Age population, age 00, female",SP.POP.AG00.FE.IN,25192
Puerto Rico,PRI,2002,"Age population, age 00, female",SP.POP.AG00.FE.IN,26425.5
Puerto Rico,PRI,2001,"Age population, age 00, female",SP.POP.AG00.FE.IN,27722
Puerto Rico,PRI,2000,"Age population, age 00, female",SP.POP.AG00.FE.IN,28418
Puerto Rico,PRI,1999,"Age population, age 00, female",SP.POP.AG00.FE.IN,28682
Puerto Rico,PRI,1998,"Age population, age 00, female",SP.POP.AG00.FE.IN,29021.5
Puerto Rico,PRI,1997,"Age population, age 00, female",SP.POP.AG00.FE.IN,29279.5
Puerto Rico,PRI,1996,"Age population, age 00, female",SP.POP.AG00.FE.IN,29558.5
Puerto Rico,PRI,1995,"Age population, age 00, female",SP.POP.AG00.FE.IN,29897.5
Puerto Rico,PRI,1994,"Age population, age 00, female",SP.POP.AG00.FE.IN,30292
Puerto Rico,PRI,1993,"Age population, age 00, female",SP.POP.AG00.FE.IN,30733
Puerto Rico,PRI,1992,"Age population, age 00, female",SP.POP.AG00.FE.IN,31209
Puerto Rico,PRI,1991,"Age population, age 00, female",SP.POP.AG00.FE.IN,31606.5
Puerto Rico,PRI,1990,"Age population, age 00, female",SP.POP.AG00.FE.IN,31608.5
Puerto Rico,PRI,1989,"Age population, age 00, female",SP.POP.AG00.FE.IN,31413.5
Puerto Rico,PRI,1988,"Age population, age 00, female",SP.POP.AG00.FE.IN,31322.5
Puerto Rico,PRI,1987,"Age population, age 00, female",SP.POP.AG00.FE.IN,31170
Puerto Rico,PRI,1986,"Age population, age 00, female",SP.POP.AG00.FE.IN,31215
Puerto Rico,PRI,1985,"Age population, age 00, female",SP.POP.AG00.FE.IN,31764
Puerto Rico,PRI,1984,"Age population, age 00, female",SP.POP.AG00.FE.IN,32338
Puerto Rico,PRI,1983,"Age population, age 00, female",SP.POP.AG00.FE.IN,33033.5
Puerto Rico,PRI,1982,"Age population, age 00, female",SP.POP.AG00.FE.IN,33969.5
Puerto Rico,PRI,1981,"Age population, age 00, female",SP.POP.AG00.FE.IN,34796
Puerto Rico,PRI,1980,"Age population, age 00, female",SP.POP.AG00.FE.IN,35533
Puerto Rico,PRI,1979,"Age population, age 00, female",SP.POP.AG00.FE.IN,35300.5
Puerto Rico,PRI,1978,"Age population, age 00, female",SP.POP.AG00.FE.IN,34616
Puerto Rico,PRI,1977,"Age population, age 00, female",SP.POP.AG00.FE.IN,34313.5
Puerto Rico,PRI,1976,"Age population, age 00, female",SP.POP.AG00.FE.IN,33919.5
Puerto Rico,PRI,1975,"Age population, age 00, female",SP.POP.AG00.FE.IN,33494
Puerto Rico,PRI,1974,"Age population, age 00, female",SP.POP.AG00.FE.IN,33143
Puerto Rico,PRI,1973,"Age population, age 00, female",SP.POP.AG00.FE.IN,32886.5
Puerto Rico,PRI,1972,"Age population, age 00, female",SP.POP.AG00.FE.IN,32659.5
Puerto Rico,PRI,1971,"Age population, age 00, female",SP.POP.AG00.FE.IN,32038
Puerto Rico,PRI,1970,"Age population, age 00, female",SP.POP.AG00.FE.IN,30627
Puerto Rico,PRI,1969,"Age population, age 00, female",SP.POP.AG00.FE.IN,30674
Puerto Rico,PRI,1968,"Age population, age 00, female",SP.POP.AG00.FE.IN,32261
Puerto Rico,PRI,1967,"Age population, age 00, female",SP.POP.AG00.FE.IN,33359.5
Puerto Rico,PRI,1966,"Age population, age 00, female",SP.POP.AG00.FE.IN,34146.5
Puerto Rico,PRI,1965,"Age population, age 00, female",SP.POP.AG00.FE.IN,34696.5
Puerto Rico,PRI,1964,"Age population, age 00, female",SP.POP.AG00.FE.IN,35077
Puerto Rico,PRI,1963,"Age population, age 00, female",SP.POP.AG00.FE.IN,35333.5
Puerto Rico,PRI,1962,"Age population, age 00, female",SP.POP.AG00.FE.IN,35552.5
Puerto Rico,PRI,1961,"Age population, age 00, female",SP.POP.AG00.FE.IN,35994.5
Puerto Rico,PRI,1960,"Age population, age 00, female",SP.POP.AG00.FE.IN,36654.5
Puerto Rico,PRI,2023,"Age population, age 00, male",SP.POP.AG00.MA.IN,9605
Puerto Rico,PRI,2022,"Age population, age 00, male",SP.POP.AG00.MA.IN,9565.5
Puerto Rico,PRI,2021,"Age population, age 00, male",SP.POP.AG00.MA.IN,9579.5
Puerto Rico,PRI,2020,"Age population, age 00, male",SP.POP.AG00.MA.IN,10152
Puerto Rico,PRI,2019,"Age population, age 00, male",SP.POP.AG00.MA.IN,10727.5
Puerto Rico,PRI,2018,"Age population, age 00, male",SP.POP.AG00.MA.IN,11163
Puerto Rico,PRI,2017,"Age population, age 00, male",SP.POP.AG00.MA.IN,12320.5
Puerto Rico,PRI,2016,"Age population, age 00, male",SP.POP.AG00.MA.IN,13538
Puerto Rico,PRI,2015,"Age population, age 00, male",SP.POP.AG00.MA.IN,14583
Puerto Rico,PRI,2014,"Age population, age 00, male",SP.POP.AG00.MA.IN,15655.5
Puerto Rico,PRI,2013,"Age population, age 00, male",SP.POP.AG00.MA.IN,16898
Puerto Rico,PRI,2012,"Age population, age 00, male",SP.POP.AG00.MA.IN,18435
Puerto Rico,PRI,2011,"Age population, age 00, male",SP.POP.AG00.MA.IN,20399
Puerto Rico,PRI,2010,"Age population, age 00, male",SP.POP.AG00.MA.IN,22229.5
Puerto Rico,PRI,2009,"Age population, age 00, male",SP.POP.AG00.MA.IN,22797.5
Puerto Rico,PRI,2008,"Age population, age 00, male",SP.POP.AG00.MA.IN,22915
Puerto Rico,PRI,2007,"Age population, age 00, male",SP.POP.AG00.MA.IN,23429.5
Puerto Rico,PRI,2006,"Age population, age 00, male",SP.POP.AG00.MA.IN,24028.5
Puerto Rico,PRI,2005,"Age population, age 00, male",SP.POP.AG00.MA.IN,24728.5
Puerto Rico,PRI,2004,"Age population, age 00, male",SP.POP.AG00.MA.IN,25571.5
Puerto Rico,PRI,2003,"Age population, age 00, male",SP.POP.AG00.MA.IN,26644
Puerto Rico,PRI,2002,"Age population, age 00, male",SP.POP.AG00.MA.IN,27935
Puerto Rico,PRI,2001,"Age population, age 00, male",SP.POP.AG00.MA.IN,29301.5
Puerto Rico,PRI,2000,"Age population, age 00, male",SP.POP.AG00.MA.IN,30023
Puerto Rico,PRI,1999,"Age population, age 00, male",SP.POP.AG00.MA.IN,30297
Puerto Rico,PRI,1998,"Age population, age 00, male",SP.POP.AG00.MA.IN,30711
Puerto Rico,PRI,1997,"Age population, age 00, male",SP.POP.AG00.MA.IN,31078
Puerto Rico,PRI,1996,"Age population, age 00, male",SP.POP.AG00.MA.IN,31387
Puerto Rico,PRI,1995,"Age population, age 00, male",SP.POP.AG00.MA.IN,31626
Puerto Rico,PRI,1994,"Age population, age 00, male",SP.POP.AG00.MA.IN,31894.5
Puerto Rico,PRI,1993,"Age population, age 00, male",SP.POP.AG00.MA.IN,32296.5
Puerto Rico,PRI,1992,"Age population, age 00, male",SP.POP.AG00.MA.IN,32811.5
Puerto Rico,PRI,1991,"Age population, age 00, male",SP.POP.AG00.MA.IN,33227
Puerto Rico,PRI,1990,"Age population, age 00, male",SP.POP.AG00.MA.IN,33170.5
Puerto Rico,PRI,1989,"Age population, age 00, male",SP.POP.AG00.MA.IN,32917
Puerto Rico,PRI,1988,"Age population, age 00, male",SP.POP.AG00.MA.IN,32698.5
Puerto Rico,PRI,1987,"Age population, age 00, male",SP.POP.AG00.MA.IN,32501.5
Puerto Rico,PRI,1986,"Age population, age 00, male",SP.POP.AG00.MA.IN,32646
Puerto Rico,PRI,1985,"Age population, age 00, male",SP.POP.AG00.MA.IN,33313.5
Puerto Rico,PRI,1984,"Age population, age 00, male",SP.POP.AG00.MA.IN,33959
Puerto Rico,PRI,1983,"Age population, age 00, male",SP.POP.AG00.MA.IN,34683.5
Puerto Rico,PRI,1982,"Age population, age 00, male",SP.POP.AG00.MA.IN,35546
Puerto Rico,PRI,1981,"Age population, age 00, male",SP.POP.AG00.MA.IN,36309.5
Puerto Rico,PRI,1980,"Age population, age 00, male",SP.POP.AG00.MA.IN,36980.5
Puerto Rico,PRI,1979,"Age population, age 00, male",SP.POP.AG00.MA.IN,36410
Puerto Rico,PRI,1978,"Age population, age 00, male",SP.POP.AG00.MA.IN,35732
Puerto Rico,PRI,1977,"Age population, age 00, male",SP.POP.AG00.MA.IN,35707.5
Puerto Rico,PRI,1976,"Age population, age 00, male",SP.POP.AG00.MA.IN,35495.5
Puerto Rico,PRI,1975,"Age population, age 00, male",SP.POP.AG00.MA.IN,35196
Puerto Rico,PRI,1974,"Age population, age 00, male",SP.POP.AG00.MA.IN,34846.5
Puerto Rico,PRI,1973,"Age population, age 00, male",SP.POP.AG00.MA.IN,34596
Puerto Rico,PRI,1972,"Age population, age 00, male",SP.POP.AG00.MA.IN,34353.5
Puerto Rico,PRI,1971,"Age population, age 00, male",SP.POP.AG00.MA.IN,33976.5
Puerto Rico,PRI,1970,"Age population, age 00, male",SP.POP.AG00.MA.IN,33736
Puerto Rico,PRI,1969,"Age population, age 00, male",SP.POP.AG00.MA.IN,34133.5
Puerto Rico,PRI,1968,"Age population, age 00, male",SP.POP.AG00.MA.IN,34733.5
Puerto Rico,PRI,1967,"Age population, age 00, male",SP.POP.AG00.MA.IN,35081.5
Puerto Rico,PRI,1966,"Age population, age 00, male",SP.POP.AG00.MA.IN,35378
Puerto Rico,PRI,1965,"Age population, age 00, male",SP.POP.AG00.MA.IN,35677
Puerto Rico,PRI,1964,"Age population, age 00, male",SP.POP.AG00.MA.IN,35988
Puerto Rico,PRI,1963,"Age population, age 00, male",SP.POP.AG00.MA.IN,36307.5
Puerto Rico,PRI,1962,"Age population, age 00, male",SP.POP.AG00.MA.IN,36662.5
Puerto Rico,PRI,1961,"Age population, age 00, male",SP.POP.AG00.MA.IN,37120.5
Puerto Rico,PRI,1960,"Age population, age 00, male",SP.POP.AG00.MA.IN,37337
Puerto Rico,PRI,2023,"Age population, age 01, female",SP.POP.AG01.FE.IN,9198
Puerto Rico,PRI,2022,"Age population, age 01, female",SP.POP.AG01.FE.IN,9121.5
Puerto Rico,PRI,2021,"Age population, age 01, female",SP.POP.AG01.FE.IN,9461.5
Puerto Rico,PRI,2020,"Age population, age 01, female",SP.POP.AG01.FE.IN,10206
Puerto Rico,PRI,2019,"Age population, age 01, female",SP.POP.AG01.FE.IN,10791.5
Puerto Rico,PRI,2018,"Age population, age 01, female",SP.POP.AG01.FE.IN,11133
Puerto Rico,PRI,2017,"Age population, age 01, female",SP.POP.AG01.FE.IN,12176.5
Puerto Rico,PRI,2016,"Age population, age 01, female",SP.POP.AG01.FE.IN,13675.5
Puerto Rico,PRI,2015,"Age population, age 01, female",SP.POP.AG01.FE.IN,14660
Puerto Rico,PRI,2014,"Age population, age 01, female",SP.POP.AG01.FE.IN,15726.5
Puerto Rico,PRI,2013,"Age population, age 01, female",SP.POP.AG01.FE.IN,17093.5
Puerto Rico,PRI,2012,"Age population, age 01, female",SP.POP.AG01.FE.IN,18887
Puerto Rico,PRI,2011,"Age population, age 01, female",SP.POP.AG01.FE.IN,20735.5
Puerto Rico,PRI,2010,"Age population, age 01, female",SP.POP.AG01.FE.IN,21585.5
Puerto Rico,PRI,2009,"Age population, age 01, female",SP.POP.AG01.FE.IN,21762
Puerto Rico,PRI,2008,"Age population, age 01, female",SP.POP.AG01.FE.IN,22098.5
Puerto Rico,PRI,2007,"Age population, age 01, female",SP.POP.AG01.FE.IN,22551
Puerto Rico,PRI,2006,"Age population, age 01, female",SP.POP.AG01.FE.IN,23113
Puerto Rico,PRI,2005,"Age population, age 01, female",SP.POP.AG01.FE.IN,23835
Puerto Rico,PRI,2004,"Age population, age 01, female",SP.POP.AG01.FE.IN,24808
Puerto Rico,PRI,2003,"Age population, age 01, female",SP.POP.AG01.FE.IN,26001.5
Puerto Rico,PRI,2002,"Age population, age 01, female",SP.POP.AG01.FE.IN,27268
Puerto Rico,PRI,2001,"Age population, age 01, female",SP.POP.AG01.FE.IN,28011.5
Puerto Rico,PRI,2000,"Age population, age 01, female",SP.POP.AG01.FE.IN,28414.5
Puerto Rico,PRI,1999,"Age population, age 01, female",SP.POP.AG01.FE.IN,28820.5
Puerto Rico,PRI,1998,"Age population, age 01, female",SP.POP.AG01.FE.IN,29054.5
Puerto Rico,PRI,1997,"Age population, age 01, female",SP.POP.AG01.FE.IN,29306
Puerto Rico,PRI,1996,"Age population, age 01, female",SP.POP.AG01.FE.IN,29623.5
Puerto Rico,PRI,1995,"Age population, age 01, female",SP.POP.AG01.FE.IN,29993
Puerto Rico,PRI,1994,"Age population, age 01, female",SP.POP.AG01.FE.IN,30417
Puerto Rico,PRI,1993,"Age population, age 01, female",SP.POP.AG01.FE.IN,30903
Puerto Rico,PRI,1992,"Age population, age 01, female",SP.POP.AG01.FE.IN,31296.5
Puerto Rico,PRI,1991,"Age population, age 01, female",SP.POP.AG01.FE.IN,31283.5
Puerto Rico,PRI,1990,"Age population, age 01, female",SP.POP.AG01.FE.IN,31072.5
Puerto Rico,PRI,1989,"Age population, age 01, female",SP.POP.AG01.FE.IN,30944
Puerto Rico,PRI,1988,"Age population, age 01, female",SP.POP.AG01.FE.IN,30713
Puerto Rico,PRI,1987,"Age population, age 01, female",SP.POP.AG01.FE.IN,30660
Puerto Rico,PRI,1986,"Age population, age 01, female",SP.POP.AG01.FE.IN,31175.5
Puerto Rico,PRI,1985,"Age population, age 01, female",SP.POP.AG01.FE.IN,31726
Puerto Rico,PRI,1984,"Age population, age 01, female",SP.POP.AG01.FE.IN,32437
Puerto Rico,PRI,1983,"Age population, age 01, female",SP.POP.AG01.FE.IN,33448.5
Puerto Rico,PRI,1982,"Age population, age 01, female",SP.POP.AG01.FE.IN,34315.5
Puerto Rico,PRI,1981,"Age population, age 01, female",SP.POP.AG01.FE.IN,35106.5
Puerto Rico,PRI,1980,"Age population, age 01, female",SP.POP.AG01.FE.IN,34969.5
Puerto Rico,PRI,1979,"Age population, age 01, female",SP.POP.AG01.FE.IN,34340.5
Puerto Rico,PRI,1978,"Age population, age 01, female",SP.POP.AG01.FE.IN,34031.5
Puerto Rico,PRI,1977,"Age population, age 01, female",SP.POP.AG01.FE.IN,33621.5
Puerto Rico,PRI,1976,"Age population, age 01, female",SP.POP.AG01.FE.IN,33166.5
Puerto Rico,PRI,1975,"Age population, age 01, female",SP.POP.AG01.FE.IN,32777
Puerto Rico,PRI,1974,"Age population, age 01, female",SP.POP.AG01.FE.IN,32509
Puerto Rico,PRI,1973,"Age population, age 01, female",SP.POP.AG01.FE.IN,32307.5
Puerto Rico,PRI,1972,"Age population, age 01, female",SP.POP.AG01.FE.IN,31762
Puerto Rico,PRI,1971,"Age population, age 01, female",SP.POP.AG01.FE.IN,30418
Puerto Rico,PRI,1970,"Age population, age 01, female",SP.POP.AG01.FE.IN,30295
Puerto Rico,PRI,1969,"Age population, age 01, female",SP.POP.AG01.FE.IN,31745
Puerto Rico,PRI,1968,"Age population, age 01, female",SP.POP.AG01.FE.IN,32904
Puerto Rico,PRI,1967,"Age population, age 01, female",SP.POP.AG01.FE.IN,33707.5
Puerto Rico,PRI,1966,"Age population, age 01, female",SP.POP.AG01.FE.IN,34237.5
Puerto Rico,PRI,1965,"Age population, age 01, female",SP.POP.AG01.FE.IN,34588
Puerto Rico,PRI,1964,"Age population, age 01, female",SP.POP.AG01.FE.IN,34836
Puerto Rico,PRI,1963,"Age population, age 01, female",SP.POP.AG01.FE.IN,35027.5
Puerto Rico,PRI,1962,"Age population, age 01, female",SP.POP.AG01.FE.IN,35380.5
Puerto Rico,PRI,1961,"Age population, age 01, female",SP.POP.AG01.FE.IN,35938
Puerto Rico,PRI,1960,"Age population, age 01, female",SP.POP.AG01.FE.IN,35487
Puerto Rico,PRI,2023,"Age population, age 01, male",SP.POP.AG01.MA.IN,9673
Puerto Rico,PRI,2022,"Age population, age 01, male",SP.POP.AG01.MA.IN,9599.5
Puerto Rico,PRI,2021,"Age population, age 01, male",SP.POP.AG01.MA.IN,10095
Puerto Rico,PRI,2020,"Age population, age 01, male",SP.POP.AG01.MA.IN,10869.5
Puerto Rico,PRI,2019,"Age population, age 01, male",SP.POP.AG01.MA.IN,11366
Puerto Rico,PRI,2018,"Age population, age 01, male",SP.POP.AG01.MA.IN,11831
Puerto Rico,PRI,2017,"Age population, age 01, male",SP.POP.AG01.MA.IN,12958.5
Puerto Rico,PRI,2016,"Age population, age 01, male",SP.POP.AG01.MA.IN,14446
Puerto Rico,PRI,2015,"Age population, age 01, male",SP.POP.AG01.MA.IN,15446.5
Puerto Rico,PRI,2014,"Age population, age 01, male",SP.POP.AG01.MA.IN,16597.5
Puerto Rico,PRI,2013,"Age population, age 01, male",SP.POP.AG01.MA.IN,18043.5
Puerto Rico,PRI,2012,"Age population, age 01, male",SP.POP.AG01.MA.IN,19870.5
Puerto Rico,PRI,2011,"Age population, age 01, male",SP.POP.AG01.MA.IN,21697.5
Puerto Rico,PRI,2010,"Age population, age 01, male",SP.POP.AG01.MA.IN,22541.5
Puerto Rico,PRI,2009,"Age population, age 01, male",SP.POP.AG01.MA.IN,22824
Puerto Rico,PRI,2008,"Age population, age 01, male",SP.POP.AG01.MA.IN,23277.5
Puerto Rico,PRI,2007,"Age population, age 01, male",SP.POP.AG01.MA.IN,23808
Puerto Rico,PRI,2006,"Age population, age 01, male",SP.POP.AG01.MA.IN,24433
Puerto Rico,PRI,2005,"Age population, age 01, male",SP.POP.AG01.MA.IN,25195
Puerto Rico,PRI,2004,"Age population, age 01, male",SP.POP.AG01.MA.IN,26200
Puerto Rico,PRI,2003,"Age population, age 01, male",SP.POP.AG01.MA.IN,27449
Puerto Rico,PRI,2002,"Age population, age 01, male",SP.POP.AG01.MA.IN,28778
Puerto Rico,PRI,2001,"Age population, age 01, male",SP.POP.AG01.MA.IN,29540.5
Puerto Rico,PRI,2000,"Age population, age 01, male",SP.POP.AG01.MA.IN,29957
Puerto Rico,PRI,1999,"Age population, age 01, male",SP.POP.AG01.MA.IN,30435
Puerto Rico,PRI,1998,"Age population, age 01, male",SP.POP.AG01.MA.IN,30778
Puerto Rico,PRI,1997,"Age population, age 01, male",SP.POP.AG01.MA.IN,31052.5
Puerto Rico,PRI,1996,"Age population, age 01, male",SP.POP.AG01.MA.IN,31235
Puerto Rico,PRI,1995,"Age population, age 01, male",SP.POP.AG01.MA.IN,31453
Puerto Rico,PRI,1994,"Age population, age 01, male",SP.POP.AG01.MA.IN,31822.5
Puerto Rico,PRI,1993,"Age population, age 01, male",SP.POP.AG01.MA.IN,32333.5
Puerto Rico,PRI,1992,"Age population, age 01, male",SP.POP.AG01.MA.IN,32757
Puerto Rico,PRI,1991,"Age population, age 01, male",SP.POP.AG01.MA.IN,32718
Puerto Rico,PRI,1990,"Age population, age 01, male",SP.POP.AG01.MA.IN,32442.5
Puerto Rico,PRI,1989,"Age population, age 01, male",SP.POP.AG01.MA.IN,32126.5
Puerto Rico,PRI,1988,"Age population, age 01, male",SP.POP.AG01.MA.IN,31821
Puerto Rico,PRI,1987,"Age population, age 01, male",SP.POP.AG01.MA.IN,31872.5
Puerto Rico,PRI,1986,"Age population, age 01, male",SP.POP.AG01.MA.IN,32520
Puerto Rico,PRI,1985,"Age population, age 01, male",SP.POP.AG01.MA.IN,33135
Puerto Rico,PRI,1984,"Age population, age 01, male",SP.POP.AG01.MA.IN,33874
Puerto Rico,PRI,1983,"Age population, age 01, male",SP.POP.AG01.MA.IN,34806
Puerto Rico,PRI,1982,"Age population, age 01, male",SP.POP.AG01.MA.IN,35581
Puerto Rico,PRI,1981,"Age population, age 01, male",SP.POP.AG01.MA.IN,36315.5
Puerto Rico,PRI,1980,"Age population, age 01, male",SP.POP.AG01.MA.IN,35813
Puerto Rico,PRI,1979,"Age population, age 01, male",SP.POP.AG01.MA.IN,35176.5
Puerto Rico,PRI,1978,"Age population, age 01, male",SP.POP.AG01.MA.IN,35190.5
Puerto Rico,PRI,1977,"Age population, age 01, male",SP.POP.AG01.MA.IN,34999.5
Puerto Rico,PRI,1976,"Age population, age 01, male",SP.POP.AG01.MA.IN,34708.5
Puerto Rico,PRI,1975,"Age population, age 01, male",SP.POP.AG01.MA.IN,34361
Puerto Rico,PRI,1974,"Age population, age 01, male",SP.POP.AG01.MA.IN,34137
Puerto Rico,PRI,1973,"Age population, age 01, male",SP.POP.AG01.MA.IN,33944.5
Puerto Rico,PRI,1972,"Age population, age 01, male",SP.POP.AG01.MA.IN,33611
Puerto Rico,PRI,1971,"Age population, age 01, male",SP.POP.AG01.MA.IN,33345
Puerto Rico,PRI,1970,"Age population, age 01, male",SP.POP.AG01.MA.IN,33654.5
Puerto Rico,PRI,1969,"Age population, age 01, male",SP.POP.AG01.MA.IN,34199
Puerto Rico,PRI,1968,"Age population, age 01, male",SP.POP.AG01.MA.IN,34518.5
Puerto Rico,PRI,1967,"Age population, age 01, male",SP.POP.AG01.MA.IN,34752.5
Puerto Rico,PRI,1966,"Age population, age 01, male",SP.POP.AG01.MA.IN,34950.5
Puerto Rico,PRI,1965,"Age population, age 01, male",SP.POP.AG01.MA.IN,35169
Puerto Rico,PRI,1964,"Age population, age 01, male",SP.POP.AG01.MA.IN,35443
Puerto Rico,PRI,1963,"Age population, age 01, male",SP.POP.AG01.MA.IN,35761
Puerto Rico,PRI,1962,"Age population, age 01, male",SP.POP.AG01.MA.IN,36150.5
Puerto Rico,PRI,1961,"Age population, age 01, male",SP.POP.AG01.MA.IN,36328.5
Puerto Rico,PRI,1960,"Age population, age 01, male",SP.POP.AG01.MA.IN,35881
Puerto Rico,PRI,2023,"Age population, age 02, female",SP.POP.AG02.FE.IN,9238.5
Puerto Rico,PRI,2022,"Age population, age 02, female",SP.POP.AG02.FE.IN,9490.5
Puerto Rico,PRI,2021,"Age population, age 02, female",SP.POP.AG02.FE.IN,10156.5
Puerto Rico,PRI,2020,"Age population, age 02, female",SP.POP.AG02.FE.IN,10824
Puerto Rico,PRI,2019,"Age population, age 02, female",SP.POP.AG02.FE.IN,11367
Puerto Rico,PRI,2018,"Age population, age 02, female",SP.POP.AG02.FE.IN,11912
Puerto Rico,PRI,2017,"Age population, age 02, female",SP.POP.AG02.FE.IN,13180
Puerto Rico,PRI,2016,"Age population, age 02, female",SP.POP.AG02.FE.IN,14509
Puerto Rico,PRI,2015,"Age population, age 02, female",SP.POP.AG02.FE.IN,15494
Puerto Rico,PRI,2014,"Age population, age 02, female",SP.POP.AG02.FE.IN,16785.5
Puerto Rico,PRI,2013,"Age population, age 02, female",SP.POP.AG02.FE.IN,18463.5
Puerto Rico,PRI,2012,"Age population, age 02, female",SP.POP.AG02.FE.IN,20207.5
Puerto Rico,PRI,2011,"Age population, age 02, female",SP.POP.AG02.FE.IN,21123.5
Puerto Rico,PRI,2010,"Age population, age 02, female",SP.POP.AG02.FE.IN,21564.5
Puerto Rico,PRI,2009,"Age population, age 02, female",SP.POP.AG02.FE.IN,22045.5
Puerto Rico,PRI,2008,"Age population, age 02, female",SP.POP.AG02.FE.IN,22437
Puerto Rico,PRI,2007,"Age population, age 02, female",SP.POP.AG02.FE.IN,22929.5
Puerto Rico,PRI,2006,"Age population, age 02, female",SP.POP.AG02.FE.IN,23579
Puerto Rico,PRI,2005,"Age population, age 02, female",SP.POP.AG02.FE.IN,24494.5
Puerto Rico,PRI,2004,"Age population, age 02, female",SP.POP.AG02.FE.IN,25654.5
Puerto Rico,PRI,2003,"Age population, age 02, female",SP.POP.AG02.FE.IN,26897.5
Puerto Rico,PRI,2002,"Age population, age 02, female",SP.POP.AG02.FE.IN,27668
Puerto Rico,PRI,2001,"Age population, age 02, female",SP.POP.AG02.FE.IN,28141
Puerto Rico,PRI,2000,"Age population, age 02, female",SP.POP.AG02.FE.IN,28647
Puerto Rico,PRI,1999,"Age population, age 02, female",SP.POP.AG02.FE.IN,28940
Puerto Rico,PRI,1998,"Age population, age 02, female",SP.POP.AG02.FE.IN,29169.5
Puerto Rico,PRI,1997,"Age population, age 02, female",SP.POP.AG02.FE.IN,29468.5
Puerto Rico,PRI,1996,"Age population, age 02, female",SP.POP.AG02.FE.IN,29820
Puerto Rico,PRI,1995,"Age population, age 02, female",SP.POP.AG02.FE.IN,30234.5
Puerto Rico,PRI,1994,"Age population, age 02, female",SP.POP.AG02.FE.IN,30732.5
Puerto Rico,PRI,1993,"Age population, age 02, female",SP.POP.AG02.FE.IN,31137
Puerto Rico,PRI,1992,"Age population, age 02, female",SP.POP.AG02.FE.IN,31141
Puerto Rico,PRI,1991,"Age population, age 02, female",SP.POP.AG02.FE.IN,30933.5
Puerto Rico,PRI,1990,"Age population, age 02, female",SP.POP.AG02.FE.IN,30744
Puerto Rico,PRI,1989,"Age population, age 02, female",SP.POP.AG02.FE.IN,30415
Puerto Rico,PRI,1988,"Age population, age 02, female",SP.POP.AG02.FE.IN,30285
Puerto Rico,PRI,1987,"Age population, age 02, female",SP.POP.AG02.FE.IN,30783
Puerto Rico,PRI,1986,"Age population, age 02, female",SP.POP.AG02.FE.IN,31303.5
Puerto Rico,PRI,1985,"Age population, age 02, female",SP.POP.AG02.FE.IN,32032.5
Puerto Rico,PRI,1984,"Age population, age 02, female",SP.POP.AG02.FE.IN,33136
Puerto Rico,PRI,1983,"Age population, age 02, female",SP.POP.AG02.FE.IN,34051
Puerto Rico,PRI,1982,"Age population, age 02, female",SP.POP.AG02.FE.IN,34868.5
Puerto Rico,PRI,1981,"Age population, age 02, female",SP.POP.AG02.FE.IN,34777.5
Puerto Rico,PRI,1980,"Age population, age 02, female",SP.POP.AG02.FE.IN,34245
Puerto Rico,PRI,1979,"Age population, age 02, female",SP.POP.AG02.FE.IN,33995
Puerto Rico,PRI,1978,"Age population, age 02, female",SP.POP.AG02.FE.IN,33573
Puerto Rico,PRI,1977,"Age population, age 02, female",SP.POP.AG02.FE.IN,33098
Puerto Rico,PRI,1976,"Age population, age 02, female",SP.POP.AG02.FE.IN,32691
Puerto Rico,PRI,1975,"Age population, age 02, female",SP.POP.AG02.FE.IN,32427.5
Puerto Rico,PRI,1974,"Age population, age 02, female",SP.POP.AG02.FE.IN,32262
Puerto Rico,PRI,1973,"Age population, age 02, female",SP.POP.AG02.FE.IN,31803
Puerto Rico,PRI,1972,"Age population, age 02, female",SP.POP.AG02.FE.IN,30611.5
Puerto Rico,PRI,1971,"Age population, age 02, female",SP.POP.AG02.FE.IN,30457
Puerto Rico,PRI,1970,"Age population, age 02, female",SP.POP.AG02.FE.IN,31702
Puerto Rico,PRI,1969,"Age population, age 02, female",SP.POP.AG02.FE.IN,32818.5
Puerto Rico,PRI,1968,"Age population, age 02, female",SP.POP.AG02.FE.IN,33685
Puerto Rico,PRI,1967,"Age population, age 02, female",SP.POP.AG02.FE.IN,34249.5
Puerto Rico,PRI,1966,"Age population, age 02, female",SP.POP.AG02.FE.IN,34602
Puerto Rico,PRI,1965,"Age population, age 02, female",SP.POP.AG02.FE.IN,34830.5
Puerto Rico,PRI,1964,"Age population, age 02, female",SP.POP.AG02.FE.IN,34995.5
Puerto Rico,PRI,1963,"Age population, age 02, female",SP.POP.AG02.FE.IN,35280.5
Puerto Rico,PRI,1962,"Age population, age 02, female",SP.POP.AG02.FE.IN,35729.5
Puerto Rico,PRI,1961,"Age population, age 02, female",SP.POP.AG02.FE.IN,35255
Puerto Rico,PRI,1960,"Age population, age 02, female",SP.POP.AG02.FE.IN,34417.5
Puerto Rico,PRI,2023,"Age population, age 02, male",SP.POP.AG02.MA.IN,9719.5
Puerto Rico,PRI,2022,"Age population, age 02, male",SP.POP.AG02.MA.IN,10122.5
Puerto Rico,PRI,2021,"Age population, age 02, male",SP.POP.AG02.MA.IN,10815
Puerto Rico,PRI,2020,"Age population, age 02, male",SP.POP.AG02.MA.IN,11385
Puerto Rico,PRI,2019,"Age population, age 02, male",SP.POP.AG02.MA.IN,12064
Puerto Rico,PRI,2018,"Age population, age 02, male",SP.POP.AG02.MA.IN,12702.5
Puerto Rico,PRI,2017,"Age population, age 02, male",SP.POP.AG02.MA.IN,13944.5
Puerto Rico,PRI,2016,"Age population, age 02, male",SP.POP.AG02.MA.IN,15281
Puerto Rico,PRI,2015,"Age population, age 02, male",SP.POP.AG02.MA.IN,16348.5
Puerto Rico,PRI,2014,"Age population, age 02, male",SP.POP.AG02.MA.IN,17715
Puerto Rico,PRI,2013,"Age population, age 02, male",SP.POP.AG02.MA.IN,19411.5
Puerto Rico,PRI,2012,"Age population, age 02, male",SP.POP.AG02.MA.IN,21155
Puerto Rico,PRI,2011,"Age population, age 02, male",SP.POP.AG02.MA.IN,22094
Puerto Rico,PRI,2010,"Age population, age 02, male",SP.POP.AG02.MA.IN,22628
Puerto Rico,PRI,2009,"Age population, age 02, male",SP.POP.AG02.MA.IN,23211.5
Puerto Rico,PRI,2008,"Age population, age 02, male",SP.POP.AG02.MA.IN,23679.5
Puerto Rico,PRI,2007,"Age population, age 02, male",SP.POP.AG02.MA.IN,24231
Puerto Rico,PRI,2006,"Age population, age 02, male",SP.POP.AG02.MA.IN,24915
Puerto Rico,PRI,2005,"Age population, age 02, male",SP.POP.AG02.MA.IN,25862
Puerto Rico,PRI,2004,"Age population, age 02, male",SP.POP.AG02.MA.IN,27079
Puerto Rico,PRI,2003,"Age population, age 02, male",SP.POP.AG02.MA.IN,28382
Puerto Rico,PRI,2002,"Age population, age 02, male",SP.POP.AG02.MA.IN,29168
Puerto Rico,PRI,2001,"Age population, age 02, male",SP.POP.AG02.MA.IN,29652
Puerto Rico,PRI,2000,"Age population, age 02, male",SP.POP.AG02.MA.IN,30246
Puerto Rico,PRI,1999,"Age population, age 02, male",SP.POP.AG02.MA.IN,30673.5
Puerto Rico,PRI,1998,"Age population, age 02, male",SP.POP.AG02.MA.IN,30933
Puerto Rico,PRI,1997,"Age population, age 02, male",SP.POP.AG02.MA.IN,31082
Puerto Rico,PRI,1996,"Age population, age 02, male",SP.POP.AG02.MA.IN,31265
Puerto Rico,PRI,1995,"Age population, age 02, male",SP.POP.AG02.MA.IN,31617.5
Puerto Rico,PRI,1994,"Age population, age 02, male",SP.POP.AG02.MA.IN,32136
Puerto Rico,PRI,1993,"Age population, age 02, male",SP.POP.AG02.MA.IN,32572.5
Puerto Rico,PRI,1992,"Age population, age 02, male",SP.POP.AG02.MA.IN,32558.5
Puerto Rico,PRI,1991,"Age population, age 02, male",SP.POP.AG02.MA.IN,32297
Puerto Rico,PRI,1990,"Age population, age 02, male",SP.POP.AG02.MA.IN,31897.5
Puerto Rico,PRI,1989,"Age population, age 02, male",SP.POP.AG02.MA.IN,31471
Puerto Rico,PRI,1988,"Age population, age 02, male",SP.POP.AG02.MA.IN,31446.5
Puerto Rico,PRI,1987,"Age population, age 02, male",SP.POP.AG02.MA.IN,32083.5
Puerto Rico,PRI,1986,"Age population, age 02, male",SP.POP.AG02.MA.IN,32666
Puerto Rico,PRI,1985,"Age population, age 02, male",SP.POP.AG02.MA.IN,33433.5
Puerto Rico,PRI,1984,"Age population, age 02, male",SP.POP.AG02.MA.IN,34455.5
Puerto Rico,PRI,1983,"Age population, age 02, male",SP.POP.AG02.MA.IN,35257.5
Puerto Rico,PRI,1982,"Age population, age 02, male",SP.POP.AG02.MA.IN,36039
Puerto Rico,PRI,1981,"Age population, age 02, male",SP.POP.AG02.MA.IN,35603
Puerto Rico,PRI,1980,"Age population, age 02, male",SP.POP.AG02.MA.IN,35034
Puerto Rico,PRI,1979,"Age population, age 02, male",SP.POP.AG02.MA.IN,35088.5
Puerto Rico,PRI,1978,"Age population, age 02, male",SP.POP.AG02.MA.IN,34916.5
Puerto Rico,PRI,1977,"Age population, age 02, male",SP.POP.AG02.MA.IN,34632.5
Puerto Rico,PRI,1976,"Age population, age 02, male",SP.POP.AG02.MA.IN,34292
Puerto Rico,PRI,1975,"Age population, age 02, male",SP.POP.AG02.MA.IN,34103.5
Puerto Rico,PRI,1974,"Age population, age 02, male",SP.POP.AG02.MA.IN,33966
Puerto Rico,PRI,1973,"Age population, age 02, male",SP.POP.AG02.MA.IN,33676.5
Puerto Rico,PRI,1972,"Age population, age 02, male",SP.POP.AG02.MA.IN,33409
Puerto Rico,PRI,1971,"Age population, age 02, male",SP.POP.AG02.MA.IN,33645
Puerto Rico,PRI,1970,"Age population, age 02, male",SP.POP.AG02.MA.IN,34125
Puerto Rico,PRI,1969,"Age population, age 02, male",SP.POP.AG02.MA.IN,34429
Puerto Rico,PRI,1968,"Age population, age 02, male",SP.POP.AG02.MA.IN,34643.5
Puerto Rico,PRI,1967,"Age population, age 02, male",SP.POP.AG02.MA.IN,34806
Puerto Rico,PRI,1966,"Age population, age 02, male",SP.POP.AG02.MA.IN,34964
Puerto Rico,PRI,1965,"Age population, age 02, male",SP.POP.AG02.MA.IN,35171
Puerto Rico,PRI,1964,"Age population, age 02, male",SP.POP.AG02.MA.IN,35436.5
Puerto Rico,PRI,1963,"Age population, age 02, male",SP.POP.AG02.MA.IN,35772
Puerto Rico,PRI,1962,"Age population, age 02, male",SP.POP.AG02.MA.IN,35915.5
Puerto Rico,PRI,1961,"Age population, age 02, male",SP.POP.AG02.MA.IN,35480
Puerto Rico,PRI,1960,"Age population, age 02, male",SP.POP.AG02.MA.IN,35108
Puerto Rico,PRI,2023,"Age population, age 03, female",SP.POP.AG03.FE.IN,9626.5
Puerto Rico,PRI,2022,"Age population, age 03, female",SP.POP.AG03.FE.IN,10189.5
Puerto Rico,PRI,2021,"Age population, age 03, female",SP.POP.AG03.FE.IN,10766.5
Puerto Rico,PRI,2020,"Age population, age 03, female",SP.POP.AG03.FE.IN,11517.5
Puerto Rico,PRI,2019,"Age population, age 03, female",SP.POP.AG03.FE.IN,12229.5
Puerto Rico,PRI,2018,"Age population, age 03, female",SP.POP.AG03.FE.IN,12945
Puerto Rico,PRI,2017,"Age population, age 03, female",SP.POP.AG03.FE.IN,14042
Puerto Rico,PRI,2016,"Age population, age 03, female",SP.POP.AG03.FE.IN,15268.5
Puerto Rico,PRI,2015,"Age population, age 03, female",SP.POP.AG03.FE.IN,16486
Puerto Rico,PRI,2014,"Age population, age 03, female",SP.POP.AG03.FE.IN,18049.5
Puerto Rico,PRI,2013,"Age population, age 03, female",SP.POP.AG03.FE.IN,19689
Puerto Rico,PRI,2012,"Age population, age 03, female",SP.POP.AG03.FE.IN,20603.5
Puerto Rico,PRI,2011,"Age population, age 03, female",SP.POP.AG03.FE.IN,21145.5
Puerto Rico,PRI,2010,"Age population, age 03, female",SP.POP.AG03.FE.IN,21838.5
Puerto Rico,PRI,2009,"Age population, age 03, female",SP.POP.AG03.FE.IN,22333.5
Puerto Rico,PRI,2008,"Age population, age 03, female",SP.POP.AG03.FE.IN,22757.5
Puerto Rico,PRI,2007,"Age population, age 03, female",SP.POP.AG03.FE.IN,23335.5
Puerto Rico,PRI,2006,"Age population, age 03, female",SP.POP.AG03.FE.IN,24193.5
Puerto Rico,PRI,2005,"Age population, age 03, female",SP.POP.AG03.FE.IN,25320
Puerto Rico,PRI,2004,"Age population, age 03, female",SP.POP.AG03.FE.IN,26541
Puerto Rico,PRI,2003,"Age population, age 03, female",SP.POP.AG03.FE.IN,27339.5
Puerto Rico,PRI,2002,"Age population, age 03, female",SP.POP.AG03.FE.IN,27856.5
Puerto Rico,PRI,2001,"Age population, age 03, female",SP.POP.AG03.FE.IN,28395
Puerto Rico,PRI,2000,"Age population, age 03, female",SP.POP.AG03.FE.IN,28774.5
Puerto Rico,PRI,1999,"Age population, age 03, female",SP.POP.AG03.FE.IN,29051.5
Puerto Rico,PRI,1998,"Age population, age 03, female",SP.POP.AG03.FE.IN,29333
Puerto Rico,PRI,1997,"Age population, age 03, female",SP.POP.AG03.FE.IN,29667
Puerto Rico,PRI,1996,"Age population, age 03, female",SP.POP.AG03.FE.IN,30072
Puerto Rico,PRI,1995,"Age population, age 03, female",SP.POP.AG03.FE.IN,30583.5
Puerto Rico,PRI,1994,"Age population, age 03, female",SP.POP.AG03.FE.IN,31000.5
Puerto Rico,PRI,1993,"Age population, age 03, female",SP.POP.AG03.FE.IN,31024
Puerto Rico,PRI,1992,"Age population, age 03, female",SP.POP.AG03.FE.IN,30827.5
Puerto Rico,PRI,1991,"Age population, age 03, female",SP.POP.AG03.FE.IN,30612
Puerto Rico,PRI,1990,"Age population, age 03, female",SP.POP.AG03.FE.IN,30178
Puerto Rico,PRI,1989,"Age population, age 03, female",SP.POP.AG03.FE.IN,29935
Puerto Rico,PRI,1988,"Age population, age 03, female",SP.POP.AG03.FE.IN,30422
Puerto Rico,PRI,1987,"Age population, age 03, female",SP.POP.AG03.FE.IN,30915.5
Puerto Rico,PRI,1986,"Age population, age 03, female",SP.POP.AG03.FE.IN,31654.5
Puerto Rico,PRI,1985,"Age population, age 03, female",SP.POP.AG03.FE.IN,32849
Puerto Rico,PRI,1984,"Age population, age 03, female",SP.POP.AG03.FE.IN,33817
Puerto Rico,PRI,1983,"Age population, age 03, female",SP.POP.AG03.FE.IN,34661.5
Puerto Rico,PRI,1982,"Age population, age 03, female",SP.POP.AG03.FE.IN,34598
Puerto Rico,PRI,1981,"Age population, age 03, female",SP.POP.AG03.FE.IN,34137
Puerto Rico,PRI,1980,"Age population, age 03, female",SP.POP.AG03.FE.IN,33965.5
Puerto Rico,PRI,1979,"Age population, age 03, female",SP.POP.AG03.FE.IN,33558
Puerto Rico,PRI,1978,"Age population, age 03, female",SP.POP.AG03.FE.IN,33064.5
Puerto Rico,PRI,1977,"Age population, age 03, female",SP.POP.AG03.FE.IN,32642.5
Puerto Rico,PRI,1976,"Age population, age 03, female",SP.POP.AG03.FE.IN,32385.5
Puerto Rico,PRI,1975,"Age population, age 03, female",SP.POP.AG03.FE.IN,32256
Puerto Rico,PRI,1974,"Age population, age 03, female",SP.POP.AG03.FE.IN,31882
Puerto Rico,PRI,1973,"Age population, age 03, female",SP.POP.AG03.FE.IN,30845
Puerto Rico,PRI,1972,"Age population, age 03, female",SP.POP.AG03.FE.IN,30708.5
Puerto Rico,PRI,1971,"Age population, age 03, female",SP.POP.AG03.FE.IN,31812.5
Puerto Rico,PRI,1970,"Age population, age 03, female",SP.POP.AG03.FE.IN,32843
Puerto Rico,PRI,1969,"Age population, age 03, female",SP.POP.AG03.FE.IN,33719.5
Puerto Rico,PRI,1968,"Age population, age 03, female",SP.POP.AG03.FE.IN,34333
Puerto Rico,PRI,1967,"Age population, age 03, female",SP.POP.AG03.FE.IN,34705
Puerto Rico,PRI,1966,"Age population, age 03, female",SP.POP.AG03.FE.IN,34925.5
Puerto Rico,PRI,1965,"Age population, age 03, female",SP.POP.AG03.FE.IN,35060.5
Puerto Rico,PRI,1964,"Age population, age 03, female",SP.POP.AG03.FE.IN,35279.5
Puerto Rico,PRI,1963,"Age population, age 03, female",SP.POP.AG03.FE.IN,35628
Puerto Rico,PRI,1962,"Age population, age 03, female",SP.POP.AG03.FE.IN,35151.5
Puerto Rico,PRI,1961,"Age population, age 03, female",SP.POP.AG03.FE.IN,34316.5
Puerto Rico,PRI,1960,"Age population, age 03, female",SP.POP.AG03.FE.IN,34335.5
Puerto Rico,PRI,2023,"Age population, age 03, male",SP.POP.AG03.MA.IN,10260.5
Puerto Rico,PRI,2022,"Age population, age 03, male",SP.POP.AG03.MA.IN,10848
Puerto Rico,PRI,2021,"Age population, age 03, male",SP.POP.AG03.MA.IN,11325
Puerto Rico,PRI,2020,"Age population, age 03, male",SP.POP.AG03.MA.IN,12223.5
Puerto Rico,PRI,2019,"Age population, age 03, male",SP.POP.AG03.MA.IN,13035
Puerto Rico,PRI,2018,"Age population, age 03, male",SP.POP.AG03.MA.IN,13712
Puerto Rico,PRI,2017,"Age population, age 03, male",SP.POP.AG03.MA.IN,14803
Puerto Rico,PRI,2016,"Age population, age 03, male",SP.POP.AG03.MA.IN,16108
Puerto Rico,PRI,2015,"Age population, age 03, male",SP.POP.AG03.MA.IN,17395.5
Puerto Rico,PRI,2014,"Age population, age 03, male",SP.POP.AG03.MA.IN,18963.5
Puerto Rico,PRI,2013,"Age population, age 03, male",SP.POP.AG03.MA.IN,20625
Puerto Rico,PRI,2012,"Age population, age 03, male",SP.POP.AG03.MA.IN,21597
Puerto Rico,PRI,2011,"Age population, age 03, male",SP.POP.AG03.MA.IN,22218
Puerto Rico,PRI,2010,"Age population, age 03, male",SP.POP.AG03.MA.IN,22994
Puerto Rico,PRI,2009,"Age population, age 03, male",SP.POP.AG03.MA.IN,23565.5
Puerto Rico,PRI,2008,"Age population, age 03, male",SP.POP.AG03.MA.IN,24044
Puerto Rico,PRI,2007,"Age population, age 03, male",SP.POP.AG03.MA.IN,24650.5
Puerto Rico,PRI,2006,"Age population, age 03, male",SP.POP.AG03.MA.IN,25539.5
Puerto Rico,PRI,2005,"Age population, age 03, male",SP.POP.AG03.MA.IN,26725
Puerto Rico,PRI,2004,"Age population, age 03, male",SP.POP.AG03.MA.IN,28004.5
Puerto Rico,PRI,2003,"Age population, age 03, male",SP.POP.AG03.MA.IN,28816
Puerto Rico,PRI,2002,"Age population, age 03, male",SP.POP.AG03.MA.IN,29337.5
Puerto Rico,PRI,2001,"Age population, age 03, male",SP.POP.AG03.MA.IN,29959
Puerto Rico,PRI,2000,"Age population, age 03, male",SP.POP.AG03.MA.IN,30504
Puerto Rico,PRI,1999,"Age population, age 03, male",SP.POP.AG03.MA.IN,30841.5
Puerto Rico,PRI,1998,"Age population, age 03, male",SP.POP.AG03.MA.IN,30960.5
Puerto Rico,PRI,1997,"Age population, age 03, male",SP.POP.AG03.MA.IN,31110
Puerto Rico,PRI,1996,"Age population, age 03, male",SP.POP.AG03.MA.IN,31446.5
Puerto Rico,PRI,1995,"Age population, age 03, male",SP.POP.AG03.MA.IN,31973.5
Puerto Rico,PRI,1994,"Age population, age 03, male",SP.POP.AG03.MA.IN,32423.5
Puerto Rico,PRI,1993,"Age population, age 03, male",SP.POP.AG03.MA.IN,32433.5
Puerto Rico,PRI,1992,"Age population, age 03, male",SP.POP.AG03.MA.IN,32193.5
Puerto Rico,PRI,1991,"Age population, age 03, male",SP.POP.AG03.MA.IN,31785.5
Puerto Rico,PRI,1990,"Age population, age 03, male",SP.POP.AG03.MA.IN,31232
Puerto Rico,PRI,1989,"Age population, age 03, male",SP.POP.AG03.MA.IN,31060.5
Puerto Rico,PRI,1988,"Age population, age 03, male",SP.POP.AG03.MA.IN,31694
Puerto Rico,PRI,1987,"Age population, age 03, male",SP.POP.AG03.MA.IN,32247.5
Puerto Rico,PRI,1986,"Age population, age 03, male",SP.POP.AG03.MA.IN,33036.5
Puerto Rico,PRI,1985,"Age population, age 03, male",SP.POP.AG03.MA.IN,34150
Puerto Rico,PRI,1984,"Age population, age 03, male",SP.POP.AG03.MA.IN,34987.5
Puerto Rico,PRI,1983,"Age population, age 03, male",SP.POP.AG03.MA.IN,35819
Puerto Rico,PRI,1982,"Age population, age 03, male",SP.POP.AG03.MA.IN,35447.5
Puerto Rico,PRI,1981,"Age population, age 03, male",SP.POP.AG03.MA.IN,34944.5
Puerto Rico,PRI,1980,"Age population, age 03, male",SP.POP.AG03.MA.IN,35043
Puerto Rico,PRI,1979,"Age population, age 03, male",SP.POP.AG03.MA.IN,34894
Puerto Rico,PRI,1978,"Age population, age 03, male",SP.POP.AG03.MA.IN,34618.5
Puerto Rico,PRI,1977,"Age population, age 03, male",SP.POP.AG03.MA.IN,34285
Puerto Rico,PRI,1976,"Age population, age 03, male",SP.POP.AG03.MA.IN,34133.5
Puerto Rico,PRI,1975,"Age population, age 03, male",SP.POP.AG03.MA.IN,34054
Puerto Rico,PRI,1974,"Age population, age 03, male",SP.POP.AG03.MA.IN,33811
Puerto Rico,PRI,1973,"Age population, age 03, male",SP.POP.AG03.MA.IN,33544
Puerto Rico,PRI,1972,"Age population, age 03, male",SP.POP.AG03.MA.IN,33712.5
Puerto Rico,PRI,1971,"Age population, age 03, male",SP.POP.AG03.MA.IN,34130.5
Puerto Rico,PRI,1970,"Age population, age 03, male",SP.POP.AG03.MA.IN,34418.5
Puerto Rico,PRI,1969,"Age population, age 03, male",SP.POP.AG03.MA.IN,34619
Puerto Rico,PRI,1968,"Age population, age 03, male",SP.POP.AG03.MA.IN,34761
Puerto Rico,PRI,1967,"Age population, age 03, male",SP.POP.AG03.MA.IN,34884
Puerto Rico,PRI,1966,"Age population, age 03, male",SP.POP.AG03.MA.IN,35038.5
Puerto Rico,PRI,1965,"Age population, age 03, male",SP.POP.AG03.MA.IN,35245
Puerto Rico,PRI,1964,"Age population, age 03, male",SP.POP.AG03.MA.IN,35519
Puerto Rico,PRI,1963,"Age population, age 03, male",SP.POP.AG03.MA.IN,35630
Puerto Rico,PRI,1962,"Age population, age 03, male",SP.POP.AG03.MA.IN,35224.5
Puerto Rico,PRI,1961,"Age population, age 03, male",SP.POP.AG03.MA.IN,34847.5
Puerto Rico,PRI,1960,"Age population, age 03, male",SP.POP.AG03.MA.IN,35143
Puerto Rico,PRI,2023,"Age population, age 04, female",SP.POP.AG04.FE.IN,10344.5
Puerto Rico,PRI,2022,"Age population, age 04, female",SP.POP.AG04.FE.IN,10805.5
Puerto Rico,PRI,2021,"Age population, age 04, female",SP.POP.AG04.FE.IN,11453.5
Puerto Rico,PRI,2020,"Age population, age 04, female",SP.POP.AG04.FE.IN,12337.5
Puerto Rico,PRI,2019,"Age population, age 04, female",SP.POP.AG04.FE.IN,13176
Puerto Rico,PRI,2018,"Age population, age 04, female",SP.POP.AG04.FE.IN,13815
Puerto Rico,PRI,2017,"Age population, age 04, female",SP.POP.AG04.FE.IN,14819
Puerto Rico,PRI,2016,"Age population, age 04, female",SP.POP.AG04.FE.IN,16188.5
Puerto Rico,PRI,2015,"Age population, age 04, female",SP.POP.AG04.FE.IN,17638.5
Puerto Rico,PRI,2014,"Age population, age 04, female",SP.POP.AG04.FE.IN,19174.5
Puerto Rico,PRI,2013,"Age population, age 04, female",SP.POP.AG04.FE.IN,20087
Puerto Rico,PRI,2012,"Age population, age 04, female",SP.POP.AG04.FE.IN,20674.5
Puerto Rico,PRI,2011,"Age population, age 04, female",SP.POP.AG04.FE.IN,21447
Puerto Rico,PRI,2010,"Age population, age 04, female",SP.POP.AG04.FE.IN,22100.5
Puerto Rico,PRI,2009,"Age population, age 04, female",SP.POP.AG04.FE.IN,22589.5
Puerto Rico,PRI,2008,"Age population, age 04, female",SP.POP.AG04.FE.IN,23096
Puerto Rico,PRI,2007,"Age population, age 04, female",SP.POP.AG04.FE.IN,23897.5
Puerto Rico,PRI,2006,"Age population, age 04, female",SP.POP.AG04.FE.IN,24990.5
Puerto Rico,PRI,2005,"Age population, age 04, female",SP.POP.AG04.FE.IN,26188.5
Puerto Rico,PRI,2004,"Age population, age 04, female",SP.POP.AG04.FE.IN,27016.5
Puerto Rico,PRI,2003,"Age population, age 04, female",SP.POP.AG04.FE.IN,27580
Puerto Rico,PRI,2002,"Age population, age 04, female",SP.POP.AG04.FE.IN,28128.5
Puerto Rico,PRI,2001,"Age population, age 04, female",SP.POP.AG04.FE.IN,28544
Puerto Rico,PRI,2000,"Age population, age 04, female",SP.POP.AG04.FE.IN,28891.5
Puerto Rico,PRI,1999,"Age population, age 04, female",SP.POP.AG04.FE.IN,29206
Puerto Rico,PRI,1998,"Age population, age 04, female",SP.POP.AG04.FE.IN,29523
Puerto Rico,PRI,1997,"Age population, age 04, female",SP.POP.AG04.FE.IN,29919
Puerto Rico,PRI,1996,"Age population, age 04, female",SP.POP.AG04.FE.IN,30443.5
Puerto Rico,PRI,1995,"Age population, age 04, female",SP.POP.AG04.FE.IN,30873.5
Puerto Rico,PRI,1994,"Age population, age 04, female",SP.POP.AG04.FE.IN,30917.5
Puerto Rico,PRI,1993,"Age population, age 04, female",SP.POP.AG04.FE.IN,30733
Puerto Rico,PRI,1992,"Age population, age 04, female",SP.POP.AG04.FE.IN,30505.5
Puerto Rico,PRI,1991,"Age population, age 04, female",SP.POP.AG04.FE.IN,30060.5
Puerto Rico,PRI,1990,"Age population, age 04, female",SP.POP.AG04.FE.IN,29690.5
Puerto Rico,PRI,1989,"Age population, age 04, female",SP.POP.AG04.FE.IN,30071
Puerto Rico,PRI,1988,"Age population, age 04, female",SP.POP.AG04.FE.IN,30542
Puerto Rico,PRI,1987,"Age population, age 04, female",SP.POP.AG04.FE.IN,31294
Puerto Rico,PRI,1986,"Age population, age 04, female",SP.POP.AG04.FE.IN,32574
Puerto Rico,PRI,1985,"Age population, age 04, female",SP.POP.AG04.FE.IN,33594
Puerto Rico,PRI,1984,"Age population, age 04, female",SP.POP.AG04.FE.IN,34469
Puerto Rico,PRI,1983,"Age population, age 04, female",SP.POP.AG04.FE.IN,34433
Puerto Rico,PRI,1982,"Age population, age 04, female",SP.POP.AG04.FE.IN,34034
Puerto Rico,PRI,1981,"Age population, age 04, female",SP.POP.AG04.FE.IN,33907.5
Puerto Rico,PRI,1980,"Age population, age 04, female",SP.POP.AG04.FE.IN,33525
Puerto Rico,PRI,1979,"Age population, age 04, female",SP.POP.AG04.FE.IN,33048
Puerto Rico,PRI,1978,"Age population, age 04, female",SP.POP.AG04.FE.IN,32610.5
Puerto Rico,PRI,1977,"Age population, age 04, female",SP.POP.AG04.FE.IN,32361
Puerto Rico,PRI,1976,"Age population, age 04, female",SP.POP.AG04.FE.IN,32270
Puerto Rico,PRI,1975,"Age population, age 04, female",SP.POP.AG04.FE.IN,31982.5
Puerto Rico,PRI,1974,"Age population, age 04, female",SP.POP.AG04.FE.IN,31099
Puerto Rico,PRI,1973,"Age population, age 04, female",SP.POP.AG04.FE.IN,30981
Puerto Rico,PRI,1972,"Age population, age 04, female",SP.POP.AG04.FE.IN,31967.5
Puerto Rico,PRI,1971,"Age population, age 04, female",SP.POP.AG04.FE.IN,32927.5
Puerto Rico,PRI,1970,"Age population, age 04, female",SP.POP.AG04.FE.IN,33793
Puerto Rico,PRI,1969,"Age population, age 04, female",SP.POP.AG04.FE.IN,34444
Puerto Rico,PRI,1968,"Age population, age 04, female",SP.POP.AG04.FE.IN,34839.5
Puerto Rico,PRI,1967,"Age population, age 04, female",SP.POP.AG04.FE.IN,35055
Puerto Rico,PRI,1966,"Age population, age 04, female",SP.POP.AG04.FE.IN,35161.5
Puerto Rico,PRI,1965,"Age population, age 04, female",SP.POP.AG04.FE.IN,35313
Puerto Rico,PRI,1964,"Age population, age 04, female",SP.POP.AG04.FE.IN,35563
Puerto Rico,PRI,1963,"Age population, age 04, female",SP.POP.AG04.FE.IN,35086
Puerto Rico,PRI,1962,"Age population, age 04, female",SP.POP.AG04.FE.IN,34277.5
Puerto Rico,PRI,1961,"Age population, age 04, female",SP.POP.AG04.FE.IN,34197.5
Puerto Rico,PRI,1960,"Age population, age 04, female",SP.POP.AG04.FE.IN,34221.5
Puerto Rico,PRI,2023,"Age population, age 04, male",SP.POP.AG04.MA.IN,11006.5
Puerto Rico,PRI,2022,"Age population, age 04, male",SP.POP.AG04.MA.IN,11363.5
Puerto Rico,PRI,2021,"Age population, age 04, male",SP.POP.AG04.MA.IN,12156
Puerto Rico,PRI,2020,"Age population, age 04, male",SP.POP.AG04.MA.IN,13145
Puerto Rico,PRI,2019,"Age population, age 04, male",SP.POP.AG04.MA.IN,13941.5
Puerto Rico,PRI,2018,"Age population, age 04, male",SP.POP.AG04.MA.IN,14569.5
Puerto Rico,PRI,2017,"Age population, age 04, male",SP.POP.AG04.MA.IN,15651
Puerto Rico,PRI,2016,"Age population, age 04, male",SP.POP.AG04.MA.IN,17078
Puerto Rico,PRI,2015,"Age population, age 04, male",SP.POP.AG04.MA.IN,18518
Puerto Rico,PRI,2014,"Age population, age 04, male",SP.POP.AG04.MA.IN,20097.5
Puerto Rico,PRI,2013,"Age population, age 04, male",SP.POP.AG04.MA.IN,21103.5
Puerto Rico,PRI,2012,"Age population, age 04, male",SP.POP.AG04.MA.IN,21756
Puerto Rico,PRI,2011,"Age population, age 04, male",SP.POP.AG04.MA.IN,22584.5
Puerto Rico,PRI,2010,"Age population, age 04, male",SP.POP.AG04.MA.IN,23315.5
Puerto Rico,PRI,2009,"Age population, age 04, male",SP.POP.AG04.MA.IN,23861.5
Puerto Rico,PRI,2008,"Age population, age 04, male",SP.POP.AG04.MA.IN,24390.5
Puerto Rico,PRI,2007,"Age population, age 04, male",SP.POP.AG04.MA.IN,25222
Puerto Rico,PRI,2006,"Age population, age 04, male",SP.POP.AG04.MA.IN,26377
Puerto Rico,PRI,2005,"Age population, age 04, male",SP.POP.AG04.MA.IN,27633
Puerto Rico,PRI,2004,"Age population, age 04, male",SP.POP.AG04.MA.IN,28470.5
Puerto Rico,PRI,2003,"Age population, age 04, male",SP.POP.AG04.MA.IN,29030.5
Puerto Rico,PRI,2002,"Age population, age 04, male",SP.POP.AG04.MA.IN,29649.5
Puerto Rico,PRI,2001,"Age population, age 04, male",SP.POP.AG04.MA.IN,30231
Puerto Rico,PRI,2000,"Age population, age 04, male",SP.POP.AG04.MA.IN,30677.5
Puerto Rico,PRI,1999,"Age population, age 04, male",SP.POP.AG04.MA.IN,30848.5
Puerto Rico,PRI,1998,"Age population, age 04, male",SP.POP.AG04.MA.IN,30966
Puerto Rico,PRI,1997,"Age population, age 04, male",SP.POP.AG04.MA.IN,31287.5
Puerto Rico,PRI,1996,"Age population, age 04, male",SP.POP.AG04.MA.IN,31823.5
Puerto Rico,PRI,1995,"Age population, age 04, male",SP.POP.AG04.MA.IN,32287.5
Puerto Rico,PRI,1994,"Age population, age 04, male",SP.POP.AG04.MA.IN,32321.5
Puerto Rico,PRI,1993,"Age population, age 04, male",SP.POP.AG04.MA.IN,32103
Puerto Rico,PRI,1992,"Age population, age 04, male",SP.POP.AG04.MA.IN,31710.5
Puerto Rico,PRI,1991,"Age population, age 04, male",SP.POP.AG04.MA.IN,31160.5
Puerto Rico,PRI,1990,"Age population, age 04, male",SP.POP.AG04.MA.IN,30819.5
Puerto Rico,PRI,1989,"Age population, age 04, male",SP.POP.AG04.MA.IN,31320
Puerto Rico,PRI,1988,"Age population, age 04, male",SP.POP.AG04.MA.IN,31848.5
Puerto Rico,PRI,1987,"Age population, age 04, male",SP.POP.AG04.MA.IN,32661.5
Puerto Rico,PRI,1986,"Age population, age 04, male",SP.POP.AG04.MA.IN,33861
Puerto Rico,PRI,1985,"Age population, age 04, male",SP.POP.AG04.MA.IN,34734
Puerto Rico,PRI,1984,"Age population, age 04, male",SP.POP.AG04.MA.IN,35619.5
Puerto Rico,PRI,1983,"Age population, age 04, male",SP.POP.AG04.MA.IN,35311
Puerto Rico,PRI,1982,"Age population, age 04, male",SP.POP.AG04.MA.IN,34870.5
Puerto Rico,PRI,1981,"Age population, age 04, male",SP.POP.AG04.MA.IN,34985
Puerto Rico,PRI,1980,"Age population, age 04, male",SP.POP.AG04.MA.IN,34861
Puerto Rico,PRI,1979,"Age population, age 04, male",SP.POP.AG04.MA.IN,34623
Puerto Rico,PRI,1978,"Age population, age 04, male",SP.POP.AG04.MA.IN,34297
Puerto Rico,PRI,1977,"Age population, age 04, male",SP.POP.AG04.MA.IN,34183.5
Puerto Rico,PRI,1976,"Age population, age 04, male",SP.POP.AG04.MA.IN,34163.5
Puerto Rico,PRI,1975,"Age population, age 04, male",SP.POP.AG04.MA.IN,33966.5
Puerto Rico,PRI,1974,"Age population, age 04, male",SP.POP.AG04.MA.IN,33699.5
Puerto Rico,PRI,1973,"Age population, age 04, male",SP.POP.AG04.MA.IN,33802
Puerto Rico,PRI,1972,"Age population, age 04, male",SP.POP.AG04.MA.IN,34159.5
Puerto Rico,PRI,1971,"Age population, age 04, male",SP.POP.AG04.MA.IN,34449.5
Puerto Rico,PRI,1970,"Age population, age 04, male",SP.POP.AG04.MA.IN,34636
Puerto Rico,PRI,1969,"Age population, age 04, male",SP.POP.AG04.MA.IN,34740
Puerto Rico,PRI,1968,"Age population, age 04, male",SP.POP.AG04.MA.IN,34831
Puerto Rico,PRI,1967,"Age population, age 04, male",SP.POP.AG04.MA.IN,34938
Puerto Rico,PRI,1966,"Age population, age 04, male",SP.POP.AG04.MA.IN,35086
Puerto Rico,PRI,1965,"Age population, age 04, male",SP.POP.AG04.MA.IN,35296
Puerto Rico,PRI,1964,"Age population, age 04, male",SP.POP.AG04.MA.IN,35372.5
Puerto Rico,PRI,1963,"Age population, age 04, male",SP.POP.AG04.MA.IN,34997.5
Puerto Rico,PRI,1962,"Age population, age 04, male",SP.POP.AG04.MA.IN,34635.5
Puerto Rico,PRI,1961,"Age population, age 04, male",SP.POP.AG04.MA.IN,34857.5
Puerto Rico,PRI,1960,"Age population, age 04, male",SP.POP.AG04.MA.IN,34974
Puerto Rico,PRI,2023,"Age population, age 05, female",SP.POP.AG05.FE.IN,10976
Puerto Rico,PRI,2022,"Age population, age 05, female",SP.POP.AG05.FE.IN,11495.5
Puerto Rico,PRI,2021,"Age population, age 05, female",SP.POP.AG05.FE.IN,12266.5
Puerto Rico,PRI,2020,"Age population, age 05, female",SP.POP.AG05.FE.IN,13232
Puerto Rico,PRI,2019,"Age population, age 05, female",SP.POP.AG05.FE.IN,13912.5
Puerto Rico,PRI,2018,"Age population, age 05, female",SP.POP.AG05.FE.IN,14554
Puerto Rico,PRI,2017,"Age population, age 05, female",SP.POP.AG05.FE.IN,15752
Puerto Rico,PRI,2016,"Age population, age 05, female",SP.POP.AG05.FE.IN,17229.5
Puerto Rico,PRI,2015,"Age population, age 05, female",SP.POP.AG05.FE.IN,18661.5
Puerto Rico,PRI,2014,"Age population, age 05, female",SP.POP.AG05.FE.IN,19573
Puerto Rico,PRI,2013,"Age population, age 05, female",SP.POP.AG05.FE.IN,20207
Puerto Rico,PRI,2012,"Age population, age 05, female",SP.POP.AG05.FE.IN,21014.5
Puerto Rico,PRI,2011,"Age population, age 05, female",SP.POP.AG05.FE.IN,21733.5
Puerto Rico,PRI,2010,"Age population, age 05, female",SP.POP.AG05.FE.IN,22331.5
Puerto Rico,PRI,2009,"Age population, age 05, female",SP.POP.AG05.FE.IN,22860
Puerto Rico,PRI,2008,"Age population, age 05, female",SP.POP.AG05.FE.IN,23605
Puerto Rico,PRI,2007,"Age population, age 05, female",SP.POP.AG05.FE.IN,24664.5
Puerto Rico,PRI,2006,"Age population, age 05, female",SP.POP.AG05.FE.IN,25840
Puerto Rico,PRI,2005,"Age population, age 05, female",SP.POP.AG05.FE.IN,26697
Puerto Rico,PRI,2004,"Age population, age 05, female",SP.POP.AG05.FE.IN,27306.5
Puerto Rico,PRI,2003,"Age population, age 05, female",SP.POP.AG05.FE.IN,27866
Puerto Rico,PRI,2002,"Age population, age 05, female",SP.POP.AG05.FE.IN,28302
Puerto Rico,PRI,2001,"Age population, age 05, female",SP.POP.AG05.FE.IN,28690
Puerto Rico,PRI,2000,"Age population, age 05, female",SP.POP.AG05.FE.IN,29053.5
Puerto Rico,PRI,1999,"Age population, age 05, female",SP.POP.AG05.FE.IN,29383
Puerto Rico,PRI,1998,"Age population, age 05, female",SP.POP.AG05.FE.IN,29770.5
Puerto Rico,PRI,1997,"Age population, age 05, female",SP.POP.AG05.FE.IN,30309
Puerto Rico,PRI,1996,"Age population, age 05, female",SP.POP.AG05.FE.IN,30752
Puerto Rico,PRI,1995,"Age population, age 05, female",SP.POP.AG05.FE.IN,30817
Puerto Rico,PRI,1994,"Age population, age 05, female",SP.POP.AG05.FE.IN,30645.5
Puerto Rico,PRI,1993,"Age population, age 05, female",SP.POP.AG05.FE.IN,30406
Puerto Rico,PRI,1992,"Age population, age 05, female",SP.POP.AG05.FE.IN,29982
Puerto Rico,PRI,1991,"Age population, age 05, female",SP.POP.AG05.FE.IN,29612
Puerto Rico,PRI,1990,"Age population, age 05, female",SP.POP.AG05.FE.IN,29854
Puerto Rico,PRI,1989,"Age population, age 05, female",SP.POP.AG05.FE.IN,30176
Puerto Rico,PRI,1988,"Age population, age 05, female",SP.POP.AG05.FE.IN,30944.5
Puerto Rico,PRI,1987,"Age population, age 05, female",SP.POP.AG05.FE.IN,32311.5
Puerto Rico,PRI,1986,"Age population, age 05, female",SP.POP.AG05.FE.IN,33379.5
Puerto Rico,PRI,1985,"Age population, age 05, female",SP.POP.AG05.FE.IN,34285
Puerto Rico,PRI,1984,"Age population, age 05, female",SP.POP.AG05.FE.IN,34278
Puerto Rico,PRI,1983,"Age population, age 05, female",SP.POP.AG05.FE.IN,33941
Puerto Rico,PRI,1982,"Age population, age 05, female",SP.POP.AG05.FE.IN,33848.5
Puerto Rico,PRI,1981,"Age population, age 05, female",SP.POP.AG05.FE.IN,33461.5
Puerto Rico,PRI,1980,"Age population, age 05, female",SP.POP.AG05.FE.IN,33012.5
Puerto Rico,PRI,1979,"Age population, age 05, female",SP.POP.AG05.FE.IN,32589.5
Puerto Rico,PRI,1978,"Age population, age 05, female",SP.POP.AG05.FE.IN,32348.5
Puerto Rico,PRI,1977,"Age population, age 05, female",SP.POP.AG05.FE.IN,32296
Puerto Rico,PRI,1976,"Age population, age 05, female",SP.POP.AG05.FE.IN,32095.5
Puerto Rico,PRI,1975,"Age population, age 05, female",SP.POP.AG05.FE.IN,31366.5
Puerto Rico,PRI,1974,"Age population, age 05, female",SP.POP.AG05.FE.IN,31267
Puerto Rico,PRI,1973,"Age population, age 05, female",SP.POP.AG05.FE.IN,32138
Puerto Rico,PRI,1972,"Age population, age 05, female",SP.POP.AG05.FE.IN,33034.5
Puerto Rico,PRI,1971,"Age population, age 05, female",SP.POP.AG05.FE.IN,33862
Puerto Rico,PRI,1970,"Age population, age 05, female",SP.POP.AG05.FE.IN,34545
Puerto Rico,PRI,1969,"Age population, age 05, female",SP.POP.AG05.FE.IN,34992.5
Puerto Rico,PRI,1968,"Age population, age 05, female",SP.POP.AG05.FE.IN,35205.5
Puerto Rico,PRI,1967,"Age population, age 05, female",SP.POP.AG05.FE.IN,35285
Puerto Rico,PRI,1966,"Age population, age 05, female",SP.POP.AG05.FE.IN,35369.5
Puerto Rico,PRI,1965,"Age population, age 05, female",SP.POP.AG05.FE.IN,35520.5
Puerto Rico,PRI,1964,"Age population, age 05, female",SP.POP.AG05.FE.IN,35044.5
Puerto Rico,PRI,1963,"Age population, age 05, female",SP.POP.AG05.FE.IN,34263.5
Puerto Rico,PRI,1962,"Age population, age 05, female",SP.POP.AG05.FE.IN,34094.5
Puerto Rico,PRI,1961,"Age population, age 05, female",SP.POP.AG05.FE.IN,34003
Puerto Rico,PRI,1960,"Age population, age 05, female",SP.POP.AG05.FE.IN,33513
Puerto Rico,PRI,2023,"Age population, age 05, male",SP.POP.AG05.MA.IN,11540.5
Puerto Rico,PRI,2022,"Age population, age 05, male",SP.POP.AG05.MA.IN,12199
Puerto Rico,PRI,2021,"Age population, age 05, male",SP.POP.AG05.MA.IN,13070
Puerto Rico,PRI,2020,"Age population, age 05, male",SP.POP.AG05.MA.IN,13990.5
Puerto Rico,PRI,2019,"Age population, age 05, male",SP.POP.AG05.MA.IN,14649.5
Puerto Rico,PRI,2018,"Age population, age 05, male",SP.POP.AG05.MA.IN,15372.5
Puerto Rico,PRI,2017,"Age population, age 05, male",SP.POP.AG05.MA.IN,16627
Puerto Rico,PRI,2016,"Age population, age 05, male",SP.POP.AG05.MA.IN,18075.5
Puerto Rico,PRI,2015,"Age population, age 05, male",SP.POP.AG05.MA.IN,19573
Puerto Rico,PRI,2014,"Age population, age 05, male",SP.POP.AG05.MA.IN,20612.5
Puerto Rico,PRI,2013,"Age population, age 05, male",SP.POP.AG05.MA.IN,21297
Puerto Rico,PRI,2012,"Age population, age 05, male",SP.POP.AG05.MA.IN,22131.5
Puerto Rico,PRI,2011,"Age population, age 05, male",SP.POP.AG05.MA.IN,22914.5
Puerto Rico,PRI,2010,"Age population, age 05, male",SP.POP.AG05.MA.IN,23575
Puerto Rico,PRI,2009,"Age population, age 05, male",SP.POP.AG05.MA.IN,24133.5
Puerto Rico,PRI,2008,"Age population, age 05, male",SP.POP.AG05.MA.IN,24908
Puerto Rico,PRI,2007,"Age population, age 05, male",SP.POP.AG05.MA.IN,26033
Puerto Rico,PRI,2006,"Age population, age 05, male",SP.POP.AG05.MA.IN,27265
Puerto Rico,PRI,2005,"Age population, age 05, male",SP.POP.AG05.MA.IN,28128.5
Puerto Rico,PRI,2004,"Age population, age 05, male",SP.POP.AG05.MA.IN,28728
Puerto Rico,PRI,2003,"Age population, age 05, male",SP.POP.AG05.MA.IN,29345
Puerto Rico,PRI,2002,"Age population, age 05, male",SP.POP.AG05.MA.IN,29934.5
Puerto Rico,PRI,2001,"Age population, age 05, male",SP.POP.AG05.MA.IN,30431.5
Puerto Rico,PRI,2000,"Age population, age 05, male",SP.POP.AG05.MA.IN,30684
Puerto Rico,PRI,1999,"Age population, age 05, male",SP.POP.AG05.MA.IN,30829.5
Puerto Rico,PRI,1998,"Age population, age 05, male",SP.POP.AG05.MA.IN,31136.5
Puerto Rico,PRI,1997,"Age population, age 05, male",SP.POP.AG05.MA.IN,31682
Puerto Rico,PRI,1996,"Age population, age 05, male",SP.POP.AG05.MA.IN,32160
Puerto Rico,PRI,1995,"Age population, age 05, male",SP.POP.AG05.MA.IN,32218.5
Puerto Rico,PRI,1994,"Age population, age 05, male",SP.POP.AG05.MA.IN,32021.5
Puerto Rico,PRI,1993,"Age population, age 05, male",SP.POP.AG05.MA.IN,31644
Puerto Rico,PRI,1992,"Age population, age 05, male",SP.POP.AG05.MA.IN,31141
Puerto Rico,PRI,1991,"Age population, age 05, male",SP.POP.AG05.MA.IN,30799
Puerto Rico,PRI,1990,"Age population, age 05, male",SP.POP.AG05.MA.IN,31124.5
Puerto Rico,PRI,1989,"Age population, age 05, male",SP.POP.AG05.MA.IN,31460
Puerto Rico,PRI,1988,"Age population, age 05, male",SP.POP.AG05.MA.IN,32299.5
Puerto Rico,PRI,1987,"Age population, age 05, male",SP.POP.AG05.MA.IN,33586.5
Puerto Rico,PRI,1986,"Age population, age 05, male",SP.POP.AG05.MA.IN,34491
Puerto Rico,PRI,1985,"Age population, age 05, male",SP.POP.AG05.MA.IN,35430
Puerto Rico,PRI,1984,"Age population, age 05, male",SP.POP.AG05.MA.IN,35187.5
Puerto Rico,PRI,1983,"Age population, age 05, male",SP.POP.AG05.MA.IN,34810.5
Puerto Rico,PRI,1982,"Age population, age 05, male",SP.POP.AG05.MA.IN,34930.5
Puerto Rico,PRI,1981,"Age population, age 05, male",SP.POP.AG05.MA.IN,34783
Puerto Rico,PRI,1980,"Age population, age 05, male",SP.POP.AG05.MA.IN,34591.5
Puerto Rico,PRI,1979,"Age population, age 05, male",SP.POP.AG05.MA.IN,34320.5
Puerto Rico,PRI,1978,"Age population, age 05, male",SP.POP.AG05.MA.IN,34245.5
Puerto Rico,PRI,1977,"Age population, age 05, male",SP.POP.AG05.MA.IN,34285
Puerto Rico,PRI,1976,"Age population, age 05, male",SP.POP.AG05.MA.IN,34135
Puerto Rico,PRI,1975,"Age population, age 05, male",SP.POP.AG05.MA.IN,33868
Puerto Rico,PRI,1974,"Age population, age 05, male",SP.POP.AG05.MA.IN,33904
Puerto Rico,PRI,1973,"Age population, age 05, male",SP.POP.AG05.MA.IN,34202
Puerto Rico,PRI,1972,"Age population, age 05, male",SP.POP.AG05.MA.IN,34500
Puerto Rico,PRI,1971,"Age population, age 05, male",SP.POP.AG05.MA.IN,34706
Puerto Rico,PRI,1970,"Age population, age 05, male",SP.POP.AG05.MA.IN,34768.5
Puerto Rico,PRI,1969,"Age population, age 05, male",SP.POP.AG05.MA.IN,34795.5
Puerto Rico,PRI,1968,"Age population, age 05, male",SP.POP.AG05.MA.IN,34856
Puerto Rico,PRI,1967,"Age population, age 05, male",SP.POP.AG05.MA.IN,34948.5
Puerto Rico,PRI,1966,"Age population, age 05, male",SP.POP.AG05.MA.IN,35094.5
Puerto Rico,PRI,1965,"Age population, age 05, male",SP.POP.AG05.MA.IN,35135
Puerto Rico,PRI,1964,"Age population, age 05, male",SP.POP.AG05.MA.IN,34789.5
Puerto Rico,PRI,1963,"Age population, age 05, male",SP.POP.AG05.MA.IN,34441.5
Puerto Rico,PRI,1962,"Age population, age 05, male",SP.POP.AG05.MA.IN,34596.5
Puerto Rico,PRI,1961,"Age population, age 05, male",SP.POP.AG05.MA.IN,34641
Puerto Rico,PRI,1960,"Age population, age 05, male",SP.POP.AG05.MA.IN,33943.5
Puerto Rico,PRI,2016,"Own-account workers, female (% of female employment) (modeled ILO estimate)",SL.EMP.OWAC.FE.ZS,8.49300003051758
Puerto Rico,PRI,2015,"Own-account workers, female (% of female employment) (modeled ILO estimate)",SL.EMP.OWAC.FE.ZS,8.40900039672852
Puerto Rico,PRI,2014,"Own-account workers, female (% of female employment) (modeled ILO estimate)",SL.EMP.OWAC.FE.ZS,8.4399995803833
Puerto Rico,PRI,2013,"Own-account workers, female (% of female employment) (modeled ILO estimate)",SL.EMP.OWAC.FE.ZS,7.87599992752075
Puerto Rico,PRI,2012,"Own-account workers, female (% of female employment) (modeled ILO estimate)",SL.EMP.OWAC.FE.ZS,8.05300045013428
Puerto Rico,PRI,2011,"Own-account workers, female (% of female employment) (modeled ILO estimate)",SL.EMP.OWAC.FE.ZS,7.10599994659424
Puerto Rico,PRI,2010,"Own-account workers, female (% of female employment) (modeled ILO estimate)",SL.EMP.OWAC.FE.ZS,7.41300010681152
Puerto Rico,PRI,2009,"Own-account workers, female (% of female employment) (modeled ILO estimate)",SL.EMP.OWAC.FE.ZS,7.10699987411499
Puerto Rico,PRI,2008,"Own-account workers, female (% of female employment) (modeled ILO estimate)",SL.EMP.OWAC.FE.ZS,7.17199993133545
Puerto Rico,PRI,2007,"Own-account workers, female (% of female employment) (modeled ILO estimate)",SL.EMP.OWAC.FE.ZS,7.15000009536743
Puerto Rico,PRI,2006,"Own-account workers, female (% of female employment) (modeled ILO estimate)",SL.EMP.OWAC.FE.ZS,7.11600017547607
Puerto Rico,PRI,2005,"Own-account workers, female (% of female employment) (modeled ILO estimate)",SL.EMP.OWAC.FE.ZS,7.11199998855591
Puerto Rico,PRI,2004,"Own-account workers, female (% of female employment) (modeled ILO estimate)",SL.EMP.OWAC.FE.ZS,7.04899978637695
Puerto Rico,PRI,2003,"Own-account workers, female (% of female employment) (modeled ILO estimate)",SL.EMP.OWAC.FE.ZS,7.02600002288818
Puerto Rico,PRI,2002,"Own-account workers, female (% of female employment) (modeled ILO estimate)",SL.EMP.OWAC.FE.ZS,7.01100015640259
Puerto Rico,PRI,2001,"Own-account workers, female (% of female employment) (modeled ILO estimate)",SL.EMP.OWAC.FE.ZS,6.93200016021729
Puerto Rico,PRI,2000,"Own-account workers, female (% of female employment) (modeled ILO estimate)",SL.EMP.OWAC.FE.ZS,7.03200006484985
Puerto Rico,PRI,1999,"Own-account workers, female (% of female employment) (modeled ILO estimate)",SL.EMP.OWAC.FE.ZS,6.96299982070923
Puerto Rico,PRI,1998,"Own-account workers, female (% of female employment) (modeled ILO estimate)",SL.EMP.OWAC.FE.ZS,6.88399982452393
Puerto Rico,PRI,1997,"Own-account workers, female (% of female employment) (modeled ILO estimate)",SL.EMP.OWAC.FE.ZS,5.11499977111816
Puerto Rico,PRI,1996,"Own-account workers, female (% of female employment) (modeled ILO estimate)",SL.EMP.OWAC.FE.ZS,5.12900018692017
Puerto Rico,PRI,1995,"Own-account workers, female (% of female employment) (modeled ILO estimate)",SL.EMP.OWAC.FE.ZS,5.0789999961853
Puerto Rico,PRI,1994,"Own-account workers, female (% of female employment) (modeled ILO estimate)",SL.EMP.OWAC.FE.ZS,5.01200008392334
Puerto Rico,PRI,1993,"Own-account workers, female (% of female employment) (modeled ILO estimate)",SL.EMP.OWAC.FE.ZS,5.0310001373291
Puerto Rico,PRI,1992,"Own-account workers, female (% of female employment) (modeled ILO estimate)",SL.EMP.OWAC.FE.ZS,4.93599987030029
Puerto Rico,PRI,1991,"Own-account workers, female (% of female employment) (modeled ILO estimate)",SL.EMP.OWAC.FE.ZS,4.94999980926514
Puerto Rico,PRI,2016,"Own-account workers, male (% of male employment) (modeled ILO estimate)",SL.EMP.OWAC.MA.ZS,18.875
Puerto Rico,PRI,2015,"Own-account workers, male (% of male employment) (modeled ILO estimate)",SL.EMP.OWAC.MA.ZS,18.7530002593994
Puerto Rico,PRI,2014,"Own-account workers, male (% of male employment) (modeled ILO estimate)",SL.EMP.OWAC.MA.ZS,18.7509994506836
Puerto Rico,PRI,2013,"Own-account workers, male (% of male employment) (modeled ILO estimate)",SL.EMP.OWAC.MA.ZS,16.2360000610352
Puerto Rico,PRI,2012,"Own-account workers, male (% of male employment) (modeled ILO estimate)",SL.EMP.OWAC.MA.ZS,16.0090007781982
Puerto Rico,PRI,2011,"Own-account workers, male (% of male employment) (modeled ILO estimate)",SL.EMP.OWAC.MA.ZS,16.576000213623
Puerto Rico,PRI,2010,"Own-account workers, male (% of male employment) (modeled ILO estimate)",SL.EMP.OWAC.MA.ZS,15.4820003509521
Puerto Rico,PRI,2009,"Own-account workers, male (% of male employment) (modeled ILO estimate)",SL.EMP.OWAC.MA.ZS,15.6820001602173
Puerto Rico,PRI,2008,"Own-account workers, male (% of male employment) (modeled ILO estimate)",SL.EMP.OWAC.MA.ZS,17.193000793457
Puerto Rico,PRI,2007,"Own-account workers, male (% of male employment) (modeled ILO estimate)",SL.EMP.OWAC.MA.ZS,17.1650009155273
Puerto Rico,PRI,2006,"Own-account workers, male (% of male employment) (modeled ILO estimate)",SL.EMP.OWAC.MA.ZS,17.1229991912842
Puerto Rico,PRI,2005,"Own-account workers, male (% of male employment) (modeled ILO estimate)",SL.EMP.OWAC.MA.ZS,17.0820007324219
Puerto Rico,PRI,2004,"Own-account workers, male (% of male employment) (modeled ILO estimate)",SL.EMP.OWAC.MA.ZS,17.1110000610352
Puerto Rico,PRI,2003,"Own-account workers, male (% of male employment) (modeled ILO estimate)",SL.EMP.OWAC.MA.ZS,17.1840000152588
Puerto Rico,PRI,2002,"Own-account workers, male (% of male employment) (modeled ILO estimate)",SL.EMP.OWAC.MA.ZS,17.1270008087158
Puerto Rico,PRI,2001,"Own-account workers, male (% of male employment) (modeled ILO estimate)",SL.EMP.OWAC.MA.ZS,17.2399997711182
Puerto Rico,PRI,2000,"Own-account workers, male (% of male employment) (modeled ILO estimate)",SL.EMP.OWAC.MA.ZS,17.3740005493164
Puerto Rico,PRI,1999,"Own-account workers, male (% of male employment) (modeled ILO estimate)",SL.EMP.OWAC.MA.ZS,17.3579998016357
Puerto Rico,PRI,1998,"Own-account workers, male (% of male employment) (modeled ILO estimate)",SL.EMP.OWAC.MA.ZS,17.3969993591309
Puerto Rico,PRI,1997,"Own-account workers, male (% of male employment) (modeled ILO estimate)",SL.EMP.OWAC.MA.ZS,15.9610004425049
Puerto Rico,PRI,1996,"Own-account workers, male (% of male employment) (modeled ILO estimate)",SL.EMP.OWAC.MA.ZS,15.9799995422363
Puerto Rico,PRI,1995,"Own-account workers, male (% of male employment) (modeled ILO estimate)",SL.EMP.OWAC.MA.ZS,16.0069999694824
Puerto Rico,PRI,1994,"Own-account workers, male (% of male employment) (modeled ILO estimate)",SL.EMP.OWAC.MA.ZS,16
Puerto Rico,PRI,1993,"Own-account workers, male (% of male employment) (modeled ILO estimate)",SL.EMP.OWAC.MA.ZS,16.113000869751
Puerto Rico,PRI,1992,"Own-account workers, male (% of male employment) (modeled ILO estimate)",SL.EMP.OWAC.MA.ZS,16.113000869751
Puerto Rico,PRI,1991,"Own-account workers, male (% of male employment) (modeled ILO estimate)",SL.EMP.OWAC.MA.ZS,16.1340007781982
