Country Name,Country ISO3,Year,Indicator Name,Indicator Code,Value
#country+name,#country+code,#date+year,#indicator+name,#indicator+code,#indicator+value+num
Vietnam,VNM,2015,Firms with female top manager (% of firms),IC.FRM.FEMM.ZS,22.4
Vietnam,VNM,2009,Firms with female top manager (% of firms),IC.FRM.FEMM.ZS,26.4
Vietnam,VNM,2015,Firms with female participation in ownership (% of firms),IC.FRM.FEMO.ZS,51.1
Vietnam,VNM,2009,Firms with female participation in ownership (% of firms),IC.FRM.FEMO.ZS,59.2
Vietnam,VNM,2019,"Literacy rate, youth female (% of females ages 15-24)",SE.ADT.1524.LT.FE.ZS,98.5376663208008
Vietnam,VNM,2014,"Literacy rate, youth female (% of females ages 15-24)",SE.ADT.1524.LT.FE.ZS,98.8099975585938
Vietnam,VNM,2010,"Literacy rate, youth female (% of females ages 15-24)",SE.ADT.1524.LT.FE.ZS,98.3199996948242
Vietnam,VNM,2009,"Literacy rate, youth female (% of females ages 15-24)",SE.ADT.1524.LT.FE.ZS,96.7811279296875
Vietnam,VNM,2006,"Literacy rate, youth female (% of females ages 15-24)",SE.ADT.1524.LT.FE.ZS,100
Vietnam,VNM,2000,"Literacy rate, youth female (% of females ages 15-24)",SE.ADT.1524.LT.FE.ZS,94.0555191040039
Vietnam,VNM,1999,"Literacy rate, youth female (% of females ages 15-24)",SE.ADT.1524.LT.FE.ZS,94.2980880737305
Vietnam,VNM,1989,"Literacy rate, youth female (% of females ages 15-24)",SE.ADT.1524.LT.FE.ZS,93.4022216796875
Vietnam,VNM,1979,"Literacy rate, youth female (% of females ages 15-24)",SE.ADT.1524.LT.FE.ZS,94.0229415893555
Vietnam,VNM,2019,"Literacy rate, youth (ages 15-24), gender parity index (GPI)",SE.ADT.1524.LT.FM.ZS,0.998269975185394
Vietnam,VNM,2009,"Literacy rate, youth (ages 15-24), gender parity index (GPI)",SE.ADT.1524.LT.FM.ZS,0.993690013885498
Vietnam,VNM,2000,"Literacy rate, youth (ages 15-24), gender parity index (GPI)",SE.ADT.1524.LT.FM.ZS,0.983969986438751
Vietnam,VNM,1999,"Literacy rate, youth (ages 15-24), gender parity index (GPI)",SE.ADT.1524.LT.FM.ZS,0.995119988918304
Vietnam,VNM,1989,"Literacy rate, youth (ages 15-24), gender parity index (GPI)",SE.ADT.1524.LT.FM.ZS,0.99277001619339
Vietnam,VNM,1979,"Literacy rate, youth (ages 15-24), gender parity index (GPI)",SE.ADT.1524.LT.FM.ZS,0.978299975395203
Vietnam,VNM,2019,"Literacy rate, youth male (% of males ages 15-24)",SE.ADT.1524.LT.MA.ZS,98.7086181640625
Vietnam,VNM,2009,"Literacy rate, youth male (% of males ages 15-24)",SE.ADT.1524.LT.MA.ZS,97.3952407836914
Vietnam,VNM,2000,"Literacy rate, youth male (% of males ages 15-24)",SE.ADT.1524.LT.MA.ZS,95.5878067016602
Vietnam,VNM,1999,"Literacy rate, youth male (% of males ages 15-24)",SE.ADT.1524.LT.MA.ZS,94.7601318359375
Vietnam,VNM,1989,"Literacy rate, youth male (% of males ages 15-24)",SE.ADT.1524.LT.MA.ZS,94.0826034545898
Vietnam,VNM,1979,"Literacy rate, youth male (% of males ages 15-24)",SE.ADT.1524.LT.MA.ZS,96.1088790893555
Vietnam,VNM,2019,"Literacy rate, adult female (% of females ages 15 and above)",SE.ADT.LITR.FE.ZS,94.5656585693359
Vietnam,VNM,2009,"Literacy rate, adult female (% of females ages 15 and above)",SE.ADT.LITR.FE.ZS,91.3790893554688
Vietnam,VNM,2000,"Literacy rate, adult female (% of females ages 15 and above)",SE.ADT.LITR.FE.ZS,86.610107421875
Vietnam,VNM,1999,"Literacy rate, adult female (% of females ages 15 and above)",SE.ADT.LITR.FE.ZS,86.9200820922852
Vietnam,VNM,1989,"Literacy rate, adult female (% of females ages 15 and above)",SE.ADT.LITR.FE.ZS,82.8293914794922
Vietnam,VNM,1979,"Literacy rate, adult female (% of females ages 15 and above)",SE.ADT.LITR.FE.ZS,78.1403884887695
Vietnam,VNM,2019,"Literacy rate, adult male (% of males ages 15 and above)",SE.ADT.LITR.MA.ZS,96.9906997680664
Vietnam,VNM,2009,"Literacy rate, adult male (% of males ages 15 and above)",SE.ADT.LITR.MA.ZS,95.7853317260742
Vietnam,VNM,2000,"Literacy rate, adult male (% of males ages 15 and above)",SE.ADT.LITR.MA.ZS,93.9326782226563
Vietnam,VNM,1999,"Literacy rate, adult male (% of males ages 15 and above)",SE.ADT.LITR.MA.ZS,93.9182586669922
Vietnam,VNM,1989,"Literacy rate, adult male (% of males ages 15 and above)",SE.ADT.LITR.MA.ZS,93.0029907226563
Vietnam,VNM,1979,"Literacy rate, adult male (% of males ages 15 and above)",SE.ADT.LITR.MA.ZS,90.381477355957
Vietnam,VNM,2021,"School enrollment, primary (gross), gender parity index (GPI)",SE.ENR.PRIM.FM.ZS,1.01944005489349
Vietnam,VNM,2020,"School enrollment, primary (gross), gender parity index (GPI)",SE.ENR.PRIM.FM.ZS,1.02302002906799
Vietnam,VNM,2019,"School enrollment, primary (gross), gender parity index (GPI)",SE.ENR.PRIM.FM.ZS,1.02138996124268
Vietnam,VNM,2018,"School enrollment, primary (gross), gender parity index (GPI)",SE.ENR.PRIM.FM.ZS,1.02182996273041
Vietnam,VNM,2017,"School enrollment, primary (gross), gender parity index (GPI)",SE.ENR.PRIM.FM.ZS,1.01761996746063
Vietnam,VNM,2016,"School enrollment, primary (gross), gender parity index (GPI)",SE.ENR.PRIM.FM.ZS,1.01511001586914
Vietnam,VNM,2015,"School enrollment, primary (gross), gender parity index (GPI)",SE.ENR.PRIM.FM.ZS,1.00417995452881
Vietnam,VNM,2014,"School enrollment, primary (gross), gender parity index (GPI)",SE.ENR.PRIM.FM.ZS,0.998369991779327
Vietnam,VNM,2013,"School enrollment, primary (gross), gender parity index (GPI)",SE.ENR.PRIM.FM.ZS,0.983980000019073
Vietnam,VNM,2012,"School enrollment, primary (gross), gender parity index (GPI)",SE.ENR.PRIM.FM.ZS,1.0113799571991
Vietnam,VNM,2011,"School enrollment, primary (gross), gender parity index (GPI)",SE.ENR.PRIM.FM.ZS,0.960330009460449
Vietnam,VNM,2010,"School enrollment, primary (gross), gender parity index (GPI)",SE.ENR.PRIM.FM.ZS,0.954370021820068
Vietnam,VNM,2009,"School enrollment, primary (gross), gender parity index (GPI)",SE.ENR.PRIM.FM.ZS,0.977609992027283
Vietnam,VNM,2007,"School enrollment, primary (gross), gender parity index (GPI)",SE.ENR.PRIM.FM.ZS,0.966780006885529
Vietnam,VNM,2006,"School enrollment, primary (gross), gender parity index (GPI)",SE.ENR.PRIM.FM.ZS,0.968479990959167
Vietnam,VNM,2005,"School enrollment, primary (gross), gender parity index (GPI)",SE.ENR.PRIM.FM.ZS,0.950540006160736
Vietnam,VNM,2004,"School enrollment, primary (gross), gender parity index (GPI)",SE.ENR.PRIM.FM.ZS,0.943719983100891
Vietnam,VNM,2003,"School enrollment, primary (gross), gender parity index (GPI)",SE.ENR.PRIM.FM.ZS,0.949779987335205
Vietnam,VNM,2002,"School enrollment, primary (gross), gender parity index (GPI)",SE.ENR.PRIM.FM.ZS,0.95058000087738
Vietnam,VNM,2001,"School enrollment, primary (gross), gender parity index (GPI)",SE.ENR.PRIM.FM.ZS,0.955860018730164
Vietnam,VNM,2000,"School enrollment, primary (gross), gender parity index (GPI)",SE.ENR.PRIM.FM.ZS,0.958670020103455
Vietnam,VNM,1999,"School enrollment, primary (gross), gender parity index (GPI)",SE.ENR.PRIM.FM.ZS,0.94132000207901
Vietnam,VNM,1998,"School enrollment, primary (gross), gender parity index (GPI)",SE.ENR.PRIM.FM.ZS,0.960659980773926
Vietnam,VNM,1995,"School enrollment, primary (gross), gender parity index (GPI)",SE.ENR.PRIM.FM.ZS,0.99957001209259
Vietnam,VNM,1991,"School enrollment, primary (gross), gender parity index (GPI)",SE.ENR.PRIM.FM.ZS,1.00274002552032
Vietnam,VNM,1986,"School enrollment, primary (gross), gender parity index (GPI)",SE.ENR.PRIM.FM.ZS,0.947260022163391
Vietnam,VNM,1985,"School enrollment, primary (gross), gender parity index (GPI)",SE.ENR.PRIM.FM.ZS,0.957759976387024
Vietnam,VNM,1981,"School enrollment, primary (gross), gender parity index (GPI)",SE.ENR.PRIM.FM.ZS,0.936869978904724
Vietnam,VNM,1980,"School enrollment, primary (gross), gender parity index (GPI)",SE.ENR.PRIM.FM.ZS,0.952390015125275
Vietnam,VNM,1979,"School enrollment, primary (gross), gender parity index (GPI)",SE.ENR.PRIM.FM.ZS,0.960240006446838
Vietnam,VNM,1978,"School enrollment, primary (gross), gender parity index (GPI)",SE.ENR.PRIM.FM.ZS,0.916050016880035
Vietnam,VNM,1977,"School enrollment, primary (gross), gender parity index (GPI)",SE.ENR.PRIM.FM.ZS,1.02917003631592
Vietnam,VNM,1976,"School enrollment, primary (gross), gender parity index (GPI)",SE.ENR.PRIM.FM.ZS,1.01319003105164
Vietnam,VNM,1998,"School enrollment, primary and secondary (gross), gender parity index (GPI)",SE.ENR.PRSC.FM.ZS,0.939800024032593
Vietnam,VNM,1977,"School enrollment, primary and secondary (gross), gender parity index (GPI)",SE.ENR.PRSC.FM.ZS,1.01394999027252
Vietnam,VNM,1976,"School enrollment, primary and secondary (gross), gender parity index (GPI)",SE.ENR.PRSC.FM.ZS,1.02029001712799
Vietnam,VNM,1998,"School enrollment, secondary (gross), gender parity index (GPI)",SE.ENR.SECO.FM.ZS,0.910570025444031
Vietnam,VNM,1977,"School enrollment, secondary (gross), gender parity index (GPI)",SE.ENR.SECO.FM.ZS,0.98540997505188
Vietnam,VNM,1976,"School enrollment, secondary (gross), gender parity index (GPI)",SE.ENR.SECO.FM.ZS,1.0458300113678
Vietnam,VNM,2021,"School enrollment, tertiary (gross), gender parity index (GPI)",SE.ENR.TERT.FM.ZS,1.11219000816345
Vietnam,VNM,2016,"School enrollment, tertiary (gross), gender parity index (GPI)",SE.ENR.TERT.FM.ZS,1.1950900554657
Vietnam,VNM,2015,"School enrollment, tertiary (gross), gender parity index (GPI)",SE.ENR.TERT.FM.ZS,1.00548005104065
Vietnam,VNM,2014,"School enrollment, tertiary (gross), gender parity index (GPI)",SE.ENR.TERT.FM.ZS,1.05260002613068
Vietnam,VNM,2013,"School enrollment, tertiary (gross), gender parity index (GPI)",SE.ENR.TERT.FM.ZS,0.908179998397827
Vietnam,VNM,2011,"School enrollment, tertiary (gross), gender parity index (GPI)",SE.ENR.TERT.FM.ZS,1.02549004554749
Vietnam,VNM,2010,"School enrollment, tertiary (gross), gender parity index (GPI)",SE.ENR.TERT.FM.ZS,1.01637995243073
Vietnam,VNM,2009,"School enrollment, tertiary (gross), gender parity index (GPI)",SE.ENR.TERT.FM.ZS,1.00739002227783
Vietnam,VNM,2008,"School enrollment, tertiary (gross), gender parity index (GPI)",SE.ENR.TERT.FM.ZS,0.997219979763031
Vietnam,VNM,2007,"School enrollment, tertiary (gross), gender parity index (GPI)",SE.ENR.TERT.FM.ZS,1.01760995388031
Vietnam,VNM,2006,"School enrollment, tertiary (gross), gender parity index (GPI)",SE.ENR.TERT.FM.ZS,0.973020017147064
Vietnam,VNM,2005,"School enrollment, tertiary (gross), gender parity index (GPI)",SE.ENR.TERT.FM.ZS,0.721830010414124
Vietnam,VNM,2003,"School enrollment, tertiary (gross), gender parity index (GPI)",SE.ENR.TERT.FM.ZS,0.783550024032593
Vietnam,VNM,2002,"School enrollment, tertiary (gross), gender parity index (GPI)",SE.ENR.TERT.FM.ZS,0.776549994945526
Vietnam,VNM,2001,"School enrollment, tertiary (gross), gender parity index (GPI)",SE.ENR.TERT.FM.ZS,0.752499997615814
Vietnam,VNM,2000,"School enrollment, tertiary (gross), gender parity index (GPI)",SE.ENR.TERT.FM.ZS,0.738039970397949
Vietnam,VNM,1999,"School enrollment, tertiary (gross), gender parity index (GPI)",SE.ENR.TERT.FM.ZS,0.776049971580505
Vietnam,VNM,1998,"School enrollment, tertiary (gross), gender parity index (GPI)",SE.ENR.TERT.FM.ZS,0.671509981155396
Vietnam,VNM,1981,"School enrollment, tertiary (gross), gender parity index (GPI)",SE.ENR.TERT.FM.ZS,0.31716001033783
Vietnam,VNM,1979,"School enrollment, tertiary (gross), gender parity index (GPI)",SE.ENR.TERT.FM.ZS,0.453359991312027
Vietnam,VNM,1978,"School enrollment, tertiary (gross), gender parity index (GPI)",SE.ENR.TERT.FM.ZS,0.450239986181259
Vietnam,VNM,1977,"School enrollment, tertiary (gross), gender parity index (GPI)",SE.ENR.TERT.FM.ZS,0.504890024662018
Vietnam,VNM,1976,"School enrollment, tertiary (gross), gender parity index (GPI)",SE.ENR.TERT.FM.ZS,0.673229992389679
Vietnam,VNM,2021,"School enrollment, preprimary, female (% gross)",SE.PRE.ENRR.FE,93.8917236328125
Vietnam,VNM,2020,"School enrollment, preprimary, female (% gross)",SE.PRE.ENRR.FE,94.14013671875
Vietnam,VNM,2019,"School enrollment, preprimary, female (% gross)",SE.PRE.ENRR.FE,97.0831985473633
Vietnam,VNM,2018,"School enrollment, preprimary, female (% gross)",SE.PRE.ENRR.FE,99.6856536865234
Vietnam,VNM,2017,"School enrollment, preprimary, female (% gross)",SE.PRE.ENRR.FE,95.6135101318359
Vietnam,VNM,2016,"School enrollment, preprimary, female (% gross)",SE.PRE.ENRR.FE,86.3796463012695
Vietnam,VNM,2015,"School enrollment, preprimary, female (% gross)",SE.PRE.ENRR.FE,83.3065338134766
Vietnam,VNM,2014,"School enrollment, preprimary, female (% gross)",SE.PRE.ENRR.FE,81.0197296142578
Vietnam,VNM,2013,"School enrollment, preprimary, female (% gross)",SE.PRE.ENRR.FE,79.6277236938477
Vietnam,VNM,2012,"School enrollment, preprimary, female (% gross)",SE.PRE.ENRR.FE,77.2389526367188
Vietnam,VNM,2011,"School enrollment, preprimary, female (% gross)",SE.PRE.ENRR.FE,71.9985885620117
Vietnam,VNM,2010,"School enrollment, preprimary, female (% gross)",SE.PRE.ENRR.FE,70.2557220458984
Vietnam,VNM,2009,"School enrollment, preprimary, female (% gross)",SE.PRE.ENRR.FE,68.6510925292969
Vietnam,VNM,2008,"School enrollment, preprimary, female (% gross)",SE.PRE.ENRR.FE,68.7524719238281
Vietnam,VNM,2007,"School enrollment, preprimary, female (% gross)",SE.PRE.ENRR.FE,61.7157897949219
Vietnam,VNM,2006,"School enrollment, preprimary, female (% gross)",SE.PRE.ENRR.FE,58.9091491699219
Vietnam,VNM,2005,"School enrollment, preprimary, female (% gross)",SE.PRE.ENRR.FE,57.6729316711426
Vietnam,VNM,2004,"School enrollment, preprimary, female (% gross)",SE.PRE.ENRR.FE,54.1903305053711
Vietnam,VNM,2003,"School enrollment, preprimary, female (% gross)",SE.PRE.ENRR.FE,48.6252593994141
Vietnam,VNM,2002,"School enrollment, preprimary, female (% gross)",SE.PRE.ENRR.FE,45.3406791687012
Vietnam,VNM,2001,"School enrollment, preprimary, female (% gross)",SE.PRE.ENRR.FE,42.6865615844727
Vietnam,VNM,2000,"School enrollment, preprimary, female (% gross)",SE.PRE.ENRR.FE,40.3233604431152
Vietnam,VNM,1999,"School enrollment, preprimary, female (% gross)",SE.PRE.ENRR.FE,39.345588684082
Vietnam,VNM,1998,"School enrollment, preprimary, female (% gross)",SE.PRE.ENRR.FE,41.9379615783691
Vietnam,VNM,1997,"School enrollment, preprimary, female (% gross)",SE.PRE.ENRR.FE,39.1837997436523
Vietnam,VNM,1996,"School enrollment, preprimary, female (% gross)",SE.PRE.ENRR.FE,36.1297416687012
Vietnam,VNM,1986,"School enrollment, preprimary, female (% gross)",SE.PRE.ENRR.FE,36.9951782226563
Vietnam,VNM,1985,"School enrollment, preprimary, female (% gross)",SE.PRE.ENRR.FE,34.6510581970215
Vietnam,VNM,1981,"School enrollment, preprimary, female (% gross)",SE.PRE.ENRR.FE,35.9769706726074
Vietnam,VNM,1980,"School enrollment, preprimary, female (% gross)",SE.PRE.ENRR.FE,36.430290222168
Vietnam,VNM,1979,"School enrollment, preprimary, female (% gross)",SE.PRE.ENRR.FE,26.7838191986084
Vietnam,VNM,1977,"School enrollment, preprimary, female (% gross)",SE.PRE.ENRR.FE,20.1614303588867
Vietnam,VNM,2021,"School enrollment, preprimary, male (% gross)",SE.PRE.ENRR.MA,91.1513900756836
Vietnam,VNM,2020,"School enrollment, preprimary, male (% gross)",SE.PRE.ENRR.MA,91.5324325561523
Vietnam,VNM,2019,"School enrollment, preprimary, male (% gross)",SE.PRE.ENRR.MA,94.8203582763672
Vietnam,VNM,2018,"School enrollment, preprimary, male (% gross)",SE.PRE.ENRR.MA,100.725410461426
Vietnam,VNM,2017,"School enrollment, preprimary, male (% gross)",SE.PRE.ENRR.MA,97.3511810302734
Vietnam,VNM,2016,"School enrollment, preprimary, male (% gross)",SE.PRE.ENRR.MA,89.0845108032227
Vietnam,VNM,2015,"School enrollment, preprimary, male (% gross)",SE.PRE.ENRR.MA,84.5690765380859
Vietnam,VNM,2014,"School enrollment, preprimary, male (% gross)",SE.PRE.ENRR.MA,82.9629364013672
Vietnam,VNM,2013,"School enrollment, preprimary, male (% gross)",SE.PRE.ENRR.MA,84.9407424926758
Vietnam,VNM,2012,"School enrollment, preprimary, male (% gross)",SE.PRE.ENRR.MA,80.3853073120117
Vietnam,VNM,2011,"School enrollment, preprimary, male (% gross)",SE.PRE.ENRR.MA,76.8953170776367
Vietnam,VNM,2010,"School enrollment, preprimary, male (% gross)",SE.PRE.ENRR.MA,72.2152862548828
Vietnam,VNM,2009,"School enrollment, preprimary, male (% gross)",SE.PRE.ENRR.MA,70.0369567871094
Vietnam,VNM,2008,"School enrollment, preprimary, male (% gross)",SE.PRE.ENRR.MA,67.7917175292969
Vietnam,VNM,2007,"School enrollment, preprimary, male (% gross)",SE.PRE.ENRR.MA,73.9419326782227
Vietnam,VNM,2006,"School enrollment, preprimary, male (% gross)",SE.PRE.ENRR.MA,72.0133438110352
Vietnam,VNM,2005,"School enrollment, preprimary, male (% gross)",SE.PRE.ENRR.MA,61.8185005187988
Vietnam,VNM,2004,"School enrollment, preprimary, male (% gross)",SE.PRE.ENRR.MA,54.4620399475098
Vietnam,VNM,2003,"School enrollment, preprimary, male (% gross)",SE.PRE.ENRR.MA,50.4547004699707
Vietnam,VNM,2002,"School enrollment, preprimary, male (% gross)",SE.PRE.ENRR.MA,45.2577285766602
Vietnam,VNM,2001,"School enrollment, preprimary, male (% gross)",SE.PRE.ENRR.MA,41.8993606567383
Vietnam,VNM,2000,"School enrollment, preprimary, male (% gross)",SE.PRE.ENRR.MA,41.2319297790527
Vietnam,VNM,1999,"School enrollment, preprimary, male (% gross)",SE.PRE.ENRR.MA,41.3145599365234
Vietnam,VNM,1998,"School enrollment, preprimary, male (% gross)",SE.PRE.ENRR.MA,37.2156105041504
Vietnam,VNM,1997,"School enrollment, preprimary, male (% gross)",SE.PRE.ENRR.MA,36.750789642334
Vietnam,VNM,1996,"School enrollment, preprimary, male (% gross)",SE.PRE.ENRR.MA,33.8286781311035
Vietnam,VNM,1986,"School enrollment, preprimary, male (% gross)",SE.PRE.ENRR.MA,32.4318695068359
Vietnam,VNM,1985,"School enrollment, preprimary, male (% gross)",SE.PRE.ENRR.MA,32.7750015258789
Vietnam,VNM,1981,"School enrollment, preprimary, male (% gross)",SE.PRE.ENRR.MA,32.1777610778809
Vietnam,VNM,1980,"School enrollment, preprimary, male (% gross)",SE.PRE.ENRR.MA,31.7158107757568
Vietnam,VNM,1979,"School enrollment, preprimary, male (% gross)",SE.PRE.ENRR.MA,24.3887405395508
Vietnam,VNM,1977,"School enrollment, preprimary, male (% gross)",SE.PRE.ENRR.MA,20.6061000823975
Vietnam,VNM,2018,"Primary completion rate, female (% of relevant age group)",SE.PRM.CMPT.FE.ZS,111.549438476563
Vietnam,VNM,2016,"Primary completion rate, female (% of relevant age group)",SE.PRM.CMPT.FE.ZS,106.889602661133
Vietnam,VNM,2015,"Primary completion rate, female (% of relevant age group)",SE.PRM.CMPT.FE.ZS,105.551551818848
Vietnam,VNM,2014,"Primary completion rate, female (% of relevant age group)",SE.PRM.CMPT.FE.ZS,109.798950195313
Vietnam,VNM,2013,"Primary completion rate, female (% of relevant age group)",SE.PRM.CMPT.FE.ZS,100.450187683105
Vietnam,VNM,2003,"Primary completion rate, female (% of relevant age group)",SE.PRM.CMPT.FE.ZS,98.4440307617188
Vietnam,VNM,2002,"Primary completion rate, female (% of relevant age group)",SE.PRM.CMPT.FE.ZS,100.087432861328
Vietnam,VNM,2001,"Primary completion rate, female (% of relevant age group)",SE.PRM.CMPT.FE.ZS,103.212142944336
Vietnam,VNM,2000,"Primary completion rate, female (% of relevant age group)",SE.PRM.CMPT.FE.ZS,97.9973983764648
Vietnam,VNM,1999,"Primary completion rate, female (% of relevant age group)",SE.PRM.CMPT.FE.ZS,97.6945495605469
Vietnam,VNM,2018,"Primary completion rate, male (% of relevant age group)",SE.PRM.CMPT.MA.ZS,108.637367248535
Vietnam,VNM,2016,"Primary completion rate, male (% of relevant age group)",SE.PRM.CMPT.MA.ZS,105.112251281738
Vietnam,VNM,2015,"Primary completion rate, male (% of relevant age group)",SE.PRM.CMPT.MA.ZS,104.804870605469
Vietnam,VNM,2014,"Primary completion rate, male (% of relevant age group)",SE.PRM.CMPT.MA.ZS,104.737457275391
Vietnam,VNM,2013,"Primary completion rate, male (% of relevant age group)",SE.PRM.CMPT.MA.ZS,99.6100692749023
Vietnam,VNM,2003,"Primary completion rate, male (% of relevant age group)",SE.PRM.CMPT.MA.ZS,103.257713317871
Vietnam,VNM,2002,"Primary completion rate, male (% of relevant age group)",SE.PRM.CMPT.MA.ZS,104.200416564941
Vietnam,VNM,2001,"Primary completion rate, male (% of relevant age group)",SE.PRM.CMPT.MA.ZS,107.096900939941
Vietnam,VNM,2000,"Primary completion rate, male (% of relevant age group)",SE.PRM.CMPT.MA.ZS,101.459587097168
Vietnam,VNM,1999,"Primary completion rate, male (% of relevant age group)",SE.PRM.CMPT.MA.ZS,101.703620910645
Vietnam,VNM,2019,"Educational attainment, at least completed primary, population 25+ years, female (%) (cumulative)",SE.PRM.CUAT.FE.ZS,86.2658004760742
Vietnam,VNM,1979,"Educational attainment, at least completed primary, population 25+ years, female (%) (cumulative)",SE.PRM.CUAT.FE.ZS,62.8862915039063
Vietnam,VNM,2019,"Educational attainment, at least completed primary, population 25+ years, male (%) (cumulative)",SE.PRM.CUAT.MA.ZS,91.1514587402344
Vietnam,VNM,1979,"Educational attainment, at least completed primary, population 25+ years, male (%) (cumulative)",SE.PRM.CUAT.MA.ZS,80.8630294799805
Vietnam,VNM,2019,"Educational attainment, at least completed primary, population 25+ years, total (%) (cumulative)",SE.PRM.CUAT.ZS,88.6342315673828
Vietnam,VNM,1979,"Educational attainment, at least completed primary, population 25+ years, total (%) (cumulative)",SE.PRM.CUAT.ZS,71.2451629638672
Vietnam,VNM,2018,"Primary education, pupils (% female)",SE.PRM.ENRL.FE.ZS,47.84365
Vietnam,VNM,2017,"Primary education, pupils (% female)",SE.PRM.ENRL.FE.ZS,47.85385
Vietnam,VNM,2016,"Primary education, pupils (% female)",SE.PRM.ENRL.FE.ZS,47.94899
Vietnam,VNM,2015,"Primary education, pupils (% female)",SE.PRM.ENRL.FE.ZS,47.8702
Vietnam,VNM,2014,"Primary education, pupils (% female)",SE.PRM.ENRL.FE.ZS,47.92565
Vietnam,VNM,2013,"Primary education, pupils (% female)",SE.PRM.ENRL.FE.ZS,47.73635
Vietnam,VNM,2012,"Primary education, pupils (% female)",SE.PRM.ENRL.FE.ZS,48.55201
Vietnam,VNM,2011,"Primary education, pupils (% female)",SE.PRM.ENRL.FE.ZS,47.34723
Vietnam,VNM,2010,"Primary education, pupils (% female)",SE.PRM.ENRL.FE.ZS,47.26326
Vietnam,VNM,2009,"Primary education, pupils (% female)",SE.PRM.ENRL.FE.ZS,47.93241
Vietnam,VNM,2007,"Primary education, pupils (% female)",SE.PRM.ENRL.FE.ZS,47.80038
Vietnam,VNM,2006,"Primary education, pupils (% female)",SE.PRM.ENRL.FE.ZS,47.90538
Vietnam,VNM,2005,"Primary education, pupils (% female)",SE.PRM.ENRL.FE.ZS,47.47631
Vietnam,VNM,2004,"Primary education, pupils (% female)",SE.PRM.ENRL.FE.ZS,47.32154
Vietnam,VNM,2003,"Primary education, pupils (% female)",SE.PRM.ENRL.FE.ZS,47.49267
Vietnam,VNM,2002,"Primary education, pupils (% female)",SE.PRM.ENRL.FE.ZS,47.51649
Vietnam,VNM,2001,"Primary education, pupils (% female)",SE.PRM.ENRL.FE.ZS,47.65362
Vietnam,VNM,2000,"Primary education, pupils (% female)",SE.PRM.ENRL.FE.ZS,47.70818
Vietnam,VNM,1999,"Primary education, pupils (% female)",SE.PRM.ENRL.FE.ZS,47.23844
Vietnam,VNM,1998,"Primary education, pupils (% female)",SE.PRM.ENRL.FE.ZS,47.7368
Vietnam,VNM,1995,"Primary education, pupils (% female)",SE.PRM.ENRL.FE.ZS,48.71521
Vietnam,VNM,1991,"Primary education, pupils (% female)",SE.PRM.ENRL.FE.ZS,48.84849
Vietnam,VNM,1986,"Primary education, pupils (% female)",SE.PRM.ENRL.FE.ZS,47.55631
Vietnam,VNM,1985,"Primary education, pupils (% female)",SE.PRM.ENRL.FE.ZS,47.84747
Vietnam,VNM,1981,"Primary education, pupils (% female)",SE.PRM.ENRL.FE.ZS,47.32731
Vietnam,VNM,1980,"Primary education, pupils (% female)",SE.PRM.ENRL.FE.ZS,47.74671
Vietnam,VNM,1979,"Primary education, pupils (% female)",SE.PRM.ENRL.FE.ZS,47.96295
Vietnam,VNM,1978,"Primary education, pupils (% female)",SE.PRM.ENRL.FE.ZS,46.79851
Vietnam,VNM,1977,"Primary education, pupils (% female)",SE.PRM.ENRL.FE.ZS,49.70874
Vietnam,VNM,1976,"Primary education, pupils (% female)",SE.PRM.ENRL.FE.ZS,49.30987
Vietnam,VNM,2021,"School enrollment, primary, female (% gross)",SE.PRM.ENRR.FE,119.634582519531
Vietnam,VNM,2020,"School enrollment, primary, female (% gross)",SE.PRM.ENRR.FE,118.565490722656
Vietnam,VNM,2019,"School enrollment, primary, female (% gross)",SE.PRM.ENRR.FE,116.724586486816
Vietnam,VNM,2018,"School enrollment, primary, female (% gross)",SE.PRM.ENRR.FE,111.853828430176
Vietnam,VNM,2017,"School enrollment, primary, female (% gross)",SE.PRM.ENRR.FE,110.153739929199
Vietnam,VNM,2016,"School enrollment, primary, female (% gross)",SE.PRM.ENRR.FE,112.079399108887
Vietnam,VNM,2015,"School enrollment, primary, female (% gross)",SE.PRM.ENRR.FE,110.126419067383
Vietnam,VNM,2014,"School enrollment, primary, female (% gross)",SE.PRM.ENRR.FE,110.235862731934
Vietnam,VNM,2013,"School enrollment, primary, female (% gross)",SE.PRM.ENRR.FE,107.503463745117
Vietnam,VNM,2012,"School enrollment, primary, female (% gross)",SE.PRM.ENRR.FE,108.385498046875
Vietnam,VNM,2011,"School enrollment, primary, female (% gross)",SE.PRM.ENRR.FE,104.954650878906
Vietnam,VNM,2010,"School enrollment, primary, female (% gross)",SE.PRM.ENRR.FE,103.16561126709
Vietnam,VNM,2009,"School enrollment, primary, female (% gross)",SE.PRM.ENRR.FE,101.128410339355
Vietnam,VNM,2007,"School enrollment, primary, female (% gross)",SE.PRM.ENRR.FE,98.058219909668
Vietnam,VNM,2006,"School enrollment, primary, female (% gross)",SE.PRM.ENRR.FE,96.5141067504883
Vietnam,VNM,2005,"School enrollment, primary, female (% gross)",SE.PRM.ENRR.FE,95.1829605102539
Vietnam,VNM,2004,"School enrollment, primary, female (% gross)",SE.PRM.ENRR.FE,95.9964370727539
Vietnam,VNM,2003,"School enrollment, primary, female (% gross)",SE.PRM.ENRR.FE,97.5702362060547
Vietnam,VNM,2002,"School enrollment, primary, female (% gross)",SE.PRM.ENRR.FE,100.398513793945
Vietnam,VNM,2001,"School enrollment, primary, female (% gross)",SE.PRM.ENRR.FE,104.088371276855
Vietnam,VNM,2000,"School enrollment, primary, female (% gross)",SE.PRM.ENRR.FE,107.161010742188
Vietnam,VNM,1999,"School enrollment, primary, female (% gross)",SE.PRM.ENRR.FE,108.459213256836
Vietnam,VNM,1998,"School enrollment, primary, female (% gross)",SE.PRM.ENRR.FE,112.409889221191
Vietnam,VNM,1995,"School enrollment, primary, female (% gross)",SE.PRM.ENRR.FE,113.834197998047
Vietnam,VNM,1991,"School enrollment, primary, female (% gross)",SE.PRM.ENRR.FE,106.901611328125
Vietnam,VNM,1986,"School enrollment, primary, female (% gross)",SE.PRM.ENRR.FE,102.279426574707
Vietnam,VNM,1985,"School enrollment, primary, female (% gross)",SE.PRM.ENRR.FE,102.075401306152
Vietnam,VNM,1981,"School enrollment, primary, female (% gross)",SE.PRM.ENRR.FE,104.051406860352
Vietnam,VNM,1980,"School enrollment, primary, female (% gross)",SE.PRM.ENRR.FE,107.317436218262
Vietnam,VNM,1979,"School enrollment, primary, female (% gross)",SE.PRM.ENRR.FE,101.704139709473
Vietnam,VNM,1978,"School enrollment, primary, female (% gross)",SE.PRM.ENRR.FE,107.173538208008
Vietnam,VNM,1977,"School enrollment, primary, female (% gross)",SE.PRM.ENRR.FE,114.755813598633
Vietnam,VNM,1976,"School enrollment, primary, female (% gross)",SE.PRM.ENRR.FE,110.696166992188
Vietnam,VNM,2021,"School enrollment, primary, male (% gross)",SE.PRM.ENRR.MA,117.353507995605
Vietnam,VNM,2020,"School enrollment, primary, male (% gross)",SE.PRM.ENRR.MA,115.897392272949
Vietnam,VNM,2019,"School enrollment, primary, male (% gross)",SE.PRM.ENRR.MA,114.280670166016
Vietnam,VNM,2018,"School enrollment, primary, male (% gross)",SE.PRM.ENRR.MA,109.464569091797
Vietnam,VNM,2017,"School enrollment, primary, male (% gross)",SE.PRM.ENRR.MA,108.246406555176
Vietnam,VNM,2016,"School enrollment, primary, male (% gross)",SE.PRM.ENRR.MA,110.411338806152
Vietnam,VNM,2015,"School enrollment, primary, male (% gross)",SE.PRM.ENRR.MA,109.668037414551
Vietnam,VNM,2014,"School enrollment, primary, male (% gross)",SE.PRM.ENRR.MA,110.416069030762
Vietnam,VNM,2013,"School enrollment, primary, male (% gross)",SE.PRM.ENRR.MA,109.253219604492
Vietnam,VNM,2012,"School enrollment, primary, male (% gross)",SE.PRM.ENRR.MA,107.165519714355
Vietnam,VNM,2011,"School enrollment, primary, male (% gross)",SE.PRM.ENRR.MA,109.290351867676
Vietnam,VNM,2010,"School enrollment, primary, male (% gross)",SE.PRM.ENRR.MA,108.097717285156
Vietnam,VNM,2009,"School enrollment, primary, male (% gross)",SE.PRM.ENRR.MA,103.444511413574
Vietnam,VNM,2007,"School enrollment, primary, male (% gross)",SE.PRM.ENRR.MA,101.427871704102
Vietnam,VNM,2006,"School enrollment, primary, male (% gross)",SE.PRM.ENRR.MA,99.6551666259766
Vietnam,VNM,2005,"School enrollment, primary, male (% gross)",SE.PRM.ENRR.MA,100.135177612305
Vietnam,VNM,2004,"School enrollment, primary, male (% gross)",SE.PRM.ENRR.MA,101.721618652344
Vietnam,VNM,2003,"School enrollment, primary, male (% gross)",SE.PRM.ENRR.MA,102.729690551758
Vietnam,VNM,2002,"School enrollment, primary, male (% gross)",SE.PRM.ENRR.MA,105.618041992188
Vietnam,VNM,2001,"School enrollment, primary, male (% gross)",SE.PRM.ENRR.MA,108.894676208496
Vietnam,VNM,2000,"School enrollment, primary, male (% gross)",SE.PRM.ENRR.MA,111.781127929688
Vietnam,VNM,1999,"School enrollment, primary, male (% gross)",SE.PRM.ENRR.MA,115.219802856445
Vietnam,VNM,1998,"School enrollment, primary, male (% gross)",SE.PRM.ENRR.MA,117.013603210449
Vietnam,VNM,1995,"School enrollment, primary, male (% gross)",SE.PRM.ENRR.MA,113.883171081543
Vietnam,VNM,1991,"School enrollment, primary, male (% gross)",SE.PRM.ENRR.MA,106.609802246094
Vietnam,VNM,1986,"School enrollment, primary, male (% gross)",SE.PRM.ENRR.MA,107.97412109375
Vietnam,VNM,1985,"School enrollment, primary, male (% gross)",SE.PRM.ENRR.MA,106.577209472656
Vietnam,VNM,1981,"School enrollment, primary, male (% gross)",SE.PRM.ENRR.MA,111.062911987305
Vietnam,VNM,1980,"School enrollment, primary, male (% gross)",SE.PRM.ENRR.MA,112.682403564453
Vietnam,VNM,1979,"School enrollment, primary, male (% gross)",SE.PRM.ENRR.MA,105.914939880371
Vietnam,VNM,1978,"School enrollment, primary, male (% gross)",SE.PRM.ENRR.MA,116.995880126953
Vietnam,VNM,1977,"School enrollment, primary, male (% gross)",SE.PRM.ENRR.MA,111.503471374512
Vietnam,VNM,1976,"School enrollment, primary, male (% gross)",SE.PRM.ENRR.MA,109.255126953125
Vietnam,VNM,2018,"Gross intake ratio in first grade of primary education, female (% of relevant age group)",SE.PRM.GINT.FE.ZS,116.97477
Vietnam,VNM,2016,"Gross intake ratio in first grade of primary education, female (% of relevant age group)",SE.PRM.GINT.FE.ZS,117.40137
Vietnam,VNM,2015,"Gross intake ratio in first grade of primary education, female (% of relevant age group)",SE.PRM.GINT.FE.ZS,108.90526
Vietnam,VNM,2014,"Gross intake ratio in first grade of primary education, female (% of relevant age group)",SE.PRM.GINT.FE.ZS,109.30626
Vietnam,VNM,2013,"Gross intake ratio in first grade of primary education, female (% of relevant age group)",SE.PRM.GINT.FE.ZS,108.15997
Vietnam,VNM,2004,"Gross intake ratio in first grade of primary education, female (% of relevant age group)",SE.PRM.GINT.FE.ZS,100.7935
Vietnam,VNM,2003,"Gross intake ratio in first grade of primary education, female (% of relevant age group)",SE.PRM.GINT.FE.ZS,98.68576
Vietnam,VNM,2002,"Gross intake ratio in first grade of primary education, female (% of relevant age group)",SE.PRM.GINT.FE.ZS,98.44259
Vietnam,VNM,2001,"Gross intake ratio in first grade of primary education, female (% of relevant age group)",SE.PRM.GINT.FE.ZS,98.82394
Vietnam,VNM,2000,"Gross intake ratio in first grade of primary education, female (% of relevant age group)",SE.PRM.GINT.FE.ZS,107.54819
Vietnam,VNM,1999,"Gross intake ratio in first grade of primary education, female (% of relevant age group)",SE.PRM.GINT.FE.ZS,107.06419
Vietnam,VNM,2018,"Gross intake ratio in first grade of primary education, male (% of relevant age group)",SE.PRM.GINT.MA.ZS,113.74812
Vietnam,VNM,2016,"Gross intake ratio in first grade of primary education, male (% of relevant age group)",SE.PRM.GINT.MA.ZS,114.18187
Vietnam,VNM,2015,"Gross intake ratio in first grade of primary education, male (% of relevant age group)",SE.PRM.GINT.MA.ZS,105.54987
Vietnam,VNM,2014,"Gross intake ratio in first grade of primary education, male (% of relevant age group)",SE.PRM.GINT.MA.ZS,111.77736
Vietnam,VNM,2013,"Gross intake ratio in first grade of primary education, male (% of relevant age group)",SE.PRM.GINT.MA.ZS,110.16013
Vietnam,VNM,2004,"Gross intake ratio in first grade of primary education, male (% of relevant age group)",SE.PRM.GINT.MA.ZS,104.9281
Vietnam,VNM,2003,"Gross intake ratio in first grade of primary education, male (% of relevant age group)",SE.PRM.GINT.MA.ZS,102.83309
Vietnam,VNM,2002,"Gross intake ratio in first grade of primary education, male (% of relevant age group)",SE.PRM.GINT.MA.ZS,102.56285
Vietnam,VNM,2001,"Gross intake ratio in first grade of primary education, male (% of relevant age group)",SE.PRM.GINT.MA.ZS,102.59131
Vietnam,VNM,2000,"Gross intake ratio in first grade of primary education, male (% of relevant age group)",SE.PRM.GINT.MA.ZS,109.88631
Vietnam,VNM,1999,"Gross intake ratio in first grade of primary education, male (% of relevant age group)",SE.PRM.GINT.MA.ZS,113.42237
Vietnam,VNM,2014,"Persistence to grade 5, female (% of cohort)",SE.PRM.PRS5.FE.ZS,98.1191482543945
Vietnam,VNM,2012,"Persistence to grade 5, female (% of cohort)",SE.PRM.PRS5.FE.ZS,94.5243530273438
Vietnam,VNM,2002,"Persistence to grade 5, female (% of cohort)",SE.PRM.PRS5.FE.ZS,84.6224975585938
Vietnam,VNM,2000,"Persistence to grade 5, female (% of cohort)",SE.PRM.PRS5.FE.ZS,85.366096496582
Vietnam,VNM,1999,"Persistence to grade 5, female (% of cohort)",SE.PRM.PRS5.FE.ZS,86.1606292724609
Vietnam,VNM,2014,"Persistence to grade 5, male (% of cohort)",SE.PRM.PRS5.MA.ZS,94.036018371582
Vietnam,VNM,2012,"Persistence to grade 5, male (% of cohort)",SE.PRM.PRS5.MA.ZS,94.4841690063477
Vietnam,VNM,2002,"Persistence to grade 5, male (% of cohort)",SE.PRM.PRS5.MA.ZS,85.6691665649414
Vietnam,VNM,2000,"Persistence to grade 5, male (% of cohort)",SE.PRM.PRS5.MA.ZS,86.0921630859375
Vietnam,VNM,1999,"Persistence to grade 5, male (% of cohort)",SE.PRM.PRS5.MA.ZS,79.8947906494141
Vietnam,VNM,2014,"Persistence to last grade of primary, female (% of cohort)",SE.PRM.PRSL.FE.ZS,98.1191482543945
Vietnam,VNM,2012,"Persistence to last grade of primary, female (% of cohort)",SE.PRM.PRSL.FE.ZS,94.5243530273438
Vietnam,VNM,2002,"Persistence to last grade of primary, female (% of cohort)",SE.PRM.PRSL.FE.ZS,84.6224975585938
Vietnam,VNM,2000,"Persistence to last grade of primary, female (% of cohort)",SE.PRM.PRSL.FE.ZS,85.366096496582
Vietnam,VNM,1999,"Persistence to last grade of primary, female (% of cohort)",SE.PRM.PRSL.FE.ZS,86.1606292724609
Vietnam,VNM,2014,"Persistence to last grade of primary, male (% of cohort)",SE.PRM.PRSL.MA.ZS,94.036018371582
Vietnam,VNM,2012,"Persistence to last grade of primary, male (% of cohort)",SE.PRM.PRSL.MA.ZS,94.4841690063477
Vietnam,VNM,2002,"Persistence to last grade of primary, male (% of cohort)",SE.PRM.PRSL.MA.ZS,85.6691665649414
Vietnam,VNM,2000,"Persistence to last grade of primary, male (% of cohort)",SE.PRM.PRSL.MA.ZS,86.0921630859375
Vietnam,VNM,1999,"Persistence to last grade of primary, male (% of cohort)",SE.PRM.PRSL.MA.ZS,79.8947906494141
Vietnam,VNM,2018,"Repeaters, primary, female (% of female enrollment)",SE.PRM.REPT.FE.ZS,0.48907
Vietnam,VNM,2017,"Repeaters, primary, female (% of female enrollment)",SE.PRM.REPT.FE.ZS,0.50676
Vietnam,VNM,2016,"Repeaters, primary, female (% of female enrollment)",SE.PRM.REPT.FE.ZS,0.50674
Vietnam,VNM,2015,"Repeaters, primary, female (% of female enrollment)",SE.PRM.REPT.FE.ZS,0.61033
Vietnam,VNM,2014,"Repeaters, primary, female (% of female enrollment)",SE.PRM.REPT.FE.ZS,0.68691
Vietnam,VNM,2013,"Repeaters, primary, female (% of female enrollment)",SE.PRM.REPT.FE.ZS,0.71279
Vietnam,VNM,2003,"Repeaters, primary, female (% of female enrollment)",SE.PRM.REPT.FE.ZS,1.91832
Vietnam,VNM,2002,"Repeaters, primary, female (% of female enrollment)",SE.PRM.REPT.FE.ZS,1.91833
Vietnam,VNM,2001,"Repeaters, primary, female (% of female enrollment)",SE.PRM.REPT.FE.ZS,2.4158
Vietnam,VNM,2000,"Repeaters, primary, female (% of female enrollment)",SE.PRM.REPT.FE.ZS,2.82515
Vietnam,VNM,1999,"Repeaters, primary, female (% of female enrollment)",SE.PRM.REPT.FE.ZS,3.23316
Vietnam,VNM,2018,"Repeaters, primary, male (% of male enrollment)",SE.PRM.REPT.MA.ZS,1.12306
Vietnam,VNM,2017,"Repeaters, primary, male (% of male enrollment)",SE.PRM.REPT.MA.ZS,1.08696
Vietnam,VNM,2016,"Repeaters, primary, male (% of male enrollment)",SE.PRM.REPT.MA.ZS,1.08803
Vietnam,VNM,2015,"Repeaters, primary, male (% of male enrollment)",SE.PRM.REPT.MA.ZS,1.25715
Vietnam,VNM,2014,"Repeaters, primary, male (% of male enrollment)",SE.PRM.REPT.MA.ZS,1.27721
Vietnam,VNM,2013,"Repeaters, primary, male (% of male enrollment)",SE.PRM.REPT.MA.ZS,1.31449
Vietnam,VNM,2003,"Repeaters, primary, male (% of male enrollment)",SE.PRM.REPT.MA.ZS,2.82671
Vietnam,VNM,2002,"Repeaters, primary, male (% of male enrollment)",SE.PRM.REPT.MA.ZS,2.82713
Vietnam,VNM,2001,"Repeaters, primary, male (% of male enrollment)",SE.PRM.REPT.MA.ZS,3.30427
Vietnam,VNM,2000,"Repeaters, primary, male (% of male enrollment)",SE.PRM.REPT.MA.ZS,3.79703
Vietnam,VNM,1999,"Repeaters, primary, male (% of male enrollment)",SE.PRM.REPT.MA.ZS,4.22806
Vietnam,VNM,2021,"Trained teachers in primary education, female (% of female teachers)",SE.PRM.TCAQ.FE.ZS,70.3825912475586
Vietnam,VNM,2020,"Trained teachers in primary education, female (% of female teachers)",SE.PRM.TCAQ.FE.ZS,99.6782989501953
Vietnam,VNM,2019,"Trained teachers in primary education, female (% of female teachers)",SE.PRM.TCAQ.FE.ZS,99.6534118652344
Vietnam,VNM,2018,"Trained teachers in primary education, female (% of female teachers)",SE.PRM.TCAQ.FE.ZS,99.9009094238281
Vietnam,VNM,2016,"Trained teachers in primary education, female (% of female teachers)",SE.PRM.TCAQ.FE.ZS,99.8737411499023
Vietnam,VNM,2015,"Trained teachers in primary education, female (% of female teachers)",SE.PRM.TCAQ.FE.ZS,99.6116790771484
Vietnam,VNM,2014,"Trained teachers in primary education, female (% of female teachers)",SE.PRM.TCAQ.FE.ZS,100
Vietnam,VNM,2012,"Trained teachers in primary education, female (% of female teachers)",SE.PRM.TCAQ.FE.ZS,99.5468673706055
Vietnam,VNM,2011,"Trained teachers in primary education, female (% of female teachers)",SE.PRM.TCAQ.FE.ZS,99.2773513793945
Vietnam,VNM,2010,"Trained teachers in primary education, female (% of female teachers)",SE.PRM.TCAQ.FE.ZS,98.4585418701172
Vietnam,VNM,2009,"Trained teachers in primary education, female (% of female teachers)",SE.PRM.TCAQ.FE.ZS,99.7627868652344
Vietnam,VNM,2008,"Trained teachers in primary education, female (% of female teachers)",SE.PRM.TCAQ.FE.ZS,99.8935012817383
Vietnam,VNM,2007,"Trained teachers in primary education, female (% of female teachers)",SE.PRM.TCAQ.FE.ZS,98.7768325805664
Vietnam,VNM,2006,"Trained teachers in primary education, female (% of female teachers)",SE.PRM.TCAQ.FE.ZS,96.3033599853516
Vietnam,VNM,2002,"Trained teachers in primary education, female (% of female teachers)",SE.PRM.TCAQ.FE.ZS,87.0125732421875
Vietnam,VNM,2001,"Trained teachers in primary education, female (% of female teachers)",SE.PRM.TCAQ.FE.ZS,86.2199935913086
Vietnam,VNM,2000,"Trained teachers in primary education, female (% of female teachers)",SE.PRM.TCAQ.FE.ZS,81.634407043457
Vietnam,VNM,1999,"Trained teachers in primary education, female (% of female teachers)",SE.PRM.TCAQ.FE.ZS,78.379768371582
Vietnam,VNM,2021,"Trained teachers in primary education, male (% of male teachers)",SE.PRM.TCAQ.MA.ZS,66.5029296875
Vietnam,VNM,2020,"Trained teachers in primary education, male (% of male teachers)",SE.PRM.TCAQ.MA.ZS,99.6778335571289
Vietnam,VNM,2019,"Trained teachers in primary education, male (% of male teachers)",SE.PRM.TCAQ.MA.ZS,99.0598983764648
Vietnam,VNM,2018,"Trained teachers in primary education, male (% of male teachers)",SE.PRM.TCAQ.MA.ZS,99.7522583007813
Vietnam,VNM,2016,"Trained teachers in primary education, male (% of male teachers)",SE.PRM.TCAQ.MA.ZS,99.4247436523438
Vietnam,VNM,2015,"Trained teachers in primary education, male (% of male teachers)",SE.PRM.TCAQ.MA.ZS,99.006950378418
Vietnam,VNM,2014,"Trained teachers in primary education, male (% of male teachers)",SE.PRM.TCAQ.MA.ZS,100
Vietnam,VNM,2012,"Trained teachers in primary education, male (% of male teachers)",SE.PRM.TCAQ.MA.ZS,99.7303009033203
Vietnam,VNM,2011,"Trained teachers in primary education, male (% of male teachers)",SE.PRM.TCAQ.MA.ZS,99.3876495361328
Vietnam,VNM,2010,"Trained teachers in primary education, male (% of male teachers)",SE.PRM.TCAQ.MA.ZS,97.8993301391602
Vietnam,VNM,2009,"Trained teachers in primary education, male (% of male teachers)",SE.PRM.TCAQ.MA.ZS,99.2052764892578
Vietnam,VNM,2008,"Trained teachers in primary education, male (% of male teachers)",SE.PRM.TCAQ.MA.ZS,94.3077926635742
Vietnam,VNM,2007,"Trained teachers in primary education, male (% of male teachers)",SE.PRM.TCAQ.MA.ZS,94.3739166259766
Vietnam,VNM,2006,"Trained teachers in primary education, male (% of male teachers)",SE.PRM.TCAQ.MA.ZS,93.2709808349609
Vietnam,VNM,2002,"Trained teachers in primary education, male (% of male teachers)",SE.PRM.TCAQ.MA.ZS,87.0120010375977
Vietnam,VNM,2001,"Trained teachers in primary education, male (% of male teachers)",SE.PRM.TCAQ.MA.ZS,80.3652572631836
Vietnam,VNM,2000,"Trained teachers in primary education, male (% of male teachers)",SE.PRM.TCAQ.MA.ZS,74.462287902832
Vietnam,VNM,1999,"Trained teachers in primary education, male (% of male teachers)",SE.PRM.TCAQ.MA.ZS,75.1486206054688
Vietnam,VNM,2021,"Primary education, teachers (% female)",SE.PRM.TCHR.FE.ZS,78.6763381958008
Vietnam,VNM,2020,"Primary education, teachers (% female)",SE.PRM.TCHR.FE.ZS,78.5606918334961
Vietnam,VNM,2019,"Primary education, teachers (% female)",SE.PRM.TCHR.FE.ZS,77.6777725219727
Vietnam,VNM,2018,"Primary education, teachers (% female)",SE.PRM.TCHR.FE.ZS,78.1177520751953
Vietnam,VNM,2016,"Primary education, teachers (% female)",SE.PRM.TCHR.FE.ZS,77.8350601196289
Vietnam,VNM,2015,"Primary education, teachers (% female)",SE.PRM.TCHR.FE.ZS,77.5710220336914
Vietnam,VNM,2014,"Primary education, teachers (% female)",SE.PRM.TCHR.FE.ZS,74.8212280273438
Vietnam,VNM,2013,"Primary education, teachers (% female)",SE.PRM.TCHR.FE.ZS,76.3512191772461
Vietnam,VNM,2012,"Primary education, teachers (% female)",SE.PRM.TCHR.FE.ZS,77.4115219116211
Vietnam,VNM,2011,"Primary education, teachers (% female)",SE.PRM.TCHR.FE.ZS,77.1214294433594
Vietnam,VNM,2010,"Primary education, teachers (% female)",SE.PRM.TCHR.FE.ZS,77.8840789794922
Vietnam,VNM,2009,"Primary education, teachers (% female)",SE.PRM.TCHR.FE.ZS,77.9664535522461
Vietnam,VNM,2008,"Primary education, teachers (% female)",SE.PRM.TCHR.FE.ZS,77.3303375244141
Vietnam,VNM,2007,"Primary education, teachers (% female)",SE.PRM.TCHR.FE.ZS,77.6625518798828
Vietnam,VNM,2006,"Primary education, teachers (% female)",SE.PRM.TCHR.FE.ZS,78.1082382202148
Vietnam,VNM,2005,"Primary education, teachers (% female)",SE.PRM.TCHR.FE.ZS,78.0297470092773
Vietnam,VNM,2004,"Primary education, teachers (% female)",SE.PRM.TCHR.FE.ZS,78.3284225463867
Vietnam,VNM,2003,"Primary education, teachers (% female)",SE.PRM.TCHR.FE.ZS,77.9682998657227
Vietnam,VNM,2002,"Primary education, teachers (% female)",SE.PRM.TCHR.FE.ZS,77.8325805664063
Vietnam,VNM,2001,"Primary education, teachers (% female)",SE.PRM.TCHR.FE.ZS,78.3076934814453
Vietnam,VNM,2000,"Primary education, teachers (% female)",SE.PRM.TCHR.FE.ZS,77.9036636352539
Vietnam,VNM,1999,"Primary education, teachers (% female)",SE.PRM.TCHR.FE.ZS,77.5250015258789
Vietnam,VNM,1998,"Primary education, teachers (% female)",SE.PRM.TCHR.FE.ZS,77.4000473022461
Vietnam,VNM,1995,"Primary education, teachers (% female)",SE.PRM.TCHR.FE.ZS,76.4884262084961
Vietnam,VNM,1991,"Primary education, teachers (% female)",SE.PRM.TCHR.FE.ZS,74.1586227416992
Vietnam,VNM,1986,"Primary education, teachers (% female)",SE.PRM.TCHR.FE.ZS,70.3271102905273
Vietnam,VNM,1985,"Primary education, teachers (% female)",SE.PRM.TCHR.FE.ZS,70.819450378418
Vietnam,VNM,1981,"Primary education, teachers (% female)",SE.PRM.TCHR.FE.ZS,65.4822998046875
Vietnam,VNM,1980,"Primary education, teachers (% female)",SE.PRM.TCHR.FE.ZS,64.3262100219727
Vietnam,VNM,1979,"Primary education, teachers (% female)",SE.PRM.TCHR.FE.ZS,62.5517807006836
Vietnam,VNM,1978,"Primary education, teachers (% female)",SE.PRM.TCHR.FE.ZS,50.724609375
Vietnam,VNM,1977,"Primary education, teachers (% female)",SE.PRM.TCHR.FE.ZS,64.6643371582031
Vietnam,VNM,1976,"Primary education, teachers (% female)",SE.PRM.TCHR.FE.ZS,55.7717590332031
Vietnam,VNM,2019,"Educational attainment, at least completed lower secondary, population 25+, female (%) (cumulative)",SE.SEC.CUAT.LO.FE.ZS,61.2890892028809
Vietnam,VNM,2009,"Educational attainment, at least completed lower secondary, population 25+, female (%) (cumulative)",SE.SEC.CUAT.LO.FE.ZS,59.4326400756836
Vietnam,VNM,1989,"Educational attainment, at least completed lower secondary, population 25+, female (%) (cumulative)",SE.SEC.CUAT.LO.FE.ZS,10.1348600387573
Vietnam,VNM,2019,"Educational attainment, at least completed lower secondary, population 25+, male (%) (cumulative)",SE.SEC.CUAT.LO.MA.ZS,69.6449890136719
Vietnam,VNM,2009,"Educational attainment, at least completed lower secondary, population 25+, male (%) (cumulative)",SE.SEC.CUAT.LO.MA.ZS,71.2118072509766
Vietnam,VNM,1989,"Educational attainment, at least completed lower secondary, population 25+, male (%) (cumulative)",SE.SEC.CUAT.LO.MA.ZS,17.0766296386719
Vietnam,VNM,2019,"Educational attainment, at least completed lower secondary, population 25+, total (%) (cumulative)",SE.SEC.CUAT.LO.ZS,65.3397903442383
Vietnam,VNM,2009,"Educational attainment, at least completed lower secondary, population 25+, total (%) (cumulative)",SE.SEC.CUAT.LO.ZS,64.9995269775391
Vietnam,VNM,1989,"Educational attainment, at least completed lower secondary, population 25+, total (%) (cumulative)",SE.SEC.CUAT.LO.ZS,13.3248901367188
Vietnam,VNM,2019,"Educational attainment, at least completed post-secondary, population 25+, female (%) (cumulative)",SE.SEC.CUAT.PO.FE.ZS,12.9646596908569
Vietnam,VNM,2009,"Educational attainment, at least completed post-secondary, population 25+, female (%) (cumulative)",SE.SEC.CUAT.PO.FE.ZS,10.1013402938843
Vietnam,VNM,1989,"Educational attainment, at least completed post-secondary, population 25+, female (%) (cumulative)",SE.SEC.CUAT.PO.FE.ZS,1.72352004051208
Vietnam,VNM,2019,"Educational attainment, at least completed post-secondary, population 25+, male (%) (cumulative)",SE.SEC.CUAT.PO.MA.ZS,14.1063804626465
Vietnam,VNM,2009,"Educational attainment, at least completed post-secondary, population 25+, male (%) (cumulative)",SE.SEC.CUAT.PO.MA.ZS,14.2840404510498
Vietnam,VNM,1989,"Educational attainment, at least completed post-secondary, population 25+, male (%) (cumulative)",SE.SEC.CUAT.PO.MA.ZS,3.70256996154785
Vietnam,VNM,2019,"Educational attainment, at least completed post-secondary, population 25+, total (%) (cumulative)",SE.SEC.CUAT.PO.ZS,13.5181303024292
Vietnam,VNM,2009,"Educational attainment, at least completed post-secondary, population 25+, total (%) (cumulative)",SE.SEC.CUAT.PO.ZS,12.0781002044678
Vietnam,VNM,1989,"Educational attainment, at least completed post-secondary, population 25+, total (%) (cumulative)",SE.SEC.CUAT.PO.ZS,2.63297009468079
Vietnam,VNM,2019,"Educational attainment, at least completed upper secondary, population 25+, female (%) (cumulative)",SE.SEC.CUAT.UP.FE.ZS,29.5268402099609
Vietnam,VNM,2009,"Educational attainment, at least completed upper secondary, population 25+, female (%) (cumulative)",SE.SEC.CUAT.UP.FE.ZS,21.4375095367432
Vietnam,VNM,1979,"Educational attainment, at least completed upper secondary, population 25+, female (%) (cumulative)",SE.SEC.CUAT.UP.FE.ZS,19.0636196136475
Vietnam,VNM,2019,"Educational attainment, at least completed upper secondary, population 25+, male (%) (cumulative)",SE.SEC.CUAT.UP.MA.ZS,34.4900817871094
Vietnam,VNM,2009,"Educational attainment, at least completed upper secondary, population 25+, male (%) (cumulative)",SE.SEC.CUAT.UP.MA.ZS,30.4142303466797
Vietnam,VNM,1979,"Educational attainment, at least completed upper secondary, population 25+, male (%) (cumulative)",SE.SEC.CUAT.UP.MA.ZS,39.4905281066895
Vietnam,VNM,2019,"Educational attainment, at least completed upper secondary, population 25+, total (%) (cumulative)",SE.SEC.CUAT.UP.ZS,31.9328708648682
Vietnam,VNM,2009,"Educational attainment, at least completed upper secondary, population 25+, total (%) (cumulative)",SE.SEC.CUAT.UP.ZS,25.6799507141113
Vietnam,VNM,1979,"Educational attainment, at least completed upper secondary, population 25+, total (%) (cumulative)",SE.SEC.CUAT.UP.ZS,28.5617694854736
Vietnam,VNM,1998,"Secondary education, pupils (% female)",SE.SEC.ENRL.FE.ZS,46.52232
Vietnam,VNM,1977,"Secondary education, pupils (% female)",SE.SEC.ENRL.FE.ZS,48.83021
Vietnam,VNM,1976,"Secondary education, pupils (% female)",SE.SEC.ENRL.FE.ZS,50.3038
Vietnam,VNM,2018,"Secondary education, general pupils (% female)",SE.SEC.ENRL.GC.FE.ZS,50.26082
Vietnam,VNM,2017,"Secondary education, general pupils (% female)",SE.SEC.ENRL.GC.FE.ZS,50.3726
Vietnam,VNM,2016,"Secondary education, general pupils (% female)",SE.SEC.ENRL.GC.FE.ZS,50.30349
Vietnam,VNM,2015,"Secondary education, general pupils (% female)",SE.SEC.ENRL.GC.FE.ZS,50.05274
Vietnam,VNM,2014,"Secondary education, general pupils (% female)",SE.SEC.ENRL.GC.FE.ZS,50.0252
Vietnam,VNM,2013,"Secondary education, general pupils (% female)",SE.SEC.ENRL.GC.FE.ZS,50.11836
Vietnam,VNM,2012,"Secondary education, general pupils (% female)",SE.SEC.ENRL.GC.FE.ZS,50.17602
Vietnam,VNM,2011,"Secondary education, general pupils (% female)",SE.SEC.ENRL.GC.FE.ZS,49.82388
Vietnam,VNM,2010,"Secondary education, general pupils (% female)",SE.SEC.ENRL.GC.FE.ZS,50.85833
Vietnam,VNM,2009,"Secondary education, general pupils (% female)",SE.SEC.ENRL.GC.FE.ZS,49.91515
Vietnam,VNM,2008,"Secondary education, general pupils (% female)",SE.SEC.ENRL.GC.FE.ZS,49.77537
Vietnam,VNM,2007,"Secondary education, general pupils (% female)",SE.SEC.ENRL.GC.FE.ZS,49.14647
Vietnam,VNM,2006,"Secondary education, general pupils (% female)",SE.SEC.ENRL.GC.FE.ZS,48.55281
Vietnam,VNM,2005,"Secondary education, general pupils (% female)",SE.SEC.ENRL.GC.FE.ZS,48.2544
Vietnam,VNM,2004,"Secondary education, general pupils (% female)",SE.SEC.ENRL.GC.FE.ZS,47.90269
Vietnam,VNM,2003,"Secondary education, general pupils (% female)",SE.SEC.ENRL.GC.FE.ZS,47.29017
Vietnam,VNM,2002,"Secondary education, general pupils (% female)",SE.SEC.ENRL.GC.FE.ZS,47.2961
Vietnam,VNM,2001,"Secondary education, general pupils (% female)",SE.SEC.ENRL.GC.FE.ZS,46.9694
Vietnam,VNM,2000,"Secondary education, general pupils (% female)",SE.SEC.ENRL.GC.FE.ZS,46.91634
Vietnam,VNM,1999,"Secondary education, general pupils (% female)",SE.SEC.ENRL.GC.FE.ZS,46.69814
Vietnam,VNM,1998,"Secondary education, general pupils (% female)",SE.SEC.ENRL.GC.FE.ZS,46.91976
Vietnam,VNM,1986,"Secondary education, general pupils (% female)",SE.SEC.ENRL.GC.FE.ZS,47.30291
Vietnam,VNM,1985,"Secondary education, general pupils (% female)",SE.SEC.ENRL.GC.FE.ZS,46.83677
Vietnam,VNM,1981,"Secondary education, general pupils (% female)",SE.SEC.ENRL.GC.FE.ZS,47.0016
Vietnam,VNM,1980,"Secondary education, general pupils (% female)",SE.SEC.ENRL.GC.FE.ZS,47.10263
Vietnam,VNM,1979,"Secondary education, general pupils (% female)",SE.SEC.ENRL.GC.FE.ZS,48.22163
Vietnam,VNM,1978,"Secondary education, general pupils (% female)",SE.SEC.ENRL.GC.FE.ZS,45.36396
Vietnam,VNM,1977,"Secondary education, general pupils (% female)",SE.SEC.ENRL.GC.FE.ZS,48.96747
Vietnam,VNM,1976,"Secondary education, general pupils (% female)",SE.SEC.ENRL.GC.FE.ZS,50.16975
Vietnam,VNM,1977,"Secondary education, vocational pupils (% female)",SE.SEC.ENRL.VO.FE.ZS,44.20641
Vietnam,VNM,1998,"School enrollment, secondary, female (% gross)",SE.SEC.ENRR.FE,55.4739418029785
Vietnam,VNM,1977,"School enrollment, secondary, female (% gross)",SE.SEC.ENRR.FE,37.4721412658691
Vietnam,VNM,1976,"School enrollment, secondary, female (% gross)",SE.SEC.ENRR.FE,36.7108917236328
Vietnam,VNM,1998,"School enrollment, secondary, male (% gross)",SE.SEC.ENRR.MA,60.9220809936523
Vietnam,VNM,1977,"School enrollment, secondary, male (% gross)",SE.SEC.ENRR.MA,38.0268211364746
Vietnam,VNM,1976,"School enrollment, secondary, male (% gross)",SE.SEC.ENRR.MA,35.1020584106445
Vietnam,VNM,2015,"Progression to secondary school, female (%)",SE.SEC.PROG.FE.ZS,99.6571
Vietnam,VNM,2014,"Progression to secondary school, female (%)",SE.SEC.PROG.FE.ZS,91.22419
Vietnam,VNM,2013,"Progression to secondary school, female (%)",SE.SEC.PROG.FE.ZS,89.40321
Vietnam,VNM,2012,"Progression to secondary school, female (%)",SE.SEC.PROG.FE.ZS,87.09985
Vietnam,VNM,2001,"Progression to secondary school, female (%)",SE.SEC.PROG.FE.ZS,94.57438
Vietnam,VNM,2000,"Progression to secondary school, female (%)",SE.SEC.PROG.FE.ZS,92.33149
Vietnam,VNM,2015,"Progression to secondary school, male (%)",SE.SEC.PROG.MA.ZS,99.92343
Vietnam,VNM,2014,"Progression to secondary school, male (%)",SE.SEC.PROG.MA.ZS,96.75727
Vietnam,VNM,2013,"Progression to secondary school, male (%)",SE.SEC.PROG.MA.ZS,84.9403
Vietnam,VNM,2012,"Progression to secondary school, male (%)",SE.SEC.PROG.MA.ZS,100
Vietnam,VNM,2001,"Progression to secondary school, male (%)",SE.SEC.PROG.MA.ZS,95.00521
Vietnam,VNM,2000,"Progression to secondary school, male (%)",SE.SEC.PROG.MA.ZS,94.42624
Vietnam,VNM,1998,"Secondary education, teachers (% female)",SE.SEC.TCHR.FE.ZS,64.0677032470703
Vietnam,VNM,1977,"Secondary education, teachers (% female)",SE.SEC.TCHR.FE.ZS,57.4991188049316
Vietnam,VNM,1976,"Secondary education, teachers (% female)",SE.SEC.TCHR.FE.ZS,57.178279876709
Vietnam,VNM,2019,"Educational attainment, at least Bachelor's or equivalent, population 25+, female (%) (cumulative)",SE.TER.CUAT.BA.FE.ZS,9.50352001190186
Vietnam,VNM,2019,"Educational attainment, at least Bachelor's or equivalent, population 25+, male (%) (cumulative)",SE.TER.CUAT.BA.MA.ZS,11.0390501022339
Vietnam,VNM,2019,"Educational attainment, at least Bachelor's or equivalent, population 25+, total (%) (cumulative)",SE.TER.CUAT.BA.ZS,10.2479000091553
Vietnam,VNM,2019,"Educational attainment, Doctoral or equivalent, population 25+, female (%) (cumulative)",SE.TER.CUAT.DO.FE.ZS,0.0402499996125698
Vietnam,VNM,2019,"Educational attainment, Doctoral or equivalent, population 25+, male (%) (cumulative)",SE.TER.CUAT.DO.MA.ZS,0.110100001096725
Vietnam,VNM,2019,"Educational attainment, Doctoral or equivalent, population 25+, total (%) (cumulative)",SE.TER.CUAT.DO.ZS,0.0741100013256073
Vietnam,VNM,2019,"Educational attainment, at least Master's or equivalent, population 25+, female (%) (cumulative)",SE.TER.CUAT.MS.FE.ZS,0.588100016117096
Vietnam,VNM,2019,"Educational attainment, at least Master's or equivalent, population 25+, male (%) (cumulative)",SE.TER.CUAT.MS.MA.ZS,0.849810004234314
Vietnam,VNM,2019,"Educational attainment, at least Master's or equivalent, population 25+, total (%) (cumulative)",SE.TER.CUAT.MS.ZS,0.714969992637634
Vietnam,VNM,2019,"Educational attainment, at least completed short-cycle tertiary, population 25+, female (%) (cumulative)",SE.TER.CUAT.ST.FE.ZS,12.9646596908569
Vietnam,VNM,2009,"Educational attainment, at least completed short-cycle tertiary, population 25+, female (%) (cumulative)",SE.TER.CUAT.ST.FE.ZS,5.8657398223877
Vietnam,VNM,1989,"Educational attainment, at least completed short-cycle tertiary, population 25+, female (%) (cumulative)",SE.TER.CUAT.ST.FE.ZS,1.72352004051208
Vietnam,VNM,1979,"Educational attainment, at least completed short-cycle tertiary, population 25+, female (%) (cumulative)",SE.TER.CUAT.ST.FE.ZS,0.577610015869141
Vietnam,VNM,2019,"Educational attainment, at least completed short-cycle tertiary, population 25+, male (%) (cumulative)",SE.TER.CUAT.ST.MA.ZS,14.1063804626465
Vietnam,VNM,2009,"Educational attainment, at least completed short-cycle tertiary, population 25+, male (%) (cumulative)",SE.TER.CUAT.ST.MA.ZS,7.62253999710083
Vietnam,VNM,1989,"Educational attainment, at least completed short-cycle tertiary, population 25+, male (%) (cumulative)",SE.TER.CUAT.ST.MA.ZS,3.70256996154785
Vietnam,VNM,1979,"Educational attainment, at least completed short-cycle tertiary, population 25+, male (%) (cumulative)",SE.TER.CUAT.ST.MA.ZS,1.92087996006012
Vietnam,VNM,2019,"Educational attainment, at least completed short-cycle tertiary, population 25+, total (%) (cumulative)",SE.TER.CUAT.ST.ZS,13.5181303024292
Vietnam,VNM,2009,"Educational attainment, at least completed short-cycle tertiary, population 25+, total (%) (cumulative)",SE.TER.CUAT.ST.ZS,6.69601011276245
Vietnam,VNM,1989,"Educational attainment, at least completed short-cycle tertiary, population 25+, total (%) (cumulative)",SE.TER.CUAT.ST.ZS,2.63297009468079
Vietnam,VNM,1979,"Educational attainment, at least completed short-cycle tertiary, population 25+, total (%) (cumulative)",SE.TER.CUAT.ST.ZS,1.20220005512238
Vietnam,VNM,2021,"School enrollment, tertiary, female (% gross)",SE.TER.ENRR.FE,37.5695381164551
Vietnam,VNM,2016,"School enrollment, tertiary, female (% gross)",SE.TER.ENRR.FE,31.7171592712402
Vietnam,VNM,2015,"School enrollment, tertiary, female (% gross)",SE.TER.ENRR.FE,29.1552391052246
Vietnam,VNM,2014,"School enrollment, tertiary, female (% gross)",SE.TER.ENRR.FE,31.5658092498779
Vietnam,VNM,2013,"School enrollment, tertiary, female (% gross)",SE.TER.ENRR.FE,23.951940536499
Vietnam,VNM,2011,"School enrollment, tertiary, female (% gross)",SE.TER.ENRR.FE,25.2784309387207
Vietnam,VNM,2010,"School enrollment, tertiary, female (% gross)",SE.TER.ENRR.FE,23.0137901306152
Vietnam,VNM,2009,"School enrollment, tertiary, female (% gross)",SE.TER.ENRR.FE,20.3073806762695
Vietnam,VNM,2008,"School enrollment, tertiary, female (% gross)",SE.TER.ENRR.FE,19.0367107391357
Vietnam,VNM,2007,"School enrollment, tertiary, female (% gross)",SE.TER.ENRR.FE,18.6506004333496
Vietnam,VNM,2006,"School enrollment, tertiary, female (% gross)",SE.TER.ENRR.FE,16.547679901123
Vietnam,VNM,2005,"School enrollment, tertiary, female (% gross)",SE.TER.ENRR.FE,13.5043697357178
Vietnam,VNM,2003,"School enrollment, tertiary, female (% gross)",SE.TER.ENRR.FE,8.92838001251221
Vietnam,VNM,2002,"School enrollment, tertiary, female (% gross)",SE.TER.ENRR.FE,8.54166984558105
Vietnam,VNM,2001,"School enrollment, tertiary, female (% gross)",SE.TER.ENRR.FE,8.16289043426514
Vietnam,VNM,2000,"School enrollment, tertiary, female (% gross)",SE.TER.ENRR.FE,8.01782035827637
Vietnam,VNM,1999,"School enrollment, tertiary, female (% gross)",SE.TER.ENRR.FE,9.2779598236084
Vietnam,VNM,1998,"School enrollment, tertiary, female (% gross)",SE.TER.ENRR.FE,7.75271987915039
Vietnam,VNM,1981,"School enrollment, tertiary, female (% gross)",SE.TER.ENRR.FE,0.972559988498688
Vietnam,VNM,1979,"School enrollment, tertiary, female (% gross)",SE.TER.ENRR.FE,1.5940899848938
Vietnam,VNM,1978,"School enrollment, tertiary, female (% gross)",SE.TER.ENRR.FE,1.46842002868652
Vietnam,VNM,1977,"School enrollment, tertiary, female (% gross)",SE.TER.ENRR.FE,1.3484799861908
Vietnam,VNM,1976,"School enrollment, tertiary, female (% gross)",SE.TER.ENRR.FE,1.35494005680084
Vietnam,VNM,2021,"School enrollment, tertiary, male (% gross)",SE.TER.ENRR.MA,33.3545799255371
Vietnam,VNM,2016,"School enrollment, tertiary, male (% gross)",SE.TER.ENRR.MA,25.5294208526611
Vietnam,VNM,2015,"School enrollment, tertiary, male (% gross)",SE.TER.ENRR.MA,28.9956092834473
Vietnam,VNM,2014,"School enrollment, tertiary, male (% gross)",SE.TER.ENRR.MA,29.905309677124
Vietnam,VNM,2013,"School enrollment, tertiary, male (% gross)",SE.TER.ENRR.MA,26.3736000061035
Vietnam,VNM,2011,"School enrollment, tertiary, male (% gross)",SE.TER.ENRR.MA,24.6340007781982
Vietnam,VNM,2010,"School enrollment, tertiary, male (% gross)",SE.TER.ENRR.MA,22.6368198394775
Vietnam,VNM,2009,"School enrollment, tertiary, male (% gross)",SE.TER.ENRR.MA,20.1572399139404
Vietnam,VNM,2008,"School enrollment, tertiary, male (% gross)",SE.TER.ENRR.MA,19.089750289917
Vietnam,VNM,2007,"School enrollment, tertiary, male (% gross)",SE.TER.ENRR.MA,18.3221607208252
Vietnam,VNM,2006,"School enrollment, tertiary, male (% gross)",SE.TER.ENRR.MA,17.0065402984619
Vietnam,VNM,2005,"School enrollment, tertiary, male (% gross)",SE.TER.ENRR.MA,18.7086391448975
Vietnam,VNM,2003,"School enrollment, tertiary, male (% gross)",SE.TER.ENRR.MA,11.3947200775146
Vietnam,VNM,2002,"School enrollment, tertiary, male (% gross)",SE.TER.ENRR.MA,10.9995403289795
Vietnam,VNM,2001,"School enrollment, tertiary, male (% gross)",SE.TER.ENRR.MA,10.8476896286011
Vietnam,VNM,2000,"School enrollment, tertiary, male (% gross)",SE.TER.ENRR.MA,10.8636503219604
Vietnam,VNM,1999,"School enrollment, tertiary, male (% gross)",SE.TER.ENRR.MA,11.9553203582764
Vietnam,VNM,1998,"School enrollment, tertiary, male (% gross)",SE.TER.ENRR.MA,11.5451498031616
Vietnam,VNM,1981,"School enrollment, tertiary, male (% gross)",SE.TER.ENRR.MA,3.06647992134094
Vietnam,VNM,1979,"School enrollment, tertiary, male (% gross)",SE.TER.ENRR.MA,3.51612997055054
Vietnam,VNM,1978,"School enrollment, tertiary, male (% gross)",SE.TER.ENRR.MA,3.26142001152039
Vietnam,VNM,1977,"School enrollment, tertiary, male (% gross)",SE.TER.ENRR.MA,2.67081999778748
Vietnam,VNM,1976,"School enrollment, tertiary, male (% gross)",SE.TER.ENRR.MA,2.01257991790771
Vietnam,VNM,2022,Proportion of seats held by women in national parliaments (%),SG.GEN.PARL.ZS,30.2605210420842
Vietnam,VNM,2021,Proportion of seats held by women in national parliaments (%),SG.GEN.PARL.ZS,30.2605210420842
Vietnam,VNM,2020,Proportion of seats held by women in national parliaments (%),SG.GEN.PARL.ZS,26.7206477732794
Vietnam,VNM,2019,Proportion of seats held by women in national parliaments (%),SG.GEN.PARL.ZS,26.7206477732794
Vietnam,VNM,2018,Proportion of seats held by women in national parliaments (%),SG.GEN.PARL.ZS,26.7206477732794
Vietnam,VNM,2017,Proportion of seats held by women in national parliaments (%),SG.GEN.PARL.ZS,26.7206477732794
Vietnam,VNM,2016,Proportion of seats held by women in national parliaments (%),SG.GEN.PARL.ZS,26.7206477732794
Vietnam,VNM,2015,Proportion of seats held by women in national parliaments (%),SG.GEN.PARL.ZS,24.2971887550201
Vietnam,VNM,2014,Proportion of seats held by women in national parliaments (%),SG.GEN.PARL.ZS,24.2971887550201
Vietnam,VNM,2013,Proportion of seats held by women in national parliaments (%),SG.GEN.PARL.ZS,24.4
Vietnam,VNM,2012,Proportion of seats held by women in national parliaments (%),SG.GEN.PARL.ZS,24.4
Vietnam,VNM,2011,Proportion of seats held by women in national parliaments (%),SG.GEN.PARL.ZS,24.4
Vietnam,VNM,2010,Proportion of seats held by women in national parliaments (%),SG.GEN.PARL.ZS,25.7606490872211
Vietnam,VNM,2009,Proportion of seats held by women in national parliaments (%),SG.GEN.PARL.ZS,25.7606490872211
Vietnam,VNM,2008,Proportion of seats held by women in national parliaments (%),SG.GEN.PARL.ZS,25.7606490872211
Vietnam,VNM,2007,Proportion of seats held by women in national parliaments (%),SG.GEN.PARL.ZS,25.7606490872211
Vietnam,VNM,2006,Proportion of seats held by women in national parliaments (%),SG.GEN.PARL.ZS,27.3092369477912
Vietnam,VNM,2005,Proportion of seats held by women in national parliaments (%),SG.GEN.PARL.ZS,27.3092369477912
Vietnam,VNM,2004,Proportion of seats held by women in national parliaments (%),SG.GEN.PARL.ZS,27.3092369477912
Vietnam,VNM,2003,Proportion of seats held by women in national parliaments (%),SG.GEN.PARL.ZS,27.3092369477912
Vietnam,VNM,2002,Proportion of seats held by women in national parliaments (%),SG.GEN.PARL.ZS,27.3092369477912
Vietnam,VNM,2001,Proportion of seats held by women in national parliaments (%),SG.GEN.PARL.ZS,26
Vietnam,VNM,2000,Proportion of seats held by women in national parliaments (%),SG.GEN.PARL.ZS,26
Vietnam,VNM,1999,Proportion of seats held by women in national parliaments (%),SG.GEN.PARL.ZS,26
Vietnam,VNM,1998,Proportion of seats held by women in national parliaments (%),SG.GEN.PARL.ZS,26.2222222222222
Vietnam,VNM,1997,Proportion of seats held by women in national parliaments (%),SG.GEN.PARL.ZS,26.2222222222222
Vietnam,VNM,2022,Women Business and the Law Index Score (scale 1-100),SG.LAW.INDX,88.125
Vietnam,VNM,2021,Women Business and the Law Index Score (scale 1-100),SG.LAW.INDX,88.125
Vietnam,VNM,2020,Women Business and the Law Index Score (scale 1-100),SG.LAW.INDX,85
Vietnam,VNM,2019,Women Business and the Law Index Score (scale 1-100),SG.LAW.INDX,81.875
Vietnam,VNM,2018,Women Business and the Law Index Score (scale 1-100),SG.LAW.INDX,81.875
Vietnam,VNM,2017,Women Business and the Law Index Score (scale 1-100),SG.LAW.INDX,81.875
Vietnam,VNM,2016,Women Business and the Law Index Score (scale 1-100),SG.LAW.INDX,81.875
Vietnam,VNM,2015,Women Business and the Law Index Score (scale 1-100),SG.LAW.INDX,76.25
Vietnam,VNM,2014,Women Business and the Law Index Score (scale 1-100),SG.LAW.INDX,76.25
Vietnam,VNM,2013,Women Business and the Law Index Score (scale 1-100),SG.LAW.INDX,76.25
Vietnam,VNM,2012,Women Business and the Law Index Score (scale 1-100),SG.LAW.INDX,70
Vietnam,VNM,2011,Women Business and the Law Index Score (scale 1-100),SG.LAW.INDX,70
Vietnam,VNM,2010,Women Business and the Law Index Score (scale 1-100),SG.LAW.INDX,70
Vietnam,VNM,2009,Women Business and the Law Index Score (scale 1-100),SG.LAW.INDX,70
Vietnam,VNM,2008,Women Business and the Law Index Score (scale 1-100),SG.LAW.INDX,70
Vietnam,VNM,2007,Women Business and the Law Index Score (scale 1-100),SG.LAW.INDX,67.5
Vietnam,VNM,2006,Women Business and the Law Index Score (scale 1-100),SG.LAW.INDX,64.375
Vietnam,VNM,2005,Women Business and the Law Index Score (scale 1-100),SG.LAW.INDX,64.375
Vietnam,VNM,2004,Women Business and the Law Index Score (scale 1-100),SG.LAW.INDX,64.375
Vietnam,VNM,2003,Women Business and the Law Index Score (scale 1-100),SG.LAW.INDX,64.375
Vietnam,VNM,2002,Women Business and the Law Index Score (scale 1-100),SG.LAW.INDX,64.375
Vietnam,VNM,2001,Women Business and the Law Index Score (scale 1-100),SG.LAW.INDX,64.375
Vietnam,VNM,2000,Women Business and the Law Index Score (scale 1-100),SG.LAW.INDX,64.375
Vietnam,VNM,1999,Women Business and the Law Index Score (scale 1-100),SG.LAW.INDX,64.375
Vietnam,VNM,1998,Women Business and the Law Index Score (scale 1-100),SG.LAW.INDX,64.375
Vietnam,VNM,1997,Women Business and the Law Index Score (scale 1-100),SG.LAW.INDX,64.375
Vietnam,VNM,1996,Women Business and the Law Index Score (scale 1-100),SG.LAW.INDX,64.375
Vietnam,VNM,1995,Women Business and the Law Index Score (scale 1-100),SG.LAW.INDX,64.375
Vietnam,VNM,1994,Women Business and the Law Index Score (scale 1-100),SG.LAW.INDX,56.875
Vietnam,VNM,1993,Women Business and the Law Index Score (scale 1-100),SG.LAW.INDX,53.75
Vietnam,VNM,1992,Women Business and the Law Index Score (scale 1-100),SG.LAW.INDX,53.75
Vietnam,VNM,1991,Women Business and the Law Index Score (scale 1-100),SG.LAW.INDX,53.75
Vietnam,VNM,1990,Women Business and the Law Index Score (scale 1-100),SG.LAW.INDX,53.75
Vietnam,VNM,1989,Women Business and the Law Index Score (scale 1-100),SG.LAW.INDX,53.75
Vietnam,VNM,1988,Women Business and the Law Index Score (scale 1-100),SG.LAW.INDX,53.75
Vietnam,VNM,1987,Women Business and the Law Index Score (scale 1-100),SG.LAW.INDX,53.75
Vietnam,VNM,1986,Women Business and the Law Index Score (scale 1-100),SG.LAW.INDX,53.75
Vietnam,VNM,1985,Women Business and the Law Index Score (scale 1-100),SG.LAW.INDX,53.75
Vietnam,VNM,1984,Women Business and the Law Index Score (scale 1-100),SG.LAW.INDX,53.75
Vietnam,VNM,1983,Women Business and the Law Index Score (scale 1-100),SG.LAW.INDX,53.75
Vietnam,VNM,1982,Women Business and the Law Index Score (scale 1-100),SG.LAW.INDX,53.75
Vietnam,VNM,1981,Women Business and the Law Index Score (scale 1-100),SG.LAW.INDX,53.75
Vietnam,VNM,1980,Women Business and the Law Index Score (scale 1-100),SG.LAW.INDX,53.75
Vietnam,VNM,1979,Women Business and the Law Index Score (scale 1-100),SG.LAW.INDX,53.75
Vietnam,VNM,1978,Women Business and the Law Index Score (scale 1-100),SG.LAW.INDX,53.75
Vietnam,VNM,1977,Women Business and the Law Index Score (scale 1-100),SG.LAW.INDX,53.75
Vietnam,VNM,1976,Women Business and the Law Index Score (scale 1-100),SG.LAW.INDX,53.75
Vietnam,VNM,1975,Women Business and the Law Index Score (scale 1-100),SG.LAW.INDX,53.75
Vietnam,VNM,1974,Women Business and the Law Index Score (scale 1-100),SG.LAW.INDX,53.75
Vietnam,VNM,1973,Women Business and the Law Index Score (scale 1-100),SG.LAW.INDX,53.75
Vietnam,VNM,1972,Women Business and the Law Index Score (scale 1-100),SG.LAW.INDX,53.75
Vietnam,VNM,1971,Women Business and the Law Index Score (scale 1-100),SG.LAW.INDX,53.75
Vietnam,VNM,1970,Women Business and the Law Index Score (scale 1-100),SG.LAW.INDX,53.75
Vietnam,VNM,2010,Proportion of women subjected to physical and/or sexual violence in the last 12 months (% of ever-partnered women ages 15-49),SG.VAW.1549.ZS,10.8
Vietnam,VNM,2005,"Condom use, population ages 15-24, female (% of females ages 15-24)",SH.CON.1524.FE.ZS,7.6
Vietnam,VNM,2005,"Condom use, population ages 15-24, male (% of males ages 15-24)",SH.CON.1524.MA.ZS,16.4
Vietnam,VNM,2021,Women's share of population ages 15+ living with HIV (%),SH.DYN.AIDS.FE.ZS,33.3
Vietnam,VNM,2020,Women's share of population ages 15+ living with HIV (%),SH.DYN.AIDS.FE.ZS,33
Vietnam,VNM,2019,Women's share of population ages 15+ living with HIV (%),SH.DYN.AIDS.FE.ZS,32.7
Vietnam,VNM,2018,Women's share of population ages 15+ living with HIV (%),SH.DYN.AIDS.FE.ZS,32.4
Vietnam,VNM,2017,Women's share of population ages 15+ living with HIV (%),SH.DYN.AIDS.FE.ZS,32
Vietnam,VNM,2016,Women's share of population ages 15+ living with HIV (%),SH.DYN.AIDS.FE.ZS,31.6
Vietnam,VNM,2015,Women's share of population ages 15+ living with HIV (%),SH.DYN.AIDS.FE.ZS,31.2
Vietnam,VNM,2014,Women's share of population ages 15+ living with HIV (%),SH.DYN.AIDS.FE.ZS,30.9
Vietnam,VNM,2013,Women's share of population ages 15+ living with HIV (%),SH.DYN.AIDS.FE.ZS,30.5
Vietnam,VNM,2012,Women's share of population ages 15+ living with HIV (%),SH.DYN.AIDS.FE.ZS,30
Vietnam,VNM,2011,Women's share of population ages 15+ living with HIV (%),SH.DYN.AIDS.FE.ZS,29.5
Vietnam,VNM,2010,Women's share of population ages 15+ living with HIV (%),SH.DYN.AIDS.FE.ZS,29.1
Vietnam,VNM,2009,Women's share of population ages 15+ living with HIV (%),SH.DYN.AIDS.FE.ZS,28.6
Vietnam,VNM,2008,Women's share of population ages 15+ living with HIV (%),SH.DYN.AIDS.FE.ZS,28
Vietnam,VNM,2007,Women's share of population ages 15+ living with HIV (%),SH.DYN.AIDS.FE.ZS,27.2
Vietnam,VNM,2006,Women's share of population ages 15+ living with HIV (%),SH.DYN.AIDS.FE.ZS,26.3
Vietnam,VNM,2005,Women's share of population ages 15+ living with HIV (%),SH.DYN.AIDS.FE.ZS,25.4
Vietnam,VNM,2004,Women's share of population ages 15+ living with HIV (%),SH.DYN.AIDS.FE.ZS,24.4
Vietnam,VNM,2003,Women's share of population ages 15+ living with HIV (%),SH.DYN.AIDS.FE.ZS,23.4
Vietnam,VNM,2002,Women's share of population ages 15+ living with HIV (%),SH.DYN.AIDS.FE.ZS,22.3
Vietnam,VNM,2001,Women's share of population ages 15+ living with HIV (%),SH.DYN.AIDS.FE.ZS,21.1
Vietnam,VNM,2000,Women's share of population ages 15+ living with HIV (%),SH.DYN.AIDS.FE.ZS,19.8
Vietnam,VNM,1999,Women's share of population ages 15+ living with HIV (%),SH.DYN.AIDS.FE.ZS,18.4
Vietnam,VNM,1998,Women's share of population ages 15+ living with HIV (%),SH.DYN.AIDS.FE.ZS,16.8
Vietnam,VNM,1997,Women's share of population ages 15+ living with HIV (%),SH.DYN.AIDS.FE.ZS,15.1
Vietnam,VNM,1996,Women's share of population ages 15+ living with HIV (%),SH.DYN.AIDS.FE.ZS,13.3
Vietnam,VNM,1995,Women's share of population ages 15+ living with HIV (%),SH.DYN.AIDS.FE.ZS,11.6
Vietnam,VNM,1994,Women's share of population ages 15+ living with HIV (%),SH.DYN.AIDS.FE.ZS,10.2
Vietnam,VNM,1993,Women's share of population ages 15+ living with HIV (%),SH.DYN.AIDS.FE.ZS,9.3
Vietnam,VNM,1992,Women's share of population ages 15+ living with HIV (%),SH.DYN.AIDS.FE.ZS,8.8
Vietnam,VNM,1991,Women's share of population ages 15+ living with HIV (%),SH.DYN.AIDS.FE.ZS,8.5
Vietnam,VNM,1990,Women's share of population ages 15+ living with HIV (%),SH.DYN.AIDS.FE.ZS,8.3
Vietnam,VNM,2021,"Prevalence of HIV, female (% ages 15-24)",SH.HIV.1524.FE.ZS,0.1
Vietnam,VNM,2020,"Prevalence of HIV, female (% ages 15-24)",SH.HIV.1524.FE.ZS,0.1
Vietnam,VNM,2019,"Prevalence of HIV, female (% ages 15-24)",SH.HIV.1524.FE.ZS,0.1
Vietnam,VNM,2018,"Prevalence of HIV, female (% ages 15-24)",SH.HIV.1524.FE.ZS,0.1
Vietnam,VNM,2017,"Prevalence of HIV, female (% ages 15-24)",SH.HIV.1524.FE.ZS,0.1
Vietnam,VNM,2016,"Prevalence of HIV, female (% ages 15-24)",SH.HIV.1524.FE.ZS,0.1
Vietnam,VNM,2015,"Prevalence of HIV, female (% ages 15-24)",SH.HIV.1524.FE.ZS,0.1
Vietnam,VNM,2014,"Prevalence of HIV, female (% ages 15-24)",SH.HIV.1524.FE.ZS,0.1
Vietnam,VNM,2013,"Prevalence of HIV, female (% ages 15-24)",SH.HIV.1524.FE.ZS,0.1
Vietnam,VNM,2012,"Prevalence of HIV, female (% ages 15-24)",SH.HIV.1524.FE.ZS,0.1
Vietnam,VNM,2011,"Prevalence of HIV, female (% ages 15-24)",SH.HIV.1524.FE.ZS,0.1
Vietnam,VNM,2010,"Prevalence of HIV, female (% ages 15-24)",SH.HIV.1524.FE.ZS,0.1
Vietnam,VNM,2009,"Prevalence of HIV, female (% ages 15-24)",SH.HIV.1524.FE.ZS,0.1
Vietnam,VNM,2008,"Prevalence of HIV, female (% ages 15-24)",SH.HIV.1524.FE.ZS,0.1
Vietnam,VNM,2007,"Prevalence of HIV, female (% ages 15-24)",SH.HIV.1524.FE.ZS,0.1
Vietnam,VNM,2006,"Prevalence of HIV, female (% ages 15-24)",SH.HIV.1524.FE.ZS,0.1
Vietnam,VNM,2005,"Prevalence of HIV, female (% ages 15-24)",SH.HIV.1524.FE.ZS,0.1
Vietnam,VNM,2004,"Prevalence of HIV, female (% ages 15-24)",SH.HIV.1524.FE.ZS,0.1
Vietnam,VNM,2003,"Prevalence of HIV, female (% ages 15-24)",SH.HIV.1524.FE.ZS,0.1
Vietnam,VNM,2002,"Prevalence of HIV, female (% ages 15-24)",SH.HIV.1524.FE.ZS,0.1
Vietnam,VNM,2001,"Prevalence of HIV, female (% ages 15-24)",SH.HIV.1524.FE.ZS,0.1
Vietnam,VNM,2000,"Prevalence of HIV, female (% ages 15-24)",SH.HIV.1524.FE.ZS,0.1
Vietnam,VNM,1999,"Prevalence of HIV, female (% ages 15-24)",SH.HIV.1524.FE.ZS,0.1
Vietnam,VNM,1998,"Prevalence of HIV, female (% ages 15-24)",SH.HIV.1524.FE.ZS,0.1
Vietnam,VNM,1997,"Prevalence of HIV, female (% ages 15-24)",SH.HIV.1524.FE.ZS,0.1
Vietnam,VNM,1996,"Prevalence of HIV, female (% ages 15-24)",SH.HIV.1524.FE.ZS,0.1
Vietnam,VNM,1995,"Prevalence of HIV, female (% ages 15-24)",SH.HIV.1524.FE.ZS,0.1
Vietnam,VNM,1994,"Prevalence of HIV, female (% ages 15-24)",SH.HIV.1524.FE.ZS,0.1
Vietnam,VNM,1993,"Prevalence of HIV, female (% ages 15-24)",SH.HIV.1524.FE.ZS,0.1
Vietnam,VNM,1992,"Prevalence of HIV, female (% ages 15-24)",SH.HIV.1524.FE.ZS,0.1
Vietnam,VNM,1991,"Prevalence of HIV, female (% ages 15-24)",SH.HIV.1524.FE.ZS,0.1
Vietnam,VNM,1990,"Prevalence of HIV, female (% ages 15-24)",SH.HIV.1524.FE.ZS,0.1
Vietnam,VNM,2021,"Prevalence of HIV, male (% ages 15-24)",SH.HIV.1524.MA.ZS,0.1
Vietnam,VNM,2020,"Prevalence of HIV, male (% ages 15-24)",SH.HIV.1524.MA.ZS,0.1
Vietnam,VNM,2019,"Prevalence of HIV, male (% ages 15-24)",SH.HIV.1524.MA.ZS,0.1
Vietnam,VNM,2018,"Prevalence of HIV, male (% ages 15-24)",SH.HIV.1524.MA.ZS,0.1
Vietnam,VNM,2017,"Prevalence of HIV, male (% ages 15-24)",SH.HIV.1524.MA.ZS,0.1
Vietnam,VNM,2016,"Prevalence of HIV, male (% ages 15-24)",SH.HIV.1524.MA.ZS,0.1
Vietnam,VNM,2015,"Prevalence of HIV, male (% ages 15-24)",SH.HIV.1524.MA.ZS,0.1
Vietnam,VNM,2014,"Prevalence of HIV, male (% ages 15-24)",SH.HIV.1524.MA.ZS,0.1
Vietnam,VNM,2013,"Prevalence of HIV, male (% ages 15-24)",SH.HIV.1524.MA.ZS,0.1
Vietnam,VNM,2012,"Prevalence of HIV, male (% ages 15-24)",SH.HIV.1524.MA.ZS,0.1
Vietnam,VNM,2011,"Prevalence of HIV, male (% ages 15-24)",SH.HIV.1524.MA.ZS,0.1
Vietnam,VNM,2010,"Prevalence of HIV, male (% ages 15-24)",SH.HIV.1524.MA.ZS,0.1
Vietnam,VNM,2009,"Prevalence of HIV, male (% ages 15-24)",SH.HIV.1524.MA.ZS,0.1
Vietnam,VNM,2008,"Prevalence of HIV, male (% ages 15-24)",SH.HIV.1524.MA.ZS,0.1
Vietnam,VNM,2007,"Prevalence of HIV, male (% ages 15-24)",SH.HIV.1524.MA.ZS,0.1
Vietnam,VNM,2006,"Prevalence of HIV, male (% ages 15-24)",SH.HIV.1524.MA.ZS,0.1
Vietnam,VNM,2005,"Prevalence of HIV, male (% ages 15-24)",SH.HIV.1524.MA.ZS,0.1
Vietnam,VNM,2004,"Prevalence of HIV, male (% ages 15-24)",SH.HIV.1524.MA.ZS,0.1
Vietnam,VNM,2003,"Prevalence of HIV, male (% ages 15-24)",SH.HIV.1524.MA.ZS,0.1
Vietnam,VNM,2002,"Prevalence of HIV, male (% ages 15-24)",SH.HIV.1524.MA.ZS,0.1
Vietnam,VNM,2001,"Prevalence of HIV, male (% ages 15-24)",SH.HIV.1524.MA.ZS,0.1
Vietnam,VNM,2000,"Prevalence of HIV, male (% ages 15-24)",SH.HIV.1524.MA.ZS,0.1
Vietnam,VNM,1999,"Prevalence of HIV, male (% ages 15-24)",SH.HIV.1524.MA.ZS,0.1
Vietnam,VNM,1998,"Prevalence of HIV, male (% ages 15-24)",SH.HIV.1524.MA.ZS,0.1
Vietnam,VNM,1997,"Prevalence of HIV, male (% ages 15-24)",SH.HIV.1524.MA.ZS,0.1
Vietnam,VNM,1996,"Prevalence of HIV, male (% ages 15-24)",SH.HIV.1524.MA.ZS,0.1
Vietnam,VNM,1995,"Prevalence of HIV, male (% ages 15-24)",SH.HIV.1524.MA.ZS,0.1
Vietnam,VNM,1994,"Prevalence of HIV, male (% ages 15-24)",SH.HIV.1524.MA.ZS,0.1
Vietnam,VNM,1993,"Prevalence of HIV, male (% ages 15-24)",SH.HIV.1524.MA.ZS,0.1
Vietnam,VNM,1992,"Prevalence of HIV, male (% ages 15-24)",SH.HIV.1524.MA.ZS,0.1
Vietnam,VNM,1991,"Prevalence of HIV, male (% ages 15-24)",SH.HIV.1524.MA.ZS,0.1
Vietnam,VNM,1990,"Prevalence of HIV, male (% ages 15-24)",SH.HIV.1524.MA.ZS,0.1
Vietnam,VNM,2020,Lifetime risk of maternal death (1 in: rate varies by country),SH.MMR.RISK,390
Vietnam,VNM,2019,Lifetime risk of maternal death (1 in: rate varies by country),SH.MMR.RISK,360
Vietnam,VNM,2018,Lifetime risk of maternal death (1 in: rate varies by country),SH.MMR.RISK,370
Vietnam,VNM,2017,Lifetime risk of maternal death (1 in: rate varies by country),SH.MMR.RISK,390
Vietnam,VNM,2016,Lifetime risk of maternal death (1 in: rate varies by country),SH.MMR.RISK,420
Vietnam,VNM,2015,Lifetime risk of maternal death (1 in: rate varies by country),SH.MMR.RISK,440
Vietnam,VNM,2014,Lifetime risk of maternal death (1 in: rate varies by country),SH.MMR.RISK,470
Vietnam,VNM,2013,Lifetime risk of maternal death (1 in: rate varies by country),SH.MMR.RISK,490
Vietnam,VNM,2012,Lifetime risk of maternal death (1 in: rate varies by country),SH.MMR.RISK,510
Vietnam,VNM,2011,Lifetime risk of maternal death (1 in: rate varies by country),SH.MMR.RISK,540
Vietnam,VNM,2010,Lifetime risk of maternal death (1 in: rate varies by country),SH.MMR.RISK,550
Vietnam,VNM,2009,Lifetime risk of maternal death (1 in: rate varies by country),SH.MMR.RISK,570
Vietnam,VNM,2008,Lifetime risk of maternal death (1 in: rate varies by country),SH.MMR.RISK,600
Vietnam,VNM,2007,Lifetime risk of maternal death (1 in: rate varies by country),SH.MMR.RISK,610
Vietnam,VNM,2006,Lifetime risk of maternal death (1 in: rate varies by country),SH.MMR.RISK,610
Vietnam,VNM,2005,Lifetime risk of maternal death (1 in: rate varies by country),SH.MMR.RISK,620
Vietnam,VNM,2004,Lifetime risk of maternal death (1 in: rate varies by country),SH.MMR.RISK,620
Vietnam,VNM,2003,Lifetime risk of maternal death (1 in: rate varies by country),SH.MMR.RISK,600
Vietnam,VNM,2002,Lifetime risk of maternal death (1 in: rate varies by country),SH.MMR.RISK,590
Vietnam,VNM,2001,Lifetime risk of maternal death (1 in: rate varies by country),SH.MMR.RISK,580
Vietnam,VNM,2000,Lifetime risk of maternal death (1 in: rate varies by country),SH.MMR.RISK,430
Vietnam,VNM,2020,Lifetime risk of maternal death (%),SH.MMR.RISK.ZS,0.257504237606235
Vietnam,VNM,2019,Lifetime risk of maternal death (%),SH.MMR.RISK.ZS,0.276748802502825
Vietnam,VNM,2018,Lifetime risk of maternal death (%),SH.MMR.RISK.ZS,0.268955164930077
Vietnam,VNM,2017,Lifetime risk of maternal death (%),SH.MMR.RISK.ZS,0.25614318600114
Vietnam,VNM,2016,Lifetime risk of maternal death (%),SH.MMR.RISK.ZS,0.240077766677505
Vietnam,VNM,2015,Lifetime risk of maternal death (%),SH.MMR.RISK.ZS,0.225798219106894
Vietnam,VNM,2014,Lifetime risk of maternal death (%),SH.MMR.RISK.ZS,0.213961549610573
Vietnam,VNM,2013,Lifetime risk of maternal death (%),SH.MMR.RISK.ZS,0.203327098210665
Vietnam,VNM,2012,Lifetime risk of maternal death (%),SH.MMR.RISK.ZS,0.19488203377028
Vietnam,VNM,2011,Lifetime risk of maternal death (%),SH.MMR.RISK.ZS,0.186699509187221
Vietnam,VNM,2010,Lifetime risk of maternal death (%),SH.MMR.RISK.ZS,0.181147236321279
Vietnam,VNM,2009,Lifetime risk of maternal death (%),SH.MMR.RISK.ZS,0.174170669973369
Vietnam,VNM,2008,Lifetime risk of maternal death (%),SH.MMR.RISK.ZS,0.167668193745121
Vietnam,VNM,2007,Lifetime risk of maternal death (%),SH.MMR.RISK.ZS,0.164529053500645
Vietnam,VNM,2006,Lifetime risk of maternal death (%),SH.MMR.RISK.ZS,0.164629674017309
Vietnam,VNM,2005,Lifetime risk of maternal death (%),SH.MMR.RISK.ZS,0.161803306313704
Vietnam,VNM,2004,Lifetime risk of maternal death (%),SH.MMR.RISK.ZS,0.161109820764251
Vietnam,VNM,2003,Lifetime risk of maternal death (%),SH.MMR.RISK.ZS,0.166334681562859
Vietnam,VNM,2002,Lifetime risk of maternal death (%),SH.MMR.RISK.ZS,0.168977674617526
Vietnam,VNM,2001,Lifetime risk of maternal death (%),SH.MMR.RISK.ZS,0.173805509425302
Vietnam,VNM,2000,Lifetime risk of maternal death (%),SH.MMR.RISK.ZS,0.234557109333002
Vietnam,VNM,2020,"Prevalence of current tobacco use, females (% of female adults)",SH.PRV.SMOK.FE,2.2
Vietnam,VNM,2019,"Prevalence of current tobacco use, females (% of female adults)",SH.PRV.SMOK.FE,2.2
Vietnam,VNM,2018,"Prevalence of current tobacco use, females (% of female adults)",SH.PRV.SMOK.FE,2.3
Vietnam,VNM,2015,"Prevalence of current tobacco use, females (% of female adults)",SH.PRV.SMOK.FE,2.6
Vietnam,VNM,2010,"Prevalence of current tobacco use, females (% of female adults)",SH.PRV.SMOK.FE,3.2
Vietnam,VNM,2005,"Prevalence of current tobacco use, females (% of female adults)",SH.PRV.SMOK.FE,3.9
Vietnam,VNM,2000,"Prevalence of current tobacco use, females (% of female adults)",SH.PRV.SMOK.FE,4.8
Vietnam,VNM,2020,"Prevalence of current tobacco use, males (% of male adults)",SH.PRV.SMOK.MA,47.4
Vietnam,VNM,2019,"Prevalence of current tobacco use, males (% of male adults)",SH.PRV.SMOK.MA,47.8
Vietnam,VNM,2018,"Prevalence of current tobacco use, males (% of male adults)",SH.PRV.SMOK.MA,48.3
Vietnam,VNM,2015,"Prevalence of current tobacco use, males (% of male adults)",SH.PRV.SMOK.MA,49.4
Vietnam,VNM,2010,"Prevalence of current tobacco use, males (% of male adults)",SH.PRV.SMOK.MA,50.8
Vietnam,VNM,2005,"Prevalence of current tobacco use, males (% of male adults)",SH.PRV.SMOK.MA,52.7
Vietnam,VNM,2000,"Prevalence of current tobacco use, males (% of male adults)",SH.PRV.SMOK.MA,54.8
Vietnam,VNM,2021,Pregnant women receiving prenatal care (%),SH.STA.ANVC.ZS,97
Vietnam,VNM,2014,Pregnant women receiving prenatal care (%),SH.STA.ANVC.ZS,95.8
Vietnam,VNM,2011,Pregnant women receiving prenatal care (%),SH.STA.ANVC.ZS,93.7
Vietnam,VNM,2006,Pregnant women receiving prenatal care (%),SH.STA.ANVC.ZS,90.8
Vietnam,VNM,2002,Pregnant women receiving prenatal care (%),SH.STA.ANVC.ZS,86.4
Vietnam,VNM,2000,Pregnant women receiving prenatal care (%),SH.STA.ANVC.ZS,68.3
Vietnam,VNM,1997,Pregnant women receiving prenatal care (%),SH.STA.ANVC.ZS,70.6
Vietnam,VNM,2021,Births attended by skilled health staff (% of total),SH.STA.BRTC.ZS,96.1
Vietnam,VNM,2014,Births attended by skilled health staff (% of total),SH.STA.BRTC.ZS,93.8
Vietnam,VNM,2011,Births attended by skilled health staff (% of total),SH.STA.BRTC.ZS,91.9
Vietnam,VNM,2006,Births attended by skilled health staff (% of total),SH.STA.BRTC.ZS,83.8
Vietnam,VNM,2002,Births attended by skilled health staff (% of total),SH.STA.BRTC.ZS,85
Vietnam,VNM,2000,Births attended by skilled health staff (% of total),SH.STA.BRTC.ZS,58.8
Vietnam,VNM,1997,Births attended by skilled health staff (% of total),SH.STA.BRTC.ZS,77.1
Vietnam,VNM,2010,"Prevalence of underweight, weight for age, female (% of children under 5)",SH.STA.MALN.FE.ZS,11.4
Vietnam,VNM,2009,"Prevalence of underweight, weight for age, female (% of children under 5)",SH.STA.MALN.FE.ZS,16.6
Vietnam,VNM,2008,"Prevalence of underweight, weight for age, female (% of children under 5)",SH.STA.MALN.FE.ZS,20.1
Vietnam,VNM,2007,"Prevalence of underweight, weight for age, female (% of children under 5)",SH.STA.MALN.FE.ZS,21
Vietnam,VNM,2006,"Prevalence of underweight, weight for age, female (% of children under 5)",SH.STA.MALN.FE.ZS,21.7
Vietnam,VNM,2005,"Prevalence of underweight, weight for age, female (% of children under 5)",SH.STA.MALN.FE.ZS,22.6
Vietnam,VNM,2004,"Prevalence of underweight, weight for age, female (% of children under 5)",SH.STA.MALN.FE.ZS,23.4
Vietnam,VNM,2003,"Prevalence of underweight, weight for age, female (% of children under 5)",SH.STA.MALN.FE.ZS,24.1
Vietnam,VNM,2002,"Prevalence of underweight, weight for age, female (% of children under 5)",SH.STA.MALN.FE.ZS,22.8
Vietnam,VNM,2000,"Prevalence of underweight, weight for age, female (% of children under 5)",SH.STA.MALN.FE.ZS,26.7
Vietnam,VNM,1999,"Prevalence of underweight, weight for age, female (% of children under 5)",SH.STA.MALN.FE.ZS,30.3
Vietnam,VNM,1993,"Prevalence of underweight, weight for age, female (% of children under 5)",SH.STA.MALN.FE.ZS,35.3
Vietnam,VNM,2010,"Prevalence of underweight, weight for age, male (% of children under 5)",SH.STA.MALN.MA.ZS,12.1
Vietnam,VNM,2009,"Prevalence of underweight, weight for age, male (% of children under 5)",SH.STA.MALN.MA.ZS,18.4
Vietnam,VNM,2008,"Prevalence of underweight, weight for age, male (% of children under 5)",SH.STA.MALN.MA.ZS,20.8
Vietnam,VNM,2007,"Prevalence of underweight, weight for age, male (% of children under 5)",SH.STA.MALN.MA.ZS,22.1
Vietnam,VNM,2006,"Prevalence of underweight, weight for age, male (% of children under 5)",SH.STA.MALN.MA.ZS,22
Vietnam,VNM,2005,"Prevalence of underweight, weight for age, male (% of children under 5)",SH.STA.MALN.MA.ZS,23
Vietnam,VNM,2004,"Prevalence of underweight, weight for age, male (% of children under 5)",SH.STA.MALN.MA.ZS,23.8
Vietnam,VNM,2003,"Prevalence of underweight, weight for age, male (% of children under 5)",SH.STA.MALN.MA.ZS,25
Vietnam,VNM,2002,"Prevalence of underweight, weight for age, male (% of children under 5)",SH.STA.MALN.MA.ZS,23.8
Vietnam,VNM,2000,"Prevalence of underweight, weight for age, male (% of children under 5)",SH.STA.MALN.MA.ZS,26.7
Vietnam,VNM,1999,"Prevalence of underweight, weight for age, male (% of children under 5)",SH.STA.MALN.MA.ZS,31.9
Vietnam,VNM,1993,"Prevalence of underweight, weight for age, male (% of children under 5)",SH.STA.MALN.MA.ZS,37.8
Vietnam,VNM,2020,"Maternal mortality ratio (modeled estimate, per 100,000 live births)",SH.STA.MMRT,124
Vietnam,VNM,2019,"Maternal mortality ratio (modeled estimate, per 100,000 live births)",SH.STA.MMRT,134
Vietnam,VNM,2018,"Maternal mortality ratio (modeled estimate, per 100,000 live births)",SH.STA.MMRT,130
Vietnam,VNM,2017,"Maternal mortality ratio (modeled estimate, per 100,000 live births)",SH.STA.MMRT,124
Vietnam,VNM,2016,"Maternal mortality ratio (modeled estimate, per 100,000 live births)",SH.STA.MMRT,116
Vietnam,VNM,2015,"Maternal mortality ratio (modeled estimate, per 100,000 live births)",SH.STA.MMRT,109
Vietnam,VNM,2014,"Maternal mortality ratio (modeled estimate, per 100,000 live births)",SH.STA.MMRT,103
Vietnam,VNM,2013,"Maternal mortality ratio (modeled estimate, per 100,000 live births)",SH.STA.MMRT,98
Vietnam,VNM,2012,"Maternal mortality ratio (modeled estimate, per 100,000 live births)",SH.STA.MMRT,94
Vietnam,VNM,2011,"Maternal mortality ratio (modeled estimate, per 100,000 live births)",SH.STA.MMRT,90
Vietnam,VNM,2010,"Maternal mortality ratio (modeled estimate, per 100,000 live births)",SH.STA.MMRT,88
Vietnam,VNM,2009,"Maternal mortality ratio (modeled estimate, per 100,000 live births)",SH.STA.MMRT,84
Vietnam,VNM,2008,"Maternal mortality ratio (modeled estimate, per 100,000 live births)",SH.STA.MMRT,81
Vietnam,VNM,2007,"Maternal mortality ratio (modeled estimate, per 100,000 live births)",SH.STA.MMRT,80
Vietnam,VNM,2006,"Maternal mortality ratio (modeled estimate, per 100,000 live births)",SH.STA.MMRT,80
Vietnam,VNM,2005,"Maternal mortality ratio (modeled estimate, per 100,000 live births)",SH.STA.MMRT,78
Vietnam,VNM,2004,"Maternal mortality ratio (modeled estimate, per 100,000 live births)",SH.STA.MMRT,78
Vietnam,VNM,2003,"Maternal mortality ratio (modeled estimate, per 100,000 live births)",SH.STA.MMRT,80
Vietnam,VNM,2002,"Maternal mortality ratio (modeled estimate, per 100,000 live births)",SH.STA.MMRT,82
Vietnam,VNM,2001,"Maternal mortality ratio (modeled estimate, per 100,000 live births)",SH.STA.MMRT,84
Vietnam,VNM,2000,"Maternal mortality ratio (modeled estimate, per 100,000 live births)",SH.STA.MMRT,97
Vietnam,VNM,2010,"Maternal mortality ratio (national estimate, per 100,000 live births)",SH.STA.MMRT.NE,42
Vietnam,VNM,2008,"Maternal mortality ratio (national estimate, per 100,000 live births)",SH.STA.MMRT.NE,58
Vietnam,VNM,2012,"Child employment in agriculture, female (% of female economically active children ages 7-14)",SL.AGR.0714.FE.ZS,72.73
Vietnam,VNM,2012,"Child employment in agriculture, male (% of male economically active children ages 7-14)",SL.AGR.0714.MA.ZS,80.66
Vietnam,VNM,2021,"Employment in agriculture, female (% of female employment) (modeled ILO estimate)",SL.AGR.EMPL.FE.ZS,28.7625
Vietnam,VNM,2020,"Employment in agriculture, female (% of female employment) (modeled ILO estimate)",SL.AGR.EMPL.FE.ZS,33.82637
Vietnam,VNM,2019,"Employment in agriculture, female (% of female employment) (modeled ILO estimate)",SL.AGR.EMPL.FE.ZS,36.27661
Vietnam,VNM,2018,"Employment in agriculture, female (% of female employment) (modeled ILO estimate)",SL.AGR.EMPL.FE.ZS,38.7885
Vietnam,VNM,2017,"Employment in agriculture, female (% of female employment) (modeled ILO estimate)",SL.AGR.EMPL.FE.ZS,41.50597
Vietnam,VNM,2016,"Employment in agriculture, female (% of female employment) (modeled ILO estimate)",SL.AGR.EMPL.FE.ZS,43.51744
Vietnam,VNM,2015,"Employment in agriculture, female (% of female employment) (modeled ILO estimate)",SL.AGR.EMPL.FE.ZS,45.48109
Vietnam,VNM,2014,"Employment in agriculture, female (% of female employment) (modeled ILO estimate)",SL.AGR.EMPL.FE.ZS,48.15696
Vietnam,VNM,2013,"Employment in agriculture, female (% of female employment) (modeled ILO estimate)",SL.AGR.EMPL.FE.ZS,48.81378
Vietnam,VNM,2012,"Employment in agriculture, female (% of female employment) (modeled ILO estimate)",SL.AGR.EMPL.FE.ZS,49.53889
Vietnam,VNM,2011,"Employment in agriculture, female (% of female employment) (modeled ILO estimate)",SL.AGR.EMPL.FE.ZS,50.97331
Vietnam,VNM,2010,"Employment in agriculture, female (% of female employment) (modeled ILO estimate)",SL.AGR.EMPL.FE.ZS,51.21392
Vietnam,VNM,2009,"Employment in agriculture, female (% of female employment) (modeled ILO estimate)",SL.AGR.EMPL.FE.ZS,50.04129
Vietnam,VNM,2008,"Employment in agriculture, female (% of female employment) (modeled ILO estimate)",SL.AGR.EMPL.FE.ZS,50.9108
Vietnam,VNM,2007,"Employment in agriculture, female (% of female employment) (modeled ILO estimate)",SL.AGR.EMPL.FE.ZS,51.50618
Vietnam,VNM,2006,"Employment in agriculture, female (% of female employment) (modeled ILO estimate)",SL.AGR.EMPL.FE.ZS,53.81753
Vietnam,VNM,2005,"Employment in agriculture, female (% of female employment) (modeled ILO estimate)",SL.AGR.EMPL.FE.ZS,56.97385
Vietnam,VNM,2004,"Employment in agriculture, female (% of female employment) (modeled ILO estimate)",SL.AGR.EMPL.FE.ZS,60.0158
Vietnam,VNM,2003,"Employment in agriculture, female (% of female employment) (modeled ILO estimate)",SL.AGR.EMPL.FE.ZS,61.73977
Vietnam,VNM,2002,"Employment in agriculture, female (% of female employment) (modeled ILO estimate)",SL.AGR.EMPL.FE.ZS,63.18464
Vietnam,VNM,2001,"Employment in agriculture, female (% of female employment) (modeled ILO estimate)",SL.AGR.EMPL.FE.ZS,65.01836
Vietnam,VNM,2000,"Employment in agriculture, female (% of female employment) (modeled ILO estimate)",SL.AGR.EMPL.FE.ZS,66.331
Vietnam,VNM,1999,"Employment in agriculture, female (% of female employment) (modeled ILO estimate)",SL.AGR.EMPL.FE.ZS,65.5034
Vietnam,VNM,1998,"Employment in agriculture, female (% of female employment) (modeled ILO estimate)",SL.AGR.EMPL.FE.ZS,65.63945
Vietnam,VNM,1997,"Employment in agriculture, female (% of female employment) (modeled ILO estimate)",SL.AGR.EMPL.FE.ZS,66.06761
Vietnam,VNM,1996,"Employment in agriculture, female (% of female employment) (modeled ILO estimate)",SL.AGR.EMPL.FE.ZS,70.47091
Vietnam,VNM,1995,"Employment in agriculture, female (% of female employment) (modeled ILO estimate)",SL.AGR.EMPL.FE.ZS,71.57105
Vietnam,VNM,1994,"Employment in agriculture, female (% of female employment) (modeled ILO estimate)",SL.AGR.EMPL.FE.ZS,72.7031
Vietnam,VNM,1993,"Employment in agriculture, female (% of female employment) (modeled ILO estimate)",SL.AGR.EMPL.FE.ZS,73.85206
Vietnam,VNM,1992,"Employment in agriculture, female (% of female employment) (modeled ILO estimate)",SL.AGR.EMPL.FE.ZS,74.90773
Vietnam,VNM,1991,"Employment in agriculture, female (% of female employment) (modeled ILO estimate)",SL.AGR.EMPL.FE.ZS,75.91166
Vietnam,VNM,2021,"Employment in agriculture, male (% of male employment) (modeled ILO estimate)",SL.AGR.EMPL.MA.ZS,29.30758
Vietnam,VNM,2020,"Employment in agriculture, male (% of male employment) (modeled ILO estimate)",SL.AGR.EMPL.MA.ZS,31.50951
Vietnam,VNM,2019,"Employment in agriculture, male (% of male employment) (modeled ILO estimate)",SL.AGR.EMPL.MA.ZS,33.77768
Vietnam,VNM,2018,"Employment in agriculture, male (% of male employment) (modeled ILO estimate)",SL.AGR.EMPL.MA.ZS,36.73696
Vietnam,VNM,2017,"Employment in agriculture, male (% of male employment) (modeled ILO estimate)",SL.AGR.EMPL.MA.ZS,38.88448
Vietnam,VNM,2016,"Employment in agriculture, male (% of male employment) (modeled ILO estimate)",SL.AGR.EMPL.MA.ZS,40.3067
Vietnam,VNM,2015,"Employment in agriculture, male (% of male employment) (modeled ILO estimate)",SL.AGR.EMPL.MA.ZS,42.64207
Vietnam,VNM,2014,"Employment in agriculture, male (% of male employment) (modeled ILO estimate)",SL.AGR.EMPL.MA.ZS,44.60554
Vietnam,VNM,2013,"Employment in agriculture, male (% of male employment) (modeled ILO estimate)",SL.AGR.EMPL.MA.ZS,44.9127
Vietnam,VNM,2012,"Employment in agriculture, male (% of male employment) (modeled ILO estimate)",SL.AGR.EMPL.MA.ZS,45.3118
Vietnam,VNM,2011,"Employment in agriculture, male (% of male employment) (modeled ILO estimate)",SL.AGR.EMPL.MA.ZS,45.81629
Vietnam,VNM,2010,"Employment in agriculture, male (% of male employment) (modeled ILO estimate)",SL.AGR.EMPL.MA.ZS,46.34895
Vietnam,VNM,2009,"Employment in agriculture, male (% of male employment) (modeled ILO estimate)",SL.AGR.EMPL.MA.ZS,45.18945
Vietnam,VNM,2008,"Employment in agriculture, male (% of male employment) (modeled ILO estimate)",SL.AGR.EMPL.MA.ZS,46.2524
Vietnam,VNM,2007,"Employment in agriculture, male (% of male employment) (modeled ILO estimate)",SL.AGR.EMPL.MA.ZS,47.1465
Vietnam,VNM,2006,"Employment in agriculture, male (% of male employment) (modeled ILO estimate)",SL.AGR.EMPL.MA.ZS,49.6073
Vietnam,VNM,2005,"Employment in agriculture, male (% of male employment) (modeled ILO estimate)",SL.AGR.EMPL.MA.ZS,52.75418
Vietnam,VNM,2004,"Employment in agriculture, male (% of male employment) (modeled ILO estimate)",SL.AGR.EMPL.MA.ZS,55.86361
Vietnam,VNM,2003,"Employment in agriculture, male (% of male employment) (modeled ILO estimate)",SL.AGR.EMPL.MA.ZS,57.67917
Vietnam,VNM,2002,"Employment in agriculture, male (% of male employment) (modeled ILO estimate)",SL.AGR.EMPL.MA.ZS,60.92902
Vietnam,VNM,2001,"Employment in agriculture, male (% of male employment) (modeled ILO estimate)",SL.AGR.EMPL.MA.ZS,62.99971
Vietnam,VNM,2000,"Employment in agriculture, male (% of male employment) (modeled ILO estimate)",SL.AGR.EMPL.MA.ZS,64.1972
Vietnam,VNM,1999,"Employment in agriculture, male (% of male employment) (modeled ILO estimate)",SL.AGR.EMPL.MA.ZS,64.45014
Vietnam,VNM,1998,"Employment in agriculture, male (% of male employment) (modeled ILO estimate)",SL.AGR.EMPL.MA.ZS,63.88635
Vietnam,VNM,1997,"Employment in agriculture, male (% of male employment) (modeled ILO estimate)",SL.AGR.EMPL.MA.ZS,64.49803
Vietnam,VNM,1996,"Employment in agriculture, male (% of male employment) (modeled ILO estimate)",SL.AGR.EMPL.MA.ZS,69.48981
Vietnam,VNM,1995,"Employment in agriculture, male (% of male employment) (modeled ILO estimate)",SL.AGR.EMPL.MA.ZS,70.51948
Vietnam,VNM,1994,"Employment in agriculture, male (% of male employment) (modeled ILO estimate)",SL.AGR.EMPL.MA.ZS,71.50826
Vietnam,VNM,1993,"Employment in agriculture, male (% of male employment) (modeled ILO estimate)",SL.AGR.EMPL.MA.ZS,72.47573
Vietnam,VNM,1992,"Employment in agriculture, male (% of male employment) (modeled ILO estimate)",SL.AGR.EMPL.MA.ZS,73.33089
Vietnam,VNM,1991,"Employment in agriculture, male (% of male employment) (modeled ILO estimate)",SL.AGR.EMPL.MA.ZS,74.14567
Vietnam,VNM,2022,"Employment to population ratio, ages 15-24, female (%) (modeled ILO estimate)",SL.EMP.1524.SP.FE.ZS,39.164
Vietnam,VNM,2021,"Employment to population ratio, ages 15-24, female (%) (modeled ILO estimate)",SL.EMP.1524.SP.FE.ZS,40.276
Vietnam,VNM,2020,"Employment to population ratio, ages 15-24, female (%) (modeled ILO estimate)",SL.EMP.1524.SP.FE.ZS,46.113
Vietnam,VNM,2019,"Employment to population ratio, ages 15-24, female (%) (modeled ILO estimate)",SL.EMP.1524.SP.FE.ZS,51.276
Vietnam,VNM,2018,"Employment to population ratio, ages 15-24, female (%) (modeled ILO estimate)",SL.EMP.1524.SP.FE.ZS,48.971
Vietnam,VNM,2017,"Employment to population ratio, ages 15-24, female (%) (modeled ILO estimate)",SL.EMP.1524.SP.FE.ZS,49.17
Vietnam,VNM,2016,"Employment to population ratio, ages 15-24, female (%) (modeled ILO estimate)",SL.EMP.1524.SP.FE.ZS,49.608
Vietnam,VNM,2015,"Employment to population ratio, ages 15-24, female (%) (modeled ILO estimate)",SL.EMP.1524.SP.FE.ZS,51.585
Vietnam,VNM,2014,"Employment to population ratio, ages 15-24, female (%) (modeled ILO estimate)",SL.EMP.1524.SP.FE.ZS,51.701
Vietnam,VNM,2013,"Employment to population ratio, ages 15-24, female (%) (modeled ILO estimate)",SL.EMP.1524.SP.FE.ZS,51.481
Vietnam,VNM,2012,"Employment to population ratio, ages 15-24, female (%) (modeled ILO estimate)",SL.EMP.1524.SP.FE.ZS,49.635
Vietnam,VNM,2011,"Employment to population ratio, ages 15-24, female (%) (modeled ILO estimate)",SL.EMP.1524.SP.FE.ZS,50.855
Vietnam,VNM,2010,"Employment to population ratio, ages 15-24, female (%) (modeled ILO estimate)",SL.EMP.1524.SP.FE.ZS,53.691
Vietnam,VNM,2009,"Employment to population ratio, ages 15-24, female (%) (modeled ILO estimate)",SL.EMP.1524.SP.FE.ZS,55.091
Vietnam,VNM,2008,"Employment to population ratio, ages 15-24, female (%) (modeled ILO estimate)",SL.EMP.1524.SP.FE.ZS,53.472
Vietnam,VNM,2007,"Employment to population ratio, ages 15-24, female (%) (modeled ILO estimate)",SL.EMP.1524.SP.FE.ZS,51.931
Vietnam,VNM,2006,"Employment to population ratio, ages 15-24, female (%) (modeled ILO estimate)",SL.EMP.1524.SP.FE.ZS,52.25
Vietnam,VNM,2005,"Employment to population ratio, ages 15-24, female (%) (modeled ILO estimate)",SL.EMP.1524.SP.FE.ZS,52.597
Vietnam,VNM,2004,"Employment to population ratio, ages 15-24, female (%) (modeled ILO estimate)",SL.EMP.1524.SP.FE.ZS,52.914
Vietnam,VNM,2003,"Employment to population ratio, ages 15-24, female (%) (modeled ILO estimate)",SL.EMP.1524.SP.FE.ZS,54.219
Vietnam,VNM,2002,"Employment to population ratio, ages 15-24, female (%) (modeled ILO estimate)",SL.EMP.1524.SP.FE.ZS,56.718
Vietnam,VNM,2001,"Employment to population ratio, ages 15-24, female (%) (modeled ILO estimate)",SL.EMP.1524.SP.FE.ZS,58.095
Vietnam,VNM,2000,"Employment to population ratio, ages 15-24, female (%) (modeled ILO estimate)",SL.EMP.1524.SP.FE.ZS,54.624
Vietnam,VNM,1999,"Employment to population ratio, ages 15-24, female (%) (modeled ILO estimate)",SL.EMP.1524.SP.FE.ZS,58.964
Vietnam,VNM,1998,"Employment to population ratio, ages 15-24, female (%) (modeled ILO estimate)",SL.EMP.1524.SP.FE.ZS,61.448
Vietnam,VNM,1997,"Employment to population ratio, ages 15-24, female (%) (modeled ILO estimate)",SL.EMP.1524.SP.FE.ZS,63.472
Vietnam,VNM,1996,"Employment to population ratio, ages 15-24, female (%) (modeled ILO estimate)",SL.EMP.1524.SP.FE.ZS,68.504
Vietnam,VNM,1995,"Employment to population ratio, ages 15-24, female (%) (modeled ILO estimate)",SL.EMP.1524.SP.FE.ZS,69.599
Vietnam,VNM,1994,"Employment to population ratio, ages 15-24, female (%) (modeled ILO estimate)",SL.EMP.1524.SP.FE.ZS,70.644
Vietnam,VNM,1993,"Employment to population ratio, ages 15-24, female (%) (modeled ILO estimate)",SL.EMP.1524.SP.FE.ZS,71.562
Vietnam,VNM,1992,"Employment to population ratio, ages 15-24, female (%) (modeled ILO estimate)",SL.EMP.1524.SP.FE.ZS,72.434
Vietnam,VNM,1991,"Employment to population ratio, ages 15-24, female (%) (modeled ILO estimate)",SL.EMP.1524.SP.FE.ZS,73.165
Vietnam,VNM,2022,"Employment to population ratio, ages 15-24, male (%) (modeled ILO estimate)",SL.EMP.1524.SP.MA.ZS,42.974
Vietnam,VNM,2021,"Employment to population ratio, ages 15-24, male (%) (modeled ILO estimate)",SL.EMP.1524.SP.MA.ZS,44.76
Vietnam,VNM,2020,"Employment to population ratio, ages 15-24, male (%) (modeled ILO estimate)",SL.EMP.1524.SP.MA.ZS,52.621
Vietnam,VNM,2019,"Employment to population ratio, ages 15-24, male (%) (modeled ILO estimate)",SL.EMP.1524.SP.MA.ZS,56.981
Vietnam,VNM,2018,"Employment to population ratio, ages 15-24, male (%) (modeled ILO estimate)",SL.EMP.1524.SP.MA.ZS,56.246
Vietnam,VNM,2017,"Employment to population ratio, ages 15-24, male (%) (modeled ILO estimate)",SL.EMP.1524.SP.MA.ZS,55.731
Vietnam,VNM,2016,"Employment to population ratio, ages 15-24, male (%) (modeled ILO estimate)",SL.EMP.1524.SP.MA.ZS,55.828
Vietnam,VNM,2015,"Employment to population ratio, ages 15-24, male (%) (modeled ILO estimate)",SL.EMP.1524.SP.MA.ZS,58.651
Vietnam,VNM,2014,"Employment to population ratio, ages 15-24, male (%) (modeled ILO estimate)",SL.EMP.1524.SP.MA.ZS,57.903
Vietnam,VNM,2013,"Employment to population ratio, ages 15-24, male (%) (modeled ILO estimate)",SL.EMP.1524.SP.MA.ZS,58.156
Vietnam,VNM,2012,"Employment to population ratio, ages 15-24, male (%) (modeled ILO estimate)",SL.EMP.1524.SP.MA.ZS,56.31
Vietnam,VNM,2011,"Employment to population ratio, ages 15-24, male (%) (modeled ILO estimate)",SL.EMP.1524.SP.MA.ZS,58.096
Vietnam,VNM,2010,"Employment to population ratio, ages 15-24, male (%) (modeled ILO estimate)",SL.EMP.1524.SP.MA.ZS,58.509
Vietnam,VNM,2009,"Employment to population ratio, ages 15-24, male (%) (modeled ILO estimate)",SL.EMP.1524.SP.MA.ZS,58.535
Vietnam,VNM,2008,"Employment to population ratio, ages 15-24, male (%) (modeled ILO estimate)",SL.EMP.1524.SP.MA.ZS,55.817
Vietnam,VNM,2007,"Employment to population ratio, ages 15-24, male (%) (modeled ILO estimate)",SL.EMP.1524.SP.MA.ZS,53.214
Vietnam,VNM,2006,"Employment to population ratio, ages 15-24, male (%) (modeled ILO estimate)",SL.EMP.1524.SP.MA.ZS,53.543
Vietnam,VNM,2005,"Employment to population ratio, ages 15-24, male (%) (modeled ILO estimate)",SL.EMP.1524.SP.MA.ZS,53.906
Vietnam,VNM,2004,"Employment to population ratio, ages 15-24, male (%) (modeled ILO estimate)",SL.EMP.1524.SP.MA.ZS,54.227
Vietnam,VNM,2003,"Employment to population ratio, ages 15-24, male (%) (modeled ILO estimate)",SL.EMP.1524.SP.MA.ZS,54.372
Vietnam,VNM,2002,"Employment to population ratio, ages 15-24, male (%) (modeled ILO estimate)",SL.EMP.1524.SP.MA.ZS,55.49
Vietnam,VNM,2001,"Employment to population ratio, ages 15-24, male (%) (modeled ILO estimate)",SL.EMP.1524.SP.MA.ZS,56.604
Vietnam,VNM,2000,"Employment to population ratio, ages 15-24, male (%) (modeled ILO estimate)",SL.EMP.1524.SP.MA.ZS,52.291
Vietnam,VNM,1999,"Employment to population ratio, ages 15-24, male (%) (modeled ILO estimate)",SL.EMP.1524.SP.MA.ZS,55.7
Vietnam,VNM,1998,"Employment to population ratio, ages 15-24, male (%) (modeled ILO estimate)",SL.EMP.1524.SP.MA.ZS,58.969
Vietnam,VNM,1997,"Employment to population ratio, ages 15-24, male (%) (modeled ILO estimate)",SL.EMP.1524.SP.MA.ZS,60.884
Vietnam,VNM,1996,"Employment to population ratio, ages 15-24, male (%) (modeled ILO estimate)",SL.EMP.1524.SP.MA.ZS,64.999
Vietnam,VNM,1995,"Employment to population ratio, ages 15-24, male (%) (modeled ILO estimate)",SL.EMP.1524.SP.MA.ZS,65.676
Vietnam,VNM,1994,"Employment to population ratio, ages 15-24, male (%) (modeled ILO estimate)",SL.EMP.1524.SP.MA.ZS,66.251
Vietnam,VNM,1993,"Employment to population ratio, ages 15-24, male (%) (modeled ILO estimate)",SL.EMP.1524.SP.MA.ZS,66.731
Vietnam,VNM,1992,"Employment to population ratio, ages 15-24, male (%) (modeled ILO estimate)",SL.EMP.1524.SP.MA.ZS,67.25
Vietnam,VNM,1991,"Employment to population ratio, ages 15-24, male (%) (modeled ILO estimate)",SL.EMP.1524.SP.MA.ZS,67.482
Vietnam,VNM,2021,"Employers, female (% of female employment) (modeled ILO estimate)",SL.EMP.MPYR.FE.ZS,1.079526
Vietnam,VNM,2020,"Employers, female (% of female employment) (modeled ILO estimate)",SL.EMP.MPYR.FE.ZS,1.103536
Vietnam,VNM,2019,"Employers, female (% of female employment) (modeled ILO estimate)",SL.EMP.MPYR.FE.ZS,1.215847
Vietnam,VNM,2018,"Employers, female (% of female employment) (modeled ILO estimate)",SL.EMP.MPYR.FE.ZS,1.186293
Vietnam,VNM,2017,"Employers, female (% of female employment) (modeled ILO estimate)",SL.EMP.MPYR.FE.ZS,1.11819
Vietnam,VNM,2016,"Employers, female (% of female employment) (modeled ILO estimate)",SL.EMP.MPYR.FE.ZS,1.837777
Vietnam,VNM,2015,"Employers, female (% of female employment) (modeled ILO estimate)",SL.EMP.MPYR.FE.ZS,1.87116
Vietnam,VNM,2014,"Employers, female (% of female employment) (modeled ILO estimate)",SL.EMP.MPYR.FE.ZS,1.210491
Vietnam,VNM,2013,"Employers, female (% of female employment) (modeled ILO estimate)",SL.EMP.MPYR.FE.ZS,1.50397
Vietnam,VNM,2012,"Employers, female (% of female employment) (modeled ILO estimate)",SL.EMP.MPYR.FE.ZS,1.673372
Vietnam,VNM,2011,"Employers, female (% of female employment) (modeled ILO estimate)",SL.EMP.MPYR.FE.ZS,1.836404
Vietnam,VNM,2010,"Employers, female (% of female employment) (modeled ILO estimate)",SL.EMP.MPYR.FE.ZS,2.218399
Vietnam,VNM,2009,"Employers, female (% of female employment) (modeled ILO estimate)",SL.EMP.MPYR.FE.ZS,3.187963
Vietnam,VNM,2008,"Employers, female (% of female employment) (modeled ILO estimate)",SL.EMP.MPYR.FE.ZS,2.05401
Vietnam,VNM,2007,"Employers, female (% of female employment) (modeled ILO estimate)",SL.EMP.MPYR.FE.ZS,1.299677
Vietnam,VNM,2006,"Employers, female (% of female employment) (modeled ILO estimate)",SL.EMP.MPYR.FE.ZS,0.8066317
Vietnam,VNM,2005,"Employers, female (% of female employment) (modeled ILO estimate)",SL.EMP.MPYR.FE.ZS,0.4940716
Vietnam,VNM,2004,"Employers, female (% of female employment) (modeled ILO estimate)",SL.EMP.MPYR.FE.ZS,0.3008972
Vietnam,VNM,2003,"Employers, female (% of female employment) (modeled ILO estimate)",SL.EMP.MPYR.FE.ZS,0.2349606
Vietnam,VNM,2002,"Employers, female (% of female employment) (modeled ILO estimate)",SL.EMP.MPYR.FE.ZS,0.2726839
Vietnam,VNM,2001,"Employers, female (% of female employment) (modeled ILO estimate)",SL.EMP.MPYR.FE.ZS,0.2998761
Vietnam,VNM,2000,"Employers, female (% of female employment) (modeled ILO estimate)",SL.EMP.MPYR.FE.ZS,0.14943
Vietnam,VNM,1999,"Employers, female (% of female employment) (modeled ILO estimate)",SL.EMP.MPYR.FE.ZS,0.0750942
Vietnam,VNM,1998,"Employers, female (% of female employment) (modeled ILO estimate)",SL.EMP.MPYR.FE.ZS,0.0163611
Vietnam,VNM,1997,"Employers, female (% of female employment) (modeled ILO estimate)",SL.EMP.MPYR.FE.ZS,0.1032844
Vietnam,VNM,1996,"Employers, female (% of female employment) (modeled ILO estimate)",SL.EMP.MPYR.FE.ZS,0.3794194
Vietnam,VNM,1995,"Employers, female (% of female employment) (modeled ILO estimate)",SL.EMP.MPYR.FE.ZS,0.3782748
Vietnam,VNM,1994,"Employers, female (% of female employment) (modeled ILO estimate)",SL.EMP.MPYR.FE.ZS,0.4203633
Vietnam,VNM,1993,"Employers, female (% of female employment) (modeled ILO estimate)",SL.EMP.MPYR.FE.ZS,0.474059
Vietnam,VNM,1992,"Employers, female (% of female employment) (modeled ILO estimate)",SL.EMP.MPYR.FE.ZS,0.4865243
Vietnam,VNM,1991,"Employers, female (% of female employment) (modeled ILO estimate)",SL.EMP.MPYR.FE.ZS,0.4951656
Vietnam,VNM,2021,"Employers, male (% of male employment) (modeled ILO estimate)",SL.EMP.MPYR.MA.ZS,2.798801
Vietnam,VNM,2020,"Employers, male (% of male employment) (modeled ILO estimate)",SL.EMP.MPYR.MA.ZS,2.778501
Vietnam,VNM,2019,"Employers, male (% of male employment) (modeled ILO estimate)",SL.EMP.MPYR.MA.ZS,2.943159
Vietnam,VNM,2018,"Employers, male (% of male employment) (modeled ILO estimate)",SL.EMP.MPYR.MA.ZS,3.005072
Vietnam,VNM,2017,"Employers, male (% of male employment) (modeled ILO estimate)",SL.EMP.MPYR.MA.ZS,2.874343
Vietnam,VNM,2016,"Employers, male (% of male employment) (modeled ILO estimate)",SL.EMP.MPYR.MA.ZS,3.748016
Vietnam,VNM,2015,"Employers, male (% of male employment) (modeled ILO estimate)",SL.EMP.MPYR.MA.ZS,3.84522
Vietnam,VNM,2014,"Employers, male (% of male employment) (modeled ILO estimate)",SL.EMP.MPYR.MA.ZS,2.904624
Vietnam,VNM,2013,"Employers, male (% of male employment) (modeled ILO estimate)",SL.EMP.MPYR.MA.ZS,3.403576
Vietnam,VNM,2012,"Employers, male (% of male employment) (modeled ILO estimate)",SL.EMP.MPYR.MA.ZS,3.640679
Vietnam,VNM,2011,"Employers, male (% of male employment) (modeled ILO estimate)",SL.EMP.MPYR.MA.ZS,3.860339
Vietnam,VNM,2010,"Employers, male (% of male employment) (modeled ILO estimate)",SL.EMP.MPYR.MA.ZS,4.557284
Vietnam,VNM,2009,"Employers, male (% of male employment) (modeled ILO estimate)",SL.EMP.MPYR.MA.ZS,6.266035
Vietnam,VNM,2008,"Employers, male (% of male employment) (modeled ILO estimate)",SL.EMP.MPYR.MA.ZS,4.134138
Vietnam,VNM,2007,"Employers, male (% of male employment) (modeled ILO estimate)",SL.EMP.MPYR.MA.ZS,2.683666
Vietnam,VNM,2006,"Employers, male (% of male employment) (modeled ILO estimate)",SL.EMP.MPYR.MA.ZS,1.723309
Vietnam,VNM,2005,"Employers, male (% of male employment) (modeled ILO estimate)",SL.EMP.MPYR.MA.ZS,1.09867
Vietnam,VNM,2004,"Employers, male (% of male employment) (modeled ILO estimate)",SL.EMP.MPYR.MA.ZS,0.7028232
Vietnam,VNM,2003,"Employers, male (% of male employment) (modeled ILO estimate)",SL.EMP.MPYR.MA.ZS,0.4543689
Vietnam,VNM,2002,"Employers, male (% of male employment) (modeled ILO estimate)",SL.EMP.MPYR.MA.ZS,0.4993436
Vietnam,VNM,2001,"Employers, male (% of male employment) (modeled ILO estimate)",SL.EMP.MPYR.MA.ZS,0.313408
Vietnam,VNM,2000,"Employers, male (% of male employment) (modeled ILO estimate)",SL.EMP.MPYR.MA.ZS,0.2666648
Vietnam,VNM,1999,"Employers, male (% of male employment) (modeled ILO estimate)",SL.EMP.MPYR.MA.ZS,0.1628679
Vietnam,VNM,1998,"Employers, male (% of male employment) (modeled ILO estimate)",SL.EMP.MPYR.MA.ZS,0.0682143
Vietnam,VNM,1997,"Employers, male (% of male employment) (modeled ILO estimate)",SL.EMP.MPYR.MA.ZS,0.2134578
Vietnam,VNM,1996,"Employers, male (% of male employment) (modeled ILO estimate)",SL.EMP.MPYR.MA.ZS,1.052912
Vietnam,VNM,1995,"Employers, male (% of male employment) (modeled ILO estimate)",SL.EMP.MPYR.MA.ZS,1.063897
Vietnam,VNM,1994,"Employers, male (% of male employment) (modeled ILO estimate)",SL.EMP.MPYR.MA.ZS,1.197982
Vietnam,VNM,1993,"Employers, male (% of male employment) (modeled ILO estimate)",SL.EMP.MPYR.MA.ZS,1.318413
Vietnam,VNM,1992,"Employers, male (% of male employment) (modeled ILO estimate)",SL.EMP.MPYR.MA.ZS,1.383552
Vietnam,VNM,1991,"Employers, male (% of male employment) (modeled ILO estimate)",SL.EMP.MPYR.MA.ZS,1.417112
Vietnam,VNM,2021,"Self-employed, female (% of female employment) (modeled ILO estimate)",SL.EMP.SELF.FE.ZS,58.05135
Vietnam,VNM,2020,"Self-employed, female (% of female employment) (modeled ILO estimate)",SL.EMP.SELF.FE.ZS,59.36139
Vietnam,VNM,2019,"Self-employed, female (% of female employment) (modeled ILO estimate)",SL.EMP.SELF.FE.ZS,59.52061
Vietnam,VNM,2018,"Self-employed, female (% of female employment) (modeled ILO estimate)",SL.EMP.SELF.FE.ZS,60.65216
Vietnam,VNM,2017,"Self-employed, female (% of female employment) (modeled ILO estimate)",SL.EMP.SELF.FE.ZS,62.32142
Vietnam,VNM,2016,"Self-employed, female (% of female employment) (modeled ILO estimate)",SL.EMP.SELF.FE.ZS,64.25423
Vietnam,VNM,2015,"Self-employed, female (% of female employment) (modeled ILO estimate)",SL.EMP.SELF.FE.ZS,65.80742
Vietnam,VNM,2014,"Self-employed, female (% of female employment) (modeled ILO estimate)",SL.EMP.SELF.FE.ZS,69.43871
Vietnam,VNM,2013,"Self-employed, female (% of female employment) (modeled ILO estimate)",SL.EMP.SELF.FE.ZS,70.59834
Vietnam,VNM,2012,"Self-employed, female (% of female employment) (modeled ILO estimate)",SL.EMP.SELF.FE.ZS,70.87718
Vietnam,VNM,2011,"Self-employed, female (% of female employment) (modeled ILO estimate)",SL.EMP.SELF.FE.ZS,71.29621
Vietnam,VNM,2010,"Self-employed, female (% of female employment) (modeled ILO estimate)",SL.EMP.SELF.FE.ZS,71.99905
Vietnam,VNM,2009,"Self-employed, female (% of female employment) (modeled ILO estimate)",SL.EMP.SELF.FE.ZS,72.43334
Vietnam,VNM,2008,"Self-employed, female (% of female employment) (modeled ILO estimate)",SL.EMP.SELF.FE.ZS,73.21669
Vietnam,VNM,2007,"Self-employed, female (% of female employment) (modeled ILO estimate)",SL.EMP.SELF.FE.ZS,74.30027
Vietnam,VNM,2006,"Self-employed, female (% of female employment) (modeled ILO estimate)",SL.EMP.SELF.FE.ZS,75.70351
Vietnam,VNM,2005,"Self-employed, female (% of female employment) (modeled ILO estimate)",SL.EMP.SELF.FE.ZS,77.23845
Vietnam,VNM,2004,"Self-employed, female (% of female employment) (modeled ILO estimate)",SL.EMP.SELF.FE.ZS,78.91454
Vietnam,VNM,2003,"Self-employed, female (% of female employment) (modeled ILO estimate)",SL.EMP.SELF.FE.ZS,81.91895
Vietnam,VNM,2002,"Self-employed, female (% of female employment) (modeled ILO estimate)",SL.EMP.SELF.FE.ZS,82.84038
Vietnam,VNM,2001,"Self-employed, female (% of female employment) (modeled ILO estimate)",SL.EMP.SELF.FE.ZS,82.49197
Vietnam,VNM,2000,"Self-employed, female (% of female employment) (modeled ILO estimate)",SL.EMP.SELF.FE.ZS,84.53628
Vietnam,VNM,1999,"Self-employed, female (% of female employment) (modeled ILO estimate)",SL.EMP.SELF.FE.ZS,84.64123
Vietnam,VNM,1998,"Self-employed, female (% of female employment) (modeled ILO estimate)",SL.EMP.SELF.FE.ZS,82.29588
Vietnam,VNM,1997,"Self-employed, female (% of female employment) (modeled ILO estimate)",SL.EMP.SELF.FE.ZS,85.02219
Vietnam,VNM,1996,"Self-employed, female (% of female employment) (modeled ILO estimate)",SL.EMP.SELF.FE.ZS,86.52811
Vietnam,VNM,1995,"Self-employed, female (% of female employment) (modeled ILO estimate)",SL.EMP.SELF.FE.ZS,87.23493
Vietnam,VNM,1994,"Self-employed, female (% of female employment) (modeled ILO estimate)",SL.EMP.SELF.FE.ZS,87.5228
Vietnam,VNM,1993,"Self-employed, female (% of female employment) (modeled ILO estimate)",SL.EMP.SELF.FE.ZS,87.80644
Vietnam,VNM,1992,"Self-employed, female (% of female employment) (modeled ILO estimate)",SL.EMP.SELF.FE.ZS,87.89292
Vietnam,VNM,1991,"Self-employed, female (% of female employment) (modeled ILO estimate)",SL.EMP.SELF.FE.ZS,88.01695
Vietnam,VNM,2021,"Self-employed, male (% of male employment) (modeled ILO estimate)",SL.EMP.SELF.MA.ZS,49.65295
Vietnam,VNM,2020,"Self-employed, male (% of male employment) (modeled ILO estimate)",SL.EMP.SELF.MA.ZS,50.80644
Vietnam,VNM,2019,"Self-employed, male (% of male employment) (modeled ILO estimate)",SL.EMP.SELF.MA.ZS,50.67059
Vietnam,VNM,2018,"Self-employed, male (% of male employment) (modeled ILO estimate)",SL.EMP.SELF.MA.ZS,51.89931
Vietnam,VNM,2017,"Self-employed, male (% of male employment) (modeled ILO estimate)",SL.EMP.SELF.MA.ZS,52.40837
Vietnam,VNM,2016,"Self-employed, male (% of male employment) (modeled ILO estimate)",SL.EMP.SELF.MA.ZS,53.6995
Vietnam,VNM,2015,"Self-employed, male (% of male employment) (modeled ILO estimate)",SL.EMP.SELF.MA.ZS,55.93866
Vietnam,VNM,2014,"Self-employed, male (% of male employment) (modeled ILO estimate)",SL.EMP.SELF.MA.ZS,59.59541
Vietnam,VNM,2013,"Self-employed, male (% of male employment) (modeled ILO estimate)",SL.EMP.SELF.MA.ZS,60.08408
Vietnam,VNM,2012,"Self-employed, male (% of male employment) (modeled ILO estimate)",SL.EMP.SELF.MA.ZS,59.98799
Vietnam,VNM,2011,"Self-employed, male (% of male employment) (modeled ILO estimate)",SL.EMP.SELF.MA.ZS,59.84386
Vietnam,VNM,2010,"Self-employed, male (% of male employment) (modeled ILO estimate)",SL.EMP.SELF.MA.ZS,60.75452
Vietnam,VNM,2009,"Self-employed, male (% of male employment) (modeled ILO estimate)",SL.EMP.SELF.MA.ZS,60.72862
Vietnam,VNM,2008,"Self-employed, male (% of male employment) (modeled ILO estimate)",SL.EMP.SELF.MA.ZS,62.29709
Vietnam,VNM,2007,"Self-employed, male (% of male employment) (modeled ILO estimate)",SL.EMP.SELF.MA.ZS,64.1271
Vietnam,VNM,2006,"Self-employed, male (% of male employment) (modeled ILO estimate)",SL.EMP.SELF.MA.ZS,66.20879
Vietnam,VNM,2005,"Self-employed, male (% of male employment) (modeled ILO estimate)",SL.EMP.SELF.MA.ZS,68.2656
Vietnam,VNM,2004,"Self-employed, male (% of male employment) (modeled ILO estimate)",SL.EMP.SELF.MA.ZS,70.24858
Vietnam,VNM,2003,"Self-employed, male (% of male employment) (modeled ILO estimate)",SL.EMP.SELF.MA.ZS,73.95852
Vietnam,VNM,2002,"Self-employed, male (% of male employment) (modeled ILO estimate)",SL.EMP.SELF.MA.ZS,75.87856
Vietnam,VNM,2001,"Self-employed, male (% of male employment) (modeled ILO estimate)",SL.EMP.SELF.MA.ZS,75.21856
Vietnam,VNM,2000,"Self-employed, male (% of male employment) (modeled ILO estimate)",SL.EMP.SELF.MA.ZS,77.87408
Vietnam,VNM,1999,"Self-employed, male (% of male employment) (modeled ILO estimate)",SL.EMP.SELF.MA.ZS,78.55198
Vietnam,VNM,1998,"Self-employed, male (% of male employment) (modeled ILO estimate)",SL.EMP.SELF.MA.ZS,75.35294
Vietnam,VNM,1997,"Self-employed, male (% of male employment) (modeled ILO estimate)",SL.EMP.SELF.MA.ZS,77.94727
Vietnam,VNM,1996,"Self-employed, male (% of male employment) (modeled ILO estimate)",SL.EMP.SELF.MA.ZS,79.77026
Vietnam,VNM,1995,"Self-employed, male (% of male employment) (modeled ILO estimate)",SL.EMP.SELF.MA.ZS,80.45266
Vietnam,VNM,1994,"Self-employed, male (% of male employment) (modeled ILO estimate)",SL.EMP.SELF.MA.ZS,80.76643
Vietnam,VNM,1993,"Self-employed, male (% of male employment) (modeled ILO estimate)",SL.EMP.SELF.MA.ZS,81.1968
Vietnam,VNM,1992,"Self-employed, male (% of male employment) (modeled ILO estimate)",SL.EMP.SELF.MA.ZS,81.41187
Vietnam,VNM,1991,"Self-employed, male (% of male employment) (modeled ILO estimate)",SL.EMP.SELF.MA.ZS,81.56363
Vietnam,VNM,2022,"Employment to population ratio, 15+, female (%) (modeled ILO estimate)",SL.EMP.TOTL.SP.FE.ZS,67.951
Vietnam,VNM,2021,"Employment to population ratio, 15+, female (%) (modeled ILO estimate)",SL.EMP.TOTL.SP.FE.ZS,66.684
Vietnam,VNM,2020,"Employment to population ratio, 15+, female (%) (modeled ILO estimate)",SL.EMP.TOTL.SP.FE.ZS,66.252
Vietnam,VNM,2019,"Employment to population ratio, 15+, female (%) (modeled ILO estimate)",SL.EMP.TOTL.SP.FE.ZS,69.389
Vietnam,VNM,2018,"Employment to population ratio, 15+, female (%) (modeled ILO estimate)",SL.EMP.TOTL.SP.FE.ZS,69.752
Vietnam,VNM,2017,"Employment to population ratio, 15+, female (%) (modeled ILO estimate)",SL.EMP.TOTL.SP.FE.ZS,70.253
Vietnam,VNM,2016,"Employment to population ratio, 15+, female (%) (modeled ILO estimate)",SL.EMP.TOTL.SP.FE.ZS,70.734
Vietnam,VNM,2015,"Employment to population ratio, 15+, female (%) (modeled ILO estimate)",SL.EMP.TOTL.SP.FE.ZS,71.251
Vietnam,VNM,2014,"Employment to population ratio, 15+, female (%) (modeled ILO estimate)",SL.EMP.TOTL.SP.FE.ZS,71.883
Vietnam,VNM,2013,"Employment to population ratio, 15+, female (%) (modeled ILO estimate)",SL.EMP.TOTL.SP.FE.ZS,71.823
Vietnam,VNM,2012,"Employment to population ratio, 15+, female (%) (modeled ILO estimate)",SL.EMP.TOTL.SP.FE.ZS,71.098
Vietnam,VNM,2011,"Employment to population ratio, 15+, female (%) (modeled ILO estimate)",SL.EMP.TOTL.SP.FE.ZS,70.931
Vietnam,VNM,2010,"Employment to population ratio, 15+, female (%) (modeled ILO estimate)",SL.EMP.TOTL.SP.FE.ZS,70.809
Vietnam,VNM,2009,"Employment to population ratio, 15+, female (%) (modeled ILO estimate)",SL.EMP.TOTL.SP.FE.ZS,70.365
Vietnam,VNM,2008,"Employment to population ratio, 15+, female (%) (modeled ILO estimate)",SL.EMP.TOTL.SP.FE.ZS,69.73
Vietnam,VNM,2007,"Employment to population ratio, 15+, female (%) (modeled ILO estimate)",SL.EMP.TOTL.SP.FE.ZS,69.152
Vietnam,VNM,2006,"Employment to population ratio, 15+, female (%) (modeled ILO estimate)",SL.EMP.TOTL.SP.FE.ZS,68.085
Vietnam,VNM,2005,"Employment to population ratio, 15+, female (%) (modeled ILO estimate)",SL.EMP.TOTL.SP.FE.ZS,67.041
Vietnam,VNM,2004,"Employment to population ratio, 15+, female (%) (modeled ILO estimate)",SL.EMP.TOTL.SP.FE.ZS,65.959
Vietnam,VNM,2003,"Employment to population ratio, 15+, female (%) (modeled ILO estimate)",SL.EMP.TOTL.SP.FE.ZS,66.684
Vietnam,VNM,2002,"Employment to population ratio, 15+, female (%) (modeled ILO estimate)",SL.EMP.TOTL.SP.FE.ZS,67.429
Vietnam,VNM,2001,"Employment to population ratio, 15+, female (%) (modeled ILO estimate)",SL.EMP.TOTL.SP.FE.ZS,67.279
Vietnam,VNM,2000,"Employment to population ratio, 15+, female (%) (modeled ILO estimate)",SL.EMP.TOTL.SP.FE.ZS,67.326
Vietnam,VNM,1999,"Employment to population ratio, 15+, female (%) (modeled ILO estimate)",SL.EMP.TOTL.SP.FE.ZS,68.695
Vietnam,VNM,1998,"Employment to population ratio, 15+, female (%) (modeled ILO estimate)",SL.EMP.TOTL.SP.FE.ZS,68.741
Vietnam,VNM,1997,"Employment to population ratio, 15+, female (%) (modeled ILO estimate)",SL.EMP.TOTL.SP.FE.ZS,68.963
Vietnam,VNM,1996,"Employment to population ratio, 15+, female (%) (modeled ILO estimate)",SL.EMP.TOTL.SP.FE.ZS,71.324
Vietnam,VNM,1995,"Employment to population ratio, 15+, female (%) (modeled ILO estimate)",SL.EMP.TOTL.SP.FE.ZS,71.76
Vietnam,VNM,1994,"Employment to population ratio, 15+, female (%) (modeled ILO estimate)",SL.EMP.TOTL.SP.FE.ZS,72.172
Vietnam,VNM,1993,"Employment to population ratio, 15+, female (%) (modeled ILO estimate)",SL.EMP.TOTL.SP.FE.ZS,72.544
Vietnam,VNM,1992,"Employment to population ratio, 15+, female (%) (modeled ILO estimate)",SL.EMP.TOTL.SP.FE.ZS,72.935
Vietnam,VNM,1991,"Employment to population ratio, 15+, female (%) (modeled ILO estimate)",SL.EMP.TOTL.SP.FE.ZS,73.209
Vietnam,VNM,2022,"Employment to population ratio, 15+, male (%) (modeled ILO estimate)",SL.EMP.TOTL.SP.MA.ZS,76.327
Vietnam,VNM,2021,"Employment to population ratio, 15+, male (%) (modeled ILO estimate)",SL.EMP.TOTL.SP.MA.ZS,75.931
Vietnam,VNM,2020,"Employment to population ratio, 15+, male (%) (modeled ILO estimate)",SL.EMP.TOTL.SP.MA.ZS,77.58
Vietnam,VNM,2019,"Employment to population ratio, 15+, male (%) (modeled ILO estimate)",SL.EMP.TOTL.SP.MA.ZS,79.648
Vietnam,VNM,2018,"Employment to population ratio, 15+, male (%) (modeled ILO estimate)",SL.EMP.TOTL.SP.MA.ZS,80.034
Vietnam,VNM,2017,"Employment to population ratio, 15+, male (%) (modeled ILO estimate)",SL.EMP.TOTL.SP.MA.ZS,79.446
Vietnam,VNM,2016,"Employment to population ratio, 15+, male (%) (modeled ILO estimate)",SL.EMP.TOTL.SP.MA.ZS,79.837
Vietnam,VNM,2015,"Employment to population ratio, 15+, male (%) (modeled ILO estimate)",SL.EMP.TOTL.SP.MA.ZS,80.583
Vietnam,VNM,2014,"Employment to population ratio, 15+, male (%) (modeled ILO estimate)",SL.EMP.TOTL.SP.MA.ZS,80.525
Vietnam,VNM,2013,"Employment to population ratio, 15+, male (%) (modeled ILO estimate)",SL.EMP.TOTL.SP.MA.ZS,80.452
Vietnam,VNM,2012,"Employment to population ratio, 15+, male (%) (modeled ILO estimate)",SL.EMP.TOTL.SP.MA.ZS,79.99
Vietnam,VNM,2011,"Employment to population ratio, 15+, male (%) (modeled ILO estimate)",SL.EMP.TOTL.SP.MA.ZS,80.379
Vietnam,VNM,2010,"Employment to population ratio, 15+, male (%) (modeled ILO estimate)",SL.EMP.TOTL.SP.MA.ZS,80.132
Vietnam,VNM,2009,"Employment to population ratio, 15+, male (%) (modeled ILO estimate)",SL.EMP.TOTL.SP.MA.ZS,78.925
Vietnam,VNM,2008,"Employment to population ratio, 15+, male (%) (modeled ILO estimate)",SL.EMP.TOTL.SP.MA.ZS,77.829
Vietnam,VNM,2007,"Employment to population ratio, 15+, male (%) (modeled ILO estimate)",SL.EMP.TOTL.SP.MA.ZS,76.778
Vietnam,VNM,2006,"Employment to population ratio, 15+, male (%) (modeled ILO estimate)",SL.EMP.TOTL.SP.MA.ZS,75.899
Vietnam,VNM,2005,"Employment to population ratio, 15+, male (%) (modeled ILO estimate)",SL.EMP.TOTL.SP.MA.ZS,75.027
Vietnam,VNM,2004,"Employment to population ratio, 15+, male (%) (modeled ILO estimate)",SL.EMP.TOTL.SP.MA.ZS,74.095
Vietnam,VNM,2003,"Employment to population ratio, 15+, male (%) (modeled ILO estimate)",SL.EMP.TOTL.SP.MA.ZS,74.359
Vietnam,VNM,2002,"Employment to population ratio, 15+, male (%) (modeled ILO estimate)",SL.EMP.TOTL.SP.MA.ZS,74.777
Vietnam,VNM,2001,"Employment to population ratio, 15+, male (%) (modeled ILO estimate)",SL.EMP.TOTL.SP.MA.ZS,74.998
Vietnam,VNM,2000,"Employment to population ratio, 15+, male (%) (modeled ILO estimate)",SL.EMP.TOTL.SP.MA.ZS,74.294
Vietnam,VNM,1999,"Employment to population ratio, 15+, male (%) (modeled ILO estimate)",SL.EMP.TOTL.SP.MA.ZS,75.153
Vietnam,VNM,1998,"Employment to population ratio, 15+, male (%) (modeled ILO estimate)",SL.EMP.TOTL.SP.MA.ZS,75.58
Vietnam,VNM,1997,"Employment to population ratio, 15+, male (%) (modeled ILO estimate)",SL.EMP.TOTL.SP.MA.ZS,75.671
Vietnam,VNM,1996,"Employment to population ratio, 15+, male (%) (modeled ILO estimate)",SL.EMP.TOTL.SP.MA.ZS,77.639
Vietnam,VNM,1995,"Employment to population ratio, 15+, male (%) (modeled ILO estimate)",SL.EMP.TOTL.SP.MA.ZS,77.839
Vietnam,VNM,1994,"Employment to population ratio, 15+, male (%) (modeled ILO estimate)",SL.EMP.TOTL.SP.MA.ZS,77.976
Vietnam,VNM,1993,"Employment to population ratio, 15+, male (%) (modeled ILO estimate)",SL.EMP.TOTL.SP.MA.ZS,78.085
Vietnam,VNM,1992,"Employment to population ratio, 15+, male (%) (modeled ILO estimate)",SL.EMP.TOTL.SP.MA.ZS,78.26
Vietnam,VNM,1991,"Employment to population ratio, 15+, male (%) (modeled ILO estimate)",SL.EMP.TOTL.SP.MA.ZS,78.223
Vietnam,VNM,2021,"Vulnerable employment, female (% of female employment) (modeled ILO estimate)",SL.EMP.VULN.FE.ZS,56.97183
Vietnam,VNM,2020,"Vulnerable employment, female (% of female employment) (modeled ILO estimate)",SL.EMP.VULN.FE.ZS,58.25786
Vietnam,VNM,2019,"Vulnerable employment, female (% of female employment) (modeled ILO estimate)",SL.EMP.VULN.FE.ZS,58.30478
Vietnam,VNM,2018,"Vulnerable employment, female (% of female employment) (modeled ILO estimate)",SL.EMP.VULN.FE.ZS,59.46586
Vietnam,VNM,2017,"Vulnerable employment, female (% of female employment) (modeled ILO estimate)",SL.EMP.VULN.FE.ZS,61.20323
Vietnam,VNM,2016,"Vulnerable employment, female (% of female employment) (modeled ILO estimate)",SL.EMP.VULN.FE.ZS,62.41644
Vietnam,VNM,2015,"Vulnerable employment, female (% of female employment) (modeled ILO estimate)",SL.EMP.VULN.FE.ZS,63.93624
Vietnam,VNM,2014,"Vulnerable employment, female (% of female employment) (modeled ILO estimate)",SL.EMP.VULN.FE.ZS,68.22824
Vietnam,VNM,2013,"Vulnerable employment, female (% of female employment) (modeled ILO estimate)",SL.EMP.VULN.FE.ZS,69.09436
Vietnam,VNM,2012,"Vulnerable employment, female (% of female employment) (modeled ILO estimate)",SL.EMP.VULN.FE.ZS,69.20382
Vietnam,VNM,2011,"Vulnerable employment, female (% of female employment) (modeled ILO estimate)",SL.EMP.VULN.FE.ZS,69.45979
Vietnam,VNM,2010,"Vulnerable employment, female (% of female employment) (modeled ILO estimate)",SL.EMP.VULN.FE.ZS,69.78069
Vietnam,VNM,2009,"Vulnerable employment, female (% of female employment) (modeled ILO estimate)",SL.EMP.VULN.FE.ZS,69.24541
Vietnam,VNM,2008,"Vulnerable employment, female (% of female employment) (modeled ILO estimate)",SL.EMP.VULN.FE.ZS,71.1627
Vietnam,VNM,2007,"Vulnerable employment, female (% of female employment) (modeled ILO estimate)",SL.EMP.VULN.FE.ZS,73.0006
Vietnam,VNM,2006,"Vulnerable employment, female (% of female employment) (modeled ILO estimate)",SL.EMP.VULN.FE.ZS,74.89689
Vietnam,VNM,2005,"Vulnerable employment, female (% of female employment) (modeled ILO estimate)",SL.EMP.VULN.FE.ZS,76.74438
Vietnam,VNM,2004,"Vulnerable employment, female (% of female employment) (modeled ILO estimate)",SL.EMP.VULN.FE.ZS,78.61363
Vietnam,VNM,2003,"Vulnerable employment, female (% of female employment) (modeled ILO estimate)",SL.EMP.VULN.FE.ZS,81.68398
Vietnam,VNM,2002,"Vulnerable employment, female (% of female employment) (modeled ILO estimate)",SL.EMP.VULN.FE.ZS,82.56771
Vietnam,VNM,2001,"Vulnerable employment, female (% of female employment) (modeled ILO estimate)",SL.EMP.VULN.FE.ZS,82.19209
Vietnam,VNM,2000,"Vulnerable employment, female (% of female employment) (modeled ILO estimate)",SL.EMP.VULN.FE.ZS,84.38684
Vietnam,VNM,1999,"Vulnerable employment, female (% of female employment) (modeled ILO estimate)",SL.EMP.VULN.FE.ZS,84.56612
Vietnam,VNM,1998,"Vulnerable employment, female (% of female employment) (modeled ILO estimate)",SL.EMP.VULN.FE.ZS,82.27953
Vietnam,VNM,1997,"Vulnerable employment, female (% of female employment) (modeled ILO estimate)",SL.EMP.VULN.FE.ZS,84.91885
Vietnam,VNM,1996,"Vulnerable employment, female (% of female employment) (modeled ILO estimate)",SL.EMP.VULN.FE.ZS,86.1487
Vietnam,VNM,1995,"Vulnerable employment, female (% of female employment) (modeled ILO estimate)",SL.EMP.VULN.FE.ZS,86.85663
Vietnam,VNM,1994,"Vulnerable employment, female (% of female employment) (modeled ILO estimate)",SL.EMP.VULN.FE.ZS,87.10247
Vietnam,VNM,1993,"Vulnerable employment, female (% of female employment) (modeled ILO estimate)",SL.EMP.VULN.FE.ZS,87.33238
Vietnam,VNM,1992,"Vulnerable employment, female (% of female employment) (modeled ILO estimate)",SL.EMP.VULN.FE.ZS,87.40645
Vietnam,VNM,1991,"Vulnerable employment, female (% of female employment) (modeled ILO estimate)",SL.EMP.VULN.FE.ZS,87.52181
Vietnam,VNM,2021,"Vulnerable employment, male (% of male employment) (modeled ILO estimate)",SL.EMP.VULN.MA.ZS,46.85412
Vietnam,VNM,2020,"Vulnerable employment, male (% of male employment) (modeled ILO estimate)",SL.EMP.VULN.MA.ZS,48.027936
Vietnam,VNM,2019,"Vulnerable employment, male (% of male employment) (modeled ILO estimate)",SL.EMP.VULN.MA.ZS,47.727427
Vietnam,VNM,2018,"Vulnerable employment, male (% of male employment) (modeled ILO estimate)",SL.EMP.VULN.MA.ZS,48.894263
Vietnam,VNM,2017,"Vulnerable employment, male (% of male employment) (modeled ILO estimate)",SL.EMP.VULN.MA.ZS,49.53402
Vietnam,VNM,2016,"Vulnerable employment, male (% of male employment) (modeled ILO estimate)",SL.EMP.VULN.MA.ZS,49.95147
Vietnam,VNM,2015,"Vulnerable employment, male (% of male employment) (modeled ILO estimate)",SL.EMP.VULN.MA.ZS,52.09346
Vietnam,VNM,2014,"Vulnerable employment, male (% of male employment) (modeled ILO estimate)",SL.EMP.VULN.MA.ZS,56.69078
Vietnam,VNM,2013,"Vulnerable employment, male (% of male employment) (modeled ILO estimate)",SL.EMP.VULN.MA.ZS,56.68051
Vietnam,VNM,2012,"Vulnerable employment, male (% of male employment) (modeled ILO estimate)",SL.EMP.VULN.MA.ZS,56.3473
Vietnam,VNM,2011,"Vulnerable employment, male (% of male employment) (modeled ILO estimate)",SL.EMP.VULN.MA.ZS,55.9835
Vietnam,VNM,2010,"Vulnerable employment, male (% of male employment) (modeled ILO estimate)",SL.EMP.VULN.MA.ZS,56.19721
Vietnam,VNM,2009,"Vulnerable employment, male (% of male employment) (modeled ILO estimate)",SL.EMP.VULN.MA.ZS,54.46262
Vietnam,VNM,2008,"Vulnerable employment, male (% of male employment) (modeled ILO estimate)",SL.EMP.VULN.MA.ZS,58.16295
Vietnam,VNM,2007,"Vulnerable employment, male (% of male employment) (modeled ILO estimate)",SL.EMP.VULN.MA.ZS,61.44342
Vietnam,VNM,2006,"Vulnerable employment, male (% of male employment) (modeled ILO estimate)",SL.EMP.VULN.MA.ZS,64.48549
Vietnam,VNM,2005,"Vulnerable employment, male (% of male employment) (modeled ILO estimate)",SL.EMP.VULN.MA.ZS,67.16689
Vietnam,VNM,2004,"Vulnerable employment, male (% of male employment) (modeled ILO estimate)",SL.EMP.VULN.MA.ZS,69.54573
Vietnam,VNM,2003,"Vulnerable employment, male (% of male employment) (modeled ILO estimate)",SL.EMP.VULN.MA.ZS,73.50416
Vietnam,VNM,2002,"Vulnerable employment, male (% of male employment) (modeled ILO estimate)",SL.EMP.VULN.MA.ZS,75.37924
Vietnam,VNM,2001,"Vulnerable employment, male (% of male employment) (modeled ILO estimate)",SL.EMP.VULN.MA.ZS,74.90513
Vietnam,VNM,2000,"Vulnerable employment, male (% of male employment) (modeled ILO estimate)",SL.EMP.VULN.MA.ZS,77.60739
Vietnam,VNM,1999,"Vulnerable employment, male (% of male employment) (modeled ILO estimate)",SL.EMP.VULN.MA.ZS,78.3891
Vietnam,VNM,1998,"Vulnerable employment, male (% of male employment) (modeled ILO estimate)",SL.EMP.VULN.MA.ZS,75.28472
Vietnam,VNM,1997,"Vulnerable employment, male (% of male employment) (modeled ILO estimate)",SL.EMP.VULN.MA.ZS,77.7338
Vietnam,VNM,1996,"Vulnerable employment, male (% of male employment) (modeled ILO estimate)",SL.EMP.VULN.MA.ZS,78.71734
Vietnam,VNM,1995,"Vulnerable employment, male (% of male employment) (modeled ILO estimate)",SL.EMP.VULN.MA.ZS,79.38876
Vietnam,VNM,1994,"Vulnerable employment, male (% of male employment) (modeled ILO estimate)",SL.EMP.VULN.MA.ZS,79.56848
Vietnam,VNM,1993,"Vulnerable employment, male (% of male employment) (modeled ILO estimate)",SL.EMP.VULN.MA.ZS,79.87837
Vietnam,VNM,1992,"Vulnerable employment, male (% of male employment) (modeled ILO estimate)",SL.EMP.VULN.MA.ZS,80.02835
Vietnam,VNM,1991,"Vulnerable employment, male (% of male employment) (modeled ILO estimate)",SL.EMP.VULN.MA.ZS,80.14652
Vietnam,VNM,2021,"Wage and salaried workers, female (% of female employment) (modeled ILO estimate)",SL.EMP.WORK.FE.ZS,41.94865
Vietnam,VNM,2020,"Wage and salaried workers, female (% of female employment) (modeled ILO estimate)",SL.EMP.WORK.FE.ZS,40.63861
Vietnam,VNM,2019,"Wage and salaried workers, female (% of female employment) (modeled ILO estimate)",SL.EMP.WORK.FE.ZS,40.47939
Vietnam,VNM,2018,"Wage and salaried workers, female (% of female employment) (modeled ILO estimate)",SL.EMP.WORK.FE.ZS,39.34788
Vietnam,VNM,2017,"Wage and salaried workers, female (% of female employment) (modeled ILO estimate)",SL.EMP.WORK.FE.ZS,37.67859
Vietnam,VNM,2016,"Wage and salaried workers, female (% of female employment) (modeled ILO estimate)",SL.EMP.WORK.FE.ZS,35.74579
Vietnam,VNM,2015,"Wage and salaried workers, female (% of female employment) (modeled ILO estimate)",SL.EMP.WORK.FE.ZS,34.19258
Vietnam,VNM,2014,"Wage and salaried workers, female (% of female employment) (modeled ILO estimate)",SL.EMP.WORK.FE.ZS,30.56129
Vietnam,VNM,2013,"Wage and salaried workers, female (% of female employment) (modeled ILO estimate)",SL.EMP.WORK.FE.ZS,29.40165
Vietnam,VNM,2012,"Wage and salaried workers, female (% of female employment) (modeled ILO estimate)",SL.EMP.WORK.FE.ZS,29.12283
Vietnam,VNM,2011,"Wage and salaried workers, female (% of female employment) (modeled ILO estimate)",SL.EMP.WORK.FE.ZS,28.70378
Vietnam,VNM,2010,"Wage and salaried workers, female (% of female employment) (modeled ILO estimate)",SL.EMP.WORK.FE.ZS,28.00091
Vietnam,VNM,2009,"Wage and salaried workers, female (% of female employment) (modeled ILO estimate)",SL.EMP.WORK.FE.ZS,27.56666
Vietnam,VNM,2008,"Wage and salaried workers, female (% of female employment) (modeled ILO estimate)",SL.EMP.WORK.FE.ZS,26.7833
Vietnam,VNM,2007,"Wage and salaried workers, female (% of female employment) (modeled ILO estimate)",SL.EMP.WORK.FE.ZS,25.69974
Vietnam,VNM,2006,"Wage and salaried workers, female (% of female employment) (modeled ILO estimate)",SL.EMP.WORK.FE.ZS,24.29647
Vietnam,VNM,2005,"Wage and salaried workers, female (% of female employment) (modeled ILO estimate)",SL.EMP.WORK.FE.ZS,22.76154
Vietnam,VNM,2004,"Wage and salaried workers, female (% of female employment) (modeled ILO estimate)",SL.EMP.WORK.FE.ZS,21.08548
Vietnam,VNM,2003,"Wage and salaried workers, female (% of female employment) (modeled ILO estimate)",SL.EMP.WORK.FE.ZS,18.08103
Vietnam,VNM,2002,"Wage and salaried workers, female (% of female employment) (modeled ILO estimate)",SL.EMP.WORK.FE.ZS,17.15962
Vietnam,VNM,2001,"Wage and salaried workers, female (% of female employment) (modeled ILO estimate)",SL.EMP.WORK.FE.ZS,17.50805
Vietnam,VNM,2000,"Wage and salaried workers, female (% of female employment) (modeled ILO estimate)",SL.EMP.WORK.FE.ZS,15.46369
Vietnam,VNM,1999,"Wage and salaried workers, female (% of female employment) (modeled ILO estimate)",SL.EMP.WORK.FE.ZS,15.35876
Vietnam,VNM,1998,"Wage and salaried workers, female (% of female employment) (modeled ILO estimate)",SL.EMP.WORK.FE.ZS,17.70413
Vietnam,VNM,1997,"Wage and salaried workers, female (% of female employment) (modeled ILO estimate)",SL.EMP.WORK.FE.ZS,14.97785
Vietnam,VNM,1996,"Wage and salaried workers, female (% of female employment) (modeled ILO estimate)",SL.EMP.WORK.FE.ZS,13.4719
Vietnam,VNM,1995,"Wage and salaried workers, female (% of female employment) (modeled ILO estimate)",SL.EMP.WORK.FE.ZS,12.76511
Vietnam,VNM,1994,"Wage and salaried workers, female (% of female employment) (modeled ILO estimate)",SL.EMP.WORK.FE.ZS,12.47718
Vietnam,VNM,1993,"Wage and salaried workers, female (% of female employment) (modeled ILO estimate)",SL.EMP.WORK.FE.ZS,12.19353
Vietnam,VNM,1992,"Wage and salaried workers, female (% of female employment) (modeled ILO estimate)",SL.EMP.WORK.FE.ZS,12.10704
Vietnam,VNM,1991,"Wage and salaried workers, female (% of female employment) (modeled ILO estimate)",SL.EMP.WORK.FE.ZS,11.98301
Vietnam,VNM,2021,"Wage and salaried workers, male (% of male employment) (modeled ILO estimate)",SL.EMP.WORK.MA.ZS,50.34705
Vietnam,VNM,2020,"Wage and salaried workers, male (% of male employment) (modeled ILO estimate)",SL.EMP.WORK.MA.ZS,49.19356
Vietnam,VNM,2019,"Wage and salaried workers, male (% of male employment) (modeled ILO estimate)",SL.EMP.WORK.MA.ZS,49.32938
Vietnam,VNM,2018,"Wage and salaried workers, male (% of male employment) (modeled ILO estimate)",SL.EMP.WORK.MA.ZS,48.10069
Vietnam,VNM,2017,"Wage and salaried workers, male (% of male employment) (modeled ILO estimate)",SL.EMP.WORK.MA.ZS,47.59163
Vietnam,VNM,2016,"Wage and salaried workers, male (% of male employment) (modeled ILO estimate)",SL.EMP.WORK.MA.ZS,46.30053
Vietnam,VNM,2015,"Wage and salaried workers, male (% of male employment) (modeled ILO estimate)",SL.EMP.WORK.MA.ZS,44.06131
Vietnam,VNM,2014,"Wage and salaried workers, male (% of male employment) (modeled ILO estimate)",SL.EMP.WORK.MA.ZS,40.40459
Vietnam,VNM,2013,"Wage and salaried workers, male (% of male employment) (modeled ILO estimate)",SL.EMP.WORK.MA.ZS,39.91592
Vietnam,VNM,2012,"Wage and salaried workers, male (% of male employment) (modeled ILO estimate)",SL.EMP.WORK.MA.ZS,40.01205
Vietnam,VNM,2011,"Wage and salaried workers, male (% of male employment) (modeled ILO estimate)",SL.EMP.WORK.MA.ZS,40.15614
Vietnam,VNM,2010,"Wage and salaried workers, male (% of male employment) (modeled ILO estimate)",SL.EMP.WORK.MA.ZS,39.24552
Vietnam,VNM,2009,"Wage and salaried workers, male (% of male employment) (modeled ILO estimate)",SL.EMP.WORK.MA.ZS,39.27135
Vietnam,VNM,2008,"Wage and salaried workers, male (% of male employment) (modeled ILO estimate)",SL.EMP.WORK.MA.ZS,37.70292
Vietnam,VNM,2007,"Wage and salaried workers, male (% of male employment) (modeled ILO estimate)",SL.EMP.WORK.MA.ZS,35.87292
Vietnam,VNM,2006,"Wage and salaried workers, male (% of male employment) (modeled ILO estimate)",SL.EMP.WORK.MA.ZS,33.79124
Vietnam,VNM,2005,"Wage and salaried workers, male (% of male employment) (modeled ILO estimate)",SL.EMP.WORK.MA.ZS,31.73442
Vietnam,VNM,2004,"Wage and salaried workers, male (% of male employment) (modeled ILO estimate)",SL.EMP.WORK.MA.ZS,29.75142
Vietnam,VNM,2003,"Wage and salaried workers, male (% of male employment) (modeled ILO estimate)",SL.EMP.WORK.MA.ZS,26.04149
Vietnam,VNM,2002,"Wage and salaried workers, male (% of male employment) (modeled ILO estimate)",SL.EMP.WORK.MA.ZS,24.12141
Vietnam,VNM,2001,"Wage and salaried workers, male (% of male employment) (modeled ILO estimate)",SL.EMP.WORK.MA.ZS,24.78143
Vietnam,VNM,2000,"Wage and salaried workers, male (% of male employment) (modeled ILO estimate)",SL.EMP.WORK.MA.ZS,22.12593
Vietnam,VNM,1999,"Wage and salaried workers, male (% of male employment) (modeled ILO estimate)",SL.EMP.WORK.MA.ZS,21.44805
Vietnam,VNM,1998,"Wage and salaried workers, male (% of male employment) (modeled ILO estimate)",SL.EMP.WORK.MA.ZS,24.64705
Vietnam,VNM,1997,"Wage and salaried workers, male (% of male employment) (modeled ILO estimate)",SL.EMP.WORK.MA.ZS,22.05275
Vietnam,VNM,1996,"Wage and salaried workers, male (% of male employment) (modeled ILO estimate)",SL.EMP.WORK.MA.ZS,20.22976
Vietnam,VNM,1995,"Wage and salaried workers, male (% of male employment) (modeled ILO estimate)",SL.EMP.WORK.MA.ZS,19.54731
Vietnam,VNM,1994,"Wage and salaried workers, male (% of male employment) (modeled ILO estimate)",SL.EMP.WORK.MA.ZS,19.23352
Vietnam,VNM,1993,"Wage and salaried workers, male (% of male employment) (modeled ILO estimate)",SL.EMP.WORK.MA.ZS,18.80323
Vietnam,VNM,1992,"Wage and salaried workers, male (% of male employment) (modeled ILO estimate)",SL.EMP.WORK.MA.ZS,18.58809
Vietnam,VNM,1991,"Wage and salaried workers, male (% of male employment) (modeled ILO estimate)",SL.EMP.WORK.MA.ZS,18.43633
Vietnam,VNM,2021,"Contributing family workers, female (% of female employment) (modeled ILO estimate)",SL.FAM.WORK.FE.ZS,19.035
Vietnam,VNM,2020,"Contributing family workers, female (% of female employment) (modeled ILO estimate)",SL.FAM.WORK.FE.ZS,19.58537
Vietnam,VNM,2019,"Contributing family workers, female (% of female employment) (modeled ILO estimate)",SL.FAM.WORK.FE.ZS,19.47281
Vietnam,VNM,2018,"Contributing family workers, female (% of female employment) (modeled ILO estimate)",SL.FAM.WORK.FE.ZS,20.47622
Vietnam,VNM,2017,"Contributing family workers, female (% of female employment) (modeled ILO estimate)",SL.FAM.WORK.FE.ZS,21.48675
Vietnam,VNM,2016,"Contributing family workers, female (% of female employment) (modeled ILO estimate)",SL.FAM.WORK.FE.ZS,22.14145
Vietnam,VNM,2015,"Contributing family workers, female (% of female employment) (modeled ILO estimate)",SL.FAM.WORK.FE.ZS,23.36611
Vietnam,VNM,2014,"Contributing family workers, female (% of female employment) (modeled ILO estimate)",SL.FAM.WORK.FE.ZS,26.62141
Vietnam,VNM,2013,"Contributing family workers, female (% of female employment) (modeled ILO estimate)",SL.FAM.WORK.FE.ZS,22.66967
Vietnam,VNM,2012,"Contributing family workers, female (% of female employment) (modeled ILO estimate)",SL.FAM.WORK.FE.ZS,23.2011
Vietnam,VNM,2011,"Contributing family workers, female (% of female employment) (modeled ILO estimate)",SL.FAM.WORK.FE.ZS,24.93361
Vietnam,VNM,2010,"Contributing family workers, female (% of female employment) (modeled ILO estimate)",SL.FAM.WORK.FE.ZS,26.31276
Vietnam,VNM,2009,"Contributing family workers, female (% of female employment) (modeled ILO estimate)",SL.FAM.WORK.FE.ZS,22.30229
Vietnam,VNM,2008,"Contributing family workers, female (% of female employment) (modeled ILO estimate)",SL.FAM.WORK.FE.ZS,26.74072
Vietnam,VNM,2007,"Contributing family workers, female (% of female employment) (modeled ILO estimate)",SL.FAM.WORK.FE.ZS,31.48955
Vietnam,VNM,2006,"Contributing family workers, female (% of female employment) (modeled ILO estimate)",SL.FAM.WORK.FE.ZS,36.64655
Vietnam,VNM,2005,"Contributing family workers, female (% of female employment) (modeled ILO estimate)",SL.FAM.WORK.FE.ZS,41.98424
Vietnam,VNM,2004,"Contributing family workers, female (% of female employment) (modeled ILO estimate)",SL.FAM.WORK.FE.ZS,47.43579
Vietnam,VNM,2003,"Contributing family workers, female (% of female employment) (modeled ILO estimate)",SL.FAM.WORK.FE.ZS,50.89107
Vietnam,VNM,2002,"Contributing family workers, female (% of female employment) (modeled ILO estimate)",SL.FAM.WORK.FE.ZS,53.23351
Vietnam,VNM,2001,"Contributing family workers, female (% of female employment) (modeled ILO estimate)",SL.FAM.WORK.FE.ZS,53.92662
Vietnam,VNM,2000,"Contributing family workers, female (% of female employment) (modeled ILO estimate)",SL.FAM.WORK.FE.ZS,54.04668
Vietnam,VNM,1999,"Contributing family workers, female (% of female employment) (modeled ILO estimate)",SL.FAM.WORK.FE.ZS,54.85551
Vietnam,VNM,1998,"Contributing family workers, female (% of female employment) (modeled ILO estimate)",SL.FAM.WORK.FE.ZS,53.73249
Vietnam,VNM,1997,"Contributing family workers, female (% of female employment) (modeled ILO estimate)",SL.FAM.WORK.FE.ZS,56.56678
Vietnam,VNM,1996,"Contributing family workers, female (% of female employment) (modeled ILO estimate)",SL.FAM.WORK.FE.ZS,62.26315
Vietnam,VNM,1995,"Contributing family workers, female (% of female employment) (modeled ILO estimate)",SL.FAM.WORK.FE.ZS,63.40252
Vietnam,VNM,1994,"Contributing family workers, female (% of female employment) (modeled ILO estimate)",SL.FAM.WORK.FE.ZS,64.0058
Vietnam,VNM,1993,"Contributing family workers, female (% of female employment) (modeled ILO estimate)",SL.FAM.WORK.FE.ZS,64.53835
Vietnam,VNM,1992,"Contributing family workers, female (% of female employment) (modeled ILO estimate)",SL.FAM.WORK.FE.ZS,64.82938
Vietnam,VNM,1991,"Contributing family workers, female (% of female employment) (modeled ILO estimate)",SL.FAM.WORK.FE.ZS,65.01196
Vietnam,VNM,2021,"Contributing family workers, male (% of male employment) (modeled ILO estimate)",SL.FAM.WORK.MA.ZS,9.18732
Vietnam,VNM,2020,"Contributing family workers, male (% of male employment) (modeled ILO estimate)",SL.FAM.WORK.MA.ZS,9.539366
Vietnam,VNM,2019,"Contributing family workers, male (% of male employment) (modeled ILO estimate)",SL.FAM.WORK.MA.ZS,9.342477
Vietnam,VNM,2018,"Contributing family workers, male (% of male employment) (modeled ILO estimate)",SL.FAM.WORK.MA.ZS,9.923343
Vietnam,VNM,2017,"Contributing family workers, male (% of male employment) (modeled ILO estimate)",SL.FAM.WORK.MA.ZS,10.18752
Vietnam,VNM,2016,"Contributing family workers, male (% of male employment) (modeled ILO estimate)",SL.FAM.WORK.MA.ZS,10.45936
Vietnam,VNM,2015,"Contributing family workers, male (% of male employment) (modeled ILO estimate)",SL.FAM.WORK.MA.ZS,11.49246
Vietnam,VNM,2014,"Contributing family workers, male (% of male employment) (modeled ILO estimate)",SL.FAM.WORK.MA.ZS,16.59866
Vietnam,VNM,2013,"Contributing family workers, male (% of male employment) (modeled ILO estimate)",SL.FAM.WORK.MA.ZS,12.07267
Vietnam,VNM,2012,"Contributing family workers, male (% of male employment) (modeled ILO estimate)",SL.FAM.WORK.MA.ZS,12.16579
Vietnam,VNM,2011,"Contributing family workers, male (% of male employment) (modeled ILO estimate)",SL.FAM.WORK.MA.ZS,12.55093
Vietnam,VNM,2010,"Contributing family workers, male (% of male employment) (modeled ILO estimate)",SL.FAM.WORK.MA.ZS,13.07042
Vietnam,VNM,2009,"Contributing family workers, male (% of male employment) (modeled ILO estimate)",SL.FAM.WORK.MA.ZS,11.84068
Vietnam,VNM,2008,"Contributing family workers, male (% of male employment) (modeled ILO estimate)",SL.FAM.WORK.MA.ZS,13.32801
Vietnam,VNM,2007,"Contributing family workers, male (% of male employment) (modeled ILO estimate)",SL.FAM.WORK.MA.ZS,14.7637
Vietnam,VNM,2006,"Contributing family workers, male (% of male employment) (modeled ILO estimate)",SL.FAM.WORK.MA.ZS,16.21591
Vietnam,VNM,2005,"Contributing family workers, male (% of male employment) (modeled ILO estimate)",SL.FAM.WORK.MA.ZS,17.60929
Vietnam,VNM,2004,"Contributing family workers, male (% of male employment) (modeled ILO estimate)",SL.FAM.WORK.MA.ZS,18.97526
Vietnam,VNM,2003,"Contributing family workers, male (% of male employment) (modeled ILO estimate)",SL.FAM.WORK.MA.ZS,22.16848
Vietnam,VNM,2002,"Contributing family workers, male (% of male employment) (modeled ILO estimate)",SL.FAM.WORK.MA.ZS,23.86841
Vietnam,VNM,2001,"Contributing family workers, male (% of male employment) (modeled ILO estimate)",SL.FAM.WORK.MA.ZS,22.26288
Vietnam,VNM,2000,"Contributing family workers, male (% of male employment) (modeled ILO estimate)",SL.FAM.WORK.MA.ZS,21.58955
Vietnam,VNM,1999,"Contributing family workers, male (% of male employment) (modeled ILO estimate)",SL.FAM.WORK.MA.ZS,22.86444
Vietnam,VNM,1998,"Contributing family workers, male (% of male employment) (modeled ILO estimate)",SL.FAM.WORK.MA.ZS,22.58161
Vietnam,VNM,1997,"Contributing family workers, male (% of male employment) (modeled ILO estimate)",SL.FAM.WORK.MA.ZS,23.29698
Vietnam,VNM,1996,"Contributing family workers, male (% of male employment) (modeled ILO estimate)",SL.FAM.WORK.MA.ZS,30.09662
Vietnam,VNM,1995,"Contributing family workers, male (% of male employment) (modeled ILO estimate)",SL.FAM.WORK.MA.ZS,30.30396
Vietnam,VNM,1994,"Contributing family workers, male (% of male employment) (modeled ILO estimate)",SL.FAM.WORK.MA.ZS,30.40445
Vietnam,VNM,1993,"Contributing family workers, male (% of male employment) (modeled ILO estimate)",SL.FAM.WORK.MA.ZS,30.59599
Vietnam,VNM,1992,"Contributing family workers, male (% of male employment) (modeled ILO estimate)",SL.FAM.WORK.MA.ZS,30.69368
Vietnam,VNM,1991,"Contributing family workers, male (% of male employment) (modeled ILO estimate)",SL.FAM.WORK.MA.ZS,30.685
Vietnam,VNM,2021,"Employment in industry, female (% of female employment) (modeled ILO estimate)",SL.IND.EMPL.FE.ZS,29.35409
Vietnam,VNM,2020,"Employment in industry, female (% of female employment) (modeled ILO estimate)",SL.IND.EMPL.FE.ZS,26.80697
Vietnam,VNM,2019,"Employment in industry, female (% of female employment) (modeled ILO estimate)",SL.IND.EMPL.FE.ZS,24.69908
Vietnam,VNM,2018,"Employment in industry, female (% of female employment) (modeled ILO estimate)",SL.IND.EMPL.FE.ZS,22.88165
Vietnam,VNM,2017,"Employment in industry, female (% of female employment) (modeled ILO estimate)",SL.IND.EMPL.FE.ZS,21.82418
Vietnam,VNM,2016,"Employment in industry, female (% of female employment) (modeled ILO estimate)",SL.IND.EMPL.FE.ZS,20.78626
Vietnam,VNM,2015,"Employment in industry, female (% of female employment) (modeled ILO estimate)",SL.IND.EMPL.FE.ZS,19.32615
Vietnam,VNM,2014,"Employment in industry, female (% of female employment) (modeled ILO estimate)",SL.IND.EMPL.FE.ZS,17.51366
Vietnam,VNM,2013,"Employment in industry, female (% of female employment) (modeled ILO estimate)",SL.IND.EMPL.FE.ZS,16.97946
Vietnam,VNM,2012,"Employment in industry, female (% of female employment) (modeled ILO estimate)",SL.IND.EMPL.FE.ZS,16.854
Vietnam,VNM,2011,"Employment in industry, female (% of female employment) (modeled ILO estimate)",SL.IND.EMPL.FE.ZS,16.58213
Vietnam,VNM,2010,"Employment in industry, female (% of female employment) (modeled ILO estimate)",SL.IND.EMPL.FE.ZS,17.27573
Vietnam,VNM,2009,"Employment in industry, female (% of female employment) (modeled ILO estimate)",SL.IND.EMPL.FE.ZS,16.99854
Vietnam,VNM,2008,"Employment in industry, female (% of female employment) (modeled ILO estimate)",SL.IND.EMPL.FE.ZS,16.50574
Vietnam,VNM,2007,"Employment in industry, female (% of female employment) (modeled ILO estimate)",SL.IND.EMPL.FE.ZS,16.11386
Vietnam,VNM,2006,"Employment in industry, female (% of female employment) (modeled ILO estimate)",SL.IND.EMPL.FE.ZS,15.91337
Vietnam,VNM,2005,"Employment in industry, female (% of female employment) (modeled ILO estimate)",SL.IND.EMPL.FE.ZS,14.80282
Vietnam,VNM,2004,"Employment in industry, female (% of female employment) (modeled ILO estimate)",SL.IND.EMPL.FE.ZS,13.747
Vietnam,VNM,2003,"Employment in industry, female (% of female employment) (modeled ILO estimate)",SL.IND.EMPL.FE.ZS,12.9878
Vietnam,VNM,2002,"Employment in industry, female (% of female employment) (modeled ILO estimate)",SL.IND.EMPL.FE.ZS,11.72178
Vietnam,VNM,2001,"Employment in industry, female (% of female employment) (modeled ILO estimate)",SL.IND.EMPL.FE.ZS,11.16578
Vietnam,VNM,2000,"Employment in industry, female (% of female employment) (modeled ILO estimate)",SL.IND.EMPL.FE.ZS,10.13149
Vietnam,VNM,1999,"Employment in industry, female (% of female employment) (modeled ILO estimate)",SL.IND.EMPL.FE.ZS,9.873931
Vietnam,VNM,1998,"Employment in industry, female (% of female employment) (modeled ILO estimate)",SL.IND.EMPL.FE.ZS,9.171178
Vietnam,VNM,1997,"Employment in industry, female (% of female employment) (modeled ILO estimate)",SL.IND.EMPL.FE.ZS,10.42398
Vietnam,VNM,1996,"Employment in industry, female (% of female employment) (modeled ILO estimate)",SL.IND.EMPL.FE.ZS,8.812322
Vietnam,VNM,1995,"Employment in industry, female (% of female employment) (modeled ILO estimate)",SL.IND.EMPL.FE.ZS,8.346945
Vietnam,VNM,1994,"Employment in industry, female (% of female employment) (modeled ILO estimate)",SL.IND.EMPL.FE.ZS,7.963374
Vietnam,VNM,1993,"Employment in industry, female (% of female employment) (modeled ILO estimate)",SL.IND.EMPL.FE.ZS,7.59233
Vietnam,VNM,1992,"Employment in industry, female (% of female employment) (modeled ILO estimate)",SL.IND.EMPL.FE.ZS,7.253773
Vietnam,VNM,1991,"Employment in industry, female (% of female employment) (modeled ILO estimate)",SL.IND.EMPL.FE.ZS,6.96254
Vietnam,VNM,2021,"Employment in industry, male (% of male employment) (modeled ILO estimate)",SL.IND.EMPL.MA.ZS,36.66536
Vietnam,VNM,2020,"Employment in industry, male (% of male employment) (modeled ILO estimate)",SL.IND.EMPL.MA.ZS,34.94268
Vietnam,VNM,2019,"Employment in industry, male (% of male employment) (modeled ILO estimate)",SL.IND.EMPL.MA.ZS,32.61742
Vietnam,VNM,2018,"Employment in industry, male (% of male employment) (modeled ILO estimate)",SL.IND.EMPL.MA.ZS,30.25051
Vietnam,VNM,2017,"Employment in industry, male (% of male employment) (modeled ILO estimate)",SL.IND.EMPL.MA.ZS,29.49673
Vietnam,VNM,2016,"Employment in industry, male (% of male employment) (modeled ILO estimate)",SL.IND.EMPL.MA.ZS,28.51126
Vietnam,VNM,2015,"Employment in industry, male (% of male employment) (modeled ILO estimate)",SL.IND.EMPL.MA.ZS,25.95963
Vietnam,VNM,2014,"Employment in industry, male (% of male employment) (modeled ILO estimate)",SL.IND.EMPL.MA.ZS,25.18216
Vietnam,VNM,2013,"Employment in industry, male (% of male employment) (modeled ILO estimate)",SL.IND.EMPL.MA.ZS,25.17756
Vietnam,VNM,2012,"Employment in industry, male (% of male employment) (modeled ILO estimate)",SL.IND.EMPL.MA.ZS,25.29215
Vietnam,VNM,2011,"Employment in industry, male (% of male employment) (modeled ILO estimate)",SL.IND.EMPL.MA.ZS,25.68493
Vietnam,VNM,2010,"Employment in industry, male (% of male employment) (modeled ILO estimate)",SL.IND.EMPL.MA.ZS,25.82105
Vietnam,VNM,2009,"Employment in industry, male (% of male employment) (modeled ILO estimate)",SL.IND.EMPL.MA.ZS,26.45264
Vietnam,VNM,2008,"Employment in industry, male (% of male employment) (modeled ILO estimate)",SL.IND.EMPL.MA.ZS,25.457
Vietnam,VNM,2007,"Employment in industry, male (% of male employment) (modeled ILO estimate)",SL.IND.EMPL.MA.ZS,24.49794
Vietnam,VNM,2006,"Employment in industry, male (% of male employment) (modeled ILO estimate)",SL.IND.EMPL.MA.ZS,24.27389
Vietnam,VNM,2005,"Employment in industry, male (% of male employment) (modeled ILO estimate)",SL.IND.EMPL.MA.ZS,22.54741
Vietnam,VNM,2004,"Employment in industry, male (% of male employment) (modeled ILO estimate)",SL.IND.EMPL.MA.ZS,20.80087
Vietnam,VNM,2003,"Employment in industry, male (% of male employment) (modeled ILO estimate)",SL.IND.EMPL.MA.ZS,19.72026
Vietnam,VNM,2002,"Employment in industry, male (% of male employment) (modeled ILO estimate)",SL.IND.EMPL.MA.ZS,17.60042
Vietnam,VNM,2001,"Employment in industry, male (% of male employment) (modeled ILO estimate)",SL.IND.EMPL.MA.ZS,16.53268
Vietnam,VNM,2000,"Employment in industry, male (% of male employment) (modeled ILO estimate)",SL.IND.EMPL.MA.ZS,14.70358
Vietnam,VNM,1999,"Employment in industry, male (% of male employment) (modeled ILO estimate)",SL.IND.EMPL.MA.ZS,14.11918
Vietnam,VNM,1998,"Employment in industry, male (% of male employment) (modeled ILO estimate)",SL.IND.EMPL.MA.ZS,13.97749
Vietnam,VNM,1997,"Employment in industry, male (% of male employment) (modeled ILO estimate)",SL.IND.EMPL.MA.ZS,14.91521
Vietnam,VNM,1996,"Employment in industry, male (% of male employment) (modeled ILO estimate)",SL.IND.EMPL.MA.ZS,12.49041
Vietnam,VNM,1995,"Employment in industry, male (% of male employment) (modeled ILO estimate)",SL.IND.EMPL.MA.ZS,11.84219
Vietnam,VNM,1994,"Employment in industry, male (% of male employment) (modeled ILO estimate)",SL.IND.EMPL.MA.ZS,11.27039
Vietnam,VNM,1993,"Employment in industry, male (% of male employment) (modeled ILO estimate)",SL.IND.EMPL.MA.ZS,10.75836
Vietnam,VNM,1992,"Employment in industry, male (% of male employment) (modeled ILO estimate)",SL.IND.EMPL.MA.ZS,10.3681
Vietnam,VNM,1991,"Employment in industry, male (% of male employment) (modeled ILO estimate)",SL.IND.EMPL.MA.ZS,9.895401
Vietnam,VNM,2012,"Child employment in manufacturing, female (% of female economically active children ages 7-14)",SL.MNF.0714.FE.ZS,8.41
Vietnam,VNM,2012,"Child employment in manufacturing, male (% of male economically active children ages 7-14)",SL.MNF.0714.MA.ZS,3.91
Vietnam,VNM,2012,"Child employment in services, female (% of female economically active children ages 7-14)",SL.SRV.0714.FE.ZS,18.39
Vietnam,VNM,2012,"Child employment in services, male (% of male economically active children ages 7-14)",SL.SRV.0714.MA.ZS,14.42
Vietnam,VNM,2021,"Employment in services, female (% of female employment) (modeled ILO estimate)",SL.SRV.EMPL.FE.ZS,41.8834
Vietnam,VNM,2020,"Employment in services, female (% of female employment) (modeled ILO estimate)",SL.SRV.EMPL.FE.ZS,39.36666
Vietnam,VNM,2019,"Employment in services, female (% of female employment) (modeled ILO estimate)",SL.SRV.EMPL.FE.ZS,39.02433
Vietnam,VNM,2018,"Employment in services, female (% of female employment) (modeled ILO estimate)",SL.SRV.EMPL.FE.ZS,38.32989
Vietnam,VNM,2017,"Employment in services, female (% of female employment) (modeled ILO estimate)",SL.SRV.EMPL.FE.ZS,36.66986
Vietnam,VNM,2016,"Employment in services, female (% of female employment) (modeled ILO estimate)",SL.SRV.EMPL.FE.ZS,35.69633
Vietnam,VNM,2015,"Employment in services, female (% of female employment) (modeled ILO estimate)",SL.SRV.EMPL.FE.ZS,35.19273
Vietnam,VNM,2014,"Employment in services, female (% of female employment) (modeled ILO estimate)",SL.SRV.EMPL.FE.ZS,34.32941
Vietnam,VNM,2013,"Employment in services, female (% of female employment) (modeled ILO estimate)",SL.SRV.EMPL.FE.ZS,34.20675
Vietnam,VNM,2012,"Employment in services, female (% of female employment) (modeled ILO estimate)",SL.SRV.EMPL.FE.ZS,33.60712
Vietnam,VNM,2011,"Employment in services, female (% of female employment) (modeled ILO estimate)",SL.SRV.EMPL.FE.ZS,32.44454
Vietnam,VNM,2010,"Employment in services, female (% of female employment) (modeled ILO estimate)",SL.SRV.EMPL.FE.ZS,31.51033
Vietnam,VNM,2009,"Employment in services, female (% of female employment) (modeled ILO estimate)",SL.SRV.EMPL.FE.ZS,32.96016
Vietnam,VNM,2008,"Employment in services, female (% of female employment) (modeled ILO estimate)",SL.SRV.EMPL.FE.ZS,32.58348
Vietnam,VNM,2007,"Employment in services, female (% of female employment) (modeled ILO estimate)",SL.SRV.EMPL.FE.ZS,32.37999
Vietnam,VNM,2006,"Employment in services, female (% of female employment) (modeled ILO estimate)",SL.SRV.EMPL.FE.ZS,30.26909
Vietnam,VNM,2005,"Employment in services, female (% of female employment) (modeled ILO estimate)",SL.SRV.EMPL.FE.ZS,28.22329
Vietnam,VNM,2004,"Employment in services, female (% of female employment) (modeled ILO estimate)",SL.SRV.EMPL.FE.ZS,26.23719
Vietnam,VNM,2003,"Employment in services, female (% of female employment) (modeled ILO estimate)",SL.SRV.EMPL.FE.ZS,25.2724
Vietnam,VNM,2002,"Employment in services, female (% of female employment) (modeled ILO estimate)",SL.SRV.EMPL.FE.ZS,25.09357
Vietnam,VNM,2001,"Employment in services, female (% of female employment) (modeled ILO estimate)",SL.SRV.EMPL.FE.ZS,23.81587
Vietnam,VNM,2000,"Employment in services, female (% of female employment) (modeled ILO estimate)",SL.SRV.EMPL.FE.ZS,23.53749
Vietnam,VNM,1999,"Employment in services, female (% of female employment) (modeled ILO estimate)",SL.SRV.EMPL.FE.ZS,24.62267
Vietnam,VNM,1998,"Employment in services, female (% of female employment) (modeled ILO estimate)",SL.SRV.EMPL.FE.ZS,25.18937
Vietnam,VNM,1997,"Employment in services, female (% of female employment) (modeled ILO estimate)",SL.SRV.EMPL.FE.ZS,23.50842
Vietnam,VNM,1996,"Employment in services, female (% of female employment) (modeled ILO estimate)",SL.SRV.EMPL.FE.ZS,20.71675
Vietnam,VNM,1995,"Employment in services, female (% of female employment) (modeled ILO estimate)",SL.SRV.EMPL.FE.ZS,20.08201
Vietnam,VNM,1994,"Employment in services, female (% of female employment) (modeled ILO estimate)",SL.SRV.EMPL.FE.ZS,19.33352
Vietnam,VNM,1993,"Employment in services, female (% of female employment) (modeled ILO estimate)",SL.SRV.EMPL.FE.ZS,18.55562
Vietnam,VNM,1992,"Employment in services, female (% of female employment) (modeled ILO estimate)",SL.SRV.EMPL.FE.ZS,17.83846
Vietnam,VNM,1991,"Employment in services, female (% of female employment) (modeled ILO estimate)",SL.SRV.EMPL.FE.ZS,17.12576
Vietnam,VNM,2021,"Employment in services, male (% of male employment) (modeled ILO estimate)",SL.SRV.EMPL.MA.ZS,34.02705
Vietnam,VNM,2020,"Employment in services, male (% of male employment) (modeled ILO estimate)",SL.SRV.EMPL.MA.ZS,33.54781
Vietnam,VNM,2019,"Employment in services, male (% of male employment) (modeled ILO estimate)",SL.SRV.EMPL.MA.ZS,33.6049
Vietnam,VNM,2018,"Employment in services, male (% of male employment) (modeled ILO estimate)",SL.SRV.EMPL.MA.ZS,33.01254
Vietnam,VNM,2017,"Employment in services, male (% of male employment) (modeled ILO estimate)",SL.SRV.EMPL.MA.ZS,31.61882
Vietnam,VNM,2016,"Employment in services, male (% of male employment) (modeled ILO estimate)",SL.SRV.EMPL.MA.ZS,31.18205
Vietnam,VNM,2015,"Employment in services, male (% of male employment) (modeled ILO estimate)",SL.SRV.EMPL.MA.ZS,31.39831
Vietnam,VNM,2014,"Employment in services, male (% of male employment) (modeled ILO estimate)",SL.SRV.EMPL.MA.ZS,30.21231
Vietnam,VNM,2013,"Employment in services, male (% of male employment) (modeled ILO estimate)",SL.SRV.EMPL.MA.ZS,29.90973
Vietnam,VNM,2012,"Employment in services, male (% of male employment) (modeled ILO estimate)",SL.SRV.EMPL.MA.ZS,29.39607
Vietnam,VNM,2011,"Employment in services, male (% of male employment) (modeled ILO estimate)",SL.SRV.EMPL.MA.ZS,28.49878
Vietnam,VNM,2010,"Employment in services, male (% of male employment) (modeled ILO estimate)",SL.SRV.EMPL.MA.ZS,27.83
Vietnam,VNM,2009,"Employment in services, male (% of male employment) (modeled ILO estimate)",SL.SRV.EMPL.MA.ZS,28.3579
Vietnam,VNM,2008,"Employment in services, male (% of male employment) (modeled ILO estimate)",SL.SRV.EMPL.MA.ZS,28.29058
Vietnam,VNM,2007,"Employment in services, male (% of male employment) (modeled ILO estimate)",SL.SRV.EMPL.MA.ZS,28.35559
Vietnam,VNM,2006,"Employment in services, male (% of male employment) (modeled ILO estimate)",SL.SRV.EMPL.MA.ZS,26.11885
Vietnam,VNM,2005,"Employment in services, male (% of male employment) (modeled ILO estimate)",SL.SRV.EMPL.MA.ZS,24.69842
Vietnam,VNM,2004,"Employment in services, male (% of male employment) (modeled ILO estimate)",SL.SRV.EMPL.MA.ZS,23.33554
Vietnam,VNM,2003,"Employment in services, male (% of male employment) (modeled ILO estimate)",SL.SRV.EMPL.MA.ZS,22.6006
Vietnam,VNM,2002,"Employment in services, male (% of male employment) (modeled ILO estimate)",SL.SRV.EMPL.MA.ZS,21.4706
Vietnam,VNM,2001,"Employment in services, male (% of male employment) (modeled ILO estimate)",SL.SRV.EMPL.MA.ZS,20.46758
Vietnam,VNM,2000,"Employment in services, male (% of male employment) (modeled ILO estimate)",SL.SRV.EMPL.MA.ZS,21.09923
Vietnam,VNM,1999,"Employment in services, male (% of male employment) (modeled ILO estimate)",SL.SRV.EMPL.MA.ZS,21.43071
Vietnam,VNM,1998,"Employment in services, male (% of male employment) (modeled ILO estimate)",SL.SRV.EMPL.MA.ZS,22.13618
Vietnam,VNM,1997,"Employment in services, male (% of male employment) (modeled ILO estimate)",SL.SRV.EMPL.MA.ZS,20.58679
Vietnam,VNM,1996,"Employment in services, male (% of male employment) (modeled ILO estimate)",SL.SRV.EMPL.MA.ZS,18.01979
Vietnam,VNM,1995,"Employment in services, male (% of male employment) (modeled ILO estimate)",SL.SRV.EMPL.MA.ZS,17.63835
Vietnam,VNM,1994,"Employment in services, male (% of male employment) (modeled ILO estimate)",SL.SRV.EMPL.MA.ZS,17.22132
Vietnam,VNM,1993,"Employment in services, male (% of male employment) (modeled ILO estimate)",SL.SRV.EMPL.MA.ZS,16.7659
Vietnam,VNM,1992,"Employment in services, male (% of male employment) (modeled ILO estimate)",SL.SRV.EMPL.MA.ZS,16.30099
Vietnam,VNM,1991,"Employment in services, male (% of male employment) (modeled ILO estimate)",SL.SRV.EMPL.MA.ZS,15.95898
Vietnam,VNM,2012,"Children in employment, female (% of female children ages 7-14)",SL.TLF.0714.FE.ZS,10.1
Vietnam,VNM,2011,"Children in employment, female (% of female children ages 7-14)",SL.TLF.0714.FE.ZS,13.5
Vietnam,VNM,2006,"Children in employment, female (% of female children ages 7-14)",SL.TLF.0714.FE.ZS,21.6
Vietnam,VNM,2012,"Children in employment, male (% of male children ages 7-14)",SL.TLF.0714.MA.ZS,11.7
Vietnam,VNM,2011,"Children in employment, male (% of male children ages 7-14)",SL.TLF.0714.MA.ZS,12.5
Vietnam,VNM,2006,"Children in employment, male (% of male children ages 7-14)",SL.TLF.0714.MA.ZS,21
Vietnam,VNM,2012,"Children in employment, study and work, female (% of female children in employment, ages 7-14)",SL.TLF.0714.SW.FE.ZS,83.4
Vietnam,VNM,2012,"Children in employment, study and work, male (% of male children in employment, ages 7-14)",SL.TLF.0714.SW.MA.ZS,79.1
Vietnam,VNM,2012,"Children in employment, work only, female (% of female children in employment, ages 7-14)",SL.TLF.0714.WK.FE.ZS,16.6
Vietnam,VNM,2012,"Children in employment, work only, male (% of male children in employment, ages 7-14)",SL.TLF.0714.WK.MA.ZS,20.9
Vietnam,VNM,2022,"Labor force participation rate, female (% of female population ages 15+) (modeled ILO estimate)",SL.TLF.CACT.FE.ZS,69.1
Vietnam,VNM,2021,"Labor force participation rate, female (% of female population ages 15+) (modeled ILO estimate)",SL.TLF.CACT.FE.ZS,68.245
Vietnam,VNM,2020,"Labor force participation rate, female (% of female population ages 15+) (modeled ILO estimate)",SL.TLF.CACT.FE.ZS,67.912
Vietnam,VNM,2019,"Labor force participation rate, female (% of female population ages 15+) (modeled ILO estimate)",SL.TLF.CACT.FE.ZS,70.516
Vietnam,VNM,2018,"Labor force participation rate, female (% of female population ages 15+) (modeled ILO estimate)",SL.TLF.CACT.FE.ZS,70.478
Vietnam,VNM,2017,"Labor force participation rate, female (% of female population ages 15+) (modeled ILO estimate)",SL.TLF.CACT.FE.ZS,71.468
Vietnam,VNM,2016,"Labor force participation rate, female (% of female population ages 15+) (modeled ILO estimate)",SL.TLF.CACT.FE.ZS,71.957
Vietnam,VNM,2015,"Labor force participation rate, female (% of female population ages 15+) (modeled ILO estimate)",SL.TLF.CACT.FE.ZS,72.491
Vietnam,VNM,2014,"Labor force participation rate, female (% of female population ages 15+) (modeled ILO estimate)",SL.TLF.CACT.FE.ZS,72.69
Vietnam,VNM,2013,"Labor force participation rate, female (% of female population ages 15+) (modeled ILO estimate)",SL.TLF.CACT.FE.ZS,72.655
Vietnam,VNM,2012,"Labor force participation rate, female (% of female population ages 15+) (modeled ILO estimate)",SL.TLF.CACT.FE.ZS,71.766
Vietnam,VNM,2011,"Labor force participation rate, female (% of female population ages 15+) (modeled ILO estimate)",SL.TLF.CACT.FE.ZS,71.576
Vietnam,VNM,2010,"Labor force participation rate, female (% of female population ages 15+) (modeled ILO estimate)",SL.TLF.CACT.FE.ZS,71.578
Vietnam,VNM,2009,"Labor force participation rate, female (% of female population ages 15+) (modeled ILO estimate)",SL.TLF.CACT.FE.ZS,71.496
Vietnam,VNM,2008,"Labor force participation rate, female (% of female population ages 15+) (modeled ILO estimate)",SL.TLF.CACT.FE.ZS,71.005
Vietnam,VNM,2007,"Labor force participation rate, female (% of female population ages 15+) (modeled ILO estimate)",SL.TLF.CACT.FE.ZS,70.515
Vietnam,VNM,2006,"Labor force participation rate, female (% of female population ages 15+) (modeled ILO estimate)",SL.TLF.CACT.FE.ZS,69.561
Vietnam,VNM,2005,"Labor force participation rate, female (% of female population ages 15+) (modeled ILO estimate)",SL.TLF.CACT.FE.ZS,68.591
Vietnam,VNM,2004,"Labor force participation rate, female (% of female population ages 15+) (modeled ILO estimate)",SL.TLF.CACT.FE.ZS,67.606
Vietnam,VNM,2003,"Labor force participation rate, female (% of female population ages 15+) (modeled ILO estimate)",SL.TLF.CACT.FE.ZS,68.485
Vietnam,VNM,2002,"Labor force participation rate, female (% of female population ages 15+) (modeled ILO estimate)",SL.TLF.CACT.FE.ZS,69.036
Vietnam,VNM,2001,"Labor force participation rate, female (% of female population ages 15+) (modeled ILO estimate)",SL.TLF.CACT.FE.ZS,69.546
Vietnam,VNM,2000,"Labor force participation rate, female (% of female population ages 15+) (modeled ILO estimate)",SL.TLF.CACT.FE.ZS,68.801
Vietnam,VNM,1999,"Labor force participation rate, female (% of female population ages 15+) (modeled ILO estimate)",SL.TLF.CACT.FE.ZS,70.388
Vietnam,VNM,1998,"Labor force participation rate, female (% of female population ages 15+) (modeled ILO estimate)",SL.TLF.CACT.FE.ZS,70.258
Vietnam,VNM,1997,"Labor force participation rate, female (% of female population ages 15+) (modeled ILO estimate)",SL.TLF.CACT.FE.ZS,70.767
Vietnam,VNM,1996,"Labor force participation rate, female (% of female population ages 15+) (modeled ILO estimate)",SL.TLF.CACT.FE.ZS,72.557
Vietnam,VNM,1995,"Labor force participation rate, female (% of female population ages 15+) (modeled ILO estimate)",SL.TLF.CACT.FE.ZS,72.991
Vietnam,VNM,1994,"Labor force participation rate, female (% of female population ages 15+) (modeled ILO estimate)",SL.TLF.CACT.FE.ZS,73.44
Vietnam,VNM,1993,"Labor force participation rate, female (% of female population ages 15+) (modeled ILO estimate)",SL.TLF.CACT.FE.ZS,73.852
Vietnam,VNM,1992,"Labor force participation rate, female (% of female population ages 15+) (modeled ILO estimate)",SL.TLF.CACT.FE.ZS,74.222
Vietnam,VNM,1991,"Labor force participation rate, female (% of female population ages 15+) (modeled ILO estimate)",SL.TLF.CACT.FE.ZS,74.628
Vietnam,VNM,1990,"Labor force participation rate, female (% of female population ages 15+) (modeled ILO estimate)",SL.TLF.CACT.FE.ZS,74.874
Vietnam,VNM,2022,"Labor force participation rate, male (% of male population ages 15+) (modeled ILO estimate)",SL.TLF.CACT.MA.ZS,78.018
Vietnam,VNM,2021,"Labor force participation rate, male (% of male population ages 15+) (modeled ILO estimate)",SL.TLF.CACT.MA.ZS,77.851
Vietnam,VNM,2020,"Labor force participation rate, male (% of male population ages 15+) (modeled ILO estimate)",SL.TLF.CACT.MA.ZS,78.991
Vietnam,VNM,2019,"Labor force participation rate, male (% of male population ages 15+) (modeled ILO estimate)",SL.TLF.CACT.MA.ZS,81.072
Vietnam,VNM,2018,"Labor force participation rate, male (% of male population ages 15+) (modeled ILO estimate)",SL.TLF.CACT.MA.ZS,81.072
Vietnam,VNM,2017,"Labor force participation rate, male (% of male population ages 15+) (modeled ILO estimate)",SL.TLF.CACT.MA.ZS,81.092
Vietnam,VNM,2016,"Labor force participation rate, male (% of male population ages 15+) (modeled ILO estimate)",SL.TLF.CACT.MA.ZS,81.458
Vietnam,VNM,2015,"Labor force participation rate, male (% of male population ages 15+) (modeled ILO estimate)",SL.TLF.CACT.MA.ZS,82.211
Vietnam,VNM,2014,"Labor force participation rate, male (% of male population ages 15+) (modeled ILO estimate)",SL.TLF.CACT.MA.ZS,81.669
Vietnam,VNM,2013,"Labor force participation rate, male (% of male population ages 15+) (modeled ILO estimate)",SL.TLF.CACT.MA.ZS,81.666
Vietnam,VNM,2012,"Labor force participation rate, male (% of male population ages 15+) (modeled ILO estimate)",SL.TLF.CACT.MA.ZS,80.899
Vietnam,VNM,2011,"Labor force participation rate, male (% of male population ages 15+) (modeled ILO estimate)",SL.TLF.CACT.MA.ZS,81.267
Vietnam,VNM,2010,"Labor force participation rate, male (% of male population ages 15+) (modeled ILO estimate)",SL.TLF.CACT.MA.ZS,81.059
Vietnam,VNM,2009,"Labor force participation rate, male (% of male population ages 15+) (modeled ILO estimate)",SL.TLF.CACT.MA.ZS,80.446
Vietnam,VNM,2008,"Labor force participation rate, male (% of male population ages 15+) (modeled ILO estimate)",SL.TLF.CACT.MA.ZS,79.46
Vietnam,VNM,2007,"Labor force participation rate, male (% of male population ages 15+) (modeled ILO estimate)",SL.TLF.CACT.MA.ZS,78.444
Vietnam,VNM,2006,"Labor force participation rate, male (% of male population ages 15+) (modeled ILO estimate)",SL.TLF.CACT.MA.ZS,77.49
Vietnam,VNM,2005,"Labor force participation rate, male (% of male population ages 15+) (modeled ILO estimate)",SL.TLF.CACT.MA.ZS,76.507
Vietnam,VNM,2004,"Labor force participation rate, male (% of male population ages 15+) (modeled ILO estimate)",SL.TLF.CACT.MA.ZS,75.496
Vietnam,VNM,2003,"Labor force participation rate, male (% of male population ages 15+) (modeled ILO estimate)",SL.TLF.CACT.MA.ZS,75.784
Vietnam,VNM,2002,"Labor force participation rate, male (% of male population ages 15+) (modeled ILO estimate)",SL.TLF.CACT.MA.ZS,76.239
Vietnam,VNM,2001,"Labor force participation rate, male (% of male population ages 15+) (modeled ILO estimate)",SL.TLF.CACT.MA.ZS,76.74
Vietnam,VNM,2000,"Labor force participation rate, male (% of male population ages 15+) (modeled ILO estimate)",SL.TLF.CACT.MA.ZS,76.101
Vietnam,VNM,1999,"Labor force participation rate, male (% of male population ages 15+) (modeled ILO estimate)",SL.TLF.CACT.MA.ZS,76.887
Vietnam,VNM,1998,"Labor force participation rate, male (% of male population ages 15+) (modeled ILO estimate)",SL.TLF.CACT.MA.ZS,77.454
Vietnam,VNM,1997,"Labor force participation rate, male (% of male population ages 15+) (modeled ILO estimate)",SL.TLF.CACT.MA.ZS,78.163
Vietnam,VNM,1996,"Labor force participation rate, male (% of male population ages 15+) (modeled ILO estimate)",SL.TLF.CACT.MA.ZS,79.353
Vietnam,VNM,1995,"Labor force participation rate, male (% of male population ages 15+) (modeled ILO estimate)",SL.TLF.CACT.MA.ZS,79.531
Vietnam,VNM,1994,"Labor force participation rate, male (% of male population ages 15+) (modeled ILO estimate)",SL.TLF.CACT.MA.ZS,79.703
Vietnam,VNM,1993,"Labor force participation rate, male (% of male population ages 15+) (modeled ILO estimate)",SL.TLF.CACT.MA.ZS,79.851
Vietnam,VNM,1992,"Labor force participation rate, male (% of male population ages 15+) (modeled ILO estimate)",SL.TLF.CACT.MA.ZS,79.977
Vietnam,VNM,1991,"Labor force participation rate, male (% of male population ages 15+) (modeled ILO estimate)",SL.TLF.CACT.MA.ZS,80.109
Vietnam,VNM,1990,"Labor force participation rate, male (% of male population ages 15+) (modeled ILO estimate)",SL.TLF.CACT.MA.ZS,80.186
Vietnam,VNM,2022,"Part time employment, female (% of total female employment)",SL.TLF.PART.FE.ZS,22.1
Vietnam,VNM,2021,"Part time employment, female (% of total female employment)",SL.TLF.PART.FE.ZS,27.91
Vietnam,VNM,2020,"Part time employment, female (% of total female employment)",SL.TLF.PART.FE.ZS,30.91
Vietnam,VNM,2019,"Part time employment, female (% of total female employment)",SL.TLF.PART.FE.ZS,32.41
Vietnam,VNM,2018,"Part time employment, female (% of total female employment)",SL.TLF.PART.FE.ZS,29.39
Vietnam,VNM,2017,"Part time employment, female (% of total female employment)",SL.TLF.PART.FE.ZS,34.11
Vietnam,VNM,2016,"Part time employment, female (% of total female employment)",SL.TLF.PART.FE.ZS,30.41
Vietnam,VNM,2015,"Part time employment, female (% of total female employment)",SL.TLF.PART.FE.ZS,31.69
Vietnam,VNM,2014,"Part time employment, female (% of total female employment)",SL.TLF.PART.FE.ZS,32.07
Vietnam,VNM,2013,"Part time employment, female (% of total female employment)",SL.TLF.PART.FE.ZS,30.4
Vietnam,VNM,2012,"Part time employment, female (% of total female employment)",SL.TLF.PART.FE.ZS,25.78
Vietnam,VNM,2011,"Part time employment, female (% of total female employment)",SL.TLF.PART.FE.ZS,25.07
Vietnam,VNM,2009,"Part time employment, female (% of total female employment)",SL.TLF.PART.FE.ZS,29.17
Vietnam,VNM,2007,"Part time employment, female (% of total female employment)",SL.TLF.PART.FE.ZS,14.58
Vietnam,VNM,2022,"Part time employment, male (% of total male employment)",SL.TLF.PART.MA.ZS,18.91
Vietnam,VNM,2021,"Part time employment, male (% of total male employment)",SL.TLF.PART.MA.ZS,24.14
Vietnam,VNM,2020,"Part time employment, male (% of total male employment)",SL.TLF.PART.MA.ZS,24.2
Vietnam,VNM,2019,"Part time employment, male (% of total male employment)",SL.TLF.PART.MA.ZS,24.74
Vietnam,VNM,2018,"Part time employment, male (% of total male employment)",SL.TLF.PART.MA.ZS,22.08
Vietnam,VNM,2017,"Part time employment, male (% of total male employment)",SL.TLF.PART.MA.ZS,26.44
Vietnam,VNM,2016,"Part time employment, male (% of total male employment)",SL.TLF.PART.MA.ZS,22.69
Vietnam,VNM,2015,"Part time employment, male (% of total male employment)",SL.TLF.PART.MA.ZS,24.55
Vietnam,VNM,2014,"Part time employment, male (% of total male employment)",SL.TLF.PART.MA.ZS,25.23
Vietnam,VNM,2013,"Part time employment, male (% of total male employment)",SL.TLF.PART.MA.ZS,23.5
Vietnam,VNM,2012,"Part time employment, male (% of total male employment)",SL.TLF.PART.MA.ZS,20.21
Vietnam,VNM,2011,"Part time employment, male (% of total male employment)",SL.TLF.PART.MA.ZS,19.03
Vietnam,VNM,2009,"Part time employment, male (% of total male employment)",SL.TLF.PART.MA.ZS,23.74
Vietnam,VNM,2007,"Part time employment, male (% of total male employment)",SL.TLF.PART.MA.ZS,11.48
Vietnam,VNM,2022,"Labor force, female (% of total labor force)",SL.TLF.TOTL.FE.ZS,48.4837579213648
Vietnam,VNM,2021,"Labor force, female (% of total labor force)",SL.TLF.TOTL.FE.ZS,48.2469565958107
Vietnam,VNM,2020,"Labor force, female (% of total labor force)",SL.TLF.TOTL.FE.ZS,47.7701162525124
Vietnam,VNM,2019,"Labor force, female (% of total labor force)",SL.TLF.TOTL.FE.ZS,48.0670539565702
Vietnam,VNM,2018,"Labor force, female (% of total labor force)",SL.TLF.TOTL.FE.ZS,48.0556986827563
Vietnam,VNM,2017,"Labor force, female (% of total labor force)",SL.TLF.TOTL.FE.ZS,48.3992867152766
Vietnam,VNM,2016,"Labor force, female (% of total labor force)",SL.TLF.TOTL.FE.ZS,48.4572865366555
Vietnam,VNM,2015,"Labor force, female (% of total labor force)",SL.TLF.TOTL.FE.ZS,48.4118407921989
Vietnam,VNM,2014,"Labor force, female (% of total labor force)",SL.TLF.TOTL.FE.ZS,48.6457822959961
Vietnam,VNM,2013,"Labor force, female (% of total labor force)",SL.TLF.TOTL.FE.ZS,48.6360840570537
Vietnam,VNM,2012,"Labor force, female (% of total labor force)",SL.TLF.TOTL.FE.ZS,48.5664009543815
Vietnam,VNM,2011,"Labor force, female (% of total labor force)",SL.TLF.TOTL.FE.ZS,48.3898769624766
Vietnam,VNM,2010,"Labor force, female (% of total labor force)",SL.TLF.TOTL.FE.ZS,48.458689331922
Vietnam,VNM,2009,"Labor force, female (% of total labor force)",SL.TLF.TOTL.FE.ZS,48.6270457324471
Vietnam,VNM,2008,"Labor force, female (% of total labor force)",SL.TLF.TOTL.FE.ZS,48.7847134757231
Vietnam,VNM,2007,"Labor force, female (% of total labor force)",SL.TLF.TOTL.FE.ZS,48.9705980907477
Vietnam,VNM,2006,"Labor force, female (% of total labor force)",SL.TLF.TOTL.FE.ZS,48.9815651559466
Vietnam,VNM,2005,"Labor force, female (% of total labor force)",SL.TLF.TOTL.FE.ZS,49.0006974941486
Vietnam,VNM,2004,"Labor force, female (% of total labor force)",SL.TLF.TOTL.FE.ZS,49.0269323875213
Vietnam,VNM,2003,"Labor force, female (% of total labor force)",SL.TLF.TOTL.FE.ZS,49.3133253713326
Vietnam,VNM,2002,"Labor force, female (% of total labor force)",SL.TLF.TOTL.FE.ZS,49.4296179929032
Vietnam,VNM,2001,"Labor force, female (% of total labor force)",SL.TLF.TOTL.FE.ZS,49.5243545421844
Vietnam,VNM,2000,"Labor force, female (% of total labor force)",SL.TLF.TOTL.FE.ZS,49.5451433734395
Vietnam,VNM,1999,"Labor force, female (% of total labor force)",SL.TLF.TOTL.FE.ZS,49.9132259996835
Vietnam,VNM,1998,"Labor force, female (% of total labor force)",SL.TLF.TOTL.FE.ZS,49.7288254652916
Vietnam,VNM,1997,"Labor force, female (% of total labor force)",SL.TLF.TOTL.FE.ZS,49.7444690472458
Vietnam,VNM,1996,"Labor force, female (% of total labor force)",SL.TLF.TOTL.FE.ZS,50.0497127275424
Vietnam,VNM,1995,"Labor force, female (% of total labor force)",SL.TLF.TOTL.FE.ZS,50.1976058080573
Vietnam,VNM,1994,"Labor force, female (% of total labor force)",SL.TLF.TOTL.FE.ZS,50.3419850150813
Vietnam,VNM,1993,"Labor force, female (% of total labor force)",SL.TLF.TOTL.FE.ZS,50.4732886545941
Vietnam,VNM,1992,"Labor force, female (% of total labor force)",SL.TLF.TOTL.FE.ZS,50.5991289705864
Vietnam,VNM,1991,"Labor force, female (% of total labor force)",SL.TLF.TOTL.FE.ZS,50.73558158075
Vietnam,VNM,1990,"Labor force, female (% of total labor force)",SL.TLF.TOTL.FE.ZS,50.8355083331024
Vietnam,VNM,2022,"Unemployment, youth female (% of female labor force ages 15-24) (modeled ILO estimate)",SL.UEM.1524.FE.ZS,7.269
Vietnam,VNM,2021,"Unemployment, youth female (% of female labor force ages 15-24) (modeled ILO estimate)",SL.UEM.1524.FE.ZS,6.837
Vietnam,VNM,2020,"Unemployment, youth female (% of female labor force ages 15-24) (modeled ILO estimate)",SL.UEM.1524.FE.ZS,7.456
Vietnam,VNM,2019,"Unemployment, youth female (% of female labor force ages 15-24) (modeled ILO estimate)",SL.UEM.1524.FE.ZS,5.326
Vietnam,VNM,2018,"Unemployment, youth female (% of female labor force ages 15-24) (modeled ILO estimate)",SL.UEM.1524.FE.ZS,4.349
Vietnam,VNM,2017,"Unemployment, youth female (% of female labor force ages 15-24) (modeled ILO estimate)",SL.UEM.1524.FE.ZS,7.017
Vietnam,VNM,2016,"Unemployment, youth female (% of female labor force ages 15-24) (modeled ILO estimate)",SL.UEM.1524.FE.ZS,6.783
Vietnam,VNM,2015,"Unemployment, youth female (% of female labor force ages 15-24) (modeled ILO estimate)",SL.UEM.1524.FE.ZS,6.529
Vietnam,VNM,2014,"Unemployment, youth female (% of female labor force ages 15-24) (modeled ILO estimate)",SL.UEM.1524.FE.ZS,4.807
Vietnam,VNM,2013,"Unemployment, youth female (% of female labor force ages 15-24) (modeled ILO estimate)",SL.UEM.1524.FE.ZS,4.528
Vietnam,VNM,2012,"Unemployment, youth female (% of female labor force ages 15-24) (modeled ILO estimate)",SL.UEM.1524.FE.ZS,3.623
Vietnam,VNM,2011,"Unemployment, youth female (% of female labor force ages 15-24) (modeled ILO estimate)",SL.UEM.1524.FE.ZS,3.155
Vietnam,VNM,2010,"Unemployment, youth female (% of female labor force ages 15-24) (modeled ILO estimate)",SL.UEM.1524.FE.ZS,3.387
Vietnam,VNM,2009,"Unemployment, youth female (% of female labor force ages 15-24) (modeled ILO estimate)",SL.UEM.1524.FE.ZS,4.258
Vietnam,VNM,2008,"Unemployment, youth female (% of female labor force ages 15-24) (modeled ILO estimate)",SL.UEM.1524.FE.ZS,5.053
Vietnam,VNM,2007,"Unemployment, youth female (% of female labor force ages 15-24) (modeled ILO estimate)",SL.UEM.1524.FE.ZS,5.707
Vietnam,VNM,2006,"Unemployment, youth female (% of female labor force ages 15-24) (modeled ILO estimate)",SL.UEM.1524.FE.ZS,5.414
Vietnam,VNM,2005,"Unemployment, youth female (% of female labor force ages 15-24) (modeled ILO estimate)",SL.UEM.1524.FE.ZS,5.068
Vietnam,VNM,2004,"Unemployment, youth female (% of female labor force ages 15-24) (modeled ILO estimate)",SL.UEM.1524.FE.ZS,4.772
Vietnam,VNM,2003,"Unemployment, youth female (% of female labor force ages 15-24) (modeled ILO estimate)",SL.UEM.1524.FE.ZS,5.115
Vietnam,VNM,2002,"Unemployment, youth female (% of female labor force ages 15-24) (modeled ILO estimate)",SL.UEM.1524.FE.ZS,4.474
Vietnam,VNM,2001,"Unemployment, youth female (% of female labor force ages 15-24) (modeled ILO estimate)",SL.UEM.1524.FE.ZS,6.231
Vietnam,VNM,2000,"Unemployment, youth female (% of female labor force ages 15-24) (modeled ILO estimate)",SL.UEM.1524.FE.ZS,4.263
Vietnam,VNM,1999,"Unemployment, youth female (% of female labor force ages 15-24) (modeled ILO estimate)",SL.UEM.1524.FE.ZS,4.577
Vietnam,VNM,1998,"Unemployment, youth female (% of female labor force ages 15-24) (modeled ILO estimate)",SL.UEM.1524.FE.ZS,4.159
Vietnam,VNM,1997,"Unemployment, youth female (% of female labor force ages 15-24) (modeled ILO estimate)",SL.UEM.1524.FE.ZS,5.059
Vietnam,VNM,1996,"Unemployment, youth female (% of female labor force ages 15-24) (modeled ILO estimate)",SL.UEM.1524.FE.ZS,3.405
Vietnam,VNM,1995,"Unemployment, youth female (% of female labor force ages 15-24) (modeled ILO estimate)",SL.UEM.1524.FE.ZS,3.396
Vietnam,VNM,1994,"Unemployment, youth female (% of female labor force ages 15-24) (modeled ILO estimate)",SL.UEM.1524.FE.ZS,3.459
Vietnam,VNM,1993,"Unemployment, youth female (% of female labor force ages 15-24) (modeled ILO estimate)",SL.UEM.1524.FE.ZS,3.528
Vietnam,VNM,1992,"Unemployment, youth female (% of female labor force ages 15-24) (modeled ILO estimate)",SL.UEM.1524.FE.ZS,3.492
Vietnam,VNM,1991,"Unemployment, youth female (% of female labor force ages 15-24) (modeled ILO estimate)",SL.UEM.1524.FE.ZS,3.723
Vietnam,VNM,2022,"Unemployment, youth male (% of male labor force ages 15-24) (modeled ILO estimate)",SL.UEM.1524.MA.ZS,7.583
Vietnam,VNM,2021,"Unemployment, youth male (% of male labor force ages 15-24) (modeled ILO estimate)",SL.UEM.1524.MA.ZS,6.779
Vietnam,VNM,2020,"Unemployment, youth male (% of male labor force ages 15-24) (modeled ILO estimate)",SL.UEM.1524.MA.ZS,5.539
Vietnam,VNM,2019,"Unemployment, youth male (% of male labor force ages 15-24) (modeled ILO estimate)",SL.UEM.1524.MA.ZS,5.651
Vietnam,VNM,2018,"Unemployment, youth male (% of male labor force ages 15-24) (modeled ILO estimate)",SL.UEM.1524.MA.ZS,4.635
Vietnam,VNM,2017,"Unemployment, youth male (% of male labor force ages 15-24) (modeled ILO estimate)",SL.UEM.1524.MA.ZS,7.016
Vietnam,VNM,2016,"Unemployment, youth male (% of male labor force ages 15-24) (modeled ILO estimate)",SL.UEM.1524.MA.ZS,6.793
Vietnam,VNM,2015,"Unemployment, youth male (% of male labor force ages 15-24) (modeled ILO estimate)",SL.UEM.1524.MA.ZS,6.197
Vietnam,VNM,2014,"Unemployment, youth male (% of male labor force ages 15-24) (modeled ILO estimate)",SL.UEM.1524.MA.ZS,4.712
Vietnam,VNM,2013,"Unemployment, youth male (% of male labor force ages 15-24) (modeled ILO estimate)",SL.UEM.1524.MA.ZS,4.722
Vietnam,VNM,2012,"Unemployment, youth male (% of male labor force ages 15-24) (modeled ILO estimate)",SL.UEM.1524.MA.ZS,3.773
Vietnam,VNM,2011,"Unemployment, youth male (% of male labor force ages 15-24) (modeled ILO estimate)",SL.UEM.1524.MA.ZS,3.361
Vietnam,VNM,2010,"Unemployment, youth male (% of male labor force ages 15-24) (modeled ILO estimate)",SL.UEM.1524.MA.ZS,3.554
Vietnam,VNM,2009,"Unemployment, youth male (% of male labor force ages 15-24) (modeled ILO estimate)",SL.UEM.1524.MA.ZS,4.714
Vietnam,VNM,2008,"Unemployment, youth male (% of male labor force ages 15-24) (modeled ILO estimate)",SL.UEM.1524.MA.ZS,5.568
Vietnam,VNM,2007,"Unemployment, youth male (% of male labor force ages 15-24) (modeled ILO estimate)",SL.UEM.1524.MA.ZS,6.254
Vietnam,VNM,2006,"Unemployment, youth male (% of male labor force ages 15-24) (modeled ILO estimate)",SL.UEM.1524.MA.ZS,5.641
Vietnam,VNM,2005,"Unemployment, youth male (% of male labor force ages 15-24) (modeled ILO estimate)",SL.UEM.1524.MA.ZS,4.97
Vietnam,VNM,2004,"Unemployment, youth male (% of male labor force ages 15-24) (modeled ILO estimate)",SL.UEM.1524.MA.ZS,4.378
Vietnam,VNM,2003,"Unemployment, youth male (% of male labor force ages 15-24) (modeled ILO estimate)",SL.UEM.1524.MA.ZS,4.383
Vietnam,VNM,2002,"Unemployment, youth male (% of male labor force ages 15-24) (modeled ILO estimate)",SL.UEM.1524.MA.ZS,4.394
Vietnam,VNM,2001,"Unemployment, youth male (% of male labor force ages 15-24) (modeled ILO estimate)",SL.UEM.1524.MA.ZS,5.132
Vietnam,VNM,2000,"Unemployment, youth male (% of male labor force ages 15-24) (modeled ILO estimate)",SL.UEM.1524.MA.ZS,5.543
Vietnam,VNM,1999,"Unemployment, youth male (% of male labor force ages 15-24) (modeled ILO estimate)",SL.UEM.1524.MA.ZS,5.026
Vietnam,VNM,1998,"Unemployment, youth male (% of male labor force ages 15-24) (modeled ILO estimate)",SL.UEM.1524.MA.ZS,5.352
Vietnam,VNM,1997,"Unemployment, youth male (% of male labor force ages 15-24) (modeled ILO estimate)",SL.UEM.1524.MA.ZS,7.128
Vietnam,VNM,1996,"Unemployment, youth male (% of male labor force ages 15-24) (modeled ILO estimate)",SL.UEM.1524.MA.ZS,4.839
Vietnam,VNM,1995,"Unemployment, youth male (% of male labor force ages 15-24) (modeled ILO estimate)",SL.UEM.1524.MA.ZS,4.772
Vietnam,VNM,1994,"Unemployment, youth male (% of male labor force ages 15-24) (modeled ILO estimate)",SL.UEM.1524.MA.ZS,4.827
Vietnam,VNM,1993,"Unemployment, youth male (% of male labor force ages 15-24) (modeled ILO estimate)",SL.UEM.1524.MA.ZS,4.897
Vietnam,VNM,1992,"Unemployment, youth male (% of male labor force ages 15-24) (modeled ILO estimate)",SL.UEM.1524.MA.ZS,4.794
Vietnam,VNM,1991,"Unemployment, youth male (% of male labor force ages 15-24) (modeled ILO estimate)",SL.UEM.1524.MA.ZS,5.127
Vietnam,VNM,2022,"Unemployment, female (% of female labor force) (modeled ILO estimate)",SL.UEM.TOTL.FE.ZS,1.663
Vietnam,VNM,2021,"Unemployment, female (% of female labor force) (modeled ILO estimate)",SL.UEM.TOTL.FE.ZS,2.287
Vietnam,VNM,2020,"Unemployment, female (% of female labor force) (modeled ILO estimate)",SL.UEM.TOTL.FE.ZS,2.444
Vietnam,VNM,2019,"Unemployment, female (% of female labor force) (modeled ILO estimate)",SL.UEM.TOTL.FE.ZS,1.597
Vietnam,VNM,2018,"Unemployment, female (% of female labor force) (modeled ILO estimate)",SL.UEM.TOTL.FE.ZS,1.03
Vietnam,VNM,2017,"Unemployment, female (% of female labor force) (modeled ILO estimate)",SL.UEM.TOTL.FE.ZS,1.7
Vietnam,VNM,2016,"Unemployment, female (% of female labor force) (modeled ILO estimate)",SL.UEM.TOTL.FE.ZS,1.7
Vietnam,VNM,2015,"Unemployment, female (% of female labor force) (modeled ILO estimate)",SL.UEM.TOTL.FE.ZS,1.711
Vietnam,VNM,2014,"Unemployment, female (% of female labor force) (modeled ILO estimate)",SL.UEM.TOTL.FE.ZS,1.111
Vietnam,VNM,2013,"Unemployment, female (% of female labor force) (modeled ILO estimate)",SL.UEM.TOTL.FE.ZS,1.145
Vietnam,VNM,2012,"Unemployment, female (% of female labor force) (modeled ILO estimate)",SL.UEM.TOTL.FE.ZS,0.932
Vietnam,VNM,2011,"Unemployment, female (% of female labor force) (modeled ILO estimate)",SL.UEM.TOTL.FE.ZS,0.902
Vietnam,VNM,2010,"Unemployment, female (% of female labor force) (modeled ILO estimate)",SL.UEM.TOTL.FE.ZS,1.074
Vietnam,VNM,2009,"Unemployment, female (% of female labor force) (modeled ILO estimate)",SL.UEM.TOTL.FE.ZS,1.581
Vietnam,VNM,2008,"Unemployment, female (% of female labor force) (modeled ILO estimate)",SL.UEM.TOTL.FE.ZS,1.796
Vietnam,VNM,2007,"Unemployment, female (% of female labor force) (modeled ILO estimate)",SL.UEM.TOTL.FE.ZS,1.933
Vietnam,VNM,2006,"Unemployment, female (% of female labor force) (modeled ILO estimate)",SL.UEM.TOTL.FE.ZS,2.122
Vietnam,VNM,2005,"Unemployment, female (% of female labor force) (modeled ILO estimate)",SL.UEM.TOTL.FE.ZS,2.26
Vietnam,VNM,2004,"Unemployment, female (% of female labor force) (modeled ILO estimate)",SL.UEM.TOTL.FE.ZS,2.435
Vietnam,VNM,2003,"Unemployment, female (% of female labor force) (modeled ILO estimate)",SL.UEM.TOTL.FE.ZS,2.63
Vietnam,VNM,2002,"Unemployment, female (% of female labor force) (modeled ILO estimate)",SL.UEM.TOTL.FE.ZS,2.327
Vietnam,VNM,2001,"Unemployment, female (% of female labor force) (modeled ILO estimate)",SL.UEM.TOTL.FE.ZS,3.26
Vietnam,VNM,2000,"Unemployment, female (% of female labor force) (modeled ILO estimate)",SL.UEM.TOTL.FE.ZS,2.144
Vietnam,VNM,1999,"Unemployment, female (% of female labor force) (modeled ILO estimate)",SL.UEM.TOTL.FE.ZS,2.405
Vietnam,VNM,1998,"Unemployment, female (% of female labor force) (modeled ILO estimate)",SL.UEM.TOTL.FE.ZS,2.159
Vietnam,VNM,1997,"Unemployment, female (% of female labor force) (modeled ILO estimate)",SL.UEM.TOTL.FE.ZS,2.549
Vietnam,VNM,1996,"Unemployment, female (% of female labor force) (modeled ILO estimate)",SL.UEM.TOTL.FE.ZS,1.7
Vietnam,VNM,1995,"Unemployment, female (% of female labor force) (modeled ILO estimate)",SL.UEM.TOTL.FE.ZS,1.687
Vietnam,VNM,1994,"Unemployment, female (% of female labor force) (modeled ILO estimate)",SL.UEM.TOTL.FE.ZS,1.727
Vietnam,VNM,1993,"Unemployment, female (% of female labor force) (modeled ILO estimate)",SL.UEM.TOTL.FE.ZS,1.771
Vietnam,VNM,1992,"Unemployment, female (% of female labor force) (modeled ILO estimate)",SL.UEM.TOTL.FE.ZS,1.733
Vietnam,VNM,1991,"Unemployment, female (% of female labor force) (modeled ILO estimate)",SL.UEM.TOTL.FE.ZS,1.902
Vietnam,VNM,2022,"Unemployment, male (% of male labor force) (modeled ILO estimate)",SL.UEM.TOTL.MA.ZS,2.167
Vietnam,VNM,2021,"Unemployment, male (% of male labor force) (modeled ILO estimate)",SL.UEM.TOTL.MA.ZS,2.467
Vietnam,VNM,2020,"Unemployment, male (% of male labor force) (modeled ILO estimate)",SL.UEM.TOTL.MA.ZS,1.786
Vietnam,VNM,2019,"Unemployment, male (% of male labor force) (modeled ILO estimate)",SL.UEM.TOTL.MA.ZS,1.757
Vietnam,VNM,2018,"Unemployment, male (% of male labor force) (modeled ILO estimate)",SL.UEM.TOTL.MA.ZS,1.28
Vietnam,VNM,2017,"Unemployment, male (% of male labor force) (modeled ILO estimate)",SL.UEM.TOTL.MA.ZS,2.03
Vietnam,VNM,2016,"Unemployment, male (% of male labor force) (modeled ILO estimate)",SL.UEM.TOTL.MA.ZS,1.991
Vietnam,VNM,2015,"Unemployment, male (% of male labor force) (modeled ILO estimate)",SL.UEM.TOTL.MA.ZS,1.981
Vietnam,VNM,2014,"Unemployment, male (% of male labor force) (modeled ILO estimate)",SL.UEM.TOTL.MA.ZS,1.401
Vietnam,VNM,2013,"Unemployment, male (% of male labor force) (modeled ILO estimate)",SL.UEM.TOTL.MA.ZS,1.486
Vietnam,VNM,2012,"Unemployment, male (% of male labor force) (modeled ILO estimate)",SL.UEM.TOTL.MA.ZS,1.122
Vietnam,VNM,2011,"Unemployment, male (% of male labor force) (modeled ILO estimate)",SL.UEM.TOTL.MA.ZS,1.092
Vietnam,VNM,2010,"Unemployment, male (% of male labor force) (modeled ILO estimate)",SL.UEM.TOTL.MA.ZS,1.144
Vietnam,VNM,2009,"Unemployment, male (% of male labor force) (modeled ILO estimate)",SL.UEM.TOTL.MA.ZS,1.891
Vietnam,VNM,2008,"Unemployment, male (% of male labor force) (modeled ILO estimate)",SL.UEM.TOTL.MA.ZS,2.052
Vietnam,VNM,2007,"Unemployment, male (% of male labor force) (modeled ILO estimate)",SL.UEM.TOTL.MA.ZS,2.123
Vietnam,VNM,2006,"Unemployment, male (% of male labor force) (modeled ILO estimate)",SL.UEM.TOTL.MA.ZS,2.052
Vietnam,VNM,2005,"Unemployment, male (% of male labor force) (modeled ILO estimate)",SL.UEM.TOTL.MA.ZS,1.935
Vietnam,VNM,2004,"Unemployment, male (% of male labor force) (modeled ILO estimate)",SL.UEM.TOTL.MA.ZS,1.856
Vietnam,VNM,2003,"Unemployment, male (% of male labor force) (modeled ILO estimate)",SL.UEM.TOTL.MA.ZS,1.88
Vietnam,VNM,2002,"Unemployment, male (% of male labor force) (modeled ILO estimate)",SL.UEM.TOTL.MA.ZS,1.918
Vietnam,VNM,2001,"Unemployment, male (% of male labor force) (modeled ILO estimate)",SL.UEM.TOTL.MA.ZS,2.27
Vietnam,VNM,2000,"Unemployment, male (% of male labor force) (modeled ILO estimate)",SL.UEM.TOTL.MA.ZS,2.374
Vietnam,VNM,1999,"Unemployment, male (% of male labor force) (modeled ILO estimate)",SL.UEM.TOTL.MA.ZS,2.255
Vietnam,VNM,1998,"Unemployment, male (% of male labor force) (modeled ILO estimate)",SL.UEM.TOTL.MA.ZS,2.419
Vietnam,VNM,1997,"Unemployment, male (% of male labor force) (modeled ILO estimate)",SL.UEM.TOTL.MA.ZS,3.188
Vietnam,VNM,1996,"Unemployment, male (% of male labor force) (modeled ILO estimate)",SL.UEM.TOTL.MA.ZS,2.16
Vietnam,VNM,1995,"Unemployment, male (% of male labor force) (modeled ILO estimate)",SL.UEM.TOTL.MA.ZS,2.128
Vietnam,VNM,1994,"Unemployment, male (% of male labor force) (modeled ILO estimate)",SL.UEM.TOTL.MA.ZS,2.166
Vietnam,VNM,1993,"Unemployment, male (% of male labor force) (modeled ILO estimate)",SL.UEM.TOTL.MA.ZS,2.211
Vietnam,VNM,1992,"Unemployment, male (% of male labor force) (modeled ILO estimate)",SL.UEM.TOTL.MA.ZS,2.147
Vietnam,VNM,1991,"Unemployment, male (% of male labor force) (modeled ILO estimate)",SL.UEM.TOTL.MA.ZS,2.354
Vietnam,VNM,2021,"Adolescent fertility rate (births per 1,000 women ages 15-19)",SP.ADO.TFRT,34.6
Vietnam,VNM,2020,"Adolescent fertility rate (births per 1,000 women ages 15-19)",SP.ADO.TFRT,34.709
Vietnam,VNM,2019,"Adolescent fertility rate (births per 1,000 women ages 15-19)",SP.ADO.TFRT,34.703
Vietnam,VNM,2018,"Adolescent fertility rate (births per 1,000 women ages 15-19)",SP.ADO.TFRT,34.514
Vietnam,VNM,2017,"Adolescent fertility rate (births per 1,000 women ages 15-19)",SP.ADO.TFRT,34.291
Vietnam,VNM,2016,"Adolescent fertility rate (births per 1,000 women ages 15-19)",SP.ADO.TFRT,34.813
Vietnam,VNM,2015,"Adolescent fertility rate (births per 1,000 women ages 15-19)",SP.ADO.TFRT,35.761
Vietnam,VNM,2014,"Adolescent fertility rate (births per 1,000 women ages 15-19)",SP.ADO.TFRT,36.25
Vietnam,VNM,2013,"Adolescent fertility rate (births per 1,000 women ages 15-19)",SP.ADO.TFRT,36.798
Vietnam,VNM,2012,"Adolescent fertility rate (births per 1,000 women ages 15-19)",SP.ADO.TFRT,36.088
Vietnam,VNM,2011,"Adolescent fertility rate (births per 1,000 women ages 15-19)",SP.ADO.TFRT,35.397
Vietnam,VNM,2010,"Adolescent fertility rate (births per 1,000 women ages 15-19)",SP.ADO.TFRT,34.991
Vietnam,VNM,2009,"Adolescent fertility rate (births per 1,000 women ages 15-19)",SP.ADO.TFRT,32.923
Vietnam,VNM,2008,"Adolescent fertility rate (births per 1,000 women ages 15-19)",SP.ADO.TFRT,30.388
Vietnam,VNM,2007,"Adolescent fertility rate (births per 1,000 women ages 15-19)",SP.ADO.TFRT,28.725
Vietnam,VNM,2006,"Adolescent fertility rate (births per 1,000 women ages 15-19)",SP.ADO.TFRT,27.366
Vietnam,VNM,2005,"Adolescent fertility rate (births per 1,000 women ages 15-19)",SP.ADO.TFRT,26.266
Vietnam,VNM,2004,"Adolescent fertility rate (births per 1,000 women ages 15-19)",SP.ADO.TFRT,26.263
Vietnam,VNM,2003,"Adolescent fertility rate (births per 1,000 women ages 15-19)",SP.ADO.TFRT,25.089
Vietnam,VNM,2002,"Adolescent fertility rate (births per 1,000 women ages 15-19)",SP.ADO.TFRT,26.532
Vietnam,VNM,2001,"Adolescent fertility rate (births per 1,000 women ages 15-19)",SP.ADO.TFRT,27.014
Vietnam,VNM,2000,"Adolescent fertility rate (births per 1,000 women ages 15-19)",SP.ADO.TFRT,27.968
Vietnam,VNM,1999,"Adolescent fertility rate (births per 1,000 women ages 15-19)",SP.ADO.TFRT,29.019
Vietnam,VNM,1998,"Adolescent fertility rate (births per 1,000 women ages 15-19)",SP.ADO.TFRT,30.71
Vietnam,VNM,1997,"Adolescent fertility rate (births per 1,000 women ages 15-19)",SP.ADO.TFRT,34.302
Vietnam,VNM,1996,"Adolescent fertility rate (births per 1,000 women ages 15-19)",SP.ADO.TFRT,37.883
Vietnam,VNM,1995,"Adolescent fertility rate (births per 1,000 women ages 15-19)",SP.ADO.TFRT,43.176
Vietnam,VNM,1994,"Adolescent fertility rate (births per 1,000 women ages 15-19)",SP.ADO.TFRT,45.447
Vietnam,VNM,1993,"Adolescent fertility rate (births per 1,000 women ages 15-19)",SP.ADO.TFRT,47.314
Vietnam,VNM,1992,"Adolescent fertility rate (births per 1,000 women ages 15-19)",SP.ADO.TFRT,48.217
Vietnam,VNM,1991,"Adolescent fertility rate (births per 1,000 women ages 15-19)",SP.ADO.TFRT,46.525
Vietnam,VNM,1990,"Adolescent fertility rate (births per 1,000 women ages 15-19)",SP.ADO.TFRT,43.715
Vietnam,VNM,1989,"Adolescent fertility rate (births per 1,000 women ages 15-19)",SP.ADO.TFRT,41.485
Vietnam,VNM,1988,"Adolescent fertility rate (births per 1,000 women ages 15-19)",SP.ADO.TFRT,38.107
Vietnam,VNM,1987,"Adolescent fertility rate (births per 1,000 women ages 15-19)",SP.ADO.TFRT,36.656
Vietnam,VNM,1986,"Adolescent fertility rate (births per 1,000 women ages 15-19)",SP.ADO.TFRT,35.308
Vietnam,VNM,1985,"Adolescent fertility rate (births per 1,000 women ages 15-19)",SP.ADO.TFRT,35.328
Vietnam,VNM,1984,"Adolescent fertility rate (births per 1,000 women ages 15-19)",SP.ADO.TFRT,36.941
Vietnam,VNM,1983,"Adolescent fertility rate (births per 1,000 women ages 15-19)",SP.ADO.TFRT,36.759
Vietnam,VNM,1982,"Adolescent fertility rate (births per 1,000 women ages 15-19)",SP.ADO.TFRT,36.076
Vietnam,VNM,1981,"Adolescent fertility rate (births per 1,000 women ages 15-19)",SP.ADO.TFRT,34.322
Vietnam,VNM,1980,"Adolescent fertility rate (births per 1,000 women ages 15-19)",SP.ADO.TFRT,32.828
Vietnam,VNM,1979,"Adolescent fertility rate (births per 1,000 women ages 15-19)",SP.ADO.TFRT,33.16
Vietnam,VNM,1978,"Adolescent fertility rate (births per 1,000 women ages 15-19)",SP.ADO.TFRT,33.293
Vietnam,VNM,1977,"Adolescent fertility rate (births per 1,000 women ages 15-19)",SP.ADO.TFRT,32.726
Vietnam,VNM,1976,"Adolescent fertility rate (births per 1,000 women ages 15-19)",SP.ADO.TFRT,30.827
Vietnam,VNM,1975,"Adolescent fertility rate (births per 1,000 women ages 15-19)",SP.ADO.TFRT,28.877
Vietnam,VNM,1974,"Adolescent fertility rate (births per 1,000 women ages 15-19)",SP.ADO.TFRT,29.877
Vietnam,VNM,1973,"Adolescent fertility rate (births per 1,000 women ages 15-19)",SP.ADO.TFRT,31.631
Vietnam,VNM,1972,"Adolescent fertility rate (births per 1,000 women ages 15-19)",SP.ADO.TFRT,31.339
Vietnam,VNM,1971,"Adolescent fertility rate (births per 1,000 women ages 15-19)",SP.ADO.TFRT,30.212
Vietnam,VNM,1970,"Adolescent fertility rate (births per 1,000 women ages 15-19)",SP.ADO.TFRT,28.836
Vietnam,VNM,1969,"Adolescent fertility rate (births per 1,000 women ages 15-19)",SP.ADO.TFRT,29.178
Vietnam,VNM,1968,"Adolescent fertility rate (births per 1,000 women ages 15-19)",SP.ADO.TFRT,27.874
Vietnam,VNM,1967,"Adolescent fertility rate (births per 1,000 women ages 15-19)",SP.ADO.TFRT,25.119
Vietnam,VNM,1966,"Adolescent fertility rate (births per 1,000 women ages 15-19)",SP.ADO.TFRT,23.922
Vietnam,VNM,1965,"Adolescent fertility rate (births per 1,000 women ages 15-19)",SP.ADO.TFRT,23.611
Vietnam,VNM,1964,"Adolescent fertility rate (births per 1,000 women ages 15-19)",SP.ADO.TFRT,25.281
Vietnam,VNM,1963,"Adolescent fertility rate (births per 1,000 women ages 15-19)",SP.ADO.TFRT,26.307
Vietnam,VNM,1962,"Adolescent fertility rate (births per 1,000 women ages 15-19)",SP.ADO.TFRT,26.234
Vietnam,VNM,1961,"Adolescent fertility rate (births per 1,000 women ages 15-19)",SP.ADO.TFRT,22.587
Vietnam,VNM,1960,"Adolescent fertility rate (births per 1,000 women ages 15-19)",SP.ADO.TFRT,26.921
Vietnam,VNM,2021,"Mortality rate, adult, female (per 1,000 female adults)",SP.DYN.AMRT.FE,77.554
Vietnam,VNM,2020,"Mortality rate, adult, female (per 1,000 female adults)",SP.DYN.AMRT.FE,68.075
Vietnam,VNM,2019,"Mortality rate, adult, female (per 1,000 female adults)",SP.DYN.AMRT.FE,76.268
Vietnam,VNM,2018,"Mortality rate, adult, female (per 1,000 female adults)",SP.DYN.AMRT.FE,77.12
Vietnam,VNM,2017,"Mortality rate, adult, female (per 1,000 female adults)",SP.DYN.AMRT.FE,77.488
Vietnam,VNM,2016,"Mortality rate, adult, female (per 1,000 female adults)",SP.DYN.AMRT.FE,77.121
Vietnam,VNM,2015,"Mortality rate, adult, female (per 1,000 female adults)",SP.DYN.AMRT.FE,77.801
Vietnam,VNM,2014,"Mortality rate, adult, female (per 1,000 female adults)",SP.DYN.AMRT.FE,78.213
Vietnam,VNM,2013,"Mortality rate, adult, female (per 1,000 female adults)",SP.DYN.AMRT.FE,79.029
Vietnam,VNM,2012,"Mortality rate, adult, female (per 1,000 female adults)",SP.DYN.AMRT.FE,79.378
Vietnam,VNM,2011,"Mortality rate, adult, female (per 1,000 female adults)",SP.DYN.AMRT.FE,79.307
Vietnam,VNM,2010,"Mortality rate, adult, female (per 1,000 female adults)",SP.DYN.AMRT.FE,80.359
Vietnam,VNM,2009,"Mortality rate, adult, female (per 1,000 female adults)",SP.DYN.AMRT.FE,80.242
Vietnam,VNM,2008,"Mortality rate, adult, female (per 1,000 female adults)",SP.DYN.AMRT.FE,80.279
Vietnam,VNM,2007,"Mortality rate, adult, female (per 1,000 female adults)",SP.DYN.AMRT.FE,80.254
Vietnam,VNM,2006,"Mortality rate, adult, female (per 1,000 female adults)",SP.DYN.AMRT.FE,81.298
Vietnam,VNM,2005,"Mortality rate, adult, female (per 1,000 female adults)",SP.DYN.AMRT.FE,81.535
Vietnam,VNM,2004,"Mortality rate, adult, female (per 1,000 female adults)",SP.DYN.AMRT.FE,81.755
Vietnam,VNM,2003,"Mortality rate, adult, female (per 1,000 female adults)",SP.DYN.AMRT.FE,82.935
Vietnam,VNM,2002,"Mortality rate, adult, female (per 1,000 female adults)",SP.DYN.AMRT.FE,84.219
Vietnam,VNM,2001,"Mortality rate, adult, female (per 1,000 female adults)",SP.DYN.AMRT.FE,85.224
Vietnam,VNM,2000,"Mortality rate, adult, female (per 1,000 female adults)",SP.DYN.AMRT.FE,86.176
Vietnam,VNM,1999,"Mortality rate, adult, female (per 1,000 female adults)",SP.DYN.AMRT.FE,86.091
Vietnam,VNM,1998,"Mortality rate, adult, female (per 1,000 female adults)",SP.DYN.AMRT.FE,87.496
Vietnam,VNM,1997,"Mortality rate, adult, female (per 1,000 female adults)",SP.DYN.AMRT.FE,90.044
Vietnam,VNM,1996,"Mortality rate, adult, female (per 1,000 female adults)",SP.DYN.AMRT.FE,88.865
Vietnam,VNM,1995,"Mortality rate, adult, female (per 1,000 female adults)",SP.DYN.AMRT.FE,88.346
Vietnam,VNM,1994,"Mortality rate, adult, female (per 1,000 female adults)",SP.DYN.AMRT.FE,93.144
Vietnam,VNM,1993,"Mortality rate, adult, female (per 1,000 female adults)",SP.DYN.AMRT.FE,93.212
Vietnam,VNM,1992,"Mortality rate, adult, female (per 1,000 female adults)",SP.DYN.AMRT.FE,99.599
Vietnam,VNM,1991,"Mortality rate, adult, female (per 1,000 female adults)",SP.DYN.AMRT.FE,99.239
Vietnam,VNM,1990,"Mortality rate, adult, female (per 1,000 female adults)",SP.DYN.AMRT.FE,105.527
Vietnam,VNM,1989,"Mortality rate, adult, female (per 1,000 female adults)",SP.DYN.AMRT.FE,105.618
Vietnam,VNM,1988,"Mortality rate, adult, female (per 1,000 female adults)",SP.DYN.AMRT.FE,112.446
Vietnam,VNM,1987,"Mortality rate, adult, female (per 1,000 female adults)",SP.DYN.AMRT.FE,112.898
Vietnam,VNM,1986,"Mortality rate, adult, female (per 1,000 female adults)",SP.DYN.AMRT.FE,113.266
Vietnam,VNM,1985,"Mortality rate, adult, female (per 1,000 female adults)",SP.DYN.AMRT.FE,121.033
Vietnam,VNM,1984,"Mortality rate, adult, female (per 1,000 female adults)",SP.DYN.AMRT.FE,120.777
Vietnam,VNM,1983,"Mortality rate, adult, female (per 1,000 female adults)",SP.DYN.AMRT.FE,121.518
Vietnam,VNM,1982,"Mortality rate, adult, female (per 1,000 female adults)",SP.DYN.AMRT.FE,120.912
Vietnam,VNM,1981,"Mortality rate, adult, female (per 1,000 female adults)",SP.DYN.AMRT.FE,128.649
Vietnam,VNM,1980,"Mortality rate, adult, female (per 1,000 female adults)",SP.DYN.AMRT.FE,130.094
Vietnam,VNM,1979,"Mortality rate, adult, female (per 1,000 female adults)",SP.DYN.AMRT.FE,130.806
Vietnam,VNM,1978,"Mortality rate, adult, female (per 1,000 female adults)",SP.DYN.AMRT.FE,133.548
Vietnam,VNM,1977,"Mortality rate, adult, female (per 1,000 female adults)",SP.DYN.AMRT.FE,142.173
Vietnam,VNM,1976,"Mortality rate, adult, female (per 1,000 female adults)",SP.DYN.AMRT.FE,144.778
Vietnam,VNM,1975,"Mortality rate, adult, female (per 1,000 female adults)",SP.DYN.AMRT.FE,157.161
Vietnam,VNM,1974,"Mortality rate, adult, female (per 1,000 female adults)",SP.DYN.AMRT.FE,212.239
Vietnam,VNM,1973,"Mortality rate, adult, female (per 1,000 female adults)",SP.DYN.AMRT.FE,208.823
Vietnam,VNM,1972,"Mortality rate, adult, female (per 1,000 female adults)",SP.DYN.AMRT.FE,240.026
Vietnam,VNM,1971,"Mortality rate, adult, female (per 1,000 female adults)",SP.DYN.AMRT.FE,208.742
Vietnam,VNM,1970,"Mortality rate, adult, female (per 1,000 female adults)",SP.DYN.AMRT.FE,213.751
Vietnam,VNM,1969,"Mortality rate, adult, female (per 1,000 female adults)",SP.DYN.AMRT.FE,215.093
Vietnam,VNM,1968,"Mortality rate, adult, female (per 1,000 female adults)",SP.DYN.AMRT.FE,232.879
Vietnam,VNM,1967,"Mortality rate, adult, female (per 1,000 female adults)",SP.DYN.AMRT.FE,204.514
Vietnam,VNM,1966,"Mortality rate, adult, female (per 1,000 female adults)",SP.DYN.AMRT.FE,202.886
Vietnam,VNM,1965,"Mortality rate, adult, female (per 1,000 female adults)",SP.DYN.AMRT.FE,202.22
Vietnam,VNM,1964,"Mortality rate, adult, female (per 1,000 female adults)",SP.DYN.AMRT.FE,199.69
Vietnam,VNM,1963,"Mortality rate, adult, female (per 1,000 female adults)",SP.DYN.AMRT.FE,205.081
Vietnam,VNM,1962,"Mortality rate, adult, female (per 1,000 female adults)",SP.DYN.AMRT.FE,192.716
Vietnam,VNM,1961,"Mortality rate, adult, female (per 1,000 female adults)",SP.DYN.AMRT.FE,194.568
Vietnam,VNM,1960,"Mortality rate, adult, female (per 1,000 female adults)",SP.DYN.AMRT.FE,201.68
Vietnam,VNM,2021,"Mortality rate, adult, male (per 1,000 male adults)",SP.DYN.AMRT.MA,183.997
Vietnam,VNM,2020,"Mortality rate, adult, male (per 1,000 male adults)",SP.DYN.AMRT.MA,163.167
Vietnam,VNM,2019,"Mortality rate, adult, male (per 1,000 male adults)",SP.DYN.AMRT.MA,187.339
Vietnam,VNM,2018,"Mortality rate, adult, male (per 1,000 male adults)",SP.DYN.AMRT.MA,189.048
Vietnam,VNM,2017,"Mortality rate, adult, male (per 1,000 male adults)",SP.DYN.AMRT.MA,188.581
Vietnam,VNM,2016,"Mortality rate, adult, male (per 1,000 male adults)",SP.DYN.AMRT.MA,189.793
Vietnam,VNM,2015,"Mortality rate, adult, male (per 1,000 male adults)",SP.DYN.AMRT.MA,189.953
Vietnam,VNM,2014,"Mortality rate, adult, male (per 1,000 male adults)",SP.DYN.AMRT.MA,189.624
Vietnam,VNM,2013,"Mortality rate, adult, male (per 1,000 male adults)",SP.DYN.AMRT.MA,190.298
Vietnam,VNM,2012,"Mortality rate, adult, male (per 1,000 male adults)",SP.DYN.AMRT.MA,191.451
Vietnam,VNM,2011,"Mortality rate, adult, male (per 1,000 male adults)",SP.DYN.AMRT.MA,191.475
Vietnam,VNM,2010,"Mortality rate, adult, male (per 1,000 male adults)",SP.DYN.AMRT.MA,194.181
Vietnam,VNM,2009,"Mortality rate, adult, male (per 1,000 male adults)",SP.DYN.AMRT.MA,194.32
Vietnam,VNM,2008,"Mortality rate, adult, male (per 1,000 male adults)",SP.DYN.AMRT.MA,196.109
Vietnam,VNM,2007,"Mortality rate, adult, male (per 1,000 male adults)",SP.DYN.AMRT.MA,194.64
Vietnam,VNM,2006,"Mortality rate, adult, male (per 1,000 male adults)",SP.DYN.AMRT.MA,195.422
Vietnam,VNM,2005,"Mortality rate, adult, male (per 1,000 male adults)",SP.DYN.AMRT.MA,195.355
Vietnam,VNM,2004,"Mortality rate, adult, male (per 1,000 male adults)",SP.DYN.AMRT.MA,197.621
Vietnam,VNM,2003,"Mortality rate, adult, male (per 1,000 male adults)",SP.DYN.AMRT.MA,198.534
Vietnam,VNM,2002,"Mortality rate, adult, male (per 1,000 male adults)",SP.DYN.AMRT.MA,199.725
Vietnam,VNM,2001,"Mortality rate, adult, male (per 1,000 male adults)",SP.DYN.AMRT.MA,200.196
Vietnam,VNM,2000,"Mortality rate, adult, male (per 1,000 male adults)",SP.DYN.AMRT.MA,201.342
Vietnam,VNM,1999,"Mortality rate, adult, male (per 1,000 male adults)",SP.DYN.AMRT.MA,202.35
Vietnam,VNM,1998,"Mortality rate, adult, male (per 1,000 male adults)",SP.DYN.AMRT.MA,202.88
Vietnam,VNM,1997,"Mortality rate, adult, male (per 1,000 male adults)",SP.DYN.AMRT.MA,203.394
Vietnam,VNM,1996,"Mortality rate, adult, male (per 1,000 male adults)",SP.DYN.AMRT.MA,209.642
Vietnam,VNM,1995,"Mortality rate, adult, male (per 1,000 male adults)",SP.DYN.AMRT.MA,209.287
Vietnam,VNM,1994,"Mortality rate, adult, male (per 1,000 male adults)",SP.DYN.AMRT.MA,215.601
Vietnam,VNM,1993,"Mortality rate, adult, male (per 1,000 male adults)",SP.DYN.AMRT.MA,214.066
Vietnam,VNM,1992,"Mortality rate, adult, male (per 1,000 male adults)",SP.DYN.AMRT.MA,219.486
Vietnam,VNM,1991,"Mortality rate, adult, male (per 1,000 male adults)",SP.DYN.AMRT.MA,217.26
Vietnam,VNM,1990,"Mortality rate, adult, male (per 1,000 male adults)",SP.DYN.AMRT.MA,222.826
Vietnam,VNM,1989,"Mortality rate, adult, male (per 1,000 male adults)",SP.DYN.AMRT.MA,221.16
Vietnam,VNM,1988,"Mortality rate, adult, male (per 1,000 male adults)",SP.DYN.AMRT.MA,226.27
Vietnam,VNM,1987,"Mortality rate, adult, male (per 1,000 male adults)",SP.DYN.AMRT.MA,223.284
Vietnam,VNM,1986,"Mortality rate, adult, male (per 1,000 male adults)",SP.DYN.AMRT.MA,230.253
Vietnam,VNM,1985,"Mortality rate, adult, male (per 1,000 male adults)",SP.DYN.AMRT.MA,229.92
Vietnam,VNM,1984,"Mortality rate, adult, male (per 1,000 male adults)",SP.DYN.AMRT.MA,236.49
Vietnam,VNM,1983,"Mortality rate, adult, male (per 1,000 male adults)",SP.DYN.AMRT.MA,237.262
Vietnam,VNM,1982,"Mortality rate, adult, male (per 1,000 male adults)",SP.DYN.AMRT.MA,236.291
Vietnam,VNM,1981,"Mortality rate, adult, male (per 1,000 male adults)",SP.DYN.AMRT.MA,238.483
Vietnam,VNM,1980,"Mortality rate, adult, male (per 1,000 male adults)",SP.DYN.AMRT.MA,247.745
Vietnam,VNM,1979,"Mortality rate, adult, male (per 1,000 male adults)",SP.DYN.AMRT.MA,249.767
Vietnam,VNM,1978,"Mortality rate, adult, male (per 1,000 male adults)",SP.DYN.AMRT.MA,258.695
Vietnam,VNM,1977,"Mortality rate, adult, male (per 1,000 male adults)",SP.DYN.AMRT.MA,262.094
Vietnam,VNM,1976,"Mortality rate, adult, male (per 1,000 male adults)",SP.DYN.AMRT.MA,264.877
Vietnam,VNM,1975,"Mortality rate, adult, male (per 1,000 male adults)",SP.DYN.AMRT.MA,307.09
Vietnam,VNM,1974,"Mortality rate, adult, male (per 1,000 male adults)",SP.DYN.AMRT.MA,459.525
Vietnam,VNM,1973,"Mortality rate, adult, male (per 1,000 male adults)",SP.DYN.AMRT.MA,433.512
Vietnam,VNM,1972,"Mortality rate, adult, male (per 1,000 male adults)",SP.DYN.AMRT.MA,510.651
Vietnam,VNM,1971,"Mortality rate, adult, male (per 1,000 male adults)",SP.DYN.AMRT.MA,431.735
Vietnam,VNM,1970,"Mortality rate, adult, male (per 1,000 male adults)",SP.DYN.AMRT.MA,440.995
Vietnam,VNM,1969,"Mortality rate, adult, male (per 1,000 male adults)",SP.DYN.AMRT.MA,440.579
Vietnam,VNM,1968,"Mortality rate, adult, male (per 1,000 male adults)",SP.DYN.AMRT.MA,483.98
Vietnam,VNM,1967,"Mortality rate, adult, male (per 1,000 male adults)",SP.DYN.AMRT.MA,389.154
Vietnam,VNM,1966,"Mortality rate, adult, male (per 1,000 male adults)",SP.DYN.AMRT.MA,380.457
Vietnam,VNM,1965,"Mortality rate, adult, male (per 1,000 male adults)",SP.DYN.AMRT.MA,373.275
Vietnam,VNM,1964,"Mortality rate, adult, male (per 1,000 male adults)",SP.DYN.AMRT.MA,352.171
Vietnam,VNM,1963,"Mortality rate, adult, male (per 1,000 male adults)",SP.DYN.AMRT.MA,363.566
Vietnam,VNM,1962,"Mortality rate, adult, male (per 1,000 male adults)",SP.DYN.AMRT.MA,325.231
Vietnam,VNM,1961,"Mortality rate, adult, male (per 1,000 male adults)",SP.DYN.AMRT.MA,312.499
Vietnam,VNM,1960,"Mortality rate, adult, male (per 1,000 male adults)",SP.DYN.AMRT.MA,316.605
Vietnam,VNM,2021,"Contraceptive prevalence, any method (% of married women ages 15-49)",SP.DYN.CONU.ZS,72.8
Vietnam,VNM,2019,"Contraceptive prevalence, any method (% of married women ages 15-49)",SP.DYN.CONU.ZS,76.5
Vietnam,VNM,2018,"Contraceptive prevalence, any method (% of married women ages 15-49)",SP.DYN.CONU.ZS,76.4
Vietnam,VNM,2016,"Contraceptive prevalence, any method (% of married women ages 15-49)",SP.DYN.CONU.ZS,77.6
Vietnam,VNM,2015,"Contraceptive prevalence, any method (% of married women ages 15-49)",SP.DYN.CONU.ZS,75.7
Vietnam,VNM,2014,"Contraceptive prevalence, any method (% of married women ages 15-49)",SP.DYN.CONU.ZS,75.7
Vietnam,VNM,2013,"Contraceptive prevalence, any method (% of married women ages 15-49)",SP.DYN.CONU.ZS,77.2
Vietnam,VNM,2012,"Contraceptive prevalence, any method (% of married women ages 15-49)",SP.DYN.CONU.ZS,76.2
Vietnam,VNM,2011,"Contraceptive prevalence, any method (% of married women ages 15-49)",SP.DYN.CONU.ZS,77.8
Vietnam,VNM,2010,"Contraceptive prevalence, any method (% of married women ages 15-49)",SP.DYN.CONU.ZS,78
Vietnam,VNM,2008,"Contraceptive prevalence, any method (% of married women ages 15-49)",SP.DYN.CONU.ZS,79.4
Vietnam,VNM,2007,"Contraceptive prevalence, any method (% of married women ages 15-49)",SP.DYN.CONU.ZS,79
Vietnam,VNM,2006,"Contraceptive prevalence, any method (% of married women ages 15-49)",SP.DYN.CONU.ZS,75.7
Vietnam,VNM,2005,"Contraceptive prevalence, any method (% of married women ages 15-49)",SP.DYN.CONU.ZS,76.9
Vietnam,VNM,2004,"Contraceptive prevalence, any method (% of married women ages 15-49)",SP.DYN.CONU.ZS,75.7
Vietnam,VNM,2003,"Contraceptive prevalence, any method (% of married women ages 15-49)",SP.DYN.CONU.ZS,75
Vietnam,VNM,2002,"Contraceptive prevalence, any method (% of married women ages 15-49)",SP.DYN.CONU.ZS,78.5
Vietnam,VNM,2001,"Contraceptive prevalence, any method (% of married women ages 15-49)",SP.DYN.CONU.ZS,73.9
Vietnam,VNM,2000,"Contraceptive prevalence, any method (% of married women ages 15-49)",SP.DYN.CONU.ZS,74.2
Vietnam,VNM,1998,"Contraceptive prevalence, any method (% of married women ages 15-49)",SP.DYN.CONU.ZS,71.9
Vietnam,VNM,1997,"Contraceptive prevalence, any method (% of married women ages 15-49)",SP.DYN.CONU.ZS,75.3
Vietnam,VNM,1994,"Contraceptive prevalence, any method (% of married women ages 15-49)",SP.DYN.CONU.ZS,65
Vietnam,VNM,1988,"Contraceptive prevalence, any method (% of married women ages 15-49)",SP.DYN.CONU.ZS,53.2
Vietnam,VNM,2021,"Life expectancy at birth, female (years)",SP.DYN.LE00.FE.IN,78.235
Vietnam,VNM,2020,"Life expectancy at birth, female (years)",SP.DYN.LE00.FE.IN,79.92
Vietnam,VNM,2019,"Life expectancy at birth, female (years)",SP.DYN.LE00.FE.IN,78.888
Vietnam,VNM,2018,"Life expectancy at birth, female (years)",SP.DYN.LE00.FE.IN,78.777
Vietnam,VNM,2017,"Life expectancy at birth, female (years)",SP.DYN.LE00.FE.IN,78.72
Vietnam,VNM,2016,"Life expectancy at birth, female (years)",SP.DYN.LE00.FE.IN,78.755
Vietnam,VNM,2015,"Life expectancy at birth, female (years)",SP.DYN.LE00.FE.IN,78.656
Vietnam,VNM,2014,"Life expectancy at birth, female (years)",SP.DYN.LE00.FE.IN,78.593
Vietnam,VNM,2013,"Life expectancy at birth, female (years)",SP.DYN.LE00.FE.IN,78.478
Vietnam,VNM,2012,"Life expectancy at birth, female (years)",SP.DYN.LE00.FE.IN,78.422
Vietnam,VNM,2011,"Life expectancy at birth, female (years)",SP.DYN.LE00.FE.IN,78.415
Vietnam,VNM,2010,"Life expectancy at birth, female (years)",SP.DYN.LE00.FE.IN,78.264
Vietnam,VNM,2009,"Life expectancy at birth, female (years)",SP.DYN.LE00.FE.IN,78.266
Vietnam,VNM,2008,"Life expectancy at birth, female (years)",SP.DYN.LE00.FE.IN,78.237
Vietnam,VNM,2007,"Life expectancy at birth, female (years)",SP.DYN.LE00.FE.IN,78.212
Vietnam,VNM,2006,"Life expectancy at birth, female (years)",SP.DYN.LE00.FE.IN,78.06
Vietnam,VNM,2005,"Life expectancy at birth, female (years)",SP.DYN.LE00.FE.IN,77.988
Vietnam,VNM,2004,"Life expectancy at birth, female (years)",SP.DYN.LE00.FE.IN,77.919
Vietnam,VNM,2003,"Life expectancy at birth, female (years)",SP.DYN.LE00.FE.IN,77.718
Vietnam,VNM,2002,"Life expectancy at birth, female (years)",SP.DYN.LE00.FE.IN,77.504
Vietnam,VNM,2001,"Life expectancy at birth, female (years)",SP.DYN.LE00.FE.IN,77.309
Vietnam,VNM,2000,"Life expectancy at birth, female (years)",SP.DYN.LE00.FE.IN,77.114
Vietnam,VNM,1999,"Life expectancy at birth, female (years)",SP.DYN.LE00.FE.IN,77.023
Vietnam,VNM,1998,"Life expectancy at birth, female (years)",SP.DYN.LE00.FE.IN,76.761
Vietnam,VNM,1997,"Life expectancy at birth, female (years)",SP.DYN.LE00.FE.IN,76.379
Vietnam,VNM,1996,"Life expectancy at birth, female (years)",SP.DYN.LE00.FE.IN,76.348
Vietnam,VNM,1995,"Life expectancy at birth, female (years)",SP.DYN.LE00.FE.IN,76.251
Vietnam,VNM,1994,"Life expectancy at birth, female (years)",SP.DYN.LE00.FE.IN,75.582
Vietnam,VNM,1993,"Life expectancy at birth, female (years)",SP.DYN.LE00.FE.IN,75.413
Vietnam,VNM,1992,"Life expectancy at birth, female (years)",SP.DYN.LE00.FE.IN,74.597
Vietnam,VNM,1991,"Life expectancy at birth, female (years)",SP.DYN.LE00.FE.IN,74.451
Vietnam,VNM,1990,"Life expectancy at birth, female (years)",SP.DYN.LE00.FE.IN,73.697
Vietnam,VNM,1989,"Life expectancy at birth, female (years)",SP.DYN.LE00.FE.IN,73.523
Vietnam,VNM,1988,"Life expectancy at birth, female (years)",SP.DYN.LE00.FE.IN,72.766
Vietnam,VNM,1987,"Life expectancy at birth, female (years)",SP.DYN.LE00.FE.IN,72.584
Vietnam,VNM,1986,"Life expectancy at birth, female (years)",SP.DYN.LE00.FE.IN,72.424
Vietnam,VNM,1985,"Life expectancy at birth, female (years)",SP.DYN.LE00.FE.IN,71.665
Vietnam,VNM,1984,"Life expectancy at birth, female (years)",SP.DYN.LE00.FE.IN,71.597
Vietnam,VNM,1983,"Life expectancy at birth, female (years)",SP.DYN.LE00.FE.IN,71.443
Vietnam,VNM,1982,"Life expectancy at birth, female (years)",SP.DYN.LE00.FE.IN,71.399
Vietnam,VNM,1981,"Life expectancy at birth, female (years)",SP.DYN.LE00.FE.IN,70.691
Vietnam,VNM,1980,"Life expectancy at birth, female (years)",SP.DYN.LE00.FE.IN,70.478
Vietnam,VNM,1979,"Life expectancy at birth, female (years)",SP.DYN.LE00.FE.IN,70.337
Vietnam,VNM,1978,"Life expectancy at birth, female (years)",SP.DYN.LE00.FE.IN,70.051
Vietnam,VNM,1977,"Life expectancy at birth, female (years)",SP.DYN.LE00.FE.IN,69.374
Vietnam,VNM,1976,"Life expectancy at birth, female (years)",SP.DYN.LE00.FE.IN,69.097
Vietnam,VNM,1975,"Life expectancy at birth, female (years)",SP.DYN.LE00.FE.IN,67.84
Vietnam,VNM,1974,"Life expectancy at birth, female (years)",SP.DYN.LE00.FE.IN,62.56
Vietnam,VNM,1973,"Life expectancy at birth, female (years)",SP.DYN.LE00.FE.IN,63.02
Vietnam,VNM,1972,"Life expectancy at birth, female (years)",SP.DYN.LE00.FE.IN,60.184
Vietnam,VNM,1971,"Life expectancy at birth, female (years)",SP.DYN.LE00.FE.IN,63.02
Vietnam,VNM,1970,"Life expectancy at birth, female (years)",SP.DYN.LE00.FE.IN,62.557
Vietnam,VNM,1969,"Life expectancy at birth, female (years)",SP.DYN.LE00.FE.IN,62.449
Vietnam,VNM,1968,"Life expectancy at birth, female (years)",SP.DYN.LE00.FE.IN,60.83
Vietnam,VNM,1967,"Life expectancy at birth, female (years)",SP.DYN.LE00.FE.IN,63.58
Vietnam,VNM,1966,"Life expectancy at birth, female (years)",SP.DYN.LE00.FE.IN,63.732
Vietnam,VNM,1965,"Life expectancy at birth, female (years)",SP.DYN.LE00.FE.IN,63.801
Vietnam,VNM,1964,"Life expectancy at birth, female (years)",SP.DYN.LE00.FE.IN,64.083
Vietnam,VNM,1963,"Life expectancy at birth, female (years)",SP.DYN.LE00.FE.IN,63.518
Vietnam,VNM,1962,"Life expectancy at birth, female (years)",SP.DYN.LE00.FE.IN,64.489
Vietnam,VNM,1961,"Life expectancy at birth, female (years)",SP.DYN.LE00.FE.IN,64.305
Vietnam,VNM,1960,"Life expectancy at birth, female (years)",SP.DYN.LE00.FE.IN,63.605
Vietnam,VNM,2021,"Life expectancy at birth, male (years)",SP.DYN.LE00.MA.IN,69.117
Vietnam,VNM,2020,"Life expectancy at birth, male (years)",SP.DYN.LE00.MA.IN,70.787
Vietnam,VNM,2019,"Life expectancy at birth, male (years)",SP.DYN.LE00.MA.IN,69.369
Vietnam,VNM,2018,"Life expectancy at birth, male (years)",SP.DYN.LE00.MA.IN,69.245
Vietnam,VNM,2017,"Life expectancy at birth, male (years)",SP.DYN.LE00.MA.IN,69.26
Vietnam,VNM,2016,"Life expectancy at birth, male (years)",SP.DYN.LE00.MA.IN,69.18
Vietnam,VNM,2015,"Life expectancy at birth, male (years)",SP.DYN.LE00.MA.IN,69.144
Vietnam,VNM,2014,"Life expectancy at birth, male (years)",SP.DYN.LE00.MA.IN,69.149
Vietnam,VNM,2013,"Life expectancy at birth, male (years)",SP.DYN.LE00.MA.IN,69.094
Vietnam,VNM,2012,"Life expectancy at birth, male (years)",SP.DYN.LE00.MA.IN,69.007
Vietnam,VNM,2011,"Life expectancy at birth, male (years)",SP.DYN.LE00.MA.IN,68.984
Vietnam,VNM,2010,"Life expectancy at birth, male (years)",SP.DYN.LE00.MA.IN,68.784
Vietnam,VNM,2009,"Life expectancy at birth, male (years)",SP.DYN.LE00.MA.IN,68.751
Vietnam,VNM,2008,"Life expectancy at birth, male (years)",SP.DYN.LE00.MA.IN,68.613
Vietnam,VNM,2007,"Life expectancy at birth, male (years)",SP.DYN.LE00.MA.IN,68.67
Vietnam,VNM,2006,"Life expectancy at birth, male (years)",SP.DYN.LE00.MA.IN,68.579
Vietnam,VNM,2005,"Life expectancy at birth, male (years)",SP.DYN.LE00.MA.IN,68.543
Vietnam,VNM,2004,"Life expectancy at birth, male (years)",SP.DYN.LE00.MA.IN,68.348
Vietnam,VNM,2003,"Life expectancy at birth, male (years)",SP.DYN.LE00.MA.IN,68.228
Vietnam,VNM,2002,"Life expectancy at birth, male (years)",SP.DYN.LE00.MA.IN,68.075
Vietnam,VNM,2001,"Life expectancy at birth, male (years)",SP.DYN.LE00.MA.IN,67.952
Vietnam,VNM,2000,"Life expectancy at birth, male (years)",SP.DYN.LE00.MA.IN,67.773
Vietnam,VNM,1999,"Life expectancy at birth, male (years)",SP.DYN.LE00.MA.IN,67.589
Vietnam,VNM,1998,"Life expectancy at birth, male (years)",SP.DYN.LE00.MA.IN,67.427
Vietnam,VNM,1997,"Life expectancy at birth, male (years)",SP.DYN.LE00.MA.IN,67.194
Vietnam,VNM,1996,"Life expectancy at birth, male (years)",SP.DYN.LE00.MA.IN,66.696
Vietnam,VNM,1995,"Life expectancy at birth, male (years)",SP.DYN.LE00.MA.IN,66.553
Vietnam,VNM,1994,"Life expectancy at birth, male (years)",SP.DYN.LE00.MA.IN,65.982
Vietnam,VNM,1993,"Life expectancy at birth, male (years)",SP.DYN.LE00.MA.IN,65.879
Vietnam,VNM,1992,"Life expectancy at birth, male (years)",SP.DYN.LE00.MA.IN,65.358
Vietnam,VNM,1991,"Life expectancy at birth, male (years)",SP.DYN.LE00.MA.IN,65.285
Vietnam,VNM,1990,"Life expectancy at birth, male (years)",SP.DYN.LE00.MA.IN,64.762
Vietnam,VNM,1989,"Life expectancy at birth, male (years)",SP.DYN.LE00.MA.IN,64.661
Vietnam,VNM,1988,"Life expectancy at birth, male (years)",SP.DYN.LE00.MA.IN,64.195
Vietnam,VNM,1987,"Life expectancy at birth, male (years)",SP.DYN.LE00.MA.IN,64.212
Vietnam,VNM,1986,"Life expectancy at birth, male (years)",SP.DYN.LE00.MA.IN,63.653
Vietnam,VNM,1985,"Life expectancy at birth, male (years)",SP.DYN.LE00.MA.IN,63.549
Vietnam,VNM,1984,"Life expectancy at birth, male (years)",SP.DYN.LE00.MA.IN,63.063
Vietnam,VNM,1983,"Life expectancy at birth, male (years)",SP.DYN.LE00.MA.IN,62.907
Vietnam,VNM,1982,"Life expectancy at birth, male (years)",SP.DYN.LE00.MA.IN,62.868
Vietnam,VNM,1981,"Life expectancy at birth, male (years)",SP.DYN.LE00.MA.IN,62.632
Vietnam,VNM,1980,"Life expectancy at birth, male (years)",SP.DYN.LE00.MA.IN,61.982
Vietnam,VNM,1979,"Life expectancy at birth, male (years)",SP.DYN.LE00.MA.IN,61.755
Vietnam,VNM,1978,"Life expectancy at birth, male (years)",SP.DYN.LE00.MA.IN,61.132
Vietnam,VNM,1977,"Life expectancy at birth, male (years)",SP.DYN.LE00.MA.IN,60.826
Vietnam,VNM,1976,"Life expectancy at birth, male (years)",SP.DYN.LE00.MA.IN,60.558
Vietnam,VNM,1975,"Life expectancy at birth, male (years)",SP.DYN.LE00.MA.IN,58.151
Vietnam,VNM,1974,"Life expectancy at birth, male (years)",SP.DYN.LE00.MA.IN,49.854
Vietnam,VNM,1973,"Life expectancy at birth, male (years)",SP.DYN.LE00.MA.IN,51.163
Vietnam,VNM,1972,"Life expectancy at birth, male (years)",SP.DYN.LE00.MA.IN,46.984
Vietnam,VNM,1971,"Life expectancy at birth, male (years)",SP.DYN.LE00.MA.IN,51.135
Vietnam,VNM,1970,"Life expectancy at birth, male (years)",SP.DYN.LE00.MA.IN,50.584
Vietnam,VNM,1969,"Life expectancy at birth, male (years)",SP.DYN.LE00.MA.IN,50.557
Vietnam,VNM,1968,"Life expectancy at birth, male (years)",SP.DYN.LE00.MA.IN,48.21
Vietnam,VNM,1967,"Life expectancy at birth, male (years)",SP.DYN.LE00.MA.IN,53.225
Vietnam,VNM,1966,"Life expectancy at birth, male (years)",SP.DYN.LE00.MA.IN,53.655
Vietnam,VNM,1965,"Life expectancy at birth, male (years)",SP.DYN.LE00.MA.IN,54.007
Vietnam,VNM,1964,"Life expectancy at birth, male (years)",SP.DYN.LE00.MA.IN,54.918
Vietnam,VNM,1963,"Life expectancy at birth, male (years)",SP.DYN.LE00.MA.IN,54.259
Vietnam,VNM,1962,"Life expectancy at birth, male (years)",SP.DYN.LE00.MA.IN,56.052
Vietnam,VNM,1961,"Life expectancy at birth, male (years)",SP.DYN.LE00.MA.IN,56.447
Vietnam,VNM,1960,"Life expectancy at birth, male (years)",SP.DYN.LE00.MA.IN,55.931
Vietnam,VNM,2021,"Fertility rate, total (births per woman)",SP.DYN.TFRT.IN,1.944
Vietnam,VNM,2020,"Fertility rate, total (births per woman)",SP.DYN.TFRT.IN,1.955
Vietnam,VNM,2019,"Fertility rate, total (births per woman)",SP.DYN.TFRT.IN,1.948
Vietnam,VNM,2018,"Fertility rate, total (births per woman)",SP.DYN.TFRT.IN,1.937
Vietnam,VNM,2017,"Fertility rate, total (births per woman)",SP.DYN.TFRT.IN,1.93
Vietnam,VNM,2016,"Fertility rate, total (births per woman)",SP.DYN.TFRT.IN,1.938
Vietnam,VNM,2015,"Fertility rate, total (births per woman)",SP.DYN.TFRT.IN,1.951
Vietnam,VNM,2014,"Fertility rate, total (births per woman)",SP.DYN.TFRT.IN,1.95
Vietnam,VNM,2013,"Fertility rate, total (births per woman)",SP.DYN.TFRT.IN,1.951
Vietnam,VNM,2012,"Fertility rate, total (births per woman)",SP.DYN.TFRT.IN,1.927
Vietnam,VNM,2011,"Fertility rate, total (births per woman)",SP.DYN.TFRT.IN,1.902
Vietnam,VNM,2010,"Fertility rate, total (births per woman)",SP.DYN.TFRT.IN,1.895
Vietnam,VNM,2009,"Fertility rate, total (births per woman)",SP.DYN.TFRT.IN,1.906
Vietnam,VNM,2008,"Fertility rate, total (births per woman)",SP.DYN.TFRT.IN,1.92
Vietnam,VNM,2007,"Fertility rate, total (births per woman)",SP.DYN.TFRT.IN,1.913
Vietnam,VNM,2006,"Fertility rate, total (births per woman)",SP.DYN.TFRT.IN,1.904
Vietnam,VNM,2005,"Fertility rate, total (births per woman)",SP.DYN.TFRT.IN,1.962
Vietnam,VNM,2004,"Fertility rate, total (births per woman)",SP.DYN.TFRT.IN,2.014
Vietnam,VNM,2003,"Fertility rate, total (births per woman)",SP.DYN.TFRT.IN,2.026
Vietnam,VNM,2002,"Fertility rate, total (births per woman)",SP.DYN.TFRT.IN,2.063
Vietnam,VNM,2001,"Fertility rate, total (births per woman)",SP.DYN.TFRT.IN,2.051
Vietnam,VNM,2000,"Fertility rate, total (births per woman)",SP.DYN.TFRT.IN,2.072
Vietnam,VNM,1999,"Fertility rate, total (births per woman)",SP.DYN.TFRT.IN,2.095
Vietnam,VNM,1998,"Fertility rate, total (births per woman)",SP.DYN.TFRT.IN,2.169
Vietnam,VNM,1997,"Fertility rate, total (births per woman)",SP.DYN.TFRT.IN,2.29
Vietnam,VNM,1996,"Fertility rate, total (births per woman)",SP.DYN.TFRT.IN,2.444
Vietnam,VNM,1995,"Fertility rate, total (births per woman)",SP.DYN.TFRT.IN,2.664
Vietnam,VNM,1994,"Fertility rate, total (births per woman)",SP.DYN.TFRT.IN,2.92
Vietnam,VNM,1993,"Fertility rate, total (births per woman)",SP.DYN.TFRT.IN,3.143
Vietnam,VNM,1992,"Fertility rate, total (births per woman)",SP.DYN.TFRT.IN,3.322
Vietnam,VNM,1991,"Fertility rate, total (births per woman)",SP.DYN.TFRT.IN,3.476
Vietnam,VNM,1990,"Fertility rate, total (births per woman)",SP.DYN.TFRT.IN,3.596
Vietnam,VNM,1989,"Fertility rate, total (births per woman)",SP.DYN.TFRT.IN,3.702
Vietnam,VNM,1988,"Fertility rate, total (births per woman)",SP.DYN.TFRT.IN,3.814
Vietnam,VNM,1987,"Fertility rate, total (births per woman)",SP.DYN.TFRT.IN,3.938
Vietnam,VNM,1986,"Fertility rate, total (births per woman)",SP.DYN.TFRT.IN,4.084
Vietnam,VNM,1985,"Fertility rate, total (births per woman)",SP.DYN.TFRT.IN,4.215
Vietnam,VNM,1984,"Fertility rate, total (births per woman)",SP.DYN.TFRT.IN,4.349
Vietnam,VNM,1983,"Fertility rate, total (births per woman)",SP.DYN.TFRT.IN,4.486
Vietnam,VNM,1982,"Fertility rate, total (births per woman)",SP.DYN.TFRT.IN,4.621
Vietnam,VNM,1981,"Fertility rate, total (births per woman)",SP.DYN.TFRT.IN,4.752
Vietnam,VNM,1980,"Fertility rate, total (births per woman)",SP.DYN.TFRT.IN,4.858
Vietnam,VNM,1979,"Fertility rate, total (births per woman)",SP.DYN.TFRT.IN,4.986
Vietnam,VNM,1978,"Fertility rate, total (births per woman)",SP.DYN.TFRT.IN,5.119
Vietnam,VNM,1977,"Fertility rate, total (births per woman)",SP.DYN.TFRT.IN,5.262
Vietnam,VNM,1976,"Fertility rate, total (births per woman)",SP.DYN.TFRT.IN,5.45
Vietnam,VNM,1975,"Fertility rate, total (births per woman)",SP.DYN.TFRT.IN,5.642
Vietnam,VNM,1974,"Fertility rate, total (births per woman)",SP.DYN.TFRT.IN,5.82
Vietnam,VNM,1973,"Fertility rate, total (births per woman)",SP.DYN.TFRT.IN,6.108
Vietnam,VNM,1972,"Fertility rate, total (births per woman)",SP.DYN.TFRT.IN,6.1
Vietnam,VNM,1971,"Fertility rate, total (births per woman)",SP.DYN.TFRT.IN,6.069
Vietnam,VNM,1970,"Fertility rate, total (births per woman)",SP.DYN.TFRT.IN,6.019
Vietnam,VNM,1969,"Fertility rate, total (births per woman)",SP.DYN.TFRT.IN,6.013
Vietnam,VNM,1968,"Fertility rate, total (births per woman)",SP.DYN.TFRT.IN,6.029
Vietnam,VNM,1967,"Fertility rate, total (births per woman)",SP.DYN.TFRT.IN,5.883
Vietnam,VNM,1966,"Fertility rate, total (births per woman)",SP.DYN.TFRT.IN,5.968
Vietnam,VNM,1965,"Fertility rate, total (births per woman)",SP.DYN.TFRT.IN,6.156
Vietnam,VNM,1964,"Fertility rate, total (births per woman)",SP.DYN.TFRT.IN,6.285
Vietnam,VNM,1963,"Fertility rate, total (births per woman)",SP.DYN.TFRT.IN,6.385
Vietnam,VNM,1962,"Fertility rate, total (births per woman)",SP.DYN.TFRT.IN,6.274
Vietnam,VNM,1961,"Fertility rate, total (births per woman)",SP.DYN.TFRT.IN,5.476
Vietnam,VNM,1960,"Fertility rate, total (births per woman)",SP.DYN.TFRT.IN,6.28
Vietnam,VNM,2021,"Survival to age 65, female (% of cohort)",SP.DYN.TO65.FE.ZS,86.817325
Vietnam,VNM,2020,"Survival to age 65, female (% of cohort)",SP.DYN.TO65.FE.ZS,88.300898
Vietnam,VNM,2019,"Survival to age 65, female (% of cohort)",SP.DYN.TO65.FE.ZS,87.140526
Vietnam,VNM,2018,"Survival to age 65, female (% of cohort)",SP.DYN.TO65.FE.ZS,87.009594
Vietnam,VNM,2017,"Survival to age 65, female (% of cohort)",SP.DYN.TO65.FE.ZS,86.94256
Vietnam,VNM,2016,"Survival to age 65, female (% of cohort)",SP.DYN.TO65.FE.ZS,86.984881
Vietnam,VNM,2015,"Survival to age 65, female (% of cohort)",SP.DYN.TO65.FE.ZS,86.876827
Vietnam,VNM,2014,"Survival to age 65, female (% of cohort)",SP.DYN.TO65.FE.ZS,86.804184
Vietnam,VNM,2013,"Survival to age 65, female (% of cohort)",SP.DYN.TO65.FE.ZS,86.667913
Vietnam,VNM,2012,"Survival to age 65, female (% of cohort)",SP.DYN.TO65.FE.ZS,86.60474
Vietnam,VNM,2011,"Survival to age 65, female (% of cohort)",SP.DYN.TO65.FE.ZS,86.596482
Vietnam,VNM,2010,"Survival to age 65, female (% of cohort)",SP.DYN.TO65.FE.ZS,86.424802
Vietnam,VNM,2009,"Survival to age 65, female (% of cohort)",SP.DYN.TO65.FE.ZS,86.42267
Vietnam,VNM,2008,"Survival to age 65, female (% of cohort)",SP.DYN.TO65.FE.ZS,86.390444
Vietnam,VNM,2007,"Survival to age 65, female (% of cohort)",SP.DYN.TO65.FE.ZS,86.365324
Vietnam,VNM,2006,"Survival to age 65, female (% of cohort)",SP.DYN.TO65.FE.ZS,86.181712
Vietnam,VNM,2005,"Survival to age 65, female (% of cohort)",SP.DYN.TO65.FE.ZS,86.105762
Vietnam,VNM,2004,"Survival to age 65, female (% of cohort)",SP.DYN.TO65.FE.ZS,86.027898
Vietnam,VNM,2003,"Survival to age 65, female (% of cohort)",SP.DYN.TO65.FE.ZS,85.796361
Vietnam,VNM,2002,"Survival to age 65, female (% of cohort)",SP.DYN.TO65.FE.ZS,85.544018
Vietnam,VNM,2001,"Survival to age 65, female (% of cohort)",SP.DYN.TO65.FE.ZS,85.311671
Vietnam,VNM,2000,"Survival to age 65, female (% of cohort)",SP.DYN.TO65.FE.ZS,85.079507
Vietnam,VNM,1999,"Survival to age 65, female (% of cohort)",SP.DYN.TO65.FE.ZS,84.974233
Vietnam,VNM,1998,"Survival to age 65, female (% of cohort)",SP.DYN.TO65.FE.ZS,84.6717
Vietnam,VNM,1997,"Survival to age 65, female (% of cohort)",SP.DYN.TO65.FE.ZS,84.139451
Vietnam,VNM,1996,"Survival to age 65, female (% of cohort)",SP.DYN.TO65.FE.ZS,84.178922
Vietnam,VNM,1995,"Survival to age 65, female (% of cohort)",SP.DYN.TO65.FE.ZS,84.093698
Vietnam,VNM,1994,"Survival to age 65, female (% of cohort)",SP.DYN.TO65.FE.ZS,83.253099
Vietnam,VNM,1993,"Survival to age 65, female (% of cohort)",SP.DYN.TO65.FE.ZS,83.062971
Vietnam,VNM,1992,"Survival to age 65, female (% of cohort)",SP.DYN.TO65.FE.ZS,81.998605
Vietnam,VNM,1991,"Survival to age 65, female (% of cohort)",SP.DYN.TO65.FE.ZS,81.845423
Vietnam,VNM,1990,"Survival to age 65, female (% of cohort)",SP.DYN.TO65.FE.ZS,80.818267
Vietnam,VNM,1989,"Survival to age 65, female (% of cohort)",SP.DYN.TO65.FE.ZS,80.612949
Vietnam,VNM,1988,"Survival to age 65, female (% of cohort)",SP.DYN.TO65.FE.ZS,79.543674
Vietnam,VNM,1987,"Survival to age 65, female (% of cohort)",SP.DYN.TO65.FE.ZS,79.326429
Vietnam,VNM,1986,"Survival to age 65, female (% of cohort)",SP.DYN.TO65.FE.ZS,79.13002
Vietnam,VNM,1985,"Survival to age 65, female (% of cohort)",SP.DYN.TO65.FE.ZS,77.986959
Vietnam,VNM,1984,"Survival to age 65, female (% of cohort)",SP.DYN.TO65.FE.ZS,77.927557
Vietnam,VNM,1983,"Survival to age 65, female (% of cohort)",SP.DYN.TO65.FE.ZS,77.720368
Vietnam,VNM,1982,"Survival to age 65, female (% of cohort)",SP.DYN.TO65.FE.ZS,77.705036
Vietnam,VNM,1981,"Survival to age 65, female (% of cohort)",SP.DYN.TO65.FE.ZS,76.601895
Vietnam,VNM,1980,"Survival to age 65, female (% of cohort)",SP.DYN.TO65.FE.ZS,76.300447
Vietnam,VNM,1979,"Survival to age 65, female (% of cohort)",SP.DYN.TO65.FE.ZS,76.106891
Vietnam,VNM,1978,"Survival to age 65, female (% of cohort)",SP.DYN.TO65.FE.ZS,75.651608
Vietnam,VNM,1977,"Survival to age 65, female (% of cohort)",SP.DYN.TO65.FE.ZS,74.477416
Vietnam,VNM,1976,"Survival to age 65, female (% of cohort)",SP.DYN.TO65.FE.ZS,74.045934
Vietnam,VNM,1975,"Survival to age 65, female (% of cohort)",SP.DYN.TO65.FE.ZS,72.013511
Vietnam,VNM,1974,"Survival to age 65, female (% of cohort)",SP.DYN.TO65.FE.ZS,63.323524
Vietnam,VNM,1973,"Survival to age 65, female (% of cohort)",SP.DYN.TO65.FE.ZS,64.020009
Vietnam,VNM,1972,"Survival to age 65, female (% of cohort)",SP.DYN.TO65.FE.ZS,59.313811
Vietnam,VNM,1971,"Survival to age 65, female (% of cohort)",SP.DYN.TO65.FE.ZS,64.035671
Vietnam,VNM,1970,"Survival to age 65, female (% of cohort)",SP.DYN.TO65.FE.ZS,63.27556
Vietnam,VNM,1969,"Survival to age 65, female (% of cohort)",SP.DYN.TO65.FE.ZS,63.093588
Vietnam,VNM,1968,"Survival to age 65, female (% of cohort)",SP.DYN.TO65.FE.ZS,60.409325
Vietnam,VNM,1967,"Survival to age 65, female (% of cohort)",SP.DYN.TO65.FE.ZS,64.904561
Vietnam,VNM,1966,"Survival to age 65, female (% of cohort)",SP.DYN.TO65.FE.ZS,65.161733
Vietnam,VNM,1965,"Survival to age 65, female (% of cohort)",SP.DYN.TO65.FE.ZS,65.279654
Vietnam,VNM,1964,"Survival to age 65, female (% of cohort)",SP.DYN.TO65.FE.ZS,65.727524
Vietnam,VNM,1963,"Survival to age 65, female (% of cohort)",SP.DYN.TO65.FE.ZS,64.853463
Vietnam,VNM,1962,"Survival to age 65, female (% of cohort)",SP.DYN.TO65.FE.ZS,66.579629
Vietnam,VNM,1961,"Survival to age 65, female (% of cohort)",SP.DYN.TO65.FE.ZS,66.313547
Vietnam,VNM,1960,"Survival to age 65, female (% of cohort)",SP.DYN.TO65.FE.ZS,65.209988
Vietnam,VNM,2021,"Survival to age 65, male (% of cohort)",SP.DYN.TO65.MA.ZS,71.887031
Vietnam,VNM,2020,"Survival to age 65, male (% of cohort)",SP.DYN.TO65.MA.ZS,74.778522
Vietnam,VNM,2019,"Survival to age 65, male (% of cohort)",SP.DYN.TO65.MA.ZS,71.804559
Vietnam,VNM,2018,"Survival to age 65, male (% of cohort)",SP.DYN.TO65.MA.ZS,71.5794
Vietnam,VNM,2017,"Survival to age 65, male (% of cohort)",SP.DYN.TO65.MA.ZS,71.620989
Vietnam,VNM,2016,"Survival to age 65, male (% of cohort)",SP.DYN.TO65.MA.ZS,71.466982
Vietnam,VNM,2015,"Survival to age 65, male (% of cohort)",SP.DYN.TO65.MA.ZS,71.42314
Vietnam,VNM,2014,"Survival to age 65, male (% of cohort)",SP.DYN.TO65.MA.ZS,71.446922
Vietnam,VNM,2013,"Survival to age 65, male (% of cohort)",SP.DYN.TO65.MA.ZS,71.348633
Vietnam,VNM,2012,"Survival to age 65, male (% of cohort)",SP.DYN.TO65.MA.ZS,71.19133
Vietnam,VNM,2011,"Survival to age 65, male (% of cohort)",SP.DYN.TO65.MA.ZS,71.166272
Vietnam,VNM,2010,"Survival to age 65, male (% of cohort)",SP.DYN.TO65.MA.ZS,70.805396
Vietnam,VNM,2009,"Survival to age 65, male (% of cohort)",SP.DYN.TO65.MA.ZS,70.762471
Vietnam,VNM,2008,"Survival to age 65, male (% of cohort)",SP.DYN.TO65.MA.ZS,70.515865
Vietnam,VNM,2007,"Survival to age 65, male (% of cohort)",SP.DYN.TO65.MA.ZS,70.659791
Vietnam,VNM,2006,"Survival to age 65, male (% of cohort)",SP.DYN.TO65.MA.ZS,70.519101
Vietnam,VNM,2005,"Survival to age 65, male (% of cohort)",SP.DYN.TO65.MA.ZS,70.485403
Vietnam,VNM,2004,"Survival to age 65, male (% of cohort)",SP.DYN.TO65.MA.ZS,70.152609
Vietnam,VNM,2003,"Survival to age 65, male (% of cohort)",SP.DYN.TO65.MA.ZS,69.975951
Vietnam,VNM,2002,"Survival to age 65, male (% of cohort)",SP.DYN.TO65.MA.ZS,69.748606
Vietnam,VNM,2001,"Survival to age 65, male (% of cohort)",SP.DYN.TO65.MA.ZS,69.592943
Vietnam,VNM,2000,"Survival to age 65, male (% of cohort)",SP.DYN.TO65.MA.ZS,69.341048
Vietnam,VNM,1999,"Survival to age 65, male (% of cohort)",SP.DYN.TO65.MA.ZS,69.092102
Vietnam,VNM,1998,"Survival to age 65, male (% of cohort)",SP.DYN.TO65.MA.ZS,68.894315
Vietnam,VNM,1997,"Survival to age 65, male (% of cohort)",SP.DYN.TO65.MA.ZS,68.618919
Vietnam,VNM,1996,"Survival to age 65, male (% of cohort)",SP.DYN.TO65.MA.ZS,67.750927
Vietnam,VNM,1995,"Survival to age 65, male (% of cohort)",SP.DYN.TO65.MA.ZS,67.624659
Vietnam,VNM,1994,"Survival to age 65, male (% of cohort)",SP.DYN.TO65.MA.ZS,66.677006
Vietnam,VNM,1993,"Survival to age 65, male (% of cohort)",SP.DYN.TO65.MA.ZS,66.657952
Vietnam,VNM,1992,"Survival to age 65, male (% of cohort)",SP.DYN.TO65.MA.ZS,65.815039
Vietnam,VNM,1991,"Survival to age 65, male (% of cohort)",SP.DYN.TO65.MA.ZS,65.86653
Vietnam,VNM,1990,"Survival to age 65, male (% of cohort)",SP.DYN.TO65.MA.ZS,65.015372
Vietnam,VNM,1989,"Survival to age 65, male (% of cohort)",SP.DYN.TO65.MA.ZS,65.004932
Vietnam,VNM,1988,"Survival to age 65, male (% of cohort)",SP.DYN.TO65.MA.ZS,64.241273
Vietnam,VNM,1987,"Survival to age 65, male (% of cohort)",SP.DYN.TO65.MA.ZS,64.427133
Vietnam,VNM,1986,"Survival to age 65, male (% of cohort)",SP.DYN.TO65.MA.ZS,63.464456
Vietnam,VNM,1985,"Survival to age 65, male (% of cohort)",SP.DYN.TO65.MA.ZS,63.376929
Vietnam,VNM,1984,"Survival to age 65, male (% of cohort)",SP.DYN.TO65.MA.ZS,62.519565
Vietnam,VNM,1983,"Survival to age 65, male (% of cohort)",SP.DYN.TO65.MA.ZS,62.31844
Vietnam,VNM,1982,"Survival to age 65, male (% of cohort)",SP.DYN.TO65.MA.ZS,62.334809
Vietnam,VNM,1981,"Survival to age 65, male (% of cohort)",SP.DYN.TO65.MA.ZS,61.972488
Vietnam,VNM,1980,"Survival to age 65, male (% of cohort)",SP.DYN.TO65.MA.ZS,60.796394
Vietnam,VNM,1979,"Survival to age 65, male (% of cohort)",SP.DYN.TO65.MA.ZS,60.455842
Vietnam,VNM,1978,"Survival to age 65, male (% of cohort)",SP.DYN.TO65.MA.ZS,59.331363
Vietnam,VNM,1977,"Survival to age 65, male (% of cohort)",SP.DYN.TO65.MA.ZS,58.836555
Vietnam,VNM,1976,"Survival to age 65, male (% of cohort)",SP.DYN.TO65.MA.ZS,58.414347
Vietnam,VNM,1975,"Survival to age 65, male (% of cohort)",SP.DYN.TO65.MA.ZS,53.889286
Vietnam,VNM,1974,"Survival to age 65, male (% of cohort)",SP.DYN.TO65.MA.ZS,38.806341
Vietnam,VNM,1973,"Survival to age 65, male (% of cohort)",SP.DYN.TO65.MA.ZS,41.21044
Vietnam,VNM,1972,"Survival to age 65, male (% of cohort)",SP.DYN.TO65.MA.ZS,33.948255
Vietnam,VNM,1971,"Survival to age 65, male (% of cohort)",SP.DYN.TO65.MA.ZS,41.232282
Vietnam,VNM,1970,"Survival to age 65, male (% of cohort)",SP.DYN.TO65.MA.ZS,40.303826
Vietnam,VNM,1969,"Survival to age 65, male (% of cohort)",SP.DYN.TO65.MA.ZS,40.30299
Vietnam,VNM,1968,"Survival to age 65, male (% of cohort)",SP.DYN.TO65.MA.ZS,36.211419
Vietnam,VNM,1967,"Survival to age 65, male (% of cohort)",SP.DYN.TO65.MA.ZS,45.182498
Vietnam,VNM,1966,"Survival to age 65, male (% of cohort)",SP.DYN.TO65.MA.ZS,46.001411
Vietnam,VNM,1965,"Survival to age 65, male (% of cohort)",SP.DYN.TO65.MA.ZS,46.67923
Vietnam,VNM,1964,"Survival to age 65, male (% of cohort)",SP.DYN.TO65.MA.ZS,48.496518
Vietnam,VNM,1963,"Survival to age 65, male (% of cohort)",SP.DYN.TO65.MA.ZS,47.357914
Vietnam,VNM,1962,"Survival to age 65, male (% of cohort)",SP.DYN.TO65.MA.ZS,50.890705
Vietnam,VNM,1961,"Survival to age 65, male (% of cohort)",SP.DYN.TO65.MA.ZS,51.851277
Vietnam,VNM,1960,"Survival to age 65, male (% of cohort)",SP.DYN.TO65.MA.ZS,51.119662
Vietnam,VNM,2002,Wanted fertility rate (births per woman),SP.DYN.WFRT,1.6
Vietnam,VNM,1997,Wanted fertility rate (births per woman),SP.DYN.WFRT,1.9
Vietnam,VNM,2005,Female headed households (% of households with a female head),SP.HOU.FEMA.ZS,27
Vietnam,VNM,2002,Female headed households (% of households with a female head),SP.HOU.FEMA.ZS,26.8
Vietnam,VNM,1997,Female headed households (% of households with a female head),SP.HOU.FEMA.ZS,24.6
Vietnam,VNM,2014,Women who were first married by age 15 (% of women ages 20-24),SP.M15.2024.FE.ZS,0.9
Vietnam,VNM,2005,Women who were first married by age 15 (% of women ages 20-24),SP.M15.2024.FE.ZS,0.5
Vietnam,VNM,2002,Women who were first married by age 15 (% of women ages 20-24),SP.M15.2024.FE.ZS,0.7
Vietnam,VNM,1997,Women who were first married by age 15 (% of women ages 20-24),SP.M15.2024.FE.ZS,0.9
Vietnam,VNM,2014,Women who were first married by age 18 (% of women ages 20-24),SP.M18.2024.FE.ZS,10.6
Vietnam,VNM,2005,Women who were first married by age 18 (% of women ages 20-24),SP.M18.2024.FE.ZS,10.2
Vietnam,VNM,2002,Women who were first married by age 18 (% of women ages 20-24),SP.M18.2024.FE.ZS,11.1
Vietnam,VNM,1997,Women who were first married by age 18 (% of women ages 20-24),SP.M18.2024.FE.ZS,12.4
Vietnam,VNM,2002,Teenage mothers (% of women ages 15-19 who have had children or are currently pregnant),SP.MTR.1519.ZS,3.4
Vietnam,VNM,1997,Teenage mothers (% of women ages 15-19 who have had children or are currently pregnant),SP.MTR.1519.ZS,5.7
Vietnam,VNM,1998,"School life expectancy, primary to tertiary, female (years)",SE.SCH.LIFE.FE,9.89131
Vietnam,VNM,1977,"School life expectancy, primary to tertiary, female (years)",SE.SCH.LIFE.FE,8.42826
Vietnam,VNM,1976,"School life expectancy, primary to tertiary, female (years)",SE.SCH.LIFE.FE,8.17232
Vietnam,VNM,1998,"School life expectancy, primary to tertiary, male (years)",SE.SCH.LIFE.MA,10.69248
Vietnam,VNM,1977,"School life expectancy, primary to tertiary, male (years)",SE.SCH.LIFE.MA,8.37059
Vietnam,VNM,1976,"School life expectancy, primary to tertiary, male (years)",SE.SCH.LIFE.MA,8.02053
Vietnam,VNM,2022,There are periods of absence due to childcare accounted for in pension benefits (1=yes; 0=no),SG.ABS.PENB,1
Vietnam,VNM,2021,There are periods of absence due to childcare accounted for in pension benefits (1=yes; 0=no),SG.ABS.PENB,1
Vietnam,VNM,2020,There are periods of absence due to childcare accounted for in pension benefits (1=yes; 0=no),SG.ABS.PENB,1
Vietnam,VNM,2019,There are periods of absence due to childcare accounted for in pension benefits (1=yes; 0=no),SG.ABS.PENB,1
Vietnam,VNM,2018,There are periods of absence due to childcare accounted for in pension benefits (1=yes; 0=no),SG.ABS.PENB,1
Vietnam,VNM,2017,There are periods of absence due to childcare accounted for in pension benefits (1=yes; 0=no),SG.ABS.PENB,1
Vietnam,VNM,2016,There are periods of absence due to childcare accounted for in pension benefits (1=yes; 0=no),SG.ABS.PENB,1
Vietnam,VNM,2015,There are periods of absence due to childcare accounted for in pension benefits (1=yes; 0=no),SG.ABS.PENB,0
Vietnam,VNM,2014,There are periods of absence due to childcare accounted for in pension benefits (1=yes; 0=no),SG.ABS.PENB,0
Vietnam,VNM,2013,There are periods of absence due to childcare accounted for in pension benefits (1=yes; 0=no),SG.ABS.PENB,0
Vietnam,VNM,2012,There are periods of absence due to childcare accounted for in pension benefits (1=yes; 0=no),SG.ABS.PENB,0
Vietnam,VNM,2011,There are periods of absence due to childcare accounted for in pension benefits (1=yes; 0=no),SG.ABS.PENB,0
Vietnam,VNM,2010,There are periods of absence due to childcare accounted for in pension benefits (1=yes; 0=no),SG.ABS.PENB,0
Vietnam,VNM,2009,There are periods of absence due to childcare accounted for in pension benefits (1=yes; 0=no),SG.ABS.PENB,0
Vietnam,VNM,2008,There are periods of absence due to childcare accounted for in pension benefits (1=yes; 0=no),SG.ABS.PENB,0
Vietnam,VNM,2007,There are periods of absence due to childcare accounted for in pension benefits (1=yes; 0=no),SG.ABS.PENB,0
Vietnam,VNM,2006,There are periods of absence due to childcare accounted for in pension benefits (1=yes; 0=no),SG.ABS.PENB,0
Vietnam,VNM,2005,There are periods of absence due to childcare accounted for in pension benefits (1=yes; 0=no),SG.ABS.PENB,0
Vietnam,VNM,2004,There are periods of absence due to childcare accounted for in pension benefits (1=yes; 0=no),SG.ABS.PENB,0
Vietnam,VNM,2003,There are periods of absence due to childcare accounted for in pension benefits (1=yes; 0=no),SG.ABS.PENB,0
Vietnam,VNM,2002,There are periods of absence due to childcare accounted for in pension benefits (1=yes; 0=no),SG.ABS.PENB,0
Vietnam,VNM,2001,There are periods of absence due to childcare accounted for in pension benefits (1=yes; 0=no),SG.ABS.PENB,0
Vietnam,VNM,2000,There are periods of absence due to childcare accounted for in pension benefits (1=yes; 0=no),SG.ABS.PENB,0
Vietnam,VNM,1999,There are periods of absence due to childcare accounted for in pension benefits (1=yes; 0=no),SG.ABS.PENB,0
Vietnam,VNM,1998,There are periods of absence due to childcare accounted for in pension benefits (1=yes; 0=no),SG.ABS.PENB,0
Vietnam,VNM,1997,There are periods of absence due to childcare accounted for in pension benefits (1=yes; 0=no),SG.ABS.PENB,0
Vietnam,VNM,1996,There are periods of absence due to childcare accounted for in pension benefits (1=yes; 0=no),SG.ABS.PENB,0
Vietnam,VNM,1995,There are periods of absence due to childcare accounted for in pension benefits (1=yes; 0=no),SG.ABS.PENB,0
Vietnam,VNM,1994,There are periods of absence due to childcare accounted for in pension benefits (1=yes; 0=no),SG.ABS.PENB,0
Vietnam,VNM,1993,There are periods of absence due to childcare accounted for in pension benefits (1=yes; 0=no),SG.ABS.PENB,0
Vietnam,VNM,1992,There are periods of absence due to childcare accounted for in pension benefits (1=yes; 0=no),SG.ABS.PENB,0
Vietnam,VNM,1991,There are periods of absence due to childcare accounted for in pension benefits (1=yes; 0=no),SG.ABS.PENB,0
Vietnam,VNM,1990,There are periods of absence due to childcare accounted for in pension benefits (1=yes; 0=no),SG.ABS.PENB,0
Vietnam,VNM,1989,There are periods of absence due to childcare accounted for in pension benefits (1=yes; 0=no),SG.ABS.PENB,0
Vietnam,VNM,1988,There are periods of absence due to childcare accounted for in pension benefits (1=yes; 0=no),SG.ABS.PENB,0
Vietnam,VNM,1987,There are periods of absence due to childcare accounted for in pension benefits (1=yes; 0=no),SG.ABS.PENB,0
Vietnam,VNM,1986,There are periods of absence due to childcare accounted for in pension benefits (1=yes; 0=no),SG.ABS.PENB,0
Vietnam,VNM,1985,There are periods of absence due to childcare accounted for in pension benefits (1=yes; 0=no),SG.ABS.PENB,0
Vietnam,VNM,1984,There are periods of absence due to childcare accounted for in pension benefits (1=yes; 0=no),SG.ABS.PENB,0
Vietnam,VNM,1983,There are periods of absence due to childcare accounted for in pension benefits (1=yes; 0=no),SG.ABS.PENB,0
Vietnam,VNM,1982,There are periods of absence due to childcare accounted for in pension benefits (1=yes; 0=no),SG.ABS.PENB,0
Vietnam,VNM,1981,There are periods of absence due to childcare accounted for in pension benefits (1=yes; 0=no),SG.ABS.PENB,0
Vietnam,VNM,1980,There are periods of absence due to childcare accounted for in pension benefits (1=yes; 0=no),SG.ABS.PENB,0
Vietnam,VNM,1979,There are periods of absence due to childcare accounted for in pension benefits (1=yes; 0=no),SG.ABS.PENB,0
Vietnam,VNM,1978,There are periods of absence due to childcare accounted for in pension benefits (1=yes; 0=no),SG.ABS.PENB,0
Vietnam,VNM,1977,There are periods of absence due to childcare accounted for in pension benefits (1=yes; 0=no),SG.ABS.PENB,0
Vietnam,VNM,1976,There are periods of absence due to childcare accounted for in pension benefits (1=yes; 0=no),SG.ABS.PENB,0
Vietnam,VNM,1975,There are periods of absence due to childcare accounted for in pension benefits (1=yes; 0=no),SG.ABS.PENB,0
Vietnam,VNM,1974,There are periods of absence due to childcare accounted for in pension benefits (1=yes; 0=no),SG.ABS.PENB,0
Vietnam,VNM,1973,There are periods of absence due to childcare accounted for in pension benefits (1=yes; 0=no),SG.ABS.PENB,0
Vietnam,VNM,1972,There are periods of absence due to childcare accounted for in pension benefits (1=yes; 0=no),SG.ABS.PENB,0
Vietnam,VNM,1971,There are periods of absence due to childcare accounted for in pension benefits (1=yes; 0=no),SG.ABS.PENB,0
Vietnam,VNM,1970,There are periods of absence due to childcare accounted for in pension benefits (1=yes; 0=no),SG.ABS.PENB,0
Vietnam,VNM,2022,The age at which men and women can retire with full pension benefits is the same (1=yes; 0=no),SG.AGE.FUPN.EQ,0
Vietnam,VNM,2021,The age at which men and women can retire with full pension benefits is the same (1=yes; 0=no),SG.AGE.FUPN.EQ,0
Vietnam,VNM,2020,The age at which men and women can retire with full pension benefits is the same (1=yes; 0=no),SG.AGE.FUPN.EQ,0
Vietnam,VNM,2019,The age at which men and women can retire with full pension benefits is the same (1=yes; 0=no),SG.AGE.FUPN.EQ,0
Vietnam,VNM,2018,The age at which men and women can retire with full pension benefits is the same (1=yes; 0=no),SG.AGE.FUPN.EQ,0
Vietnam,VNM,2017,The age at which men and women can retire with full pension benefits is the same (1=yes; 0=no),SG.AGE.FUPN.EQ,0
Vietnam,VNM,2016,The age at which men and women can retire with full pension benefits is the same (1=yes; 0=no),SG.AGE.FUPN.EQ,0
Vietnam,VNM,2015,The age at which men and women can retire with full pension benefits is the same (1=yes; 0=no),SG.AGE.FUPN.EQ,0
Vietnam,VNM,2014,The age at which men and women can retire with full pension benefits is the same (1=yes; 0=no),SG.AGE.FUPN.EQ,0
Vietnam,VNM,2013,The age at which men and women can retire with full pension benefits is the same (1=yes; 0=no),SG.AGE.FUPN.EQ,0
Vietnam,VNM,2012,The age at which men and women can retire with full pension benefits is the same (1=yes; 0=no),SG.AGE.FUPN.EQ,0
Vietnam,VNM,2011,The age at which men and women can retire with full pension benefits is the same (1=yes; 0=no),SG.AGE.FUPN.EQ,0
Vietnam,VNM,2010,The age at which men and women can retire with full pension benefits is the same (1=yes; 0=no),SG.AGE.FUPN.EQ,0
Vietnam,VNM,2009,The age at which men and women can retire with full pension benefits is the same (1=yes; 0=no),SG.AGE.FUPN.EQ,0
Vietnam,VNM,2008,The age at which men and women can retire with full pension benefits is the same (1=yes; 0=no),SG.AGE.FUPN.EQ,0
Vietnam,VNM,2007,The age at which men and women can retire with full pension benefits is the same (1=yes; 0=no),SG.AGE.FUPN.EQ,0
Vietnam,VNM,2006,The age at which men and women can retire with full pension benefits is the same (1=yes; 0=no),SG.AGE.FUPN.EQ,0
Vietnam,VNM,2005,The age at which men and women can retire with full pension benefits is the same (1=yes; 0=no),SG.AGE.FUPN.EQ,0
Vietnam,VNM,2004,The age at which men and women can retire with full pension benefits is the same (1=yes; 0=no),SG.AGE.FUPN.EQ,0
Vietnam,VNM,2003,The age at which men and women can retire with full pension benefits is the same (1=yes; 0=no),SG.AGE.FUPN.EQ,0
Vietnam,VNM,2002,The age at which men and women can retire with full pension benefits is the same (1=yes; 0=no),SG.AGE.FUPN.EQ,0
Vietnam,VNM,2001,The age at which men and women can retire with full pension benefits is the same (1=yes; 0=no),SG.AGE.FUPN.EQ,0
Vietnam,VNM,2000,The age at which men and women can retire with full pension benefits is the same (1=yes; 0=no),SG.AGE.FUPN.EQ,0
Vietnam,VNM,1999,The age at which men and women can retire with full pension benefits is the same (1=yes; 0=no),SG.AGE.FUPN.EQ,0
Vietnam,VNM,1998,The age at which men and women can retire with full pension benefits is the same (1=yes; 0=no),SG.AGE.FUPN.EQ,0
Vietnam,VNM,1997,The age at which men and women can retire with full pension benefits is the same (1=yes; 0=no),SG.AGE.FUPN.EQ,0
Vietnam,VNM,1996,The age at which men and women can retire with full pension benefits is the same (1=yes; 0=no),SG.AGE.FUPN.EQ,0
Vietnam,VNM,1995,The age at which men and women can retire with full pension benefits is the same (1=yes; 0=no),SG.AGE.FUPN.EQ,0
Vietnam,VNM,1994,The age at which men and women can retire with full pension benefits is the same (1=yes; 0=no),SG.AGE.FUPN.EQ,0
Vietnam,VNM,1993,The age at which men and women can retire with full pension benefits is the same (1=yes; 0=no),SG.AGE.FUPN.EQ,0
Vietnam,VNM,1992,The age at which men and women can retire with full pension benefits is the same (1=yes; 0=no),SG.AGE.FUPN.EQ,0
Vietnam,VNM,1991,The age at which men and women can retire with full pension benefits is the same (1=yes; 0=no),SG.AGE.FUPN.EQ,0
Vietnam,VNM,1990,The age at which men and women can retire with full pension benefits is the same (1=yes; 0=no),SG.AGE.FUPN.EQ,0
Vietnam,VNM,1989,The age at which men and women can retire with full pension benefits is the same (1=yes; 0=no),SG.AGE.FUPN.EQ,0
Vietnam,VNM,1988,The age at which men and women can retire with full pension benefits is the same (1=yes; 0=no),SG.AGE.FUPN.EQ,0
Vietnam,VNM,1987,The age at which men and women can retire with full pension benefits is the same (1=yes; 0=no),SG.AGE.FUPN.EQ,0
Vietnam,VNM,1986,The age at which men and women can retire with full pension benefits is the same (1=yes; 0=no),SG.AGE.FUPN.EQ,0
Vietnam,VNM,1985,The age at which men and women can retire with full pension benefits is the same (1=yes; 0=no),SG.AGE.FUPN.EQ,0
Vietnam,VNM,1984,The age at which men and women can retire with full pension benefits is the same (1=yes; 0=no),SG.AGE.FUPN.EQ,0
Vietnam,VNM,1983,The age at which men and women can retire with full pension benefits is the same (1=yes; 0=no),SG.AGE.FUPN.EQ,0
Vietnam,VNM,1982,The age at which men and women can retire with full pension benefits is the same (1=yes; 0=no),SG.AGE.FUPN.EQ,0
Vietnam,VNM,1981,The age at which men and women can retire with full pension benefits is the same (1=yes; 0=no),SG.AGE.FUPN.EQ,0
Vietnam,VNM,1980,The age at which men and women can retire with full pension benefits is the same (1=yes; 0=no),SG.AGE.FUPN.EQ,0
Vietnam,VNM,1979,The age at which men and women can retire with full pension benefits is the same (1=yes; 0=no),SG.AGE.FUPN.EQ,0
Vietnam,VNM,1978,The age at which men and women can retire with full pension benefits is the same (1=yes; 0=no),SG.AGE.FUPN.EQ,0
Vietnam,VNM,1977,The age at which men and women can retire with full pension benefits is the same (1=yes; 0=no),SG.AGE.FUPN.EQ,0
Vietnam,VNM,1976,The age at which men and women can retire with full pension benefits is the same (1=yes; 0=no),SG.AGE.FUPN.EQ,0
Vietnam,VNM,1975,The age at which men and women can retire with full pension benefits is the same (1=yes; 0=no),SG.AGE.FUPN.EQ,0
Vietnam,VNM,1974,The age at which men and women can retire with full pension benefits is the same (1=yes; 0=no),SG.AGE.FUPN.EQ,0
Vietnam,VNM,1973,The age at which men and women can retire with full pension benefits is the same (1=yes; 0=no),SG.AGE.FUPN.EQ,0
Vietnam,VNM,1972,The age at which men and women can retire with full pension benefits is the same (1=yes; 0=no),SG.AGE.FUPN.EQ,0
Vietnam,VNM,1971,The age at which men and women can retire with full pension benefits is the same (1=yes; 0=no),SG.AGE.FUPN.EQ,0
Vietnam,VNM,1970,The age at which men and women can retire with full pension benefits is the same (1=yes; 0=no),SG.AGE.FUPN.EQ,0
Vietnam,VNM,2022,The mandatory retirement age for men and women is the same (1=yes; 0=no),SG.AGE.MRET.EQ,0
Vietnam,VNM,2021,The mandatory retirement age for men and women is the same (1=yes; 0=no),SG.AGE.MRET.EQ,0
Vietnam,VNM,2020,The mandatory retirement age for men and women is the same (1=yes; 0=no),SG.AGE.MRET.EQ,0
Vietnam,VNM,2019,The mandatory retirement age for men and women is the same (1=yes; 0=no),SG.AGE.MRET.EQ,0
Vietnam,VNM,2018,The mandatory retirement age for men and women is the same (1=yes; 0=no),SG.AGE.MRET.EQ,0
Vietnam,VNM,2017,The mandatory retirement age for men and women is the same (1=yes; 0=no),SG.AGE.MRET.EQ,0
Vietnam,VNM,2016,The mandatory retirement age for men and women is the same (1=yes; 0=no),SG.AGE.MRET.EQ,0
Vietnam,VNM,2015,The mandatory retirement age for men and women is the same (1=yes; 0=no),SG.AGE.MRET.EQ,0
Vietnam,VNM,2014,The mandatory retirement age for men and women is the same (1=yes; 0=no),SG.AGE.MRET.EQ,0
Vietnam,VNM,2013,The mandatory retirement age for men and women is the same (1=yes; 0=no),SG.AGE.MRET.EQ,0
Vietnam,VNM,2012,The mandatory retirement age for men and women is the same (1=yes; 0=no),SG.AGE.MRET.EQ,1
Vietnam,VNM,2011,The mandatory retirement age for men and women is the same (1=yes; 0=no),SG.AGE.MRET.EQ,1
Vietnam,VNM,2010,The mandatory retirement age for men and women is the same (1=yes; 0=no),SG.AGE.MRET.EQ,1
Vietnam,VNM,2009,The mandatory retirement age for men and women is the same (1=yes; 0=no),SG.AGE.MRET.EQ,1
Vietnam,VNM,2008,The mandatory retirement age for men and women is the same (1=yes; 0=no),SG.AGE.MRET.EQ,1
Vietnam,VNM,2007,The mandatory retirement age for men and women is the same (1=yes; 0=no),SG.AGE.MRET.EQ,1
Vietnam,VNM,2006,The mandatory retirement age for men and women is the same (1=yes; 0=no),SG.AGE.MRET.EQ,1
Vietnam,VNM,2005,The mandatory retirement age for men and women is the same (1=yes; 0=no),SG.AGE.MRET.EQ,1
Vietnam,VNM,2004,The mandatory retirement age for men and women is the same (1=yes; 0=no),SG.AGE.MRET.EQ,1
Vietnam,VNM,2003,The mandatory retirement age for men and women is the same (1=yes; 0=no),SG.AGE.MRET.EQ,1
Vietnam,VNM,2002,The mandatory retirement age for men and women is the same (1=yes; 0=no),SG.AGE.MRET.EQ,1
Vietnam,VNM,2001,The mandatory retirement age for men and women is the same (1=yes; 0=no),SG.AGE.MRET.EQ,1
Vietnam,VNM,2000,The mandatory retirement age for men and women is the same (1=yes; 0=no),SG.AGE.MRET.EQ,1
Vietnam,VNM,1999,The mandatory retirement age for men and women is the same (1=yes; 0=no),SG.AGE.MRET.EQ,1
Vietnam,VNM,1998,The mandatory retirement age for men and women is the same (1=yes; 0=no),SG.AGE.MRET.EQ,1
Vietnam,VNM,1997,The mandatory retirement age for men and women is the same (1=yes; 0=no),SG.AGE.MRET.EQ,1
Vietnam,VNM,1996,The mandatory retirement age for men and women is the same (1=yes; 0=no),SG.AGE.MRET.EQ,1
Vietnam,VNM,1995,The mandatory retirement age for men and women is the same (1=yes; 0=no),SG.AGE.MRET.EQ,1
Vietnam,VNM,1994,The mandatory retirement age for men and women is the same (1=yes; 0=no),SG.AGE.MRET.EQ,1
Vietnam,VNM,1993,The mandatory retirement age for men and women is the same (1=yes; 0=no),SG.AGE.MRET.EQ,1
Vietnam,VNM,1992,The mandatory retirement age for men and women is the same (1=yes; 0=no),SG.AGE.MRET.EQ,1
Vietnam,VNM,1991,The mandatory retirement age for men and women is the same (1=yes; 0=no),SG.AGE.MRET.EQ,1
Vietnam,VNM,1990,The mandatory retirement age for men and women is the same (1=yes; 0=no),SG.AGE.MRET.EQ,1
Vietnam,VNM,1989,The mandatory retirement age for men and women is the same (1=yes; 0=no),SG.AGE.MRET.EQ,1
Vietnam,VNM,1988,The mandatory retirement age for men and women is the same (1=yes; 0=no),SG.AGE.MRET.EQ,1
Vietnam,VNM,1987,The mandatory retirement age for men and women is the same (1=yes; 0=no),SG.AGE.MRET.EQ,1
Vietnam,VNM,1986,The mandatory retirement age for men and women is the same (1=yes; 0=no),SG.AGE.MRET.EQ,1
Vietnam,VNM,1985,The mandatory retirement age for men and women is the same (1=yes; 0=no),SG.AGE.MRET.EQ,1
Vietnam,VNM,1984,The mandatory retirement age for men and women is the same (1=yes; 0=no),SG.AGE.MRET.EQ,1
Vietnam,VNM,1983,The mandatory retirement age for men and women is the same (1=yes; 0=no),SG.AGE.MRET.EQ,1
Vietnam,VNM,1982,The mandatory retirement age for men and women is the same (1=yes; 0=no),SG.AGE.MRET.EQ,1
Vietnam,VNM,1981,The mandatory retirement age for men and women is the same (1=yes; 0=no),SG.AGE.MRET.EQ,1
Vietnam,VNM,1980,The mandatory retirement age for men and women is the same (1=yes; 0=no),SG.AGE.MRET.EQ,1
Vietnam,VNM,1979,The mandatory retirement age for men and women is the same (1=yes; 0=no),SG.AGE.MRET.EQ,1
Vietnam,VNM,1978,The mandatory retirement age for men and women is the same (1=yes; 0=no),SG.AGE.MRET.EQ,1
Vietnam,VNM,1977,The mandatory retirement age for men and women is the same (1=yes; 0=no),SG.AGE.MRET.EQ,1
Vietnam,VNM,1976,The mandatory retirement age for men and women is the same (1=yes; 0=no),SG.AGE.MRET.EQ,1
Vietnam,VNM,1975,The mandatory retirement age for men and women is the same (1=yes; 0=no),SG.AGE.MRET.EQ,1
Vietnam,VNM,1974,The mandatory retirement age for men and women is the same (1=yes; 0=no),SG.AGE.MRET.EQ,1
Vietnam,VNM,1973,The mandatory retirement age for men and women is the same (1=yes; 0=no),SG.AGE.MRET.EQ,1
Vietnam,VNM,1972,The mandatory retirement age for men and women is the same (1=yes; 0=no),SG.AGE.MRET.EQ,1
Vietnam,VNM,1971,The mandatory retirement age for men and women is the same (1=yes; 0=no),SG.AGE.MRET.EQ,1
Vietnam,VNM,1970,The mandatory retirement age for men and women is the same (1=yes; 0=no),SG.AGE.MRET.EQ,1
Vietnam,VNM,2022,The age at which men and women can retire with partial pension benefits is the same (1=yes; 0=no),SG.AGE.PAPN.EQ,0
Vietnam,VNM,2021,The age at which men and women can retire with partial pension benefits is the same (1=yes; 0=no),SG.AGE.PAPN.EQ,0
Vietnam,VNM,2020,The age at which men and women can retire with partial pension benefits is the same (1=yes; 0=no),SG.AGE.PAPN.EQ,0
Vietnam,VNM,2019,The age at which men and women can retire with partial pension benefits is the same (1=yes; 0=no),SG.AGE.PAPN.EQ,0
Vietnam,VNM,2018,The age at which men and women can retire with partial pension benefits is the same (1=yes; 0=no),SG.AGE.PAPN.EQ,0
Vietnam,VNM,2017,The age at which men and women can retire with partial pension benefits is the same (1=yes; 0=no),SG.AGE.PAPN.EQ,0
Vietnam,VNM,2016,The age at which men and women can retire with partial pension benefits is the same (1=yes; 0=no),SG.AGE.PAPN.EQ,0
Vietnam,VNM,2015,The age at which men and women can retire with partial pension benefits is the same (1=yes; 0=no),SG.AGE.PAPN.EQ,0
Vietnam,VNM,2014,The age at which men and women can retire with partial pension benefits is the same (1=yes; 0=no),SG.AGE.PAPN.EQ,0
Vietnam,VNM,2013,The age at which men and women can retire with partial pension benefits is the same (1=yes; 0=no),SG.AGE.PAPN.EQ,0
Vietnam,VNM,2012,The age at which men and women can retire with partial pension benefits is the same (1=yes; 0=no),SG.AGE.PAPN.EQ,0
Vietnam,VNM,2011,The age at which men and women can retire with partial pension benefits is the same (1=yes; 0=no),SG.AGE.PAPN.EQ,0
Vietnam,VNM,2010,The age at which men and women can retire with partial pension benefits is the same (1=yes; 0=no),SG.AGE.PAPN.EQ,0
Vietnam,VNM,2009,The age at which men and women can retire with partial pension benefits is the same (1=yes; 0=no),SG.AGE.PAPN.EQ,0
Vietnam,VNM,2008,The age at which men and women can retire with partial pension benefits is the same (1=yes; 0=no),SG.AGE.PAPN.EQ,0
Vietnam,VNM,2007,The age at which men and women can retire with partial pension benefits is the same (1=yes; 0=no),SG.AGE.PAPN.EQ,0
Vietnam,VNM,2006,The age at which men and women can retire with partial pension benefits is the same (1=yes; 0=no),SG.AGE.PAPN.EQ,0
Vietnam,VNM,2005,The age at which men and women can retire with partial pension benefits is the same (1=yes; 0=no),SG.AGE.PAPN.EQ,0
Vietnam,VNM,2004,The age at which men and women can retire with partial pension benefits is the same (1=yes; 0=no),SG.AGE.PAPN.EQ,0
Vietnam,VNM,2003,The age at which men and women can retire with partial pension benefits is the same (1=yes; 0=no),SG.AGE.PAPN.EQ,0
Vietnam,VNM,2002,The age at which men and women can retire with partial pension benefits is the same (1=yes; 0=no),SG.AGE.PAPN.EQ,0
Vietnam,VNM,2001,The age at which men and women can retire with partial pension benefits is the same (1=yes; 0=no),SG.AGE.PAPN.EQ,0
Vietnam,VNM,2000,The age at which men and women can retire with partial pension benefits is the same (1=yes; 0=no),SG.AGE.PAPN.EQ,0
Vietnam,VNM,1999,The age at which men and women can retire with partial pension benefits is the same (1=yes; 0=no),SG.AGE.PAPN.EQ,0
Vietnam,VNM,1998,The age at which men and women can retire with partial pension benefits is the same (1=yes; 0=no),SG.AGE.PAPN.EQ,0
Vietnam,VNM,1997,The age at which men and women can retire with partial pension benefits is the same (1=yes; 0=no),SG.AGE.PAPN.EQ,0
Vietnam,VNM,1996,The age at which men and women can retire with partial pension benefits is the same (1=yes; 0=no),SG.AGE.PAPN.EQ,0
Vietnam,VNM,1995,The age at which men and women can retire with partial pension benefits is the same (1=yes; 0=no),SG.AGE.PAPN.EQ,0
Vietnam,VNM,1994,The age at which men and women can retire with partial pension benefits is the same (1=yes; 0=no),SG.AGE.PAPN.EQ,0
Vietnam,VNM,1993,The age at which men and women can retire with partial pension benefits is the same (1=yes; 0=no),SG.AGE.PAPN.EQ,0
Vietnam,VNM,1992,The age at which men and women can retire with partial pension benefits is the same (1=yes; 0=no),SG.AGE.PAPN.EQ,0
Vietnam,VNM,1991,The age at which men and women can retire with partial pension benefits is the same (1=yes; 0=no),SG.AGE.PAPN.EQ,0
Vietnam,VNM,1990,The age at which men and women can retire with partial pension benefits is the same (1=yes; 0=no),SG.AGE.PAPN.EQ,0
Vietnam,VNM,1989,The age at which men and women can retire with partial pension benefits is the same (1=yes; 0=no),SG.AGE.PAPN.EQ,0
Vietnam,VNM,1988,The age at which men and women can retire with partial pension benefits is the same (1=yes; 0=no),SG.AGE.PAPN.EQ,0
Vietnam,VNM,1987,The age at which men and women can retire with partial pension benefits is the same (1=yes; 0=no),SG.AGE.PAPN.EQ,0
Vietnam,VNM,1986,The age at which men and women can retire with partial pension benefits is the same (1=yes; 0=no),SG.AGE.PAPN.EQ,0
Vietnam,VNM,1985,The age at which men and women can retire with partial pension benefits is the same (1=yes; 0=no),SG.AGE.PAPN.EQ,0
Vietnam,VNM,1984,The age at which men and women can retire with partial pension benefits is the same (1=yes; 0=no),SG.AGE.PAPN.EQ,0
Vietnam,VNM,1983,The age at which men and women can retire with partial pension benefits is the same (1=yes; 0=no),SG.AGE.PAPN.EQ,0
Vietnam,VNM,1982,The age at which men and women can retire with partial pension benefits is the same (1=yes; 0=no),SG.AGE.PAPN.EQ,0
Vietnam,VNM,1981,The age at which men and women can retire with partial pension benefits is the same (1=yes; 0=no),SG.AGE.PAPN.EQ,0
Vietnam,VNM,1980,The age at which men and women can retire with partial pension benefits is the same (1=yes; 0=no),SG.AGE.PAPN.EQ,0
Vietnam,VNM,1979,The age at which men and women can retire with partial pension benefits is the same (1=yes; 0=no),SG.AGE.PAPN.EQ,0
Vietnam,VNM,1978,The age at which men and women can retire with partial pension benefits is the same (1=yes; 0=no),SG.AGE.PAPN.EQ,0
Vietnam,VNM,1977,The age at which men and women can retire with partial pension benefits is the same (1=yes; 0=no),SG.AGE.PAPN.EQ,0
Vietnam,VNM,1976,The age at which men and women can retire with partial pension benefits is the same (1=yes; 0=no),SG.AGE.PAPN.EQ,0
Vietnam,VNM,1975,The age at which men and women can retire with partial pension benefits is the same (1=yes; 0=no),SG.AGE.PAPN.EQ,0
Vietnam,VNM,1974,The age at which men and women can retire with partial pension benefits is the same (1=yes; 0=no),SG.AGE.PAPN.EQ,0
Vietnam,VNM,1973,The age at which men and women can retire with partial pension benefits is the same (1=yes; 0=no),SG.AGE.PAPN.EQ,0
Vietnam,VNM,1972,The age at which men and women can retire with partial pension benefits is the same (1=yes; 0=no),SG.AGE.PAPN.EQ,0
Vietnam,VNM,1971,The age at which men and women can retire with partial pension benefits is the same (1=yes; 0=no),SG.AGE.PAPN.EQ,0
Vietnam,VNM,1970,The age at which men and women can retire with partial pension benefits is the same (1=yes; 0=no),SG.AGE.PAPN.EQ,0
Vietnam,VNM,2022,"Mandatory retirement age, female",SG.AGE.RTRE.FE,55.7
Vietnam,VNM,2022,"Retirement age with full benefits, female",SG.AGE.RTRE.FL.FE,55.7
Vietnam,VNM,2022,"Retirement age with full benefits, male",SG.AGE.RTRE.FL.MA,60.5
Vietnam,VNM,2022,"Mandatory retirement age, male",SG.AGE.RTRE.MA,60.5
Vietnam,VNM,2022,"Retirement age with partial benefits, female",SG.AGE.RTRE.PL.FE,55.2
Vietnam,VNM,2022,"Retirement age with partial benefits, male",SG.AGE.RTRE.PL.MA,60
Vietnam,VNM,2022,A woman can apply for a passport in the same way as a man (1=yes; 0=no),SG.APL.PSPT.EQ,1
Vietnam,VNM,2021,A woman can apply for a passport in the same way as a man (1=yes; 0=no),SG.APL.PSPT.EQ,1
Vietnam,VNM,2020,A woman can apply for a passport in the same way as a man (1=yes; 0=no),SG.APL.PSPT.EQ,1
Vietnam,VNM,2019,A woman can apply for a passport in the same way as a man (1=yes; 0=no),SG.APL.PSPT.EQ,1
Vietnam,VNM,2018,A woman can apply for a passport in the same way as a man (1=yes; 0=no),SG.APL.PSPT.EQ,1
Vietnam,VNM,2017,A woman can apply for a passport in the same way as a man (1=yes; 0=no),SG.APL.PSPT.EQ,1
Vietnam,VNM,2016,A woman can apply for a passport in the same way as a man (1=yes; 0=no),SG.APL.PSPT.EQ,1
Vietnam,VNM,2015,A woman can apply for a passport in the same way as a man (1=yes; 0=no),SG.APL.PSPT.EQ,1
Vietnam,VNM,2014,A woman can apply for a passport in the same way as a man (1=yes; 0=no),SG.APL.PSPT.EQ,1
Vietnam,VNM,2013,A woman can apply for a passport in the same way as a man (1=yes; 0=no),SG.APL.PSPT.EQ,1
Vietnam,VNM,2012,A woman can apply for a passport in the same way as a man (1=yes; 0=no),SG.APL.PSPT.EQ,1
Vietnam,VNM,2011,A woman can apply for a passport in the same way as a man (1=yes; 0=no),SG.APL.PSPT.EQ,1
Vietnam,VNM,2010,A woman can apply for a passport in the same way as a man (1=yes; 0=no),SG.APL.PSPT.EQ,1
Vietnam,VNM,2009,A woman can apply for a passport in the same way as a man (1=yes; 0=no),SG.APL.PSPT.EQ,1
Vietnam,VNM,2008,A woman can apply for a passport in the same way as a man (1=yes; 0=no),SG.APL.PSPT.EQ,1
Vietnam,VNM,2007,A woman can apply for a passport in the same way as a man (1=yes; 0=no),SG.APL.PSPT.EQ,1
Vietnam,VNM,2006,A woman can apply for a passport in the same way as a man (1=yes; 0=no),SG.APL.PSPT.EQ,1
Vietnam,VNM,2005,A woman can apply for a passport in the same way as a man (1=yes; 0=no),SG.APL.PSPT.EQ,1
Vietnam,VNM,2004,A woman can apply for a passport in the same way as a man (1=yes; 0=no),SG.APL.PSPT.EQ,1
Vietnam,VNM,2003,A woman can apply for a passport in the same way as a man (1=yes; 0=no),SG.APL.PSPT.EQ,1
Vietnam,VNM,2002,A woman can apply for a passport in the same way as a man (1=yes; 0=no),SG.APL.PSPT.EQ,1
Vietnam,VNM,2001,A woman can apply for a passport in the same way as a man (1=yes; 0=no),SG.APL.PSPT.EQ,1
Vietnam,VNM,2000,A woman can apply for a passport in the same way as a man (1=yes; 0=no),SG.APL.PSPT.EQ,1
Vietnam,VNM,1999,A woman can apply for a passport in the same way as a man (1=yes; 0=no),SG.APL.PSPT.EQ,1
Vietnam,VNM,1998,A woman can apply for a passport in the same way as a man (1=yes; 0=no),SG.APL.PSPT.EQ,1
Vietnam,VNM,1997,A woman can apply for a passport in the same way as a man (1=yes; 0=no),SG.APL.PSPT.EQ,1
Vietnam,VNM,1996,A woman can apply for a passport in the same way as a man (1=yes; 0=no),SG.APL.PSPT.EQ,1
Vietnam,VNM,1995,A woman can apply for a passport in the same way as a man (1=yes; 0=no),SG.APL.PSPT.EQ,1
Vietnam,VNM,1994,A woman can apply for a passport in the same way as a man (1=yes; 0=no),SG.APL.PSPT.EQ,1
Vietnam,VNM,1993,A woman can apply for a passport in the same way as a man (1=yes; 0=no),SG.APL.PSPT.EQ,1
Vietnam,VNM,1992,A woman can apply for a passport in the same way as a man (1=yes; 0=no),SG.APL.PSPT.EQ,1
Vietnam,VNM,1991,A woman can apply for a passport in the same way as a man (1=yes; 0=no),SG.APL.PSPT.EQ,1
Vietnam,VNM,1990,A woman can apply for a passport in the same way as a man (1=yes; 0=no),SG.APL.PSPT.EQ,1
Vietnam,VNM,1989,A woman can apply for a passport in the same way as a man (1=yes; 0=no),SG.APL.PSPT.EQ,1
Vietnam,VNM,1988,A woman can apply for a passport in the same way as a man (1=yes; 0=no),SG.APL.PSPT.EQ,1
Vietnam,VNM,1987,A woman can apply for a passport in the same way as a man (1=yes; 0=no),SG.APL.PSPT.EQ,1
Vietnam,VNM,1986,A woman can apply for a passport in the same way as a man (1=yes; 0=no),SG.APL.PSPT.EQ,1
Vietnam,VNM,1985,A woman can apply for a passport in the same way as a man (1=yes; 0=no),SG.APL.PSPT.EQ,1
Vietnam,VNM,1984,A woman can apply for a passport in the same way as a man (1=yes; 0=no),SG.APL.PSPT.EQ,1
Vietnam,VNM,1983,A woman can apply for a passport in the same way as a man (1=yes; 0=no),SG.APL.PSPT.EQ,1
Vietnam,VNM,1982,A woman can apply for a passport in the same way as a man (1=yes; 0=no),SG.APL.PSPT.EQ,1
Vietnam,VNM,1981,A woman can apply for a passport in the same way as a man (1=yes; 0=no),SG.APL.PSPT.EQ,1
Vietnam,VNM,1980,A woman can apply for a passport in the same way as a man (1=yes; 0=no),SG.APL.PSPT.EQ,1
Vietnam,VNM,1979,A woman can apply for a passport in the same way as a man (1=yes; 0=no),SG.APL.PSPT.EQ,1
Vietnam,VNM,1978,A woman can apply for a passport in the same way as a man (1=yes; 0=no),SG.APL.PSPT.EQ,1
Vietnam,VNM,1977,A woman can apply for a passport in the same way as a man (1=yes; 0=no),SG.APL.PSPT.EQ,1
Vietnam,VNM,1976,A woman can apply for a passport in the same way as a man (1=yes; 0=no),SG.APL.PSPT.EQ,1
Vietnam,VNM,1975,A woman can apply for a passport in the same way as a man (1=yes; 0=no),SG.APL.PSPT.EQ,1
Vietnam,VNM,1974,A woman can apply for a passport in the same way as a man (1=yes; 0=no),SG.APL.PSPT.EQ,1
Vietnam,VNM,1973,A woman can apply for a passport in the same way as a man (1=yes; 0=no),SG.APL.PSPT.EQ,1
Vietnam,VNM,1972,A woman can apply for a passport in the same way as a man (1=yes; 0=no),SG.APL.PSPT.EQ,1
Vietnam,VNM,1971,A woman can apply for a passport in the same way as a man (1=yes; 0=no),SG.APL.PSPT.EQ,1
Vietnam,VNM,1970,A woman can apply for a passport in the same way as a man (1=yes; 0=no),SG.APL.PSPT.EQ,1
Vietnam,VNM,2022,A woman can register a business in the same way as a man (1=yes; 0=no),SG.BUS.REGT.EQ,1
Vietnam,VNM,2021,A woman can register a business in the same way as a man (1=yes; 0=no),SG.BUS.REGT.EQ,1
Vietnam,VNM,2020,A woman can register a business in the same way as a man (1=yes; 0=no),SG.BUS.REGT.EQ,1
Vietnam,VNM,2019,A woman can register a business in the same way as a man (1=yes; 0=no),SG.BUS.REGT.EQ,1
Vietnam,VNM,2018,A woman can register a business in the same way as a man (1=yes; 0=no),SG.BUS.REGT.EQ,1
Vietnam,VNM,2017,A woman can register a business in the same way as a man (1=yes; 0=no),SG.BUS.REGT.EQ,1
Vietnam,VNM,2016,A woman can register a business in the same way as a man (1=yes; 0=no),SG.BUS.REGT.EQ,1
Vietnam,VNM,2015,A woman can register a business in the same way as a man (1=yes; 0=no),SG.BUS.REGT.EQ,1
Vietnam,VNM,2014,A woman can register a business in the same way as a man (1=yes; 0=no),SG.BUS.REGT.EQ,1
Vietnam,VNM,2013,A woman can register a business in the same way as a man (1=yes; 0=no),SG.BUS.REGT.EQ,1
Vietnam,VNM,2012,A woman can register a business in the same way as a man (1=yes; 0=no),SG.BUS.REGT.EQ,1
Vietnam,VNM,2011,A woman can register a business in the same way as a man (1=yes; 0=no),SG.BUS.REGT.EQ,1
Vietnam,VNM,2010,A woman can register a business in the same way as a man (1=yes; 0=no),SG.BUS.REGT.EQ,1
Vietnam,VNM,2009,A woman can register a business in the same way as a man (1=yes; 0=no),SG.BUS.REGT.EQ,1
Vietnam,VNM,2008,A woman can register a business in the same way as a man (1=yes; 0=no),SG.BUS.REGT.EQ,1
Vietnam,VNM,2007,A woman can register a business in the same way as a man (1=yes; 0=no),SG.BUS.REGT.EQ,1
Vietnam,VNM,2006,A woman can register a business in the same way as a man (1=yes; 0=no),SG.BUS.REGT.EQ,1
Vietnam,VNM,2005,A woman can register a business in the same way as a man (1=yes; 0=no),SG.BUS.REGT.EQ,1
Vietnam,VNM,2004,A woman can register a business in the same way as a man (1=yes; 0=no),SG.BUS.REGT.EQ,1
Vietnam,VNM,2003,A woman can register a business in the same way as a man (1=yes; 0=no),SG.BUS.REGT.EQ,1
Vietnam,VNM,2002,A woman can register a business in the same way as a man (1=yes; 0=no),SG.BUS.REGT.EQ,1
Vietnam,VNM,2001,A woman can register a business in the same way as a man (1=yes; 0=no),SG.BUS.REGT.EQ,1
Vietnam,VNM,2000,A woman can register a business in the same way as a man (1=yes; 0=no),SG.BUS.REGT.EQ,1
Vietnam,VNM,1999,A woman can register a business in the same way as a man (1=yes; 0=no),SG.BUS.REGT.EQ,1
Vietnam,VNM,1998,A woman can register a business in the same way as a man (1=yes; 0=no),SG.BUS.REGT.EQ,1
Vietnam,VNM,1997,A woman can register a business in the same way as a man (1=yes; 0=no),SG.BUS.REGT.EQ,1
Vietnam,VNM,1996,A woman can register a business in the same way as a man (1=yes; 0=no),SG.BUS.REGT.EQ,1
Vietnam,VNM,1995,A woman can register a business in the same way as a man (1=yes; 0=no),SG.BUS.REGT.EQ,1
Vietnam,VNM,1994,A woman can register a business in the same way as a man (1=yes; 0=no),SG.BUS.REGT.EQ,1
Vietnam,VNM,1993,A woman can register a business in the same way as a man (1=yes; 0=no),SG.BUS.REGT.EQ,1
Vietnam,VNM,1992,A woman can register a business in the same way as a man (1=yes; 0=no),SG.BUS.REGT.EQ,1
Vietnam,VNM,1991,A woman can register a business in the same way as a man (1=yes; 0=no),SG.BUS.REGT.EQ,1
Vietnam,VNM,1990,A woman can register a business in the same way as a man (1=yes; 0=no),SG.BUS.REGT.EQ,1
Vietnam,VNM,1989,A woman can register a business in the same way as a man (1=yes; 0=no),SG.BUS.REGT.EQ,1
Vietnam,VNM,1988,A woman can register a business in the same way as a man (1=yes; 0=no),SG.BUS.REGT.EQ,1
Vietnam,VNM,1987,A woman can register a business in the same way as a man (1=yes; 0=no),SG.BUS.REGT.EQ,1
Vietnam,VNM,1986,A woman can register a business in the same way as a man (1=yes; 0=no),SG.BUS.REGT.EQ,1
Vietnam,VNM,1985,A woman can register a business in the same way as a man (1=yes; 0=no),SG.BUS.REGT.EQ,1
Vietnam,VNM,1984,A woman can register a business in the same way as a man (1=yes; 0=no),SG.BUS.REGT.EQ,1
Vietnam,VNM,1983,A woman can register a business in the same way as a man (1=yes; 0=no),SG.BUS.REGT.EQ,1
Vietnam,VNM,1982,A woman can register a business in the same way as a man (1=yes; 0=no),SG.BUS.REGT.EQ,1
Vietnam,VNM,1981,A woman can register a business in the same way as a man (1=yes; 0=no),SG.BUS.REGT.EQ,1
Vietnam,VNM,1980,A woman can register a business in the same way as a man (1=yes; 0=no),SG.BUS.REGT.EQ,1
Vietnam,VNM,1979,A woman can register a business in the same way as a man (1=yes; 0=no),SG.BUS.REGT.EQ,1
Vietnam,VNM,1978,A woman can register a business in the same way as a man (1=yes; 0=no),SG.BUS.REGT.EQ,1
Vietnam,VNM,1977,A woman can register a business in the same way as a man (1=yes; 0=no),SG.BUS.REGT.EQ,1
Vietnam,VNM,1976,A woman can register a business in the same way as a man (1=yes; 0=no),SG.BUS.REGT.EQ,1
Vietnam,VNM,1975,A woman can register a business in the same way as a man (1=yes; 0=no),SG.BUS.REGT.EQ,1
Vietnam,VNM,1974,A woman can register a business in the same way as a man (1=yes; 0=no),SG.BUS.REGT.EQ,1
Vietnam,VNM,1973,A woman can register a business in the same way as a man (1=yes; 0=no),SG.BUS.REGT.EQ,1
Vietnam,VNM,1972,A woman can register a business in the same way as a man (1=yes; 0=no),SG.BUS.REGT.EQ,1
Vietnam,VNM,1971,A woman can register a business in the same way as a man (1=yes; 0=no),SG.BUS.REGT.EQ,1
Vietnam,VNM,1970,A woman can register a business in the same way as a man (1=yes; 0=no),SG.BUS.REGT.EQ,1
Vietnam,VNM,2022,A woman can sign a contract in the same way as a man (1=yes; 0=no),SG.CNT.SIGN.EQ,1
Vietnam,VNM,2021,A woman can sign a contract in the same way as a man (1=yes; 0=no),SG.CNT.SIGN.EQ,1
Vietnam,VNM,2020,A woman can sign a contract in the same way as a man (1=yes; 0=no),SG.CNT.SIGN.EQ,1
Vietnam,VNM,2019,A woman can sign a contract in the same way as a man (1=yes; 0=no),SG.CNT.SIGN.EQ,1
Vietnam,VNM,2018,A woman can sign a contract in the same way as a man (1=yes; 0=no),SG.CNT.SIGN.EQ,1
Vietnam,VNM,2017,A woman can sign a contract in the same way as a man (1=yes; 0=no),SG.CNT.SIGN.EQ,1
Vietnam,VNM,2016,A woman can sign a contract in the same way as a man (1=yes; 0=no),SG.CNT.SIGN.EQ,1
Vietnam,VNM,2015,A woman can sign a contract in the same way as a man (1=yes; 0=no),SG.CNT.SIGN.EQ,1
Vietnam,VNM,2014,A woman can sign a contract in the same way as a man (1=yes; 0=no),SG.CNT.SIGN.EQ,1
Vietnam,VNM,2013,A woman can sign a contract in the same way as a man (1=yes; 0=no),SG.CNT.SIGN.EQ,1
Vietnam,VNM,2012,A woman can sign a contract in the same way as a man (1=yes; 0=no),SG.CNT.SIGN.EQ,1
Vietnam,VNM,2011,A woman can sign a contract in the same way as a man (1=yes; 0=no),SG.CNT.SIGN.EQ,1
Vietnam,VNM,2010,A woman can sign a contract in the same way as a man (1=yes; 0=no),SG.CNT.SIGN.EQ,1
Vietnam,VNM,2009,A woman can sign a contract in the same way as a man (1=yes; 0=no),SG.CNT.SIGN.EQ,1
Vietnam,VNM,2008,A woman can sign a contract in the same way as a man (1=yes; 0=no),SG.CNT.SIGN.EQ,1
Vietnam,VNM,2007,A woman can sign a contract in the same way as a man (1=yes; 0=no),SG.CNT.SIGN.EQ,1
Vietnam,VNM,2006,A woman can sign a contract in the same way as a man (1=yes; 0=no),SG.CNT.SIGN.EQ,0
Vietnam,VNM,2005,A woman can sign a contract in the same way as a man (1=yes; 0=no),SG.CNT.SIGN.EQ,0
Vietnam,VNM,2004,A woman can sign a contract in the same way as a man (1=yes; 0=no),SG.CNT.SIGN.EQ,0
Vietnam,VNM,2003,A woman can sign a contract in the same way as a man (1=yes; 0=no),SG.CNT.SIGN.EQ,0
Vietnam,VNM,2002,A woman can sign a contract in the same way as a man (1=yes; 0=no),SG.CNT.SIGN.EQ,0
Vietnam,VNM,2001,A woman can sign a contract in the same way as a man (1=yes; 0=no),SG.CNT.SIGN.EQ,0
Vietnam,VNM,2000,A woman can sign a contract in the same way as a man (1=yes; 0=no),SG.CNT.SIGN.EQ,0
Vietnam,VNM,1999,A woman can sign a contract in the same way as a man (1=yes; 0=no),SG.CNT.SIGN.EQ,0
Vietnam,VNM,1998,A woman can sign a contract in the same way as a man (1=yes; 0=no),SG.CNT.SIGN.EQ,0
Vietnam,VNM,1997,A woman can sign a contract in the same way as a man (1=yes; 0=no),SG.CNT.SIGN.EQ,0
Vietnam,VNM,1996,A woman can sign a contract in the same way as a man (1=yes; 0=no),SG.CNT.SIGN.EQ,0
Vietnam,VNM,1995,A woman can sign a contract in the same way as a man (1=yes; 0=no),SG.CNT.SIGN.EQ,0
Vietnam,VNM,1994,A woman can sign a contract in the same way as a man (1=yes; 0=no),SG.CNT.SIGN.EQ,0
Vietnam,VNM,1993,A woman can sign a contract in the same way as a man (1=yes; 0=no),SG.CNT.SIGN.EQ,0
Vietnam,VNM,1992,A woman can sign a contract in the same way as a man (1=yes; 0=no),SG.CNT.SIGN.EQ,0
Vietnam,VNM,1991,A woman can sign a contract in the same way as a man (1=yes; 0=no),SG.CNT.SIGN.EQ,0
Vietnam,VNM,1990,A woman can sign a contract in the same way as a man (1=yes; 0=no),SG.CNT.SIGN.EQ,0
Vietnam,VNM,1989,A woman can sign a contract in the same way as a man (1=yes; 0=no),SG.CNT.SIGN.EQ,0
Vietnam,VNM,1988,A woman can sign a contract in the same way as a man (1=yes; 0=no),SG.CNT.SIGN.EQ,0
Vietnam,VNM,1987,A woman can sign a contract in the same way as a man (1=yes; 0=no),SG.CNT.SIGN.EQ,0
Vietnam,VNM,1986,A woman can sign a contract in the same way as a man (1=yes; 0=no),SG.CNT.SIGN.EQ,0
Vietnam,VNM,1985,A woman can sign a contract in the same way as a man (1=yes; 0=no),SG.CNT.SIGN.EQ,0
Vietnam,VNM,1984,A woman can sign a contract in the same way as a man (1=yes; 0=no),SG.CNT.SIGN.EQ,0
Vietnam,VNM,1983,A woman can sign a contract in the same way as a man (1=yes; 0=no),SG.CNT.SIGN.EQ,0
Vietnam,VNM,1982,A woman can sign a contract in the same way as a man (1=yes; 0=no),SG.CNT.SIGN.EQ,0
Vietnam,VNM,1981,A woman can sign a contract in the same way as a man (1=yes; 0=no),SG.CNT.SIGN.EQ,0
Vietnam,VNM,1980,A woman can sign a contract in the same way as a man (1=yes; 0=no),SG.CNT.SIGN.EQ,0
Vietnam,VNM,1979,A woman can sign a contract in the same way as a man (1=yes; 0=no),SG.CNT.SIGN.EQ,0
Vietnam,VNM,1978,A woman can sign a contract in the same way as a man (1=yes; 0=no),SG.CNT.SIGN.EQ,0
Vietnam,VNM,1977,A woman can sign a contract in the same way as a man (1=yes; 0=no),SG.CNT.SIGN.EQ,0
Vietnam,VNM,1976,A woman can sign a contract in the same way as a man (1=yes; 0=no),SG.CNT.SIGN.EQ,0
Vietnam,VNM,1975,A woman can sign a contract in the same way as a man (1=yes; 0=no),SG.CNT.SIGN.EQ,0
Vietnam,VNM,1974,A woman can sign a contract in the same way as a man (1=yes; 0=no),SG.CNT.SIGN.EQ,0
Vietnam,VNM,1973,A woman can sign a contract in the same way as a man (1=yes; 0=no),SG.CNT.SIGN.EQ,0
Vietnam,VNM,1972,A woman can sign a contract in the same way as a man (1=yes; 0=no),SG.CNT.SIGN.EQ,0
Vietnam,VNM,1971,A woman can sign a contract in the same way as a man (1=yes; 0=no),SG.CNT.SIGN.EQ,0
Vietnam,VNM,1970,A woman can sign a contract in the same way as a man (1=yes; 0=no),SG.CNT.SIGN.EQ,0
Vietnam,VNM,2005,Main cooking fuel: electricity  (% of households),SG.COK.ELEC.ZS,0.9
Vietnam,VNM,2005,Main cooking fuel: LPG/natural gas/biogas (% of households),SG.COK.LPGN.ZS,30.5
Vietnam,VNM,2005,Main cooking fuel: straw/shrubs/grass (% of households),SG.COK.STRW.ZS,11.1
Vietnam,VNM,2005,Main cooking fuel: wood (% of households),SG.COK.WOOD.ZS,46.4
Vietnam,VNM,2022,A woman can travel outside the country in the same way as a man (1=yes; 0=no),SG.CTR.TRVL.EQ,1
Vietnam,VNM,2021,A woman can travel outside the country in the same way as a man (1=yes; 0=no),SG.CTR.TRVL.EQ,1
Vietnam,VNM,2020,A woman can travel outside the country in the same way as a man (1=yes; 0=no),SG.CTR.TRVL.EQ,1
Vietnam,VNM,2019,A woman can travel outside the country in the same way as a man (1=yes; 0=no),SG.CTR.TRVL.EQ,1
Vietnam,VNM,2018,A woman can travel outside the country in the same way as a man (1=yes; 0=no),SG.CTR.TRVL.EQ,1
Vietnam,VNM,2017,A woman can travel outside the country in the same way as a man (1=yes; 0=no),SG.CTR.TRVL.EQ,1
Vietnam,VNM,2016,A woman can travel outside the country in the same way as a man (1=yes; 0=no),SG.CTR.TRVL.EQ,1
Vietnam,VNM,2015,A woman can travel outside the country in the same way as a man (1=yes; 0=no),SG.CTR.TRVL.EQ,1
Vietnam,VNM,2014,A woman can travel outside the country in the same way as a man (1=yes; 0=no),SG.CTR.TRVL.EQ,1
Vietnam,VNM,2013,A woman can travel outside the country in the same way as a man (1=yes; 0=no),SG.CTR.TRVL.EQ,1
Vietnam,VNM,2012,A woman can travel outside the country in the same way as a man (1=yes; 0=no),SG.CTR.TRVL.EQ,1
Vietnam,VNM,2011,A woman can travel outside the country in the same way as a man (1=yes; 0=no),SG.CTR.TRVL.EQ,1
Vietnam,VNM,2010,A woman can travel outside the country in the same way as a man (1=yes; 0=no),SG.CTR.TRVL.EQ,1
Vietnam,VNM,2009,A woman can travel outside the country in the same way as a man (1=yes; 0=no),SG.CTR.TRVL.EQ,1
Vietnam,VNM,2008,A woman can travel outside the country in the same way as a man (1=yes; 0=no),SG.CTR.TRVL.EQ,1
Vietnam,VNM,2007,A woman can travel outside the country in the same way as a man (1=yes; 0=no),SG.CTR.TRVL.EQ,1
Vietnam,VNM,2006,A woman can travel outside the country in the same way as a man (1=yes; 0=no),SG.CTR.TRVL.EQ,1
Vietnam,VNM,2005,A woman can travel outside the country in the same way as a man (1=yes; 0=no),SG.CTR.TRVL.EQ,1
Vietnam,VNM,2004,A woman can travel outside the country in the same way as a man (1=yes; 0=no),SG.CTR.TRVL.EQ,1
Vietnam,VNM,2003,A woman can travel outside the country in the same way as a man (1=yes; 0=no),SG.CTR.TRVL.EQ,1
Vietnam,VNM,2002,A woman can travel outside the country in the same way as a man (1=yes; 0=no),SG.CTR.TRVL.EQ,1
Vietnam,VNM,2001,A woman can travel outside the country in the same way as a man (1=yes; 0=no),SG.CTR.TRVL.EQ,1
Vietnam,VNM,2000,A woman can travel outside the country in the same way as a man (1=yes; 0=no),SG.CTR.TRVL.EQ,1
Vietnam,VNM,1999,A woman can travel outside the country in the same way as a man (1=yes; 0=no),SG.CTR.TRVL.EQ,1
Vietnam,VNM,1998,A woman can travel outside the country in the same way as a man (1=yes; 0=no),SG.CTR.TRVL.EQ,1
Vietnam,VNM,1997,A woman can travel outside the country in the same way as a man (1=yes; 0=no),SG.CTR.TRVL.EQ,1
Vietnam,VNM,1996,A woman can travel outside the country in the same way as a man (1=yes; 0=no),SG.CTR.TRVL.EQ,1
Vietnam,VNM,1995,A woman can travel outside the country in the same way as a man (1=yes; 0=no),SG.CTR.TRVL.EQ,1
Vietnam,VNM,1994,A woman can travel outside the country in the same way as a man (1=yes; 0=no),SG.CTR.TRVL.EQ,1
Vietnam,VNM,1993,A woman can travel outside the country in the same way as a man (1=yes; 0=no),SG.CTR.TRVL.EQ,1
Vietnam,VNM,1992,A woman can travel outside the country in the same way as a man (1=yes; 0=no),SG.CTR.TRVL.EQ,1
Vietnam,VNM,1991,A woman can travel outside the country in the same way as a man (1=yes; 0=no),SG.CTR.TRVL.EQ,1
Vietnam,VNM,1990,A woman can travel outside the country in the same way as a man (1=yes; 0=no),SG.CTR.TRVL.EQ,1
Vietnam,VNM,1989,A woman can travel outside the country in the same way as a man (1=yes; 0=no),SG.CTR.TRVL.EQ,1
Vietnam,VNM,1988,A woman can travel outside the country in the same way as a man (1=yes; 0=no),SG.CTR.TRVL.EQ,1
Vietnam,VNM,1987,A woman can travel outside the country in the same way as a man (1=yes; 0=no),SG.CTR.TRVL.EQ,1
Vietnam,VNM,1986,A woman can travel outside the country in the same way as a man (1=yes; 0=no),SG.CTR.TRVL.EQ,1
Vietnam,VNM,1985,A woman can travel outside the country in the same way as a man (1=yes; 0=no),SG.CTR.TRVL.EQ,1
Vietnam,VNM,1984,A woman can travel outside the country in the same way as a man (1=yes; 0=no),SG.CTR.TRVL.EQ,1
Vietnam,VNM,1983,A woman can travel outside the country in the same way as a man (1=yes; 0=no),SG.CTR.TRVL.EQ,1
Vietnam,VNM,1982,A woman can travel outside the country in the same way as a man (1=yes; 0=no),SG.CTR.TRVL.EQ,1
Vietnam,VNM,1981,A woman can travel outside the country in the same way as a man (1=yes; 0=no),SG.CTR.TRVL.EQ,1
Vietnam,VNM,1980,A woman can travel outside the country in the same way as a man (1=yes; 0=no),SG.CTR.TRVL.EQ,1
Vietnam,VNM,1979,A woman can travel outside the country in the same way as a man (1=yes; 0=no),SG.CTR.TRVL.EQ,1
Vietnam,VNM,1978,A woman can travel outside the country in the same way as a man (1=yes; 0=no),SG.CTR.TRVL.EQ,1
Vietnam,VNM,1977,A woman can travel outside the country in the same way as a man (1=yes; 0=no),SG.CTR.TRVL.EQ,1
Vietnam,VNM,1976,A woman can travel outside the country in the same way as a man (1=yes; 0=no),SG.CTR.TRVL.EQ,1
Vietnam,VNM,1975,A woman can travel outside the country in the same way as a man (1=yes; 0=no),SG.CTR.TRVL.EQ,1
Vietnam,VNM,1974,A woman can travel outside the country in the same way as a man (1=yes; 0=no),SG.CTR.TRVL.EQ,1
Vietnam,VNM,1973,A woman can travel outside the country in the same way as a man (1=yes; 0=no),SG.CTR.TRVL.EQ,1
Vietnam,VNM,1972,A woman can travel outside the country in the same way as a man (1=yes; 0=no),SG.CTR.TRVL.EQ,1
Vietnam,VNM,1971,A woman can travel outside the country in the same way as a man (1=yes; 0=no),SG.CTR.TRVL.EQ,1
Vietnam,VNM,1970,A woman can travel outside the country in the same way as a man (1=yes; 0=no),SG.CTR.TRVL.EQ,1
Vietnam,VNM,2022,Dismissal of pregnant workers is prohibited (1=yes; 0=no),SG.DML.PRGW,1
Vietnam,VNM,2021,Dismissal of pregnant workers is prohibited (1=yes; 0=no),SG.DML.PRGW,1
Vietnam,VNM,2020,Dismissal of pregnant workers is prohibited (1=yes; 0=no),SG.DML.PRGW,1
Vietnam,VNM,2019,Dismissal of pregnant workers is prohibited (1=yes; 0=no),SG.DML.PRGW,1
Vietnam,VNM,2018,Dismissal of pregnant workers is prohibited (1=yes; 0=no),SG.DML.PRGW,1
Vietnam,VNM,2017,Dismissal of pregnant workers is prohibited (1=yes; 0=no),SG.DML.PRGW,1
Vietnam,VNM,2016,Dismissal of pregnant workers is prohibited (1=yes; 0=no),SG.DML.PRGW,1
Vietnam,VNM,2015,Dismissal of pregnant workers is prohibited (1=yes; 0=no),SG.DML.PRGW,1
Vietnam,VNM,2014,Dismissal of pregnant workers is prohibited (1=yes; 0=no),SG.DML.PRGW,1
Vietnam,VNM,2013,Dismissal of pregnant workers is prohibited (1=yes; 0=no),SG.DML.PRGW,1
Vietnam,VNM,2012,Dismissal of pregnant workers is prohibited (1=yes; 0=no),SG.DML.PRGW,1
Vietnam,VNM,2011,Dismissal of pregnant workers is prohibited (1=yes; 0=no),SG.DML.PRGW,1
Vietnam,VNM,2010,Dismissal of pregnant workers is prohibited (1=yes; 0=no),SG.DML.PRGW,1
Vietnam,VNM,2009,Dismissal of pregnant workers is prohibited (1=yes; 0=no),SG.DML.PRGW,1
Vietnam,VNM,2008,Dismissal of pregnant workers is prohibited (1=yes; 0=no),SG.DML.PRGW,1
Vietnam,VNM,2007,Dismissal of pregnant workers is prohibited (1=yes; 0=no),SG.DML.PRGW,1
Vietnam,VNM,2006,Dismissal of pregnant workers is prohibited (1=yes; 0=no),SG.DML.PRGW,1
Vietnam,VNM,2005,Dismissal of pregnant workers is prohibited (1=yes; 0=no),SG.DML.PRGW,1
Vietnam,VNM,2004,Dismissal of pregnant workers is prohibited (1=yes; 0=no),SG.DML.PRGW,1
Vietnam,VNM,2003,Dismissal of pregnant workers is prohibited (1=yes; 0=no),SG.DML.PRGW,1
Vietnam,VNM,2002,Dismissal of pregnant workers is prohibited (1=yes; 0=no),SG.DML.PRGW,1
Vietnam,VNM,2001,Dismissal of pregnant workers is prohibited (1=yes; 0=no),SG.DML.PRGW,1
Vietnam,VNM,2000,Dismissal of pregnant workers is prohibited (1=yes; 0=no),SG.DML.PRGW,1
Vietnam,VNM,1999,Dismissal of pregnant workers is prohibited (1=yes; 0=no),SG.DML.PRGW,1
Vietnam,VNM,1998,Dismissal of pregnant workers is prohibited (1=yes; 0=no),SG.DML.PRGW,1
Vietnam,VNM,1997,Dismissal of pregnant workers is prohibited (1=yes; 0=no),SG.DML.PRGW,1
Vietnam,VNM,1996,Dismissal of pregnant workers is prohibited (1=yes; 0=no),SG.DML.PRGW,1
Vietnam,VNM,1995,Dismissal of pregnant workers is prohibited (1=yes; 0=no),SG.DML.PRGW,1
Vietnam,VNM,1994,Dismissal of pregnant workers is prohibited (1=yes; 0=no),SG.DML.PRGW,0
Vietnam,VNM,1993,Dismissal of pregnant workers is prohibited (1=yes; 0=no),SG.DML.PRGW,0
Vietnam,VNM,1992,Dismissal of pregnant workers is prohibited (1=yes; 0=no),SG.DML.PRGW,0
Vietnam,VNM,1991,Dismissal of pregnant workers is prohibited (1=yes; 0=no),SG.DML.PRGW,0
Vietnam,VNM,1990,Dismissal of pregnant workers is prohibited (1=yes; 0=no),SG.DML.PRGW,0
Vietnam,VNM,1989,Dismissal of pregnant workers is prohibited (1=yes; 0=no),SG.DML.PRGW,0
Vietnam,VNM,1988,Dismissal of pregnant workers is prohibited (1=yes; 0=no),SG.DML.PRGW,0
Vietnam,VNM,1987,Dismissal of pregnant workers is prohibited (1=yes; 0=no),SG.DML.PRGW,0
Vietnam,VNM,1986,Dismissal of pregnant workers is prohibited (1=yes; 0=no),SG.DML.PRGW,0
Vietnam,VNM,1985,Dismissal of pregnant workers is prohibited (1=yes; 0=no),SG.DML.PRGW,0
Vietnam,VNM,1984,Dismissal of pregnant workers is prohibited (1=yes; 0=no),SG.DML.PRGW,0
Vietnam,VNM,1983,Dismissal of pregnant workers is prohibited (1=yes; 0=no),SG.DML.PRGW,0
Vietnam,VNM,1982,Dismissal of pregnant workers is prohibited (1=yes; 0=no),SG.DML.PRGW,0
Vietnam,VNM,1981,Dismissal of pregnant workers is prohibited (1=yes; 0=no),SG.DML.PRGW,0
Vietnam,VNM,1980,Dismissal of pregnant workers is prohibited (1=yes; 0=no),SG.DML.PRGW,0
Vietnam,VNM,1979,Dismissal of pregnant workers is prohibited (1=yes; 0=no),SG.DML.PRGW,0
Vietnam,VNM,1978,Dismissal of pregnant workers is prohibited (1=yes; 0=no),SG.DML.PRGW,0
Vietnam,VNM,1977,Dismissal of pregnant workers is prohibited (1=yes; 0=no),SG.DML.PRGW,0
Vietnam,VNM,1976,Dismissal of pregnant workers is prohibited (1=yes; 0=no),SG.DML.PRGW,0
Vietnam,VNM,1975,Dismissal of pregnant workers is prohibited (1=yes; 0=no),SG.DML.PRGW,0
Vietnam,VNM,1974,Dismissal of pregnant workers is prohibited (1=yes; 0=no),SG.DML.PRGW,0
Vietnam,VNM,1973,Dismissal of pregnant workers is prohibited (1=yes; 0=no),SG.DML.PRGW,0
Vietnam,VNM,1972,Dismissal of pregnant workers is prohibited (1=yes; 0=no),SG.DML.PRGW,0
Vietnam,VNM,1971,Dismissal of pregnant workers is prohibited (1=yes; 0=no),SG.DML.PRGW,0
Vietnam,VNM,1970,Dismissal of pregnant workers is prohibited (1=yes; 0=no),SG.DML.PRGW,0
Vietnam,VNM,2022,A woman can work in a job deemed dangerous in the same way as a man (1=yes; 0=no),SG.DNG.WORK.DN.EQ,1
Vietnam,VNM,2021,A woman can work in a job deemed dangerous in the same way as a man (1=yes; 0=no),SG.DNG.WORK.DN.EQ,1
Vietnam,VNM,2020,A woman can work in a job deemed dangerous in the same way as a man (1=yes; 0=no),SG.DNG.WORK.DN.EQ,1
Vietnam,VNM,2019,A woman can work in a job deemed dangerous in the same way as a man (1=yes; 0=no),SG.DNG.WORK.DN.EQ,0
Vietnam,VNM,2018,A woman can work in a job deemed dangerous in the same way as a man (1=yes; 0=no),SG.DNG.WORK.DN.EQ,0
Vietnam,VNM,2017,A woman can work in a job deemed dangerous in the same way as a man (1=yes; 0=no),SG.DNG.WORK.DN.EQ,0
Vietnam,VNM,2016,A woman can work in a job deemed dangerous in the same way as a man (1=yes; 0=no),SG.DNG.WORK.DN.EQ,0
Vietnam,VNM,2015,A woman can work in a job deemed dangerous in the same way as a man (1=yes; 0=no),SG.DNG.WORK.DN.EQ,0
Vietnam,VNM,2014,A woman can work in a job deemed dangerous in the same way as a man (1=yes; 0=no),SG.DNG.WORK.DN.EQ,0
Vietnam,VNM,2013,A woman can work in a job deemed dangerous in the same way as a man (1=yes; 0=no),SG.DNG.WORK.DN.EQ,0
Vietnam,VNM,2012,A woman can work in a job deemed dangerous in the same way as a man (1=yes; 0=no),SG.DNG.WORK.DN.EQ,0
Vietnam,VNM,2011,A woman can work in a job deemed dangerous in the same way as a man (1=yes; 0=no),SG.DNG.WORK.DN.EQ,0
Vietnam,VNM,2010,A woman can work in a job deemed dangerous in the same way as a man (1=yes; 0=no),SG.DNG.WORK.DN.EQ,0
Vietnam,VNM,2009,A woman can work in a job deemed dangerous in the same way as a man (1=yes; 0=no),SG.DNG.WORK.DN.EQ,0
Vietnam,VNM,2008,A woman can work in a job deemed dangerous in the same way as a man (1=yes; 0=no),SG.DNG.WORK.DN.EQ,0
Vietnam,VNM,2007,A woman can work in a job deemed dangerous in the same way as a man (1=yes; 0=no),SG.DNG.WORK.DN.EQ,0
Vietnam,VNM,2006,A woman can work in a job deemed dangerous in the same way as a man (1=yes; 0=no),SG.DNG.WORK.DN.EQ,0
Vietnam,VNM,2005,A woman can work in a job deemed dangerous in the same way as a man (1=yes; 0=no),SG.DNG.WORK.DN.EQ,0
Vietnam,VNM,2004,A woman can work in a job deemed dangerous in the same way as a man (1=yes; 0=no),SG.DNG.WORK.DN.EQ,0
Vietnam,VNM,2003,A woman can work in a job deemed dangerous in the same way as a man (1=yes; 0=no),SG.DNG.WORK.DN.EQ,0
Vietnam,VNM,2002,A woman can work in a job deemed dangerous in the same way as a man (1=yes; 0=no),SG.DNG.WORK.DN.EQ,0
Vietnam,VNM,2001,A woman can work in a job deemed dangerous in the same way as a man (1=yes; 0=no),SG.DNG.WORK.DN.EQ,0
Vietnam,VNM,2000,A woman can work in a job deemed dangerous in the same way as a man (1=yes; 0=no),SG.DNG.WORK.DN.EQ,0
Vietnam,VNM,1999,A woman can work in a job deemed dangerous in the same way as a man (1=yes; 0=no),SG.DNG.WORK.DN.EQ,0
Vietnam,VNM,1998,A woman can work in a job deemed dangerous in the same way as a man (1=yes; 0=no),SG.DNG.WORK.DN.EQ,0
Vietnam,VNM,1997,A woman can work in a job deemed dangerous in the same way as a man (1=yes; 0=no),SG.DNG.WORK.DN.EQ,0
Vietnam,VNM,1996,A woman can work in a job deemed dangerous in the same way as a man (1=yes; 0=no),SG.DNG.WORK.DN.EQ,0
Vietnam,VNM,1995,A woman can work in a job deemed dangerous in the same way as a man (1=yes; 0=no),SG.DNG.WORK.DN.EQ,0
Vietnam,VNM,1994,A woman can work in a job deemed dangerous in the same way as a man (1=yes; 0=no),SG.DNG.WORK.DN.EQ,0
Vietnam,VNM,1993,A woman can work in a job deemed dangerous in the same way as a man (1=yes; 0=no),SG.DNG.WORK.DN.EQ,0
Vietnam,VNM,1992,A woman can work in a job deemed dangerous in the same way as a man (1=yes; 0=no),SG.DNG.WORK.DN.EQ,0
Vietnam,VNM,1991,A woman can work in a job deemed dangerous in the same way as a man (1=yes; 0=no),SG.DNG.WORK.DN.EQ,0
Vietnam,VNM,1990,A woman can work in a job deemed dangerous in the same way as a man (1=yes; 0=no),SG.DNG.WORK.DN.EQ,0
Vietnam,VNM,1989,A woman can work in a job deemed dangerous in the same way as a man (1=yes; 0=no),SG.DNG.WORK.DN.EQ,0
Vietnam,VNM,1988,A woman can work in a job deemed dangerous in the same way as a man (1=yes; 0=no),SG.DNG.WORK.DN.EQ,0
Vietnam,VNM,1987,A woman can work in a job deemed dangerous in the same way as a man (1=yes; 0=no),SG.DNG.WORK.DN.EQ,0
Vietnam,VNM,1986,A woman can work in a job deemed dangerous in the same way as a man (1=yes; 0=no),SG.DNG.WORK.DN.EQ,0
Vietnam,VNM,1985,A woman can work in a job deemed dangerous in the same way as a man (1=yes; 0=no),SG.DNG.WORK.DN.EQ,0
Vietnam,VNM,1984,A woman can work in a job deemed dangerous in the same way as a man (1=yes; 0=no),SG.DNG.WORK.DN.EQ,0
Vietnam,VNM,1983,A woman can work in a job deemed dangerous in the same way as a man (1=yes; 0=no),SG.DNG.WORK.DN.EQ,0
Vietnam,VNM,1982,A woman can work in a job deemed dangerous in the same way as a man (1=yes; 0=no),SG.DNG.WORK.DN.EQ,0
Vietnam,VNM,1981,A woman can work in a job deemed dangerous in the same way as a man (1=yes; 0=no),SG.DNG.WORK.DN.EQ,0
Vietnam,VNM,1980,A woman can work in a job deemed dangerous in the same way as a man (1=yes; 0=no),SG.DNG.WORK.DN.EQ,0
Vietnam,VNM,1979,A woman can work in a job deemed dangerous in the same way as a man (1=yes; 0=no),SG.DNG.WORK.DN.EQ,0
Vietnam,VNM,1978,A woman can work in a job deemed dangerous in the same way as a man (1=yes; 0=no),SG.DNG.WORK.DN.EQ,0
Vietnam,VNM,1977,A woman can work in a job deemed dangerous in the same way as a man (1=yes; 0=no),SG.DNG.WORK.DN.EQ,0
Vietnam,VNM,1976,A woman can work in a job deemed dangerous in the same way as a man (1=yes; 0=no),SG.DNG.WORK.DN.EQ,0
Vietnam,VNM,1975,A woman can work in a job deemed dangerous in the same way as a man (1=yes; 0=no),SG.DNG.WORK.DN.EQ,0
Vietnam,VNM,1974,A woman can work in a job deemed dangerous in the same way as a man (1=yes; 0=no),SG.DNG.WORK.DN.EQ,0
Vietnam,VNM,1973,A woman can work in a job deemed dangerous in the same way as a man (1=yes; 0=no),SG.DNG.WORK.DN.EQ,0
Vietnam,VNM,1972,A woman can work in a job deemed dangerous in the same way as a man (1=yes; 0=no),SG.DNG.WORK.DN.EQ,0
Vietnam,VNM,1971,A woman can work in a job deemed dangerous in the same way as a man (1=yes; 0=no),SG.DNG.WORK.DN.EQ,0
Vietnam,VNM,1970,A woman can work in a job deemed dangerous in the same way as a man (1=yes; 0=no),SG.DNG.WORK.DN.EQ,0
Vietnam,VNM,2020,Proportion of women in ministerial level positions (%),SG.GEN.MNST.ZS,0
Vietnam,VNM,2019,Proportion of women in ministerial level positions (%),SG.GEN.MNST.ZS,0
Vietnam,VNM,2018,Proportion of women in ministerial level positions (%),SG.GEN.MNST.ZS,4
Vietnam,VNM,2016,Proportion of women in ministerial level positions (%),SG.GEN.MNST.ZS,4.2
Vietnam,VNM,2015,Proportion of women in ministerial level positions (%),SG.GEN.MNST.ZS,9.1
Vietnam,VNM,2014,Proportion of women in ministerial level positions (%),SG.GEN.MNST.ZS,9.1
Vietnam,VNM,2012,Proportion of women in ministerial level positions (%),SG.GEN.MNST.ZS,9.1
Vietnam,VNM,2010,Proportion of women in ministerial level positions (%),SG.GEN.MNST.ZS,4.2
Vietnam,VNM,2008,Proportion of women in ministerial level positions (%),SG.GEN.MNST.ZS,4.2
Vietnam,VNM,2005,Proportion of women in ministerial level positions (%),SG.GEN.MNST.ZS,11.5
Vietnam,VNM,2006,Female professional and technical workers (% of total),SG.GEN.TECH.ZS,51
Vietnam,VNM,2022,A woman can get a job in the same way as a man (1=yes; 0=no),SG.GET.JOBS.EQ,1
Vietnam,VNM,2021,A woman can get a job in the same way as a man (1=yes; 0=no),SG.GET.JOBS.EQ,1
Vietnam,VNM,2020,A woman can get a job in the same way as a man (1=yes; 0=no),SG.GET.JOBS.EQ,1
Vietnam,VNM,2019,A woman can get a job in the same way as a man (1=yes; 0=no),SG.GET.JOBS.EQ,1
Vietnam,VNM,2018,A woman can get a job in the same way as a man (1=yes; 0=no),SG.GET.JOBS.EQ,1
Vietnam,VNM,2017,A woman can get a job in the same way as a man (1=yes; 0=no),SG.GET.JOBS.EQ,1
Vietnam,VNM,2016,A woman can get a job in the same way as a man (1=yes; 0=no),SG.GET.JOBS.EQ,1
Vietnam,VNM,2015,A woman can get a job in the same way as a man (1=yes; 0=no),SG.GET.JOBS.EQ,1
Vietnam,VNM,2014,A woman can get a job in the same way as a man (1=yes; 0=no),SG.GET.JOBS.EQ,1
Vietnam,VNM,2013,A woman can get a job in the same way as a man (1=yes; 0=no),SG.GET.JOBS.EQ,1
Vietnam,VNM,2012,A woman can get a job in the same way as a man (1=yes; 0=no),SG.GET.JOBS.EQ,1
Vietnam,VNM,2011,A woman can get a job in the same way as a man (1=yes; 0=no),SG.GET.JOBS.EQ,1
Vietnam,VNM,2010,A woman can get a job in the same way as a man (1=yes; 0=no),SG.GET.JOBS.EQ,1
Vietnam,VNM,2009,A woman can get a job in the same way as a man (1=yes; 0=no),SG.GET.JOBS.EQ,1
Vietnam,VNM,2008,A woman can get a job in the same way as a man (1=yes; 0=no),SG.GET.JOBS.EQ,1
Vietnam,VNM,2007,A woman can get a job in the same way as a man (1=yes; 0=no),SG.GET.JOBS.EQ,1
Vietnam,VNM,2006,A woman can get a job in the same way as a man (1=yes; 0=no),SG.GET.JOBS.EQ,1
Vietnam,VNM,2005,A woman can get a job in the same way as a man (1=yes; 0=no),SG.GET.JOBS.EQ,1
Vietnam,VNM,2004,A woman can get a job in the same way as a man (1=yes; 0=no),SG.GET.JOBS.EQ,1
Vietnam,VNM,2003,A woman can get a job in the same way as a man (1=yes; 0=no),SG.GET.JOBS.EQ,1
Vietnam,VNM,2002,A woman can get a job in the same way as a man (1=yes; 0=no),SG.GET.JOBS.EQ,1
Vietnam,VNM,2001,A woman can get a job in the same way as a man (1=yes; 0=no),SG.GET.JOBS.EQ,1
Vietnam,VNM,2000,A woman can get a job in the same way as a man (1=yes; 0=no),SG.GET.JOBS.EQ,1
Vietnam,VNM,1999,A woman can get a job in the same way as a man (1=yes; 0=no),SG.GET.JOBS.EQ,1
Vietnam,VNM,1998,A woman can get a job in the same way as a man (1=yes; 0=no),SG.GET.JOBS.EQ,1
Vietnam,VNM,1997,A woman can get a job in the same way as a man (1=yes; 0=no),SG.GET.JOBS.EQ,1
Vietnam,VNM,1996,A woman can get a job in the same way as a man (1=yes; 0=no),SG.GET.JOBS.EQ,1
Vietnam,VNM,1995,A woman can get a job in the same way as a man (1=yes; 0=no),SG.GET.JOBS.EQ,1
Vietnam,VNM,1994,A woman can get a job in the same way as a man (1=yes; 0=no),SG.GET.JOBS.EQ,1
Vietnam,VNM,1993,A woman can get a job in the same way as a man (1=yes; 0=no),SG.GET.JOBS.EQ,1
Vietnam,VNM,1992,A woman can get a job in the same way as a man (1=yes; 0=no),SG.GET.JOBS.EQ,1
Vietnam,VNM,1991,A woman can get a job in the same way as a man (1=yes; 0=no),SG.GET.JOBS.EQ,1
Vietnam,VNM,1990,A woman can get a job in the same way as a man (1=yes; 0=no),SG.GET.JOBS.EQ,1
Vietnam,VNM,1989,A woman can get a job in the same way as a man (1=yes; 0=no),SG.GET.JOBS.EQ,1
Vietnam,VNM,1988,A woman can get a job in the same way as a man (1=yes; 0=no),SG.GET.JOBS.EQ,1
Vietnam,VNM,1987,A woman can get a job in the same way as a man (1=yes; 0=no),SG.GET.JOBS.EQ,1
Vietnam,VNM,1986,A woman can get a job in the same way as a man (1=yes; 0=no),SG.GET.JOBS.EQ,1
Vietnam,VNM,1985,A woman can get a job in the same way as a man (1=yes; 0=no),SG.GET.JOBS.EQ,1
Vietnam,VNM,1984,A woman can get a job in the same way as a man (1=yes; 0=no),SG.GET.JOBS.EQ,1
Vietnam,VNM,1983,A woman can get a job in the same way as a man (1=yes; 0=no),SG.GET.JOBS.EQ,1
Vietnam,VNM,1982,A woman can get a job in the same way as a man (1=yes; 0=no),SG.GET.JOBS.EQ,1
Vietnam,VNM,1981,A woman can get a job in the same way as a man (1=yes; 0=no),SG.GET.JOBS.EQ,1
Vietnam,VNM,1980,A woman can get a job in the same way as a man (1=yes; 0=no),SG.GET.JOBS.EQ,1
Vietnam,VNM,1979,A woman can get a job in the same way as a man (1=yes; 0=no),SG.GET.JOBS.EQ,1
Vietnam,VNM,1978,A woman can get a job in the same way as a man (1=yes; 0=no),SG.GET.JOBS.EQ,1
Vietnam,VNM,1977,A woman can get a job in the same way as a man (1=yes; 0=no),SG.GET.JOBS.EQ,1
Vietnam,VNM,1976,A woman can get a job in the same way as a man (1=yes; 0=no),SG.GET.JOBS.EQ,1
Vietnam,VNM,1975,A woman can get a job in the same way as a man (1=yes; 0=no),SG.GET.JOBS.EQ,1
Vietnam,VNM,1974,A woman can get a job in the same way as a man (1=yes; 0=no),SG.GET.JOBS.EQ,1
Vietnam,VNM,1973,A woman can get a job in the same way as a man (1=yes; 0=no),SG.GET.JOBS.EQ,1
Vietnam,VNM,1972,A woman can get a job in the same way as a man (1=yes; 0=no),SG.GET.JOBS.EQ,1
Vietnam,VNM,1971,A woman can get a job in the same way as a man (1=yes; 0=no),SG.GET.JOBS.EQ,1
Vietnam,VNM,1970,A woman can get a job in the same way as a man (1=yes; 0=no),SG.GET.JOBS.EQ,1
Vietnam,VNM,2002,Households with water on the premises (%),SG.H2O.PRMS.HH.ZS,85
Vietnam,VNM,1997,Households with water on the premises (%),SG.H2O.PRMS.HH.ZS,76.2
Vietnam,VNM,2002,Households with water less than 30 minutes away round trip (%),SG.H2O.TL30.HH.ZS,14.2
Vietnam,VNM,1997,Households with water less than 30 minutes away round trip (%),SG.H2O.TL30.HH.ZS,22.7
Vietnam,VNM,2002,Households with water 30 minutes or longer away round trip (%),SG.H2O.TM30.HH.ZS,0
Vietnam,VNM,1997,Households with water 30 minutes or longer away round trip (%),SG.H2O.TM30.HH.ZS,0.3
Vietnam,VNM,2022,A woman can be head of household in the same way as a man (1=yes; 0=no),SG.HLD.HEAD.EQ,1
Vietnam,VNM,2021,A woman can be head of household in the same way as a man (1=yes; 0=no),SG.HLD.HEAD.EQ,1
Vietnam,VNM,2020,A woman can be head of household in the same way as a man (1=yes; 0=no),SG.HLD.HEAD.EQ,1
Vietnam,VNM,2019,A woman can be head of household in the same way as a man (1=yes; 0=no),SG.HLD.HEAD.EQ,1
Vietnam,VNM,2018,A woman can be head of household in the same way as a man (1=yes; 0=no),SG.HLD.HEAD.EQ,1
Vietnam,VNM,2017,A woman can be head of household in the same way as a man (1=yes; 0=no),SG.HLD.HEAD.EQ,1
Vietnam,VNM,2016,A woman can be head of household in the same way as a man (1=yes; 0=no),SG.HLD.HEAD.EQ,1
Vietnam,VNM,2015,A woman can be head of household in the same way as a man (1=yes; 0=no),SG.HLD.HEAD.EQ,1
Vietnam,VNM,2014,A woman can be head of household in the same way as a man (1=yes; 0=no),SG.HLD.HEAD.EQ,1
Vietnam,VNM,2013,A woman can be head of household in the same way as a man (1=yes; 0=no),SG.HLD.HEAD.EQ,1
Vietnam,VNM,2012,A woman can be head of household in the same way as a man (1=yes; 0=no),SG.HLD.HEAD.EQ,1
Vietnam,VNM,2011,A woman can be head of household in the same way as a man (1=yes; 0=no),SG.HLD.HEAD.EQ,1
Vietnam,VNM,2010,A woman can be head of household in the same way as a man (1=yes; 0=no),SG.HLD.HEAD.EQ,1
Vietnam,VNM,2009,A woman can be head of household in the same way as a man (1=yes; 0=no),SG.HLD.HEAD.EQ,1
Vietnam,VNM,2008,A woman can be head of household in the same way as a man (1=yes; 0=no),SG.HLD.HEAD.EQ,1
Vietnam,VNM,2007,A woman can be head of household in the same way as a man (1=yes; 0=no),SG.HLD.HEAD.EQ,1
Vietnam,VNM,2006,A woman can be head of household in the same way as a man (1=yes; 0=no),SG.HLD.HEAD.EQ,1
Vietnam,VNM,2005,A woman can be head of household in the same way as a man (1=yes; 0=no),SG.HLD.HEAD.EQ,1
Vietnam,VNM,2004,A woman can be head of household in the same way as a man (1=yes; 0=no),SG.HLD.HEAD.EQ,1
Vietnam,VNM,2003,A woman can be head of household in the same way as a man (1=yes; 0=no),SG.HLD.HEAD.EQ,1
Vietnam,VNM,2002,A woman can be head of household in the same way as a man (1=yes; 0=no),SG.HLD.HEAD.EQ,1
Vietnam,VNM,2001,A woman can be head of household in the same way as a man (1=yes; 0=no),SG.HLD.HEAD.EQ,1
Vietnam,VNM,2000,A woman can be head of household in the same way as a man (1=yes; 0=no),SG.HLD.HEAD.EQ,1
Vietnam,VNM,1999,A woman can be head of household in the same way as a man (1=yes; 0=no),SG.HLD.HEAD.EQ,1
Vietnam,VNM,1998,A woman can be head of household in the same way as a man (1=yes; 0=no),SG.HLD.HEAD.EQ,1
Vietnam,VNM,1997,A woman can be head of household in the same way as a man (1=yes; 0=no),SG.HLD.HEAD.EQ,1
Vietnam,VNM,1996,A woman can be head of household in the same way as a man (1=yes; 0=no),SG.HLD.HEAD.EQ,1
Vietnam,VNM,1995,A woman can be head of household in the same way as a man (1=yes; 0=no),SG.HLD.HEAD.EQ,1
Vietnam,VNM,1994,A woman can be head of household in the same way as a man (1=yes; 0=no),SG.HLD.HEAD.EQ,1
Vietnam,VNM,1993,A woman can be head of household in the same way as a man (1=yes; 0=no),SG.HLD.HEAD.EQ,1
Vietnam,VNM,1992,A woman can be head of household in the same way as a man (1=yes; 0=no),SG.HLD.HEAD.EQ,1
Vietnam,VNM,1991,A woman can be head of household in the same way as a man (1=yes; 0=no),SG.HLD.HEAD.EQ,1
Vietnam,VNM,1990,A woman can be head of household in the same way as a man (1=yes; 0=no),SG.HLD.HEAD.EQ,1
Vietnam,VNM,1989,A woman can be head of household in the same way as a man (1=yes; 0=no),SG.HLD.HEAD.EQ,1
Vietnam,VNM,1988,A woman can be head of household in the same way as a man (1=yes; 0=no),SG.HLD.HEAD.EQ,1
Vietnam,VNM,1987,A woman can be head of household in the same way as a man (1=yes; 0=no),SG.HLD.HEAD.EQ,1
Vietnam,VNM,1986,A woman can be head of household in the same way as a man (1=yes; 0=no),SG.HLD.HEAD.EQ,1
Vietnam,VNM,1985,A woman can be head of household in the same way as a man (1=yes; 0=no),SG.HLD.HEAD.EQ,1
Vietnam,VNM,1984,A woman can be head of household in the same way as a man (1=yes; 0=no),SG.HLD.HEAD.EQ,1
Vietnam,VNM,1983,A woman can be head of household in the same way as a man (1=yes; 0=no),SG.HLD.HEAD.EQ,1
Vietnam,VNM,1982,A woman can be head of household in the same way as a man (1=yes; 0=no),SG.HLD.HEAD.EQ,1
Vietnam,VNM,1981,A woman can be head of household in the same way as a man (1=yes; 0=no),SG.HLD.HEAD.EQ,1
Vietnam,VNM,1980,A woman can be head of household in the same way as a man (1=yes; 0=no),SG.HLD.HEAD.EQ,1
Vietnam,VNM,1979,A woman can be head of household in the same way as a man (1=yes; 0=no),SG.HLD.HEAD.EQ,1
Vietnam,VNM,1978,A woman can be head of household in the same way as a man (1=yes; 0=no),SG.HLD.HEAD.EQ,1
Vietnam,VNM,1977,A woman can be head of household in the same way as a man (1=yes; 0=no),SG.HLD.HEAD.EQ,1
Vietnam,VNM,1976,A woman can be head of household in the same way as a man (1=yes; 0=no),SG.HLD.HEAD.EQ,1
Vietnam,VNM,1975,A woman can be head of household in the same way as a man (1=yes; 0=no),SG.HLD.HEAD.EQ,1
Vietnam,VNM,1974,A woman can be head of household in the same way as a man (1=yes; 0=no),SG.HLD.HEAD.EQ,1
Vietnam,VNM,1973,A woman can be head of household in the same way as a man (1=yes; 0=no),SG.HLD.HEAD.EQ,1
Vietnam,VNM,1972,A woman can be head of household in the same way as a man (1=yes; 0=no),SG.HLD.HEAD.EQ,1
Vietnam,VNM,1971,A woman can be head of household in the same way as a man (1=yes; 0=no),SG.HLD.HEAD.EQ,1
Vietnam,VNM,1970,A woman can be head of household in the same way as a man (1=yes; 0=no),SG.HLD.HEAD.EQ,1
Vietnam,VNM,2022,A woman can travel outside her home in the same way as a man (1=yes; 0=no),SG.HME.TRVL.EQ,1
Vietnam,VNM,2021,A woman can travel outside her home in the same way as a man (1=yes; 0=no),SG.HME.TRVL.EQ,1
Vietnam,VNM,2020,A woman can travel outside her home in the same way as a man (1=yes; 0=no),SG.HME.TRVL.EQ,1
Vietnam,VNM,2019,A woman can travel outside her home in the same way as a man (1=yes; 0=no),SG.HME.TRVL.EQ,1
Vietnam,VNM,2018,A woman can travel outside her home in the same way as a man (1=yes; 0=no),SG.HME.TRVL.EQ,1
Vietnam,VNM,2017,A woman can travel outside her home in the same way as a man (1=yes; 0=no),SG.HME.TRVL.EQ,1
Vietnam,VNM,2016,A woman can travel outside her home in the same way as a man (1=yes; 0=no),SG.HME.TRVL.EQ,1
Vietnam,VNM,2015,A woman can travel outside her home in the same way as a man (1=yes; 0=no),SG.HME.TRVL.EQ,1
Vietnam,VNM,2014,A woman can travel outside her home in the same way as a man (1=yes; 0=no),SG.HME.TRVL.EQ,1
Vietnam,VNM,2013,A woman can travel outside her home in the same way as a man (1=yes; 0=no),SG.HME.TRVL.EQ,1
Vietnam,VNM,2012,A woman can travel outside her home in the same way as a man (1=yes; 0=no),SG.HME.TRVL.EQ,1
Vietnam,VNM,2011,A woman can travel outside her home in the same way as a man (1=yes; 0=no),SG.HME.TRVL.EQ,1
Vietnam,VNM,2010,A woman can travel outside her home in the same way as a man (1=yes; 0=no),SG.HME.TRVL.EQ,1
Vietnam,VNM,2009,A woman can travel outside her home in the same way as a man (1=yes; 0=no),SG.HME.TRVL.EQ,1
Vietnam,VNM,2008,A woman can travel outside her home in the same way as a man (1=yes; 0=no),SG.HME.TRVL.EQ,1
Vietnam,VNM,2007,A woman can travel outside her home in the same way as a man (1=yes; 0=no),SG.HME.TRVL.EQ,1
Vietnam,VNM,2006,A woman can travel outside her home in the same way as a man (1=yes; 0=no),SG.HME.TRVL.EQ,1
Vietnam,VNM,2005,A woman can travel outside her home in the same way as a man (1=yes; 0=no),SG.HME.TRVL.EQ,1
Vietnam,VNM,2004,A woman can travel outside her home in the same way as a man (1=yes; 0=no),SG.HME.TRVL.EQ,1
Vietnam,VNM,2003,A woman can travel outside her home in the same way as a man (1=yes; 0=no),SG.HME.TRVL.EQ,1
Vietnam,VNM,2002,A woman can travel outside her home in the same way as a man (1=yes; 0=no),SG.HME.TRVL.EQ,1
Vietnam,VNM,2001,A woman can travel outside her home in the same way as a man (1=yes; 0=no),SG.HME.TRVL.EQ,1
Vietnam,VNM,2000,A woman can travel outside her home in the same way as a man (1=yes; 0=no),SG.HME.TRVL.EQ,1
Vietnam,VNM,1999,A woman can travel outside her home in the same way as a man (1=yes; 0=no),SG.HME.TRVL.EQ,1
Vietnam,VNM,1998,A woman can travel outside her home in the same way as a man (1=yes; 0=no),SG.HME.TRVL.EQ,1
Vietnam,VNM,1997,A woman can travel outside her home in the same way as a man (1=yes; 0=no),SG.HME.TRVL.EQ,1
Vietnam,VNM,1996,A woman can travel outside her home in the same way as a man (1=yes; 0=no),SG.HME.TRVL.EQ,1
Vietnam,VNM,1995,A woman can travel outside her home in the same way as a man (1=yes; 0=no),SG.HME.TRVL.EQ,1
Vietnam,VNM,1994,A woman can travel outside her home in the same way as a man (1=yes; 0=no),SG.HME.TRVL.EQ,1
Vietnam,VNM,1993,A woman can travel outside her home in the same way as a man (1=yes; 0=no),SG.HME.TRVL.EQ,1
Vietnam,VNM,1992,A woman can travel outside her home in the same way as a man (1=yes; 0=no),SG.HME.TRVL.EQ,1
Vietnam,VNM,1991,A woman can travel outside her home in the same way as a man (1=yes; 0=no),SG.HME.TRVL.EQ,1
Vietnam,VNM,1990,A woman can travel outside her home in the same way as a man (1=yes; 0=no),SG.HME.TRVL.EQ,1
Vietnam,VNM,1989,A woman can travel outside her home in the same way as a man (1=yes; 0=no),SG.HME.TRVL.EQ,1
Vietnam,VNM,1988,A woman can travel outside her home in the same way as a man (1=yes; 0=no),SG.HME.TRVL.EQ,1
Vietnam,VNM,1987,A woman can travel outside her home in the same way as a man (1=yes; 0=no),SG.HME.TRVL.EQ,1
Vietnam,VNM,1986,A woman can travel outside her home in the same way as a man (1=yes; 0=no),SG.HME.TRVL.EQ,1
Vietnam,VNM,1985,A woman can travel outside her home in the same way as a man (1=yes; 0=no),SG.HME.TRVL.EQ,1
Vietnam,VNM,1984,A woman can travel outside her home in the same way as a man (1=yes; 0=no),SG.HME.TRVL.EQ,1
Vietnam,VNM,1983,A woman can travel outside her home in the same way as a man (1=yes; 0=no),SG.HME.TRVL.EQ,1
Vietnam,VNM,1982,A woman can travel outside her home in the same way as a man (1=yes; 0=no),SG.HME.TRVL.EQ,1
Vietnam,VNM,1981,A woman can travel outside her home in the same way as a man (1=yes; 0=no),SG.HME.TRVL.EQ,1
Vietnam,VNM,1980,A woman can travel outside her home in the same way as a man (1=yes; 0=no),SG.HME.TRVL.EQ,1
Vietnam,VNM,1979,A woman can travel outside her home in the same way as a man (1=yes; 0=no),SG.HME.TRVL.EQ,1
Vietnam,VNM,1978,A woman can travel outside her home in the same way as a man (1=yes; 0=no),SG.HME.TRVL.EQ,1
Vietnam,VNM,1977,A woman can travel outside her home in the same way as a man (1=yes; 0=no),SG.HME.TRVL.EQ,1
Vietnam,VNM,1976,A woman can travel outside her home in the same way as a man (1=yes; 0=no),SG.HME.TRVL.EQ,1
Vietnam,VNM,1975,A woman can travel outside her home in the same way as a man (1=yes; 0=no),SG.HME.TRVL.EQ,1
Vietnam,VNM,1974,A woman can travel outside her home in the same way as a man (1=yes; 0=no),SG.HME.TRVL.EQ,1
Vietnam,VNM,1973,A woman can travel outside her home in the same way as a man (1=yes; 0=no),SG.HME.TRVL.EQ,1
Vietnam,VNM,1972,A woman can travel outside her home in the same way as a man (1=yes; 0=no),SG.HME.TRVL.EQ,1
Vietnam,VNM,1971,A woman can travel outside her home in the same way as a man (1=yes; 0=no),SG.HME.TRVL.EQ,1
Vietnam,VNM,1970,A woman can travel outside her home in the same way as a man (1=yes; 0=no),SG.HME.TRVL.EQ,1
Vietnam,VNM,2022,Male and female surviving spouses have equal rights to inherit assets (1=yes; 0=no),SG.IHT.ASST.EQ,1
Vietnam,VNM,2021,Male and female surviving spouses have equal rights to inherit assets (1=yes; 0=no),SG.IHT.ASST.EQ,1
Vietnam,VNM,2020,Male and female surviving spouses have equal rights to inherit assets (1=yes; 0=no),SG.IHT.ASST.EQ,1
Vietnam,VNM,2019,Male and female surviving spouses have equal rights to inherit assets (1=yes; 0=no),SG.IHT.ASST.EQ,1
Vietnam,VNM,2018,Male and female surviving spouses have equal rights to inherit assets (1=yes; 0=no),SG.IHT.ASST.EQ,1
Vietnam,VNM,2017,Male and female surviving spouses have equal rights to inherit assets (1=yes; 0=no),SG.IHT.ASST.EQ,1
Vietnam,VNM,2016,Male and female surviving spouses have equal rights to inherit assets (1=yes; 0=no),SG.IHT.ASST.EQ,1
Vietnam,VNM,2015,Male and female surviving spouses have equal rights to inherit assets (1=yes; 0=no),SG.IHT.ASST.EQ,1
Vietnam,VNM,2014,Male and female surviving spouses have equal rights to inherit assets (1=yes; 0=no),SG.IHT.ASST.EQ,1
Vietnam,VNM,2013,Male and female surviving spouses have equal rights to inherit assets (1=yes; 0=no),SG.IHT.ASST.EQ,1
Vietnam,VNM,2012,Male and female surviving spouses have equal rights to inherit assets (1=yes; 0=no),SG.IHT.ASST.EQ,1
Vietnam,VNM,2011,Male and female surviving spouses have equal rights to inherit assets (1=yes; 0=no),SG.IHT.ASST.EQ,1
Vietnam,VNM,2010,Male and female surviving spouses have equal rights to inherit assets (1=yes; 0=no),SG.IHT.ASST.EQ,1
Vietnam,VNM,2009,Male and female surviving spouses have equal rights to inherit assets (1=yes; 0=no),SG.IHT.ASST.EQ,1
Vietnam,VNM,2008,Male and female surviving spouses have equal rights to inherit assets (1=yes; 0=no),SG.IHT.ASST.EQ,1
Vietnam,VNM,2007,Male and female surviving spouses have equal rights to inherit assets (1=yes; 0=no),SG.IHT.ASST.EQ,1
Vietnam,VNM,2006,Male and female surviving spouses have equal rights to inherit assets (1=yes; 0=no),SG.IHT.ASST.EQ,1
Vietnam,VNM,2005,Male and female surviving spouses have equal rights to inherit assets (1=yes; 0=no),SG.IHT.ASST.EQ,1
Vietnam,VNM,2004,Male and female surviving spouses have equal rights to inherit assets (1=yes; 0=no),SG.IHT.ASST.EQ,1
Vietnam,VNM,2003,Male and female surviving spouses have equal rights to inherit assets (1=yes; 0=no),SG.IHT.ASST.EQ,1
Vietnam,VNM,2002,Male and female surviving spouses have equal rights to inherit assets (1=yes; 0=no),SG.IHT.ASST.EQ,1
Vietnam,VNM,2001,Male and female surviving spouses have equal rights to inherit assets (1=yes; 0=no),SG.IHT.ASST.EQ,1
Vietnam,VNM,2000,Male and female surviving spouses have equal rights to inherit assets (1=yes; 0=no),SG.IHT.ASST.EQ,1
Vietnam,VNM,1999,Male and female surviving spouses have equal rights to inherit assets (1=yes; 0=no),SG.IHT.ASST.EQ,1
Vietnam,VNM,1998,Male and female surviving spouses have equal rights to inherit assets (1=yes; 0=no),SG.IHT.ASST.EQ,1
Vietnam,VNM,1997,Male and female surviving spouses have equal rights to inherit assets (1=yes; 0=no),SG.IHT.ASST.EQ,1
Vietnam,VNM,1996,Male and female surviving spouses have equal rights to inherit assets (1=yes; 0=no),SG.IHT.ASST.EQ,1
Vietnam,VNM,1995,Male and female surviving spouses have equal rights to inherit assets (1=yes; 0=no),SG.IHT.ASST.EQ,1
Vietnam,VNM,1994,Male and female surviving spouses have equal rights to inherit assets (1=yes; 0=no),SG.IHT.ASST.EQ,1
Vietnam,VNM,1993,Male and female surviving spouses have equal rights to inherit assets (1=yes; 0=no),SG.IHT.ASST.EQ,1
Vietnam,VNM,1992,Male and female surviving spouses have equal rights to inherit assets (1=yes; 0=no),SG.IHT.ASST.EQ,1
Vietnam,VNM,1991,Male and female surviving spouses have equal rights to inherit assets (1=yes; 0=no),SG.IHT.ASST.EQ,1
Vietnam,VNM,1990,Male and female surviving spouses have equal rights to inherit assets (1=yes; 0=no),SG.IHT.ASST.EQ,1
Vietnam,VNM,1989,Male and female surviving spouses have equal rights to inherit assets (1=yes; 0=no),SG.IHT.ASST.EQ,1
Vietnam,VNM,1988,Male and female surviving spouses have equal rights to inherit assets (1=yes; 0=no),SG.IHT.ASST.EQ,1
Vietnam,VNM,1987,Male and female surviving spouses have equal rights to inherit assets (1=yes; 0=no),SG.IHT.ASST.EQ,1
Vietnam,VNM,1986,Male and female surviving spouses have equal rights to inherit assets (1=yes; 0=no),SG.IHT.ASST.EQ,1
Vietnam,VNM,1985,Male and female surviving spouses have equal rights to inherit assets (1=yes; 0=no),SG.IHT.ASST.EQ,1
Vietnam,VNM,1984,Male and female surviving spouses have equal rights to inherit assets (1=yes; 0=no),SG.IHT.ASST.EQ,1
Vietnam,VNM,1983,Male and female surviving spouses have equal rights to inherit assets (1=yes; 0=no),SG.IHT.ASST.EQ,1
Vietnam,VNM,1982,Male and female surviving spouses have equal rights to inherit assets (1=yes; 0=no),SG.IHT.ASST.EQ,1
Vietnam,VNM,1981,Male and female surviving spouses have equal rights to inherit assets (1=yes; 0=no),SG.IHT.ASST.EQ,1
Vietnam,VNM,1980,Male and female surviving spouses have equal rights to inherit assets (1=yes; 0=no),SG.IHT.ASST.EQ,1
Vietnam,VNM,1979,Male and female surviving spouses have equal rights to inherit assets (1=yes; 0=no),SG.IHT.ASST.EQ,1
Vietnam,VNM,1978,Male and female surviving spouses have equal rights to inherit assets (1=yes; 0=no),SG.IHT.ASST.EQ,1
Vietnam,VNM,1977,Male and female surviving spouses have equal rights to inherit assets (1=yes; 0=no),SG.IHT.ASST.EQ,1
Vietnam,VNM,1976,Male and female surviving spouses have equal rights to inherit assets (1=yes; 0=no),SG.IHT.ASST.EQ,1
Vietnam,VNM,1975,Male and female surviving spouses have equal rights to inherit assets (1=yes; 0=no),SG.IHT.ASST.EQ,1
Vietnam,VNM,1974,Male and female surviving spouses have equal rights to inherit assets (1=yes; 0=no),SG.IHT.ASST.EQ,1
Vietnam,VNM,1973,Male and female surviving spouses have equal rights to inherit assets (1=yes; 0=no),SG.IHT.ASST.EQ,1
Vietnam,VNM,1972,Male and female surviving spouses have equal rights to inherit assets (1=yes; 0=no),SG.IHT.ASST.EQ,1
Vietnam,VNM,1971,Male and female surviving spouses have equal rights to inherit assets (1=yes; 0=no),SG.IHT.ASST.EQ,1
Vietnam,VNM,1970,Male and female surviving spouses have equal rights to inherit assets (1=yes; 0=no),SG.IHT.ASST.EQ,1
Vietnam,VNM,2022,Sons and daughters have equal rights to inherit assets from their parents (1=yes; 0=no),SG.IHT.ASST.PT.EQ,1
Vietnam,VNM,2021,Sons and daughters have equal rights to inherit assets from their parents (1=yes; 0=no),SG.IHT.ASST.PT.EQ,1
Vietnam,VNM,2020,Sons and daughters have equal rights to inherit assets from their parents (1=yes; 0=no),SG.IHT.ASST.PT.EQ,1
Vietnam,VNM,2019,Sons and daughters have equal rights to inherit assets from their parents (1=yes; 0=no),SG.IHT.ASST.PT.EQ,1
Vietnam,VNM,2018,Sons and daughters have equal rights to inherit assets from their parents (1=yes; 0=no),SG.IHT.ASST.PT.EQ,1
Vietnam,VNM,2017,Sons and daughters have equal rights to inherit assets from their parents (1=yes; 0=no),SG.IHT.ASST.PT.EQ,1
Vietnam,VNM,2016,Sons and daughters have equal rights to inherit assets from their parents (1=yes; 0=no),SG.IHT.ASST.PT.EQ,1
Vietnam,VNM,2015,Sons and daughters have equal rights to inherit assets from their parents (1=yes; 0=no),SG.IHT.ASST.PT.EQ,1
Vietnam,VNM,2014,Sons and daughters have equal rights to inherit assets from their parents (1=yes; 0=no),SG.IHT.ASST.PT.EQ,1
Vietnam,VNM,2013,Sons and daughters have equal rights to inherit assets from their parents (1=yes; 0=no),SG.IHT.ASST.PT.EQ,1
Vietnam,VNM,2012,Sons and daughters have equal rights to inherit assets from their parents (1=yes; 0=no),SG.IHT.ASST.PT.EQ,1
Vietnam,VNM,2011,Sons and daughters have equal rights to inherit assets from their parents (1=yes; 0=no),SG.IHT.ASST.PT.EQ,1
Vietnam,VNM,2010,Sons and daughters have equal rights to inherit assets from their parents (1=yes; 0=no),SG.IHT.ASST.PT.EQ,1
Vietnam,VNM,2009,Sons and daughters have equal rights to inherit assets from their parents (1=yes; 0=no),SG.IHT.ASST.PT.EQ,1
Vietnam,VNM,2008,Sons and daughters have equal rights to inherit assets from their parents (1=yes; 0=no),SG.IHT.ASST.PT.EQ,1
Vietnam,VNM,2007,Sons and daughters have equal rights to inherit assets from their parents (1=yes; 0=no),SG.IHT.ASST.PT.EQ,1
Vietnam,VNM,2006,Sons and daughters have equal rights to inherit assets from their parents (1=yes; 0=no),SG.IHT.ASST.PT.EQ,1
Vietnam,VNM,2005,Sons and daughters have equal rights to inherit assets from their parents (1=yes; 0=no),SG.IHT.ASST.PT.EQ,1
Vietnam,VNM,2004,Sons and daughters have equal rights to inherit assets from their parents (1=yes; 0=no),SG.IHT.ASST.PT.EQ,1
Vietnam,VNM,2003,Sons and daughters have equal rights to inherit assets from their parents (1=yes; 0=no),SG.IHT.ASST.PT.EQ,1
Vietnam,VNM,2002,Sons and daughters have equal rights to inherit assets from their parents (1=yes; 0=no),SG.IHT.ASST.PT.EQ,1
Vietnam,VNM,2001,Sons and daughters have equal rights to inherit assets from their parents (1=yes; 0=no),SG.IHT.ASST.PT.EQ,1
Vietnam,VNM,2000,Sons and daughters have equal rights to inherit assets from their parents (1=yes; 0=no),SG.IHT.ASST.PT.EQ,1
Vietnam,VNM,1999,Sons and daughters have equal rights to inherit assets from their parents (1=yes; 0=no),SG.IHT.ASST.PT.EQ,1
Vietnam,VNM,1998,Sons and daughters have equal rights to inherit assets from their parents (1=yes; 0=no),SG.IHT.ASST.PT.EQ,1
Vietnam,VNM,1997,Sons and daughters have equal rights to inherit assets from their parents (1=yes; 0=no),SG.IHT.ASST.PT.EQ,1
Vietnam,VNM,1996,Sons and daughters have equal rights to inherit assets from their parents (1=yes; 0=no),SG.IHT.ASST.PT.EQ,1
Vietnam,VNM,1995,Sons and daughters have equal rights to inherit assets from their parents (1=yes; 0=no),SG.IHT.ASST.PT.EQ,1
Vietnam,VNM,1994,Sons and daughters have equal rights to inherit assets from their parents (1=yes; 0=no),SG.IHT.ASST.PT.EQ,1
Vietnam,VNM,1993,Sons and daughters have equal rights to inherit assets from their parents (1=yes; 0=no),SG.IHT.ASST.PT.EQ,1
Vietnam,VNM,1992,Sons and daughters have equal rights to inherit assets from their parents (1=yes; 0=no),SG.IHT.ASST.PT.EQ,1
Vietnam,VNM,1991,Sons and daughters have equal rights to inherit assets from their parents (1=yes; 0=no),SG.IHT.ASST.PT.EQ,1
Vietnam,VNM,1990,Sons and daughters have equal rights to inherit assets from their parents (1=yes; 0=no),SG.IHT.ASST.PT.EQ,1
Vietnam,VNM,1989,Sons and daughters have equal rights to inherit assets from their parents (1=yes; 0=no),SG.IHT.ASST.PT.EQ,1
Vietnam,VNM,1988,Sons and daughters have equal rights to inherit assets from their parents (1=yes; 0=no),SG.IHT.ASST.PT.EQ,1
Vietnam,VNM,1987,Sons and daughters have equal rights to inherit assets from their parents (1=yes; 0=no),SG.IHT.ASST.PT.EQ,1
Vietnam,VNM,1986,Sons and daughters have equal rights to inherit assets from their parents (1=yes; 0=no),SG.IHT.ASST.PT.EQ,1
Vietnam,VNM,1985,Sons and daughters have equal rights to inherit assets from their parents (1=yes; 0=no),SG.IHT.ASST.PT.EQ,1
Vietnam,VNM,1984,Sons and daughters have equal rights to inherit assets from their parents (1=yes; 0=no),SG.IHT.ASST.PT.EQ,1
Vietnam,VNM,1983,Sons and daughters have equal rights to inherit assets from their parents (1=yes; 0=no),SG.IHT.ASST.PT.EQ,1
Vietnam,VNM,1982,Sons and daughters have equal rights to inherit assets from their parents (1=yes; 0=no),SG.IHT.ASST.PT.EQ,1
Vietnam,VNM,1981,Sons and daughters have equal rights to inherit assets from their parents (1=yes; 0=no),SG.IHT.ASST.PT.EQ,1
Vietnam,VNM,1980,Sons and daughters have equal rights to inherit assets from their parents (1=yes; 0=no),SG.IHT.ASST.PT.EQ,1
Vietnam,VNM,1979,Sons and daughters have equal rights to inherit assets from their parents (1=yes; 0=no),SG.IHT.ASST.PT.EQ,1
Vietnam,VNM,1978,Sons and daughters have equal rights to inherit assets from their parents (1=yes; 0=no),SG.IHT.ASST.PT.EQ,1
Vietnam,VNM,1977,Sons and daughters have equal rights to inherit assets from their parents (1=yes; 0=no),SG.IHT.ASST.PT.EQ,1
Vietnam,VNM,1976,Sons and daughters have equal rights to inherit assets from their parents (1=yes; 0=no),SG.IHT.ASST.PT.EQ,1
Vietnam,VNM,1975,Sons and daughters have equal rights to inherit assets from their parents (1=yes; 0=no),SG.IHT.ASST.PT.EQ,1
Vietnam,VNM,1974,Sons and daughters have equal rights to inherit assets from their parents (1=yes; 0=no),SG.IHT.ASST.PT.EQ,1
Vietnam,VNM,1973,Sons and daughters have equal rights to inherit assets from their parents (1=yes; 0=no),SG.IHT.ASST.PT.EQ,1
Vietnam,VNM,1972,Sons and daughters have equal rights to inherit assets from their parents (1=yes; 0=no),SG.IHT.ASST.PT.EQ,1
Vietnam,VNM,1971,Sons and daughters have equal rights to inherit assets from their parents (1=yes; 0=no),SG.IHT.ASST.PT.EQ,1
Vietnam,VNM,1970,Sons and daughters have equal rights to inherit assets from their parents (1=yes; 0=no),SG.IHT.ASST.PT.EQ,1
Vietnam,VNM,2022,A woman can work in an industrial job in the same way as a man (1=yes; 0=no),SG.IND.WORK.EQ,1
Vietnam,VNM,2021,A woman can work in an industrial job in the same way as a man (1=yes; 0=no),SG.IND.WORK.EQ,1
Vietnam,VNM,2020,A woman can work in an industrial job in the same way as a man (1=yes; 0=no),SG.IND.WORK.EQ,0
Vietnam,VNM,2019,A woman can work in an industrial job in the same way as a man (1=yes; 0=no),SG.IND.WORK.EQ,0
Vietnam,VNM,2018,A woman can work in an industrial job in the same way as a man (1=yes; 0=no),SG.IND.WORK.EQ,0
Vietnam,VNM,2017,A woman can work in an industrial job in the same way as a man (1=yes; 0=no),SG.IND.WORK.EQ,0
Vietnam,VNM,2016,A woman can work in an industrial job in the same way as a man (1=yes; 0=no),SG.IND.WORK.EQ,0
Vietnam,VNM,2015,A woman can work in an industrial job in the same way as a man (1=yes; 0=no),SG.IND.WORK.EQ,0
Vietnam,VNM,2014,A woman can work in an industrial job in the same way as a man (1=yes; 0=no),SG.IND.WORK.EQ,0
Vietnam,VNM,2013,A woman can work in an industrial job in the same way as a man (1=yes; 0=no),SG.IND.WORK.EQ,0
Vietnam,VNM,2012,A woman can work in an industrial job in the same way as a man (1=yes; 0=no),SG.IND.WORK.EQ,0
Vietnam,VNM,2011,A woman can work in an industrial job in the same way as a man (1=yes; 0=no),SG.IND.WORK.EQ,0
Vietnam,VNM,2010,A woman can work in an industrial job in the same way as a man (1=yes; 0=no),SG.IND.WORK.EQ,0
Vietnam,VNM,2009,A woman can work in an industrial job in the same way as a man (1=yes; 0=no),SG.IND.WORK.EQ,0
Vietnam,VNM,2008,A woman can work in an industrial job in the same way as a man (1=yes; 0=no),SG.IND.WORK.EQ,0
Vietnam,VNM,2007,A woman can work in an industrial job in the same way as a man (1=yes; 0=no),SG.IND.WORK.EQ,0
Vietnam,VNM,2006,A woman can work in an industrial job in the same way as a man (1=yes; 0=no),SG.IND.WORK.EQ,0
Vietnam,VNM,2005,A woman can work in an industrial job in the same way as a man (1=yes; 0=no),SG.IND.WORK.EQ,0
Vietnam,VNM,2004,A woman can work in an industrial job in the same way as a man (1=yes; 0=no),SG.IND.WORK.EQ,0
Vietnam,VNM,2003,A woman can work in an industrial job in the same way as a man (1=yes; 0=no),SG.IND.WORK.EQ,0
Vietnam,VNM,2002,A woman can work in an industrial job in the same way as a man (1=yes; 0=no),SG.IND.WORK.EQ,0
Vietnam,VNM,2001,A woman can work in an industrial job in the same way as a man (1=yes; 0=no),SG.IND.WORK.EQ,0
Vietnam,VNM,2000,A woman can work in an industrial job in the same way as a man (1=yes; 0=no),SG.IND.WORK.EQ,0
Vietnam,VNM,1999,A woman can work in an industrial job in the same way as a man (1=yes; 0=no),SG.IND.WORK.EQ,0
Vietnam,VNM,1998,A woman can work in an industrial job in the same way as a man (1=yes; 0=no),SG.IND.WORK.EQ,0
Vietnam,VNM,1997,A woman can work in an industrial job in the same way as a man (1=yes; 0=no),SG.IND.WORK.EQ,0
Vietnam,VNM,1996,A woman can work in an industrial job in the same way as a man (1=yes; 0=no),SG.IND.WORK.EQ,0
Vietnam,VNM,1995,A woman can work in an industrial job in the same way as a man (1=yes; 0=no),SG.IND.WORK.EQ,0
Vietnam,VNM,1994,A woman can work in an industrial job in the same way as a man (1=yes; 0=no),SG.IND.WORK.EQ,0
Vietnam,VNM,1993,A woman can work in an industrial job in the same way as a man (1=yes; 0=no),SG.IND.WORK.EQ,0
Vietnam,VNM,1992,A woman can work in an industrial job in the same way as a man (1=yes; 0=no),SG.IND.WORK.EQ,0
Vietnam,VNM,1991,A woman can work in an industrial job in the same way as a man (1=yes; 0=no),SG.IND.WORK.EQ,0
Vietnam,VNM,1990,A woman can work in an industrial job in the same way as a man (1=yes; 0=no),SG.IND.WORK.EQ,0
Vietnam,VNM,1989,A woman can work in an industrial job in the same way as a man (1=yes; 0=no),SG.IND.WORK.EQ,0
Vietnam,VNM,1988,A woman can work in an industrial job in the same way as a man (1=yes; 0=no),SG.IND.WORK.EQ,0
Vietnam,VNM,1987,A woman can work in an industrial job in the same way as a man (1=yes; 0=no),SG.IND.WORK.EQ,0
Vietnam,VNM,1986,A woman can work in an industrial job in the same way as a man (1=yes; 0=no),SG.IND.WORK.EQ,0
Vietnam,VNM,1985,A woman can work in an industrial job in the same way as a man (1=yes; 0=no),SG.IND.WORK.EQ,0
Vietnam,VNM,1984,A woman can work in an industrial job in the same way as a man (1=yes; 0=no),SG.IND.WORK.EQ,0
Vietnam,VNM,1983,A woman can work in an industrial job in the same way as a man (1=yes; 0=no),SG.IND.WORK.EQ,0
Vietnam,VNM,1982,A woman can work in an industrial job in the same way as a man (1=yes; 0=no),SG.IND.WORK.EQ,0
Vietnam,VNM,1981,A woman can work in an industrial job in the same way as a man (1=yes; 0=no),SG.IND.WORK.EQ,0
Vietnam,VNM,1980,A woman can work in an industrial job in the same way as a man (1=yes; 0=no),SG.IND.WORK.EQ,0
Vietnam,VNM,1979,A woman can work in an industrial job in the same way as a man (1=yes; 0=no),SG.IND.WORK.EQ,0
Vietnam,VNM,1978,A woman can work in an industrial job in the same way as a man (1=yes; 0=no),SG.IND.WORK.EQ,0
Vietnam,VNM,1977,A woman can work in an industrial job in the same way as a man (1=yes; 0=no),SG.IND.WORK.EQ,0
Vietnam,VNM,1976,A woman can work in an industrial job in the same way as a man (1=yes; 0=no),SG.IND.WORK.EQ,0
Vietnam,VNM,1975,A woman can work in an industrial job in the same way as a man (1=yes; 0=no),SG.IND.WORK.EQ,0
Vietnam,VNM,1974,A woman can work in an industrial job in the same way as a man (1=yes; 0=no),SG.IND.WORK.EQ,0
Vietnam,VNM,1973,A woman can work in an industrial job in the same way as a man (1=yes; 0=no),SG.IND.WORK.EQ,0
Vietnam,VNM,1972,A woman can work in an industrial job in the same way as a man (1=yes; 0=no),SG.IND.WORK.EQ,0
Vietnam,VNM,1971,A woman can work in an industrial job in the same way as a man (1=yes; 0=no),SG.IND.WORK.EQ,0
Vietnam,VNM,1970,A woman can work in an industrial job in the same way as a man (1=yes; 0=no),SG.IND.WORK.EQ,0
Vietnam,VNM,2022,The law grants spouses equal administrative authority over assets during marriage (1=yes; 0=no),SG.LAW.ASST.AR,1
Vietnam,VNM,2021,The law grants spouses equal administrative authority over assets during marriage (1=yes; 0=no),SG.LAW.ASST.AR,1
Vietnam,VNM,2020,The law grants spouses equal administrative authority over assets during marriage (1=yes; 0=no),SG.LAW.ASST.AR,1
Vietnam,VNM,2019,The law grants spouses equal administrative authority over assets during marriage (1=yes; 0=no),SG.LAW.ASST.AR,1
Vietnam,VNM,2018,The law grants spouses equal administrative authority over assets during marriage (1=yes; 0=no),SG.LAW.ASST.AR,1
Vietnam,VNM,2017,The law grants spouses equal administrative authority over assets during marriage (1=yes; 0=no),SG.LAW.ASST.AR,1
Vietnam,VNM,2016,The law grants spouses equal administrative authority over assets during marriage (1=yes; 0=no),SG.LAW.ASST.AR,1
Vietnam,VNM,2015,The law grants spouses equal administrative authority over assets during marriage (1=yes; 0=no),SG.LAW.ASST.AR,1
Vietnam,VNM,2014,The law grants spouses equal administrative authority over assets during marriage (1=yes; 0=no),SG.LAW.ASST.AR,1
Vietnam,VNM,2013,The law grants spouses equal administrative authority over assets during marriage (1=yes; 0=no),SG.LAW.ASST.AR,1
Vietnam,VNM,2012,The law grants spouses equal administrative authority over assets during marriage (1=yes; 0=no),SG.LAW.ASST.AR,1
Vietnam,VNM,2011,The law grants spouses equal administrative authority over assets during marriage (1=yes; 0=no),SG.LAW.ASST.AR,1
Vietnam,VNM,2010,The law grants spouses equal administrative authority over assets during marriage (1=yes; 0=no),SG.LAW.ASST.AR,1
Vietnam,VNM,2009,The law grants spouses equal administrative authority over assets during marriage (1=yes; 0=no),SG.LAW.ASST.AR,1
Vietnam,VNM,2008,The law grants spouses equal administrative authority over assets during marriage (1=yes; 0=no),SG.LAW.ASST.AR,1
Vietnam,VNM,2007,The law grants spouses equal administrative authority over assets during marriage (1=yes; 0=no),SG.LAW.ASST.AR,1
Vietnam,VNM,2006,The law grants spouses equal administrative authority over assets during marriage (1=yes; 0=no),SG.LAW.ASST.AR,1
Vietnam,VNM,2005,The law grants spouses equal administrative authority over assets during marriage (1=yes; 0=no),SG.LAW.ASST.AR,1
Vietnam,VNM,2004,The law grants spouses equal administrative authority over assets during marriage (1=yes; 0=no),SG.LAW.ASST.AR,1
Vietnam,VNM,2003,The law grants spouses equal administrative authority over assets during marriage (1=yes; 0=no),SG.LAW.ASST.AR,1
Vietnam,VNM,2002,The law grants spouses equal administrative authority over assets during marriage (1=yes; 0=no),SG.LAW.ASST.AR,1
Vietnam,VNM,2001,The law grants spouses equal administrative authority over assets during marriage (1=yes; 0=no),SG.LAW.ASST.AR,1
Vietnam,VNM,2000,The law grants spouses equal administrative authority over assets during marriage (1=yes; 0=no),SG.LAW.ASST.AR,1
Vietnam,VNM,1999,The law grants spouses equal administrative authority over assets during marriage (1=yes; 0=no),SG.LAW.ASST.AR,1
Vietnam,VNM,1998,The law grants spouses equal administrative authority over assets during marriage (1=yes; 0=no),SG.LAW.ASST.AR,1
Vietnam,VNM,1997,The law grants spouses equal administrative authority over assets during marriage (1=yes; 0=no),SG.LAW.ASST.AR,1
Vietnam,VNM,1996,The law grants spouses equal administrative authority over assets during marriage (1=yes; 0=no),SG.LAW.ASST.AR,1
Vietnam,VNM,1995,The law grants spouses equal administrative authority over assets during marriage (1=yes; 0=no),SG.LAW.ASST.AR,1
Vietnam,VNM,1994,The law grants spouses equal administrative authority over assets during marriage (1=yes; 0=no),SG.LAW.ASST.AR,1
Vietnam,VNM,1993,The law grants spouses equal administrative authority over assets during marriage (1=yes; 0=no),SG.LAW.ASST.AR,1
Vietnam,VNM,1992,The law grants spouses equal administrative authority over assets during marriage (1=yes; 0=no),SG.LAW.ASST.AR,1
Vietnam,VNM,1991,The law grants spouses equal administrative authority over assets during marriage (1=yes; 0=no),SG.LAW.ASST.AR,1
Vietnam,VNM,1990,The law grants spouses equal administrative authority over assets during marriage (1=yes; 0=no),SG.LAW.ASST.AR,1
Vietnam,VNM,1989,The law grants spouses equal administrative authority over assets during marriage (1=yes; 0=no),SG.LAW.ASST.AR,1
Vietnam,VNM,1988,The law grants spouses equal administrative authority over assets during marriage (1=yes; 0=no),SG.LAW.ASST.AR,1
Vietnam,VNM,1987,The law grants spouses equal administrative authority over assets during marriage (1=yes; 0=no),SG.LAW.ASST.AR,1
Vietnam,VNM,1986,The law grants spouses equal administrative authority over assets during marriage (1=yes; 0=no),SG.LAW.ASST.AR,1
Vietnam,VNM,1985,The law grants spouses equal administrative authority over assets during marriage (1=yes; 0=no),SG.LAW.ASST.AR,1
Vietnam,VNM,1984,The law grants spouses equal administrative authority over assets during marriage (1=yes; 0=no),SG.LAW.ASST.AR,1
Vietnam,VNM,1983,The law grants spouses equal administrative authority over assets during marriage (1=yes; 0=no),SG.LAW.ASST.AR,1
Vietnam,VNM,1982,The law grants spouses equal administrative authority over assets during marriage (1=yes; 0=no),SG.LAW.ASST.AR,1
Vietnam,VNM,1981,The law grants spouses equal administrative authority over assets during marriage (1=yes; 0=no),SG.LAW.ASST.AR,1
Vietnam,VNM,1980,The law grants spouses equal administrative authority over assets during marriage (1=yes; 0=no),SG.LAW.ASST.AR,1
Vietnam,VNM,1979,The law grants spouses equal administrative authority over assets during marriage (1=yes; 0=no),SG.LAW.ASST.AR,1
Vietnam,VNM,1978,The law grants spouses equal administrative authority over assets during marriage (1=yes; 0=no),SG.LAW.ASST.AR,1
Vietnam,VNM,1977,The law grants spouses equal administrative authority over assets during marriage (1=yes; 0=no),SG.LAW.ASST.AR,1
Vietnam,VNM,1976,The law grants spouses equal administrative authority over assets during marriage (1=yes; 0=no),SG.LAW.ASST.AR,1
Vietnam,VNM,1975,The law grants spouses equal administrative authority over assets during marriage (1=yes; 0=no),SG.LAW.ASST.AR,1
Vietnam,VNM,1974,The law grants spouses equal administrative authority over assets during marriage (1=yes; 0=no),SG.LAW.ASST.AR,1
Vietnam,VNM,1973,The law grants spouses equal administrative authority over assets during marriage (1=yes; 0=no),SG.LAW.ASST.AR,1
Vietnam,VNM,1972,The law grants spouses equal administrative authority over assets during marriage (1=yes; 0=no),SG.LAW.ASST.AR,1
Vietnam,VNM,1971,The law grants spouses equal administrative authority over assets during marriage (1=yes; 0=no),SG.LAW.ASST.AR,1
Vietnam,VNM,1970,The law grants spouses equal administrative authority over assets during marriage (1=yes; 0=no),SG.LAW.ASST.AR,1
Vietnam,VNM,2022,The law prohibits discrimination in access to credit based on gender (1=yes; 0=no),SG.LAW.CRDD.GR,1
Vietnam,VNM,2021,The law prohibits discrimination in access to credit based on gender (1=yes; 0=no),SG.LAW.CRDD.GR,1
Vietnam,VNM,2020,The law prohibits discrimination in access to credit based on gender (1=yes; 0=no),SG.LAW.CRDD.GR,1
Vietnam,VNM,2019,The law prohibits discrimination in access to credit based on gender (1=yes; 0=no),SG.LAW.CRDD.GR,1
Vietnam,VNM,2018,The law prohibits discrimination in access to credit based on gender (1=yes; 0=no),SG.LAW.CRDD.GR,1
Vietnam,VNM,2017,The law prohibits discrimination in access to credit based on gender (1=yes; 0=no),SG.LAW.CRDD.GR,1
Vietnam,VNM,2016,The law prohibits discrimination in access to credit based on gender (1=yes; 0=no),SG.LAW.CRDD.GR,1
Vietnam,VNM,2015,The law prohibits discrimination in access to credit based on gender (1=yes; 0=no),SG.LAW.CRDD.GR,1
Vietnam,VNM,2014,The law prohibits discrimination in access to credit based on gender (1=yes; 0=no),SG.LAW.CRDD.GR,1
Vietnam,VNM,2013,The law prohibits discrimination in access to credit based on gender (1=yes; 0=no),SG.LAW.CRDD.GR,1
Vietnam,VNM,2012,The law prohibits discrimination in access to credit based on gender (1=yes; 0=no),SG.LAW.CRDD.GR,1
Vietnam,VNM,2011,The law prohibits discrimination in access to credit based on gender (1=yes; 0=no),SG.LAW.CRDD.GR,1
Vietnam,VNM,2010,The law prohibits discrimination in access to credit based on gender (1=yes; 0=no),SG.LAW.CRDD.GR,1
Vietnam,VNM,2009,The law prohibits discrimination in access to credit based on gender (1=yes; 0=no),SG.LAW.CRDD.GR,1
Vietnam,VNM,2008,The law prohibits discrimination in access to credit based on gender (1=yes; 0=no),SG.LAW.CRDD.GR,1
Vietnam,VNM,2007,The law prohibits discrimination in access to credit based on gender (1=yes; 0=no),SG.LAW.CRDD.GR,1
Vietnam,VNM,2006,The law prohibits discrimination in access to credit based on gender (1=yes; 0=no),SG.LAW.CRDD.GR,1
Vietnam,VNM,2005,The law prohibits discrimination in access to credit based on gender (1=yes; 0=no),SG.LAW.CRDD.GR,1
Vietnam,VNM,2004,The law prohibits discrimination in access to credit based on gender (1=yes; 0=no),SG.LAW.CRDD.GR,1
Vietnam,VNM,2003,The law prohibits discrimination in access to credit based on gender (1=yes; 0=no),SG.LAW.CRDD.GR,1
Vietnam,VNM,2002,The law prohibits discrimination in access to credit based on gender (1=yes; 0=no),SG.LAW.CRDD.GR,1
Vietnam,VNM,2001,The law prohibits discrimination in access to credit based on gender (1=yes; 0=no),SG.LAW.CRDD.GR,1
Vietnam,VNM,2000,The law prohibits discrimination in access to credit based on gender (1=yes; 0=no),SG.LAW.CRDD.GR,1
Vietnam,VNM,1999,The law prohibits discrimination in access to credit based on gender (1=yes; 0=no),SG.LAW.CRDD.GR,1
Vietnam,VNM,1998,The law prohibits discrimination in access to credit based on gender (1=yes; 0=no),SG.LAW.CRDD.GR,1
Vietnam,VNM,1997,The law prohibits discrimination in access to credit based on gender (1=yes; 0=no),SG.LAW.CRDD.GR,1
Vietnam,VNM,1996,The law prohibits discrimination in access to credit based on gender (1=yes; 0=no),SG.LAW.CRDD.GR,1
Vietnam,VNM,1995,The law prohibits discrimination in access to credit based on gender (1=yes; 0=no),SG.LAW.CRDD.GR,1
Vietnam,VNM,1994,The law prohibits discrimination in access to credit based on gender (1=yes; 0=no),SG.LAW.CRDD.GR,1
Vietnam,VNM,1993,The law prohibits discrimination in access to credit based on gender (1=yes; 0=no),SG.LAW.CRDD.GR,1
Vietnam,VNM,1992,The law prohibits discrimination in access to credit based on gender (1=yes; 0=no),SG.LAW.CRDD.GR,1
Vietnam,VNM,1991,The law prohibits discrimination in access to credit based on gender (1=yes; 0=no),SG.LAW.CRDD.GR,1
Vietnam,VNM,1990,The law prohibits discrimination in access to credit based on gender (1=yes; 0=no),SG.LAW.CRDD.GR,1
Vietnam,VNM,1989,The law prohibits discrimination in access to credit based on gender (1=yes; 0=no),SG.LAW.CRDD.GR,1
Vietnam,VNM,1988,The law prohibits discrimination in access to credit based on gender (1=yes; 0=no),SG.LAW.CRDD.GR,1
Vietnam,VNM,1987,The law prohibits discrimination in access to credit based on gender (1=yes; 0=no),SG.LAW.CRDD.GR,1
Vietnam,VNM,1986,The law prohibits discrimination in access to credit based on gender (1=yes; 0=no),SG.LAW.CRDD.GR,1
Vietnam,VNM,1985,The law prohibits discrimination in access to credit based on gender (1=yes; 0=no),SG.LAW.CRDD.GR,1
Vietnam,VNM,1984,The law prohibits discrimination in access to credit based on gender (1=yes; 0=no),SG.LAW.CRDD.GR,1
Vietnam,VNM,1983,The law prohibits discrimination in access to credit based on gender (1=yes; 0=no),SG.LAW.CRDD.GR,1
Vietnam,VNM,1982,The law prohibits discrimination in access to credit based on gender (1=yes; 0=no),SG.LAW.CRDD.GR,1
Vietnam,VNM,1981,The law prohibits discrimination in access to credit based on gender (1=yes; 0=no),SG.LAW.CRDD.GR,1
Vietnam,VNM,1980,The law prohibits discrimination in access to credit based on gender (1=yes; 0=no),SG.LAW.CRDD.GR,1
Vietnam,VNM,1979,The law prohibits discrimination in access to credit based on gender (1=yes; 0=no),SG.LAW.CRDD.GR,1
Vietnam,VNM,1978,The law prohibits discrimination in access to credit based on gender (1=yes; 0=no),SG.LAW.CRDD.GR,1
Vietnam,VNM,1977,The law prohibits discrimination in access to credit based on gender (1=yes; 0=no),SG.LAW.CRDD.GR,1
Vietnam,VNM,1976,The law prohibits discrimination in access to credit based on gender (1=yes; 0=no),SG.LAW.CRDD.GR,1
Vietnam,VNM,1975,The law prohibits discrimination in access to credit based on gender (1=yes; 0=no),SG.LAW.CRDD.GR,1
Vietnam,VNM,1974,The law prohibits discrimination in access to credit based on gender (1=yes; 0=no),SG.LAW.CRDD.GR,1
Vietnam,VNM,1973,The law prohibits discrimination in access to credit based on gender (1=yes; 0=no),SG.LAW.CRDD.GR,1
Vietnam,VNM,1972,The law prohibits discrimination in access to credit based on gender (1=yes; 0=no),SG.LAW.CRDD.GR,1
Vietnam,VNM,1971,The law prohibits discrimination in access to credit based on gender (1=yes; 0=no),SG.LAW.CRDD.GR,1
Vietnam,VNM,1970,The law prohibits discrimination in access to credit based on gender (1=yes; 0=no),SG.LAW.CRDD.GR,1
Vietnam,VNM,2022,Law mandates equal remuneration for females and males for work of equal value (1=yes; 0=no),SG.LAW.EQRM.WK,1
Vietnam,VNM,2021,Law mandates equal remuneration for females and males for work of equal value (1=yes; 0=no),SG.LAW.EQRM.WK,1
Vietnam,VNM,2020,Law mandates equal remuneration for females and males for work of equal value (1=yes; 0=no),SG.LAW.EQRM.WK,1
Vietnam,VNM,2019,Law mandates equal remuneration for females and males for work of equal value (1=yes; 0=no),SG.LAW.EQRM.WK,1
Vietnam,VNM,2018,Law mandates equal remuneration for females and males for work of equal value (1=yes; 0=no),SG.LAW.EQRM.WK,1
Vietnam,VNM,2017,Law mandates equal remuneration for females and males for work of equal value (1=yes; 0=no),SG.LAW.EQRM.WK,1
Vietnam,VNM,2016,Law mandates equal remuneration for females and males for work of equal value (1=yes; 0=no),SG.LAW.EQRM.WK,1
Vietnam,VNM,2015,Law mandates equal remuneration for females and males for work of equal value (1=yes; 0=no),SG.LAW.EQRM.WK,1
Vietnam,VNM,2014,Law mandates equal remuneration for females and males for work of equal value (1=yes; 0=no),SG.LAW.EQRM.WK,1
Vietnam,VNM,2013,Law mandates equal remuneration for females and males for work of equal value (1=yes; 0=no),SG.LAW.EQRM.WK,1
Vietnam,VNM,2012,Law mandates equal remuneration for females and males for work of equal value (1=yes; 0=no),SG.LAW.EQRM.WK,0
Vietnam,VNM,2011,Law mandates equal remuneration for females and males for work of equal value (1=yes; 0=no),SG.LAW.EQRM.WK,0
Vietnam,VNM,2010,Law mandates equal remuneration for females and males for work of equal value (1=yes; 0=no),SG.LAW.EQRM.WK,0
Vietnam,VNM,2009,Law mandates equal remuneration for females and males for work of equal value (1=yes; 0=no),SG.LAW.EQRM.WK,0
Vietnam,VNM,2008,Law mandates equal remuneration for females and males for work of equal value (1=yes; 0=no),SG.LAW.EQRM.WK,0
Vietnam,VNM,2007,Law mandates equal remuneration for females and males for work of equal value (1=yes; 0=no),SG.LAW.EQRM.WK,0
Vietnam,VNM,2006,Law mandates equal remuneration for females and males for work of equal value (1=yes; 0=no),SG.LAW.EQRM.WK,0
Vietnam,VNM,2005,Law mandates equal remuneration for females and males for work of equal value (1=yes; 0=no),SG.LAW.EQRM.WK,0
Vietnam,VNM,2004,Law mandates equal remuneration for females and males for work of equal value (1=yes; 0=no),SG.LAW.EQRM.WK,0
Vietnam,VNM,2003,Law mandates equal remuneration for females and males for work of equal value (1=yes; 0=no),SG.LAW.EQRM.WK,0
Vietnam,VNM,2002,Law mandates equal remuneration for females and males for work of equal value (1=yes; 0=no),SG.LAW.EQRM.WK,0
Vietnam,VNM,2001,Law mandates equal remuneration for females and males for work of equal value (1=yes; 0=no),SG.LAW.EQRM.WK,0
Vietnam,VNM,2000,Law mandates equal remuneration for females and males for work of equal value (1=yes; 0=no),SG.LAW.EQRM.WK,0
Vietnam,VNM,1999,Law mandates equal remuneration for females and males for work of equal value (1=yes; 0=no),SG.LAW.EQRM.WK,0
Vietnam,VNM,1998,Law mandates equal remuneration for females and males for work of equal value (1=yes; 0=no),SG.LAW.EQRM.WK,0
Vietnam,VNM,1997,Law mandates equal remuneration for females and males for work of equal value (1=yes; 0=no),SG.LAW.EQRM.WK,0
Vietnam,VNM,1996,Law mandates equal remuneration for females and males for work of equal value (1=yes; 0=no),SG.LAW.EQRM.WK,0
Vietnam,VNM,1995,Law mandates equal remuneration for females and males for work of equal value (1=yes; 0=no),SG.LAW.EQRM.WK,0
Vietnam,VNM,1994,Law mandates equal remuneration for females and males for work of equal value (1=yes; 0=no),SG.LAW.EQRM.WK,0
Vietnam,VNM,1993,Law mandates equal remuneration for females and males for work of equal value (1=yes; 0=no),SG.LAW.EQRM.WK,0
Vietnam,VNM,1992,Law mandates equal remuneration for females and males for work of equal value (1=yes; 0=no),SG.LAW.EQRM.WK,0
Vietnam,VNM,1991,Law mandates equal remuneration for females and males for work of equal value (1=yes; 0=no),SG.LAW.EQRM.WK,0
Vietnam,VNM,1990,Law mandates equal remuneration for females and males for work of equal value (1=yes; 0=no),SG.LAW.EQRM.WK,0
Vietnam,VNM,1989,Law mandates equal remuneration for females and males for work of equal value (1=yes; 0=no),SG.LAW.EQRM.WK,0
Vietnam,VNM,1988,Law mandates equal remuneration for females and males for work of equal value (1=yes; 0=no),SG.LAW.EQRM.WK,0
Vietnam,VNM,1987,Law mandates equal remuneration for females and males for work of equal value (1=yes; 0=no),SG.LAW.EQRM.WK,0
Vietnam,VNM,1986,Law mandates equal remuneration for females and males for work of equal value (1=yes; 0=no),SG.LAW.EQRM.WK,0
Vietnam,VNM,1985,Law mandates equal remuneration for females and males for work of equal value (1=yes; 0=no),SG.LAW.EQRM.WK,0
Vietnam,VNM,1984,Law mandates equal remuneration for females and males for work of equal value (1=yes; 0=no),SG.LAW.EQRM.WK,0
Vietnam,VNM,1983,Law mandates equal remuneration for females and males for work of equal value (1=yes; 0=no),SG.LAW.EQRM.WK,0
Vietnam,VNM,1982,Law mandates equal remuneration for females and males for work of equal value (1=yes; 0=no),SG.LAW.EQRM.WK,0
Vietnam,VNM,1981,Law mandates equal remuneration for females and males for work of equal value (1=yes; 0=no),SG.LAW.EQRM.WK,0
Vietnam,VNM,1980,Law mandates equal remuneration for females and males for work of equal value (1=yes; 0=no),SG.LAW.EQRM.WK,0
Vietnam,VNM,1979,Law mandates equal remuneration for females and males for work of equal value (1=yes; 0=no),SG.LAW.EQRM.WK,0
Vietnam,VNM,1978,Law mandates equal remuneration for females and males for work of equal value (1=yes; 0=no),SG.LAW.EQRM.WK,0
Vietnam,VNM,1977,Law mandates equal remuneration for females and males for work of equal value (1=yes; 0=no),SG.LAW.EQRM.WK,0
Vietnam,VNM,1976,Law mandates equal remuneration for females and males for work of equal value (1=yes; 0=no),SG.LAW.EQRM.WK,0
Vietnam,VNM,1975,Law mandates equal remuneration for females and males for work of equal value (1=yes; 0=no),SG.LAW.EQRM.WK,0
Vietnam,VNM,1974,Law mandates equal remuneration for females and males for work of equal value (1=yes; 0=no),SG.LAW.EQRM.WK,0
Vietnam,VNM,1973,Law mandates equal remuneration for females and males for work of equal value (1=yes; 0=no),SG.LAW.EQRM.WK,0
Vietnam,VNM,1972,Law mandates equal remuneration for females and males for work of equal value (1=yes; 0=no),SG.LAW.EQRM.WK,0
Vietnam,VNM,1971,Law mandates equal remuneration for females and males for work of equal value (1=yes; 0=no),SG.LAW.EQRM.WK,0
Vietnam,VNM,1970,Law mandates equal remuneration for females and males for work of equal value (1=yes; 0=no),SG.LAW.EQRM.WK,0
Vietnam,VNM,2022,The law provides for the valuation of nonmonetary contributions (1=yes; 0=no),SG.LAW.NMCN,1
Vietnam,VNM,2021,The law provides for the valuation of nonmonetary contributions (1=yes; 0=no),SG.LAW.NMCN,1
Vietnam,VNM,2020,The law provides for the valuation of nonmonetary contributions (1=yes; 0=no),SG.LAW.NMCN,1
Vietnam,VNM,2019,The law provides for the valuation of nonmonetary contributions (1=yes; 0=no),SG.LAW.NMCN,1
Vietnam,VNM,2018,The law provides for the valuation of nonmonetary contributions (1=yes; 0=no),SG.LAW.NMCN,1
Vietnam,VNM,2017,The law provides for the valuation of nonmonetary contributions (1=yes; 0=no),SG.LAW.NMCN,1
Vietnam,VNM,2016,The law provides for the valuation of nonmonetary contributions (1=yes; 0=no),SG.LAW.NMCN,1
Vietnam,VNM,2015,The law provides for the valuation of nonmonetary contributions (1=yes; 0=no),SG.LAW.NMCN,1
Vietnam,VNM,2014,The law provides for the valuation of nonmonetary contributions (1=yes; 0=no),SG.LAW.NMCN,1
Vietnam,VNM,2013,The law provides for the valuation of nonmonetary contributions (1=yes; 0=no),SG.LAW.NMCN,1
Vietnam,VNM,2012,The law provides for the valuation of nonmonetary contributions (1=yes; 0=no),SG.LAW.NMCN,1
Vietnam,VNM,2011,The law provides for the valuation of nonmonetary contributions (1=yes; 0=no),SG.LAW.NMCN,1
Vietnam,VNM,2010,The law provides for the valuation of nonmonetary contributions (1=yes; 0=no),SG.LAW.NMCN,1
Vietnam,VNM,2009,The law provides for the valuation of nonmonetary contributions (1=yes; 0=no),SG.LAW.NMCN,1
Vietnam,VNM,2008,The law provides for the valuation of nonmonetary contributions (1=yes; 0=no),SG.LAW.NMCN,1
Vietnam,VNM,2007,The law provides for the valuation of nonmonetary contributions (1=yes; 0=no),SG.LAW.NMCN,1
Vietnam,VNM,2006,The law provides for the valuation of nonmonetary contributions (1=yes; 0=no),SG.LAW.NMCN,1
Vietnam,VNM,2005,The law provides for the valuation of nonmonetary contributions (1=yes; 0=no),SG.LAW.NMCN,1
Vietnam,VNM,2004,The law provides for the valuation of nonmonetary contributions (1=yes; 0=no),SG.LAW.NMCN,1
Vietnam,VNM,2003,The law provides for the valuation of nonmonetary contributions (1=yes; 0=no),SG.LAW.NMCN,1
Vietnam,VNM,2002,The law provides for the valuation of nonmonetary contributions (1=yes; 0=no),SG.LAW.NMCN,1
Vietnam,VNM,2001,The law provides for the valuation of nonmonetary contributions (1=yes; 0=no),SG.LAW.NMCN,1
Vietnam,VNM,2000,The law provides for the valuation of nonmonetary contributions (1=yes; 0=no),SG.LAW.NMCN,1
Vietnam,VNM,1999,The law provides for the valuation of nonmonetary contributions (1=yes; 0=no),SG.LAW.NMCN,1
Vietnam,VNM,1998,The law provides for the valuation of nonmonetary contributions (1=yes; 0=no),SG.LAW.NMCN,1
Vietnam,VNM,1997,The law provides for the valuation of nonmonetary contributions (1=yes; 0=no),SG.LAW.NMCN,1
Vietnam,VNM,1996,The law provides for the valuation of nonmonetary contributions (1=yes; 0=no),SG.LAW.NMCN,1
Vietnam,VNM,1995,The law provides for the valuation of nonmonetary contributions (1=yes; 0=no),SG.LAW.NMCN,1
Vietnam,VNM,1994,The law provides for the valuation of nonmonetary contributions (1=yes; 0=no),SG.LAW.NMCN,1
Vietnam,VNM,1993,The law provides for the valuation of nonmonetary contributions (1=yes; 0=no),SG.LAW.NMCN,1
Vietnam,VNM,1992,The law provides for the valuation of nonmonetary contributions (1=yes; 0=no),SG.LAW.NMCN,1
Vietnam,VNM,1991,The law provides for the valuation of nonmonetary contributions (1=yes; 0=no),SG.LAW.NMCN,1
Vietnam,VNM,1990,The law provides for the valuation of nonmonetary contributions (1=yes; 0=no),SG.LAW.NMCN,1
Vietnam,VNM,1989,The law provides for the valuation of nonmonetary contributions (1=yes; 0=no),SG.LAW.NMCN,1
Vietnam,VNM,1988,The law provides for the valuation of nonmonetary contributions (1=yes; 0=no),SG.LAW.NMCN,1
Vietnam,VNM,1987,The law provides for the valuation of nonmonetary contributions (1=yes; 0=no),SG.LAW.NMCN,1
Vietnam,VNM,1986,The law provides for the valuation of nonmonetary contributions (1=yes; 0=no),SG.LAW.NMCN,1
Vietnam,VNM,1985,The law provides for the valuation of nonmonetary contributions (1=yes; 0=no),SG.LAW.NMCN,1
Vietnam,VNM,1984,The law provides for the valuation of nonmonetary contributions (1=yes; 0=no),SG.LAW.NMCN,1
Vietnam,VNM,1983,The law provides for the valuation of nonmonetary contributions (1=yes; 0=no),SG.LAW.NMCN,1
Vietnam,VNM,1982,The law provides for the valuation of nonmonetary contributions (1=yes; 0=no),SG.LAW.NMCN,1
Vietnam,VNM,1981,The law provides for the valuation of nonmonetary contributions (1=yes; 0=no),SG.LAW.NMCN,1
Vietnam,VNM,1980,The law provides for the valuation of nonmonetary contributions (1=yes; 0=no),SG.LAW.NMCN,1
Vietnam,VNM,1979,The law provides for the valuation of nonmonetary contributions (1=yes; 0=no),SG.LAW.NMCN,1
Vietnam,VNM,1978,The law provides for the valuation of nonmonetary contributions (1=yes; 0=no),SG.LAW.NMCN,1
Vietnam,VNM,1977,The law provides for the valuation of nonmonetary contributions (1=yes; 0=no),SG.LAW.NMCN,1
Vietnam,VNM,1976,The law provides for the valuation of nonmonetary contributions (1=yes; 0=no),SG.LAW.NMCN,1
Vietnam,VNM,1975,The law provides for the valuation of nonmonetary contributions (1=yes; 0=no),SG.LAW.NMCN,1
Vietnam,VNM,1974,The law provides for the valuation of nonmonetary contributions (1=yes; 0=no),SG.LAW.NMCN,1
Vietnam,VNM,1973,The law provides for the valuation of nonmonetary contributions (1=yes; 0=no),SG.LAW.NMCN,1
Vietnam,VNM,1972,The law provides for the valuation of nonmonetary contributions (1=yes; 0=no),SG.LAW.NMCN,1
Vietnam,VNM,1971,The law provides for the valuation of nonmonetary contributions (1=yes; 0=no),SG.LAW.NMCN,1
Vietnam,VNM,1970,The law provides for the valuation of nonmonetary contributions (1=yes; 0=no),SG.LAW.NMCN,1
Vietnam,VNM,2022,The law prohibits discrimination in employment based on gender (1=yes; 0=no),SG.LAW.NODC.HR,1
Vietnam,VNM,2021,The law prohibits discrimination in employment based on gender (1=yes; 0=no),SG.LAW.NODC.HR,1
Vietnam,VNM,2020,The law prohibits discrimination in employment based on gender (1=yes; 0=no),SG.LAW.NODC.HR,1
Vietnam,VNM,2019,The law prohibits discrimination in employment based on gender (1=yes; 0=no),SG.LAW.NODC.HR,1
Vietnam,VNM,2018,The law prohibits discrimination in employment based on gender (1=yes; 0=no),SG.LAW.NODC.HR,1
Vietnam,VNM,2017,The law prohibits discrimination in employment based on gender (1=yes; 0=no),SG.LAW.NODC.HR,1
Vietnam,VNM,2016,The law prohibits discrimination in employment based on gender (1=yes; 0=no),SG.LAW.NODC.HR,1
Vietnam,VNM,2015,The law prohibits discrimination in employment based on gender (1=yes; 0=no),SG.LAW.NODC.HR,1
Vietnam,VNM,2014,The law prohibits discrimination in employment based on gender (1=yes; 0=no),SG.LAW.NODC.HR,1
Vietnam,VNM,2013,The law prohibits discrimination in employment based on gender (1=yes; 0=no),SG.LAW.NODC.HR,1
Vietnam,VNM,2012,The law prohibits discrimination in employment based on gender (1=yes; 0=no),SG.LAW.NODC.HR,1
Vietnam,VNM,2011,The law prohibits discrimination in employment based on gender (1=yes; 0=no),SG.LAW.NODC.HR,1
Vietnam,VNM,2010,The law prohibits discrimination in employment based on gender (1=yes; 0=no),SG.LAW.NODC.HR,1
Vietnam,VNM,2009,The law prohibits discrimination in employment based on gender (1=yes; 0=no),SG.LAW.NODC.HR,1
Vietnam,VNM,2008,The law prohibits discrimination in employment based on gender (1=yes; 0=no),SG.LAW.NODC.HR,1
Vietnam,VNM,2007,The law prohibits discrimination in employment based on gender (1=yes; 0=no),SG.LAW.NODC.HR,1
Vietnam,VNM,2006,The law prohibits discrimination in employment based on gender (1=yes; 0=no),SG.LAW.NODC.HR,1
Vietnam,VNM,2005,The law prohibits discrimination in employment based on gender (1=yes; 0=no),SG.LAW.NODC.HR,1
Vietnam,VNM,2004,The law prohibits discrimination in employment based on gender (1=yes; 0=no),SG.LAW.NODC.HR,1
Vietnam,VNM,2003,The law prohibits discrimination in employment based on gender (1=yes; 0=no),SG.LAW.NODC.HR,1
Vietnam,VNM,2002,The law prohibits discrimination in employment based on gender (1=yes; 0=no),SG.LAW.NODC.HR,1
Vietnam,VNM,2001,The law prohibits discrimination in employment based on gender (1=yes; 0=no),SG.LAW.NODC.HR,1
Vietnam,VNM,2000,The law prohibits discrimination in employment based on gender (1=yes; 0=no),SG.LAW.NODC.HR,1
Vietnam,VNM,1999,The law prohibits discrimination in employment based on gender (1=yes; 0=no),SG.LAW.NODC.HR,1
Vietnam,VNM,1998,The law prohibits discrimination in employment based on gender (1=yes; 0=no),SG.LAW.NODC.HR,1
Vietnam,VNM,1997,The law prohibits discrimination in employment based on gender (1=yes; 0=no),SG.LAW.NODC.HR,1
Vietnam,VNM,1996,The law prohibits discrimination in employment based on gender (1=yes; 0=no),SG.LAW.NODC.HR,1
Vietnam,VNM,1995,The law prohibits discrimination in employment based on gender (1=yes; 0=no),SG.LAW.NODC.HR,1
Vietnam,VNM,1994,The law prohibits discrimination in employment based on gender (1=yes; 0=no),SG.LAW.NODC.HR,1
Vietnam,VNM,1993,The law prohibits discrimination in employment based on gender (1=yes; 0=no),SG.LAW.NODC.HR,0
Vietnam,VNM,1992,The law prohibits discrimination in employment based on gender (1=yes; 0=no),SG.LAW.NODC.HR,0
Vietnam,VNM,1991,The law prohibits discrimination in employment based on gender (1=yes; 0=no),SG.LAW.NODC.HR,0
Vietnam,VNM,1990,The law prohibits discrimination in employment based on gender (1=yes; 0=no),SG.LAW.NODC.HR,0
Vietnam,VNM,1989,The law prohibits discrimination in employment based on gender (1=yes; 0=no),SG.LAW.NODC.HR,0
Vietnam,VNM,1988,The law prohibits discrimination in employment based on gender (1=yes; 0=no),SG.LAW.NODC.HR,0
Vietnam,VNM,1987,The law prohibits discrimination in employment based on gender (1=yes; 0=no),SG.LAW.NODC.HR,0
Vietnam,VNM,1986,The law prohibits discrimination in employment based on gender (1=yes; 0=no),SG.LAW.NODC.HR,0
Vietnam,VNM,1985,The law prohibits discrimination in employment based on gender (1=yes; 0=no),SG.LAW.NODC.HR,0
Vietnam,VNM,1984,The law prohibits discrimination in employment based on gender (1=yes; 0=no),SG.LAW.NODC.HR,0
Vietnam,VNM,1983,The law prohibits discrimination in employment based on gender (1=yes; 0=no),SG.LAW.NODC.HR,0
Vietnam,VNM,1982,The law prohibits discrimination in employment based on gender (1=yes; 0=no),SG.LAW.NODC.HR,0
Vietnam,VNM,1981,The law prohibits discrimination in employment based on gender (1=yes; 0=no),SG.LAW.NODC.HR,0
Vietnam,VNM,1980,The law prohibits discrimination in employment based on gender (1=yes; 0=no),SG.LAW.NODC.HR,0
Vietnam,VNM,1979,The law prohibits discrimination in employment based on gender (1=yes; 0=no),SG.LAW.NODC.HR,0
Vietnam,VNM,1978,The law prohibits discrimination in employment based on gender (1=yes; 0=no),SG.LAW.NODC.HR,0
Vietnam,VNM,1977,The law prohibits discrimination in employment based on gender (1=yes; 0=no),SG.LAW.NODC.HR,0
Vietnam,VNM,1976,The law prohibits discrimination in employment based on gender (1=yes; 0=no),SG.LAW.NODC.HR,0
Vietnam,VNM,1975,The law prohibits discrimination in employment based on gender (1=yes; 0=no),SG.LAW.NODC.HR,0
Vietnam,VNM,1974,The law prohibits discrimination in employment based on gender (1=yes; 0=no),SG.LAW.NODC.HR,0
Vietnam,VNM,1973,The law prohibits discrimination in employment based on gender (1=yes; 0=no),SG.LAW.NODC.HR,0
Vietnam,VNM,1972,The law prohibits discrimination in employment based on gender (1=yes; 0=no),SG.LAW.NODC.HR,0
Vietnam,VNM,1971,The law prohibits discrimination in employment based on gender (1=yes; 0=no),SG.LAW.NODC.HR,0
Vietnam,VNM,1970,The law prohibits discrimination in employment based on gender (1=yes; 0=no),SG.LAW.NODC.HR,0
Vietnam,VNM,2022,The law is free of legal provisions that require a married woman to obey her husband (1=yes; 0=no),SG.LAW.OBHB.MR.NO,1
Vietnam,VNM,2021,The law is free of legal provisions that require a married woman to obey her husband (1=yes; 0=no),SG.LAW.OBHB.MR.NO,1
Vietnam,VNM,2020,The law is free of legal provisions that require a married woman to obey her husband (1=yes; 0=no),SG.LAW.OBHB.MR.NO,1
Vietnam,VNM,2019,The law is free of legal provisions that require a married woman to obey her husband (1=yes; 0=no),SG.LAW.OBHB.MR.NO,1
Vietnam,VNM,2018,The law is free of legal provisions that require a married woman to obey her husband (1=yes; 0=no),SG.LAW.OBHB.MR.NO,1
Vietnam,VNM,2017,The law is free of legal provisions that require a married woman to obey her husband (1=yes; 0=no),SG.LAW.OBHB.MR.NO,1
Vietnam,VNM,2016,The law is free of legal provisions that require a married woman to obey her husband (1=yes; 0=no),SG.LAW.OBHB.MR.NO,1
Vietnam,VNM,2015,The law is free of legal provisions that require a married woman to obey her husband (1=yes; 0=no),SG.LAW.OBHB.MR.NO,1
Vietnam,VNM,2014,The law is free of legal provisions that require a married woman to obey her husband (1=yes; 0=no),SG.LAW.OBHB.MR.NO,1
Vietnam,VNM,2013,The law is free of legal provisions that require a married woman to obey her husband (1=yes; 0=no),SG.LAW.OBHB.MR.NO,1
Vietnam,VNM,2012,The law is free of legal provisions that require a married woman to obey her husband (1=yes; 0=no),SG.LAW.OBHB.MR.NO,1
Vietnam,VNM,2011,The law is free of legal provisions that require a married woman to obey her husband (1=yes; 0=no),SG.LAW.OBHB.MR.NO,1
Vietnam,VNM,2010,The law is free of legal provisions that require a married woman to obey her husband (1=yes; 0=no),SG.LAW.OBHB.MR.NO,1
Vietnam,VNM,2009,The law is free of legal provisions that require a married woman to obey her husband (1=yes; 0=no),SG.LAW.OBHB.MR.NO,1
Vietnam,VNM,2008,The law is free of legal provisions that require a married woman to obey her husband (1=yes; 0=no),SG.LAW.OBHB.MR.NO,1
Vietnam,VNM,2007,The law is free of legal provisions that require a married woman to obey her husband (1=yes; 0=no),SG.LAW.OBHB.MR.NO,1
Vietnam,VNM,2006,The law is free of legal provisions that require a married woman to obey her husband (1=yes; 0=no),SG.LAW.OBHB.MR.NO,1
Vietnam,VNM,2005,The law is free of legal provisions that require a married woman to obey her husband (1=yes; 0=no),SG.LAW.OBHB.MR.NO,1
Vietnam,VNM,2004,The law is free of legal provisions that require a married woman to obey her husband (1=yes; 0=no),SG.LAW.OBHB.MR.NO,1
Vietnam,VNM,2003,The law is free of legal provisions that require a married woman to obey her husband (1=yes; 0=no),SG.LAW.OBHB.MR.NO,1
Vietnam,VNM,2002,The law is free of legal provisions that require a married woman to obey her husband (1=yes; 0=no),SG.LAW.OBHB.MR.NO,1
Vietnam,VNM,2001,The law is free of legal provisions that require a married woman to obey her husband (1=yes; 0=no),SG.LAW.OBHB.MR.NO,1
Vietnam,VNM,2000,The law is free of legal provisions that require a married woman to obey her husband (1=yes; 0=no),SG.LAW.OBHB.MR.NO,1
Vietnam,VNM,1999,The law is free of legal provisions that require a married woman to obey her husband (1=yes; 0=no),SG.LAW.OBHB.MR.NO,1
Vietnam,VNM,1998,The law is free of legal provisions that require a married woman to obey her husband (1=yes; 0=no),SG.LAW.OBHB.MR.NO,1
Vietnam,VNM,1997,The law is free of legal provisions that require a married woman to obey her husband (1=yes; 0=no),SG.LAW.OBHB.MR.NO,1
Vietnam,VNM,1996,The law is free of legal provisions that require a married woman to obey her husband (1=yes; 0=no),SG.LAW.OBHB.MR.NO,1
Vietnam,VNM,1995,The law is free of legal provisions that require a married woman to obey her husband (1=yes; 0=no),SG.LAW.OBHB.MR.NO,1
Vietnam,VNM,1994,The law is free of legal provisions that require a married woman to obey her husband (1=yes; 0=no),SG.LAW.OBHB.MR.NO,1
Vietnam,VNM,1993,The law is free of legal provisions that require a married woman to obey her husband (1=yes; 0=no),SG.LAW.OBHB.MR.NO,1
Vietnam,VNM,1992,The law is free of legal provisions that require a married woman to obey her husband (1=yes; 0=no),SG.LAW.OBHB.MR.NO,1
Vietnam,VNM,1991,The law is free of legal provisions that require a married woman to obey her husband (1=yes; 0=no),SG.LAW.OBHB.MR.NO,1
Vietnam,VNM,1990,The law is free of legal provisions that require a married woman to obey her husband (1=yes; 0=no),SG.LAW.OBHB.MR.NO,1
Vietnam,VNM,1989,The law is free of legal provisions that require a married woman to obey her husband (1=yes; 0=no),SG.LAW.OBHB.MR.NO,1
Vietnam,VNM,1988,The law is free of legal provisions that require a married woman to obey her husband (1=yes; 0=no),SG.LAW.OBHB.MR.NO,1
Vietnam,VNM,1987,The law is free of legal provisions that require a married woman to obey her husband (1=yes; 0=no),SG.LAW.OBHB.MR.NO,1
Vietnam,VNM,1986,The law is free of legal provisions that require a married woman to obey her husband (1=yes; 0=no),SG.LAW.OBHB.MR.NO,1
Vietnam,VNM,1985,The law is free of legal provisions that require a married woman to obey her husband (1=yes; 0=no),SG.LAW.OBHB.MR.NO,1
Vietnam,VNM,1984,The law is free of legal provisions that require a married woman to obey her husband (1=yes; 0=no),SG.LAW.OBHB.MR.NO,1
Vietnam,VNM,1983,The law is free of legal provisions that require a married woman to obey her husband (1=yes; 0=no),SG.LAW.OBHB.MR.NO,1
Vietnam,VNM,1982,The law is free of legal provisions that require a married woman to obey her husband (1=yes; 0=no),SG.LAW.OBHB.MR.NO,1
Vietnam,VNM,1981,The law is free of legal provisions that require a married woman to obey her husband (1=yes; 0=no),SG.LAW.OBHB.MR.NO,1
Vietnam,VNM,1980,The law is free of legal provisions that require a married woman to obey her husband (1=yes; 0=no),SG.LAW.OBHB.MR.NO,1
Vietnam,VNM,1979,The law is free of legal provisions that require a married woman to obey her husband (1=yes; 0=no),SG.LAW.OBHB.MR.NO,1
Vietnam,VNM,1978,The law is free of legal provisions that require a married woman to obey her husband (1=yes; 0=no),SG.LAW.OBHB.MR.NO,1
Vietnam,VNM,1977,The law is free of legal provisions that require a married woman to obey her husband (1=yes; 0=no),SG.LAW.OBHB.MR.NO,1
Vietnam,VNM,1976,The law is free of legal provisions that require a married woman to obey her husband (1=yes; 0=no),SG.LAW.OBHB.MR.NO,1
Vietnam,VNM,1975,The law is free of legal provisions that require a married woman to obey her husband (1=yes; 0=no),SG.LAW.OBHB.MR.NO,1
Vietnam,VNM,1974,The law is free of legal provisions that require a married woman to obey her husband (1=yes; 0=no),SG.LAW.OBHB.MR.NO,1
Vietnam,VNM,1973,The law is free of legal provisions that require a married woman to obey her husband (1=yes; 0=no),SG.LAW.OBHB.MR.NO,1
Vietnam,VNM,1972,The law is free of legal provisions that require a married woman to obey her husband (1=yes; 0=no),SG.LAW.OBHB.MR.NO,1
Vietnam,VNM,1971,The law is free of legal provisions that require a married woman to obey her husband (1=yes; 0=no),SG.LAW.OBHB.MR.NO,1
Vietnam,VNM,1970,The law is free of legal provisions that require a married woman to obey her husband (1=yes; 0=no),SG.LAW.OBHB.MR.NO,1
Vietnam,VNM,2022,There is legislation specifically addressing domestic violence (1=yes; 0=no),SG.LEG.DVAW,1
Vietnam,VNM,2021,There is legislation specifically addressing domestic violence (1=yes; 0=no),SG.LEG.DVAW,1
Vietnam,VNM,2020,There is legislation specifically addressing domestic violence (1=yes; 0=no),SG.LEG.DVAW,1
Vietnam,VNM,2019,There is legislation specifically addressing domestic violence (1=yes; 0=no),SG.LEG.DVAW,1
Vietnam,VNM,2018,There is legislation specifically addressing domestic violence (1=yes; 0=no),SG.LEG.DVAW,1
Vietnam,VNM,2017,There is legislation specifically addressing domestic violence (1=yes; 0=no),SG.LEG.DVAW,1
Vietnam,VNM,2016,There is legislation specifically addressing domestic violence (1=yes; 0=no),SG.LEG.DVAW,1
Vietnam,VNM,2015,There is legislation specifically addressing domestic violence (1=yes; 0=no),SG.LEG.DVAW,1
Vietnam,VNM,2014,There is legislation specifically addressing domestic violence (1=yes; 0=no),SG.LEG.DVAW,1
Vietnam,VNM,2013,There is legislation specifically addressing domestic violence (1=yes; 0=no),SG.LEG.DVAW,1
Vietnam,VNM,2012,There is legislation specifically addressing domestic violence (1=yes; 0=no),SG.LEG.DVAW,1
Vietnam,VNM,2011,There is legislation specifically addressing domestic violence (1=yes; 0=no),SG.LEG.DVAW,1
Vietnam,VNM,2010,There is legislation specifically addressing domestic violence (1=yes; 0=no),SG.LEG.DVAW,1
Vietnam,VNM,2009,There is legislation specifically addressing domestic violence (1=yes; 0=no),SG.LEG.DVAW,1
Vietnam,VNM,2008,There is legislation specifically addressing domestic violence (1=yes; 0=no),SG.LEG.DVAW,1
Vietnam,VNM,2007,There is legislation specifically addressing domestic violence (1=yes; 0=no),SG.LEG.DVAW,0
Vietnam,VNM,2006,There is legislation specifically addressing domestic violence (1=yes; 0=no),SG.LEG.DVAW,0
Vietnam,VNM,2005,There is legislation specifically addressing domestic violence (1=yes; 0=no),SG.LEG.DVAW,0
Vietnam,VNM,2004,There is legislation specifically addressing domestic violence (1=yes; 0=no),SG.LEG.DVAW,0
Vietnam,VNM,2003,There is legislation specifically addressing domestic violence (1=yes; 0=no),SG.LEG.DVAW,0
Vietnam,VNM,2002,There is legislation specifically addressing domestic violence (1=yes; 0=no),SG.LEG.DVAW,0
Vietnam,VNM,2001,There is legislation specifically addressing domestic violence (1=yes; 0=no),SG.LEG.DVAW,0
Vietnam,VNM,2000,There is legislation specifically addressing domestic violence (1=yes; 0=no),SG.LEG.DVAW,0
Vietnam,VNM,1999,There is legislation specifically addressing domestic violence (1=yes; 0=no),SG.LEG.DVAW,0
Vietnam,VNM,1998,There is legislation specifically addressing domestic violence (1=yes; 0=no),SG.LEG.DVAW,0
Vietnam,VNM,1997,There is legislation specifically addressing domestic violence (1=yes; 0=no),SG.LEG.DVAW,0
Vietnam,VNM,1996,There is legislation specifically addressing domestic violence (1=yes; 0=no),SG.LEG.DVAW,0
Vietnam,VNM,1995,There is legislation specifically addressing domestic violence (1=yes; 0=no),SG.LEG.DVAW,0
Vietnam,VNM,1994,There is legislation specifically addressing domestic violence (1=yes; 0=no),SG.LEG.DVAW,0
Vietnam,VNM,1993,There is legislation specifically addressing domestic violence (1=yes; 0=no),SG.LEG.DVAW,0
Vietnam,VNM,1992,There is legislation specifically addressing domestic violence (1=yes; 0=no),SG.LEG.DVAW,0
Vietnam,VNM,1991,There is legislation specifically addressing domestic violence (1=yes; 0=no),SG.LEG.DVAW,0
Vietnam,VNM,1990,There is legislation specifically addressing domestic violence (1=yes; 0=no),SG.LEG.DVAW,0
Vietnam,VNM,1989,There is legislation specifically addressing domestic violence (1=yes; 0=no),SG.LEG.DVAW,0
Vietnam,VNM,1988,There is legislation specifically addressing domestic violence (1=yes; 0=no),SG.LEG.DVAW,0
Vietnam,VNM,1987,There is legislation specifically addressing domestic violence (1=yes; 0=no),SG.LEG.DVAW,0
Vietnam,VNM,1986,There is legislation specifically addressing domestic violence (1=yes; 0=no),SG.LEG.DVAW,0
Vietnam,VNM,1985,There is legislation specifically addressing domestic violence (1=yes; 0=no),SG.LEG.DVAW,0
Vietnam,VNM,1984,There is legislation specifically addressing domestic violence (1=yes; 0=no),SG.LEG.DVAW,0
Vietnam,VNM,1983,There is legislation specifically addressing domestic violence (1=yes; 0=no),SG.LEG.DVAW,0
Vietnam,VNM,1982,There is legislation specifically addressing domestic violence (1=yes; 0=no),SG.LEG.DVAW,0
Vietnam,VNM,1981,There is legislation specifically addressing domestic violence (1=yes; 0=no),SG.LEG.DVAW,0
Vietnam,VNM,1980,There is legislation specifically addressing domestic violence (1=yes; 0=no),SG.LEG.DVAW,0
Vietnam,VNM,1979,There is legislation specifically addressing domestic violence (1=yes; 0=no),SG.LEG.DVAW,0
Vietnam,VNM,1978,There is legislation specifically addressing domestic violence (1=yes; 0=no),SG.LEG.DVAW,0
Vietnam,VNM,1977,There is legislation specifically addressing domestic violence (1=yes; 0=no),SG.LEG.DVAW,0
Vietnam,VNM,1976,There is legislation specifically addressing domestic violence (1=yes; 0=no),SG.LEG.DVAW,0
Vietnam,VNM,1975,There is legislation specifically addressing domestic violence (1=yes; 0=no),SG.LEG.DVAW,0
Vietnam,VNM,1974,There is legislation specifically addressing domestic violence (1=yes; 0=no),SG.LEG.DVAW,0
Vietnam,VNM,1973,There is legislation specifically addressing domestic violence (1=yes; 0=no),SG.LEG.DVAW,0
Vietnam,VNM,1972,There is legislation specifically addressing domestic violence (1=yes; 0=no),SG.LEG.DVAW,0
Vietnam,VNM,1971,There is legislation specifically addressing domestic violence (1=yes; 0=no),SG.LEG.DVAW,0
Vietnam,VNM,1970,There is legislation specifically addressing domestic violence (1=yes; 0=no),SG.LEG.DVAW,0
Vietnam,VNM,2022,There is legislation on sexual harassment in employment (1=yes; 0=no),SG.LEG.SXHR.EM,1
Vietnam,VNM,2021,There is legislation on sexual harassment in employment (1=yes; 0=no),SG.LEG.SXHR.EM,1
Vietnam,VNM,2020,There is legislation on sexual harassment in employment (1=yes; 0=no),SG.LEG.SXHR.EM,1
Vietnam,VNM,2019,There is legislation on sexual harassment in employment (1=yes; 0=no),SG.LEG.SXHR.EM,1
Vietnam,VNM,2018,There is legislation on sexual harassment in employment (1=yes; 0=no),SG.LEG.SXHR.EM,1
Vietnam,VNM,2017,There is legislation on sexual harassment in employment (1=yes; 0=no),SG.LEG.SXHR.EM,1
Vietnam,VNM,2016,There is legislation on sexual harassment in employment (1=yes; 0=no),SG.LEG.SXHR.EM,1
Vietnam,VNM,2015,There is legislation on sexual harassment in employment (1=yes; 0=no),SG.LEG.SXHR.EM,1
Vietnam,VNM,2014,There is legislation on sexual harassment in employment (1=yes; 0=no),SG.LEG.SXHR.EM,1
Vietnam,VNM,2013,There is legislation on sexual harassment in employment (1=yes; 0=no),SG.LEG.SXHR.EM,1
Vietnam,VNM,2012,There is legislation on sexual harassment in employment (1=yes; 0=no),SG.LEG.SXHR.EM,0
Vietnam,VNM,2011,There is legislation on sexual harassment in employment (1=yes; 0=no),SG.LEG.SXHR.EM,0
Vietnam,VNM,2010,There is legislation on sexual harassment in employment (1=yes; 0=no),SG.LEG.SXHR.EM,0
Vietnam,VNM,2009,There is legislation on sexual harassment in employment (1=yes; 0=no),SG.LEG.SXHR.EM,0
Vietnam,VNM,2008,There is legislation on sexual harassment in employment (1=yes; 0=no),SG.LEG.SXHR.EM,0
Vietnam,VNM,2007,There is legislation on sexual harassment in employment (1=yes; 0=no),SG.LEG.SXHR.EM,0
Vietnam,VNM,2006,There is legislation on sexual harassment in employment (1=yes; 0=no),SG.LEG.SXHR.EM,0
Vietnam,VNM,2005,There is legislation on sexual harassment in employment (1=yes; 0=no),SG.LEG.SXHR.EM,0
Vietnam,VNM,2004,There is legislation on sexual harassment in employment (1=yes; 0=no),SG.LEG.SXHR.EM,0
Vietnam,VNM,2003,There is legislation on sexual harassment in employment (1=yes; 0=no),SG.LEG.SXHR.EM,0
Vietnam,VNM,2002,There is legislation on sexual harassment in employment (1=yes; 0=no),SG.LEG.SXHR.EM,0
Vietnam,VNM,2001,There is legislation on sexual harassment in employment (1=yes; 0=no),SG.LEG.SXHR.EM,0
Vietnam,VNM,2000,There is legislation on sexual harassment in employment (1=yes; 0=no),SG.LEG.SXHR.EM,0
Vietnam,VNM,1999,There is legislation on sexual harassment in employment (1=yes; 0=no),SG.LEG.SXHR.EM,0
Vietnam,VNM,1998,There is legislation on sexual harassment in employment (1=yes; 0=no),SG.LEG.SXHR.EM,0
Vietnam,VNM,1997,There is legislation on sexual harassment in employment (1=yes; 0=no),SG.LEG.SXHR.EM,0
Vietnam,VNM,1996,There is legislation on sexual harassment in employment (1=yes; 0=no),SG.LEG.SXHR.EM,0
Vietnam,VNM,1995,There is legislation on sexual harassment in employment (1=yes; 0=no),SG.LEG.SXHR.EM,0
Vietnam,VNM,1994,There is legislation on sexual harassment in employment (1=yes; 0=no),SG.LEG.SXHR.EM,0
Vietnam,VNM,1993,There is legislation on sexual harassment in employment (1=yes; 0=no),SG.LEG.SXHR.EM,0
Vietnam,VNM,1992,There is legislation on sexual harassment in employment (1=yes; 0=no),SG.LEG.SXHR.EM,0
Vietnam,VNM,1991,There is legislation on sexual harassment in employment (1=yes; 0=no),SG.LEG.SXHR.EM,0
Vietnam,VNM,1990,There is legislation on sexual harassment in employment (1=yes; 0=no),SG.LEG.SXHR.EM,0
Vietnam,VNM,1989,There is legislation on sexual harassment in employment (1=yes; 0=no),SG.LEG.SXHR.EM,0
Vietnam,VNM,1988,There is legislation on sexual harassment in employment (1=yes; 0=no),SG.LEG.SXHR.EM,0
Vietnam,VNM,1987,There is legislation on sexual harassment in employment (1=yes; 0=no),SG.LEG.SXHR.EM,0
Vietnam,VNM,1986,There is legislation on sexual harassment in employment (1=yes; 0=no),SG.LEG.SXHR.EM,0
Vietnam,VNM,1985,There is legislation on sexual harassment in employment (1=yes; 0=no),SG.LEG.SXHR.EM,0
Vietnam,VNM,1984,There is legislation on sexual harassment in employment (1=yes; 0=no),SG.LEG.SXHR.EM,0
Vietnam,VNM,1983,There is legislation on sexual harassment in employment (1=yes; 0=no),SG.LEG.SXHR.EM,0
Vietnam,VNM,1982,There is legislation on sexual harassment in employment (1=yes; 0=no),SG.LEG.SXHR.EM,0
Vietnam,VNM,1981,There is legislation on sexual harassment in employment (1=yes; 0=no),SG.LEG.SXHR.EM,0
Vietnam,VNM,1980,There is legislation on sexual harassment in employment (1=yes; 0=no),SG.LEG.SXHR.EM,0
Vietnam,VNM,1979,There is legislation on sexual harassment in employment (1=yes; 0=no),SG.LEG.SXHR.EM,0
Vietnam,VNM,1978,There is legislation on sexual harassment in employment (1=yes; 0=no),SG.LEG.SXHR.EM,0
Vietnam,VNM,1977,There is legislation on sexual harassment in employment (1=yes; 0=no),SG.LEG.SXHR.EM,0
Vietnam,VNM,1976,There is legislation on sexual harassment in employment (1=yes; 0=no),SG.LEG.SXHR.EM,0
Vietnam,VNM,1975,There is legislation on sexual harassment in employment (1=yes; 0=no),SG.LEG.SXHR.EM,0
Vietnam,VNM,1974,There is legislation on sexual harassment in employment (1=yes; 0=no),SG.LEG.SXHR.EM,0
Vietnam,VNM,1973,There is legislation on sexual harassment in employment (1=yes; 0=no),SG.LEG.SXHR.EM,0
Vietnam,VNM,1972,There is legislation on sexual harassment in employment (1=yes; 0=no),SG.LEG.SXHR.EM,0
Vietnam,VNM,1971,There is legislation on sexual harassment in employment (1=yes; 0=no),SG.LEG.SXHR.EM,0
Vietnam,VNM,1970,There is legislation on sexual harassment in employment (1=yes; 0=no),SG.LEG.SXHR.EM,0
Vietnam,VNM,2022,A woman can choose where to live in the same way as a man (1=yes; 0=no),SG.LOC.LIVE.EQ,1
Vietnam,VNM,2021,A woman can choose where to live in the same way as a man (1=yes; 0=no),SG.LOC.LIVE.EQ,1
Vietnam,VNM,2020,A woman can choose where to live in the same way as a man (1=yes; 0=no),SG.LOC.LIVE.EQ,1
Vietnam,VNM,2019,A woman can choose where to live in the same way as a man (1=yes; 0=no),SG.LOC.LIVE.EQ,1
Vietnam,VNM,2018,A woman can choose where to live in the same way as a man (1=yes; 0=no),SG.LOC.LIVE.EQ,1
Vietnam,VNM,2017,A woman can choose where to live in the same way as a man (1=yes; 0=no),SG.LOC.LIVE.EQ,1
Vietnam,VNM,2016,A woman can choose where to live in the same way as a man (1=yes; 0=no),SG.LOC.LIVE.EQ,1
Vietnam,VNM,2015,A woman can choose where to live in the same way as a man (1=yes; 0=no),SG.LOC.LIVE.EQ,1
Vietnam,VNM,2014,A woman can choose where to live in the same way as a man (1=yes; 0=no),SG.LOC.LIVE.EQ,1
Vietnam,VNM,2013,A woman can choose where to live in the same way as a man (1=yes; 0=no),SG.LOC.LIVE.EQ,1
Vietnam,VNM,2012,A woman can choose where to live in the same way as a man (1=yes; 0=no),SG.LOC.LIVE.EQ,1
Vietnam,VNM,2011,A woman can choose where to live in the same way as a man (1=yes; 0=no),SG.LOC.LIVE.EQ,1
Vietnam,VNM,2010,A woman can choose where to live in the same way as a man (1=yes; 0=no),SG.LOC.LIVE.EQ,1
Vietnam,VNM,2009,A woman can choose where to live in the same way as a man (1=yes; 0=no),SG.LOC.LIVE.EQ,1
Vietnam,VNM,2008,A woman can choose where to live in the same way as a man (1=yes; 0=no),SG.LOC.LIVE.EQ,1
Vietnam,VNM,2007,A woman can choose where to live in the same way as a man (1=yes; 0=no),SG.LOC.LIVE.EQ,1
Vietnam,VNM,2006,A woman can choose where to live in the same way as a man (1=yes; 0=no),SG.LOC.LIVE.EQ,1
Vietnam,VNM,2005,A woman can choose where to live in the same way as a man (1=yes; 0=no),SG.LOC.LIVE.EQ,1
Vietnam,VNM,2004,A woman can choose where to live in the same way as a man (1=yes; 0=no),SG.LOC.LIVE.EQ,1
Vietnam,VNM,2003,A woman can choose where to live in the same way as a man (1=yes; 0=no),SG.LOC.LIVE.EQ,1
Vietnam,VNM,2002,A woman can choose where to live in the same way as a man (1=yes; 0=no),SG.LOC.LIVE.EQ,1
Vietnam,VNM,2001,A woman can choose where to live in the same way as a man (1=yes; 0=no),SG.LOC.LIVE.EQ,1
Vietnam,VNM,2000,A woman can choose where to live in the same way as a man (1=yes; 0=no),SG.LOC.LIVE.EQ,1
Vietnam,VNM,1999,A woman can choose where to live in the same way as a man (1=yes; 0=no),SG.LOC.LIVE.EQ,1
Vietnam,VNM,1998,A woman can choose where to live in the same way as a man (1=yes; 0=no),SG.LOC.LIVE.EQ,1
Vietnam,VNM,1997,A woman can choose where to live in the same way as a man (1=yes; 0=no),SG.LOC.LIVE.EQ,1
Vietnam,VNM,1996,A woman can choose where to live in the same way as a man (1=yes; 0=no),SG.LOC.LIVE.EQ,1
Vietnam,VNM,1995,A woman can choose where to live in the same way as a man (1=yes; 0=no),SG.LOC.LIVE.EQ,1
Vietnam,VNM,1994,A woman can choose where to live in the same way as a man (1=yes; 0=no),SG.LOC.LIVE.EQ,1
Vietnam,VNM,1993,A woman can choose where to live in the same way as a man (1=yes; 0=no),SG.LOC.LIVE.EQ,1
Vietnam,VNM,1992,A woman can choose where to live in the same way as a man (1=yes; 0=no),SG.LOC.LIVE.EQ,1
Vietnam,VNM,1991,A woman can choose where to live in the same way as a man (1=yes; 0=no),SG.LOC.LIVE.EQ,1
Vietnam,VNM,1990,A woman can choose where to live in the same way as a man (1=yes; 0=no),SG.LOC.LIVE.EQ,1
Vietnam,VNM,1989,A woman can choose where to live in the same way as a man (1=yes; 0=no),SG.LOC.LIVE.EQ,1
Vietnam,VNM,1988,A woman can choose where to live in the same way as a man (1=yes; 0=no),SG.LOC.LIVE.EQ,1
Vietnam,VNM,1987,A woman can choose where to live in the same way as a man (1=yes; 0=no),SG.LOC.LIVE.EQ,1
Vietnam,VNM,1986,A woman can choose where to live in the same way as a man (1=yes; 0=no),SG.LOC.LIVE.EQ,1
Vietnam,VNM,1985,A woman can choose where to live in the same way as a man (1=yes; 0=no),SG.LOC.LIVE.EQ,1
Vietnam,VNM,1984,A woman can choose where to live in the same way as a man (1=yes; 0=no),SG.LOC.LIVE.EQ,1
Vietnam,VNM,1983,A woman can choose where to live in the same way as a man (1=yes; 0=no),SG.LOC.LIVE.EQ,1
Vietnam,VNM,1982,A woman can choose where to live in the same way as a man (1=yes; 0=no),SG.LOC.LIVE.EQ,1
Vietnam,VNM,1981,A woman can choose where to live in the same way as a man (1=yes; 0=no),SG.LOC.LIVE.EQ,1
Vietnam,VNM,1980,A woman can choose where to live in the same way as a man (1=yes; 0=no),SG.LOC.LIVE.EQ,1
Vietnam,VNM,1979,A woman can choose where to live in the same way as a man (1=yes; 0=no),SG.LOC.LIVE.EQ,1
Vietnam,VNM,1978,A woman can choose where to live in the same way as a man (1=yes; 0=no),SG.LOC.LIVE.EQ,1
Vietnam,VNM,1977,A woman can choose where to live in the same way as a man (1=yes; 0=no),SG.LOC.LIVE.EQ,1
Vietnam,VNM,1976,A woman can choose where to live in the same way as a man (1=yes; 0=no),SG.LOC.LIVE.EQ,1
Vietnam,VNM,1975,A woman can choose where to live in the same way as a man (1=yes; 0=no),SG.LOC.LIVE.EQ,1
Vietnam,VNM,1974,A woman can choose where to live in the same way as a man (1=yes; 0=no),SG.LOC.LIVE.EQ,1
Vietnam,VNM,1973,A woman can choose where to live in the same way as a man (1=yes; 0=no),SG.LOC.LIVE.EQ,1
Vietnam,VNM,1972,A woman can choose where to live in the same way as a man (1=yes; 0=no),SG.LOC.LIVE.EQ,1
Vietnam,VNM,1971,A woman can choose where to live in the same way as a man (1=yes; 0=no),SG.LOC.LIVE.EQ,1
Vietnam,VNM,1970,A woman can choose where to live in the same way as a man (1=yes; 0=no),SG.LOC.LIVE.EQ,1
Vietnam,VNM,2022,A woman can work at night in the same way as a man (1=yes; 0=no),SG.NGT.WORK.EQ,1
Vietnam,VNM,2021,A woman can work at night in the same way as a man (1=yes; 0=no),SG.NGT.WORK.EQ,1
Vietnam,VNM,2020,A woman can work at night in the same way as a man (1=yes; 0=no),SG.NGT.WORK.EQ,1
Vietnam,VNM,2019,A woman can work at night in the same way as a man (1=yes; 0=no),SG.NGT.WORK.EQ,1
Vietnam,VNM,2018,A woman can work at night in the same way as a man (1=yes; 0=no),SG.NGT.WORK.EQ,1
Vietnam,VNM,2017,A woman can work at night in the same way as a man (1=yes; 0=no),SG.NGT.WORK.EQ,1
Vietnam,VNM,2016,A woman can work at night in the same way as a man (1=yes; 0=no),SG.NGT.WORK.EQ,1
Vietnam,VNM,2015,A woman can work at night in the same way as a man (1=yes; 0=no),SG.NGT.WORK.EQ,1
Vietnam,VNM,2014,A woman can work at night in the same way as a man (1=yes; 0=no),SG.NGT.WORK.EQ,1
Vietnam,VNM,2013,A woman can work at night in the same way as a man (1=yes; 0=no),SG.NGT.WORK.EQ,1
Vietnam,VNM,2012,A woman can work at night in the same way as a man (1=yes; 0=no),SG.NGT.WORK.EQ,1
Vietnam,VNM,2011,A woman can work at night in the same way as a man (1=yes; 0=no),SG.NGT.WORK.EQ,1
Vietnam,VNM,2010,A woman can work at night in the same way as a man (1=yes; 0=no),SG.NGT.WORK.EQ,1
Vietnam,VNM,2009,A woman can work at night in the same way as a man (1=yes; 0=no),SG.NGT.WORK.EQ,1
Vietnam,VNM,2008,A woman can work at night in the same way as a man (1=yes; 0=no),SG.NGT.WORK.EQ,1
Vietnam,VNM,2007,A woman can work at night in the same way as a man (1=yes; 0=no),SG.NGT.WORK.EQ,1
Vietnam,VNM,2006,A woman can work at night in the same way as a man (1=yes; 0=no),SG.NGT.WORK.EQ,1
Vietnam,VNM,2005,A woman can work at night in the same way as a man (1=yes; 0=no),SG.NGT.WORK.EQ,1
Vietnam,VNM,2004,A woman can work at night in the same way as a man (1=yes; 0=no),SG.NGT.WORK.EQ,1
Vietnam,VNM,2003,A woman can work at night in the same way as a man (1=yes; 0=no),SG.NGT.WORK.EQ,1
Vietnam,VNM,2002,A woman can work at night in the same way as a man (1=yes; 0=no),SG.NGT.WORK.EQ,1
Vietnam,VNM,2001,A woman can work at night in the same way as a man (1=yes; 0=no),SG.NGT.WORK.EQ,1
Vietnam,VNM,2000,A woman can work at night in the same way as a man (1=yes; 0=no),SG.NGT.WORK.EQ,1
Vietnam,VNM,1999,A woman can work at night in the same way as a man (1=yes; 0=no),SG.NGT.WORK.EQ,1
Vietnam,VNM,1998,A woman can work at night in the same way as a man (1=yes; 0=no),SG.NGT.WORK.EQ,1
Vietnam,VNM,1997,A woman can work at night in the same way as a man (1=yes; 0=no),SG.NGT.WORK.EQ,1
Vietnam,VNM,1996,A woman can work at night in the same way as a man (1=yes; 0=no),SG.NGT.WORK.EQ,1
Vietnam,VNM,1995,A woman can work at night in the same way as a man (1=yes; 0=no),SG.NGT.WORK.EQ,1
Vietnam,VNM,1994,A woman can work at night in the same way as a man (1=yes; 0=no),SG.NGT.WORK.EQ,1
Vietnam,VNM,1993,A woman can work at night in the same way as a man (1=yes; 0=no),SG.NGT.WORK.EQ,1
Vietnam,VNM,1992,A woman can work at night in the same way as a man (1=yes; 0=no),SG.NGT.WORK.EQ,1
Vietnam,VNM,1991,A woman can work at night in the same way as a man (1=yes; 0=no),SG.NGT.WORK.EQ,1
Vietnam,VNM,1990,A woman can work at night in the same way as a man (1=yes; 0=no),SG.NGT.WORK.EQ,1
Vietnam,VNM,1989,A woman can work at night in the same way as a man (1=yes; 0=no),SG.NGT.WORK.EQ,1
Vietnam,VNM,1988,A woman can work at night in the same way as a man (1=yes; 0=no),SG.NGT.WORK.EQ,1
Vietnam,VNM,1987,A woman can work at night in the same way as a man (1=yes; 0=no),SG.NGT.WORK.EQ,1
Vietnam,VNM,1986,A woman can work at night in the same way as a man (1=yes; 0=no),SG.NGT.WORK.EQ,1
Vietnam,VNM,1985,A woman can work at night in the same way as a man (1=yes; 0=no),SG.NGT.WORK.EQ,1
Vietnam,VNM,1984,A woman can work at night in the same way as a man (1=yes; 0=no),SG.NGT.WORK.EQ,1
Vietnam,VNM,1983,A woman can work at night in the same way as a man (1=yes; 0=no),SG.NGT.WORK.EQ,1
Vietnam,VNM,1982,A woman can work at night in the same way as a man (1=yes; 0=no),SG.NGT.WORK.EQ,1
Vietnam,VNM,1981,A woman can work at night in the same way as a man (1=yes; 0=no),SG.NGT.WORK.EQ,1
Vietnam,VNM,1980,A woman can work at night in the same way as a man (1=yes; 0=no),SG.NGT.WORK.EQ,1
Vietnam,VNM,1979,A woman can work at night in the same way as a man (1=yes; 0=no),SG.NGT.WORK.EQ,1
Vietnam,VNM,1978,A woman can work at night in the same way as a man (1=yes; 0=no),SG.NGT.WORK.EQ,1
Vietnam,VNM,1977,A woman can work at night in the same way as a man (1=yes; 0=no),SG.NGT.WORK.EQ,1
Vietnam,VNM,1976,A woman can work at night in the same way as a man (1=yes; 0=no),SG.NGT.WORK.EQ,1
Vietnam,VNM,1975,A woman can work at night in the same way as a man (1=yes; 0=no),SG.NGT.WORK.EQ,1
Vietnam,VNM,1974,A woman can work at night in the same way as a man (1=yes; 0=no),SG.NGT.WORK.EQ,1
Vietnam,VNM,1973,A woman can work at night in the same way as a man (1=yes; 0=no),SG.NGT.WORK.EQ,1
Vietnam,VNM,1972,A woman can work at night in the same way as a man (1=yes; 0=no),SG.NGT.WORK.EQ,1
Vietnam,VNM,1971,A woman can work at night in the same way as a man (1=yes; 0=no),SG.NGT.WORK.EQ,1
Vietnam,VNM,1970,A woman can work at night in the same way as a man (1=yes; 0=no),SG.NGT.WORK.EQ,1
Vietnam,VNM,2022,A woman can obtain a judgment of divorce in the same way as a man (1=yes; 0=no),SG.OBT.DVRC.EQ,1
Vietnam,VNM,2021,A woman can obtain a judgment of divorce in the same way as a man (1=yes; 0=no),SG.OBT.DVRC.EQ,1
Vietnam,VNM,2020,A woman can obtain a judgment of divorce in the same way as a man (1=yes; 0=no),SG.OBT.DVRC.EQ,1
Vietnam,VNM,2019,A woman can obtain a judgment of divorce in the same way as a man (1=yes; 0=no),SG.OBT.DVRC.EQ,1
Vietnam,VNM,2018,A woman can obtain a judgment of divorce in the same way as a man (1=yes; 0=no),SG.OBT.DVRC.EQ,1
Vietnam,VNM,2017,A woman can obtain a judgment of divorce in the same way as a man (1=yes; 0=no),SG.OBT.DVRC.EQ,1
Vietnam,VNM,2016,A woman can obtain a judgment of divorce in the same way as a man (1=yes; 0=no),SG.OBT.DVRC.EQ,1
Vietnam,VNM,2015,A woman can obtain a judgment of divorce in the same way as a man (1=yes; 0=no),SG.OBT.DVRC.EQ,1
Vietnam,VNM,2014,A woman can obtain a judgment of divorce in the same way as a man (1=yes; 0=no),SG.OBT.DVRC.EQ,1
Vietnam,VNM,2013,A woman can obtain a judgment of divorce in the same way as a man (1=yes; 0=no),SG.OBT.DVRC.EQ,1
Vietnam,VNM,2012,A woman can obtain a judgment of divorce in the same way as a man (1=yes; 0=no),SG.OBT.DVRC.EQ,1
Vietnam,VNM,2011,A woman can obtain a judgment of divorce in the same way as a man (1=yes; 0=no),SG.OBT.DVRC.EQ,1
Vietnam,VNM,2010,A woman can obtain a judgment of divorce in the same way as a man (1=yes; 0=no),SG.OBT.DVRC.EQ,1
Vietnam,VNM,2009,A woman can obtain a judgment of divorce in the same way as a man (1=yes; 0=no),SG.OBT.DVRC.EQ,1
Vietnam,VNM,2008,A woman can obtain a judgment of divorce in the same way as a man (1=yes; 0=no),SG.OBT.DVRC.EQ,1
Vietnam,VNM,2007,A woman can obtain a judgment of divorce in the same way as a man (1=yes; 0=no),SG.OBT.DVRC.EQ,1
Vietnam,VNM,2006,A woman can obtain a judgment of divorce in the same way as a man (1=yes; 0=no),SG.OBT.DVRC.EQ,1
Vietnam,VNM,2005,A woman can obtain a judgment of divorce in the same way as a man (1=yes; 0=no),SG.OBT.DVRC.EQ,1
Vietnam,VNM,2004,A woman can obtain a judgment of divorce in the same way as a man (1=yes; 0=no),SG.OBT.DVRC.EQ,1
Vietnam,VNM,2003,A woman can obtain a judgment of divorce in the same way as a man (1=yes; 0=no),SG.OBT.DVRC.EQ,1
Vietnam,VNM,2002,A woman can obtain a judgment of divorce in the same way as a man (1=yes; 0=no),SG.OBT.DVRC.EQ,1
Vietnam,VNM,2001,A woman can obtain a judgment of divorce in the same way as a man (1=yes; 0=no),SG.OBT.DVRC.EQ,1
Vietnam,VNM,2000,A woman can obtain a judgment of divorce in the same way as a man (1=yes; 0=no),SG.OBT.DVRC.EQ,1
Vietnam,VNM,1999,A woman can obtain a judgment of divorce in the same way as a man (1=yes; 0=no),SG.OBT.DVRC.EQ,1
Vietnam,VNM,1998,A woman can obtain a judgment of divorce in the same way as a man (1=yes; 0=no),SG.OBT.DVRC.EQ,1
Vietnam,VNM,1997,A woman can obtain a judgment of divorce in the same way as a man (1=yes; 0=no),SG.OBT.DVRC.EQ,1
Vietnam,VNM,1996,A woman can obtain a judgment of divorce in the same way as a man (1=yes; 0=no),SG.OBT.DVRC.EQ,1
Vietnam,VNM,1995,A woman can obtain a judgment of divorce in the same way as a man (1=yes; 0=no),SG.OBT.DVRC.EQ,1
Vietnam,VNM,1994,A woman can obtain a judgment of divorce in the same way as a man (1=yes; 0=no),SG.OBT.DVRC.EQ,1
Vietnam,VNM,1993,A woman can obtain a judgment of divorce in the same way as a man (1=yes; 0=no),SG.OBT.DVRC.EQ,1
Vietnam,VNM,1992,A woman can obtain a judgment of divorce in the same way as a man (1=yes; 0=no),SG.OBT.DVRC.EQ,1
Vietnam,VNM,1991,A woman can obtain a judgment of divorce in the same way as a man (1=yes; 0=no),SG.OBT.DVRC.EQ,1
Vietnam,VNM,1990,A woman can obtain a judgment of divorce in the same way as a man (1=yes; 0=no),SG.OBT.DVRC.EQ,1
Vietnam,VNM,1989,A woman can obtain a judgment of divorce in the same way as a man (1=yes; 0=no),SG.OBT.DVRC.EQ,1
Vietnam,VNM,1988,A woman can obtain a judgment of divorce in the same way as a man (1=yes; 0=no),SG.OBT.DVRC.EQ,1
Vietnam,VNM,1987,A woman can obtain a judgment of divorce in the same way as a man (1=yes; 0=no),SG.OBT.DVRC.EQ,1
Vietnam,VNM,1986,A woman can obtain a judgment of divorce in the same way as a man (1=yes; 0=no),SG.OBT.DVRC.EQ,1
Vietnam,VNM,1985,A woman can obtain a judgment of divorce in the same way as a man (1=yes; 0=no),SG.OBT.DVRC.EQ,1
Vietnam,VNM,1984,A woman can obtain a judgment of divorce in the same way as a man (1=yes; 0=no),SG.OBT.DVRC.EQ,1
Vietnam,VNM,1983,A woman can obtain a judgment of divorce in the same way as a man (1=yes; 0=no),SG.OBT.DVRC.EQ,1
Vietnam,VNM,1982,A woman can obtain a judgment of divorce in the same way as a man (1=yes; 0=no),SG.OBT.DVRC.EQ,1
Vietnam,VNM,1981,A woman can obtain a judgment of divorce in the same way as a man (1=yes; 0=no),SG.OBT.DVRC.EQ,1
Vietnam,VNM,1980,A woman can obtain a judgment of divorce in the same way as a man (1=yes; 0=no),SG.OBT.DVRC.EQ,1
Vietnam,VNM,1979,A woman can obtain a judgment of divorce in the same way as a man (1=yes; 0=no),SG.OBT.DVRC.EQ,1
Vietnam,VNM,1978,A woman can obtain a judgment of divorce in the same way as a man (1=yes; 0=no),SG.OBT.DVRC.EQ,1
Vietnam,VNM,1977,A woman can obtain a judgment of divorce in the same way as a man (1=yes; 0=no),SG.OBT.DVRC.EQ,1
Vietnam,VNM,1976,A woman can obtain a judgment of divorce in the same way as a man (1=yes; 0=no),SG.OBT.DVRC.EQ,1
Vietnam,VNM,1975,A woman can obtain a judgment of divorce in the same way as a man (1=yes; 0=no),SG.OBT.DVRC.EQ,1
Vietnam,VNM,1974,A woman can obtain a judgment of divorce in the same way as a man (1=yes; 0=no),SG.OBT.DVRC.EQ,1
Vietnam,VNM,1973,A woman can obtain a judgment of divorce in the same way as a man (1=yes; 0=no),SG.OBT.DVRC.EQ,1
Vietnam,VNM,1972,A woman can obtain a judgment of divorce in the same way as a man (1=yes; 0=no),SG.OBT.DVRC.EQ,1
Vietnam,VNM,1971,A woman can obtain a judgment of divorce in the same way as a man (1=yes; 0=no),SG.OBT.DVRC.EQ,1
Vietnam,VNM,1970,A woman can obtain a judgment of divorce in the same way as a man (1=yes; 0=no),SG.OBT.DVRC.EQ,1
Vietnam,VNM,2022,A woman can open a bank account in the same way as a man (1=yes; 0=no),SG.OPN.BANK.EQ,1
Vietnam,VNM,2021,A woman can open a bank account in the same way as a man (1=yes; 0=no),SG.OPN.BANK.EQ,1
Vietnam,VNM,2020,A woman can open a bank account in the same way as a man (1=yes; 0=no),SG.OPN.BANK.EQ,1
Vietnam,VNM,2019,A woman can open a bank account in the same way as a man (1=yes; 0=no),SG.OPN.BANK.EQ,1
Vietnam,VNM,2018,A woman can open a bank account in the same way as a man (1=yes; 0=no),SG.OPN.BANK.EQ,1
Vietnam,VNM,2017,A woman can open a bank account in the same way as a man (1=yes; 0=no),SG.OPN.BANK.EQ,1
Vietnam,VNM,2016,A woman can open a bank account in the same way as a man (1=yes; 0=no),SG.OPN.BANK.EQ,1
Vietnam,VNM,2015,A woman can open a bank account in the same way as a man (1=yes; 0=no),SG.OPN.BANK.EQ,1
Vietnam,VNM,2014,A woman can open a bank account in the same way as a man (1=yes; 0=no),SG.OPN.BANK.EQ,1
Vietnam,VNM,2013,A woman can open a bank account in the same way as a man (1=yes; 0=no),SG.OPN.BANK.EQ,1
Vietnam,VNM,2012,A woman can open a bank account in the same way as a man (1=yes; 0=no),SG.OPN.BANK.EQ,1
Vietnam,VNM,2011,A woman can open a bank account in the same way as a man (1=yes; 0=no),SG.OPN.BANK.EQ,1
Vietnam,VNM,2010,A woman can open a bank account in the same way as a man (1=yes; 0=no),SG.OPN.BANK.EQ,1
Vietnam,VNM,2009,A woman can open a bank account in the same way as a man (1=yes; 0=no),SG.OPN.BANK.EQ,1
Vietnam,VNM,2008,A woman can open a bank account in the same way as a man (1=yes; 0=no),SG.OPN.BANK.EQ,1
Vietnam,VNM,2007,A woman can open a bank account in the same way as a man (1=yes; 0=no),SG.OPN.BANK.EQ,1
Vietnam,VNM,2006,A woman can open a bank account in the same way as a man (1=yes; 0=no),SG.OPN.BANK.EQ,1
Vietnam,VNM,2005,A woman can open a bank account in the same way as a man (1=yes; 0=no),SG.OPN.BANK.EQ,1
Vietnam,VNM,2004,A woman can open a bank account in the same way as a man (1=yes; 0=no),SG.OPN.BANK.EQ,1
Vietnam,VNM,2003,A woman can open a bank account in the same way as a man (1=yes; 0=no),SG.OPN.BANK.EQ,1
Vietnam,VNM,2002,A woman can open a bank account in the same way as a man (1=yes; 0=no),SG.OPN.BANK.EQ,1
Vietnam,VNM,2001,A woman can open a bank account in the same way as a man (1=yes; 0=no),SG.OPN.BANK.EQ,1
Vietnam,VNM,2000,A woman can open a bank account in the same way as a man (1=yes; 0=no),SG.OPN.BANK.EQ,1
Vietnam,VNM,1999,A woman can open a bank account in the same way as a man (1=yes; 0=no),SG.OPN.BANK.EQ,1
Vietnam,VNM,1998,A woman can open a bank account in the same way as a man (1=yes; 0=no),SG.OPN.BANK.EQ,1
Vietnam,VNM,1997,A woman can open a bank account in the same way as a man (1=yes; 0=no),SG.OPN.BANK.EQ,1
Vietnam,VNM,1996,A woman can open a bank account in the same way as a man (1=yes; 0=no),SG.OPN.BANK.EQ,1
Vietnam,VNM,1995,A woman can open a bank account in the same way as a man (1=yes; 0=no),SG.OPN.BANK.EQ,1
Vietnam,VNM,1994,A woman can open a bank account in the same way as a man (1=yes; 0=no),SG.OPN.BANK.EQ,1
Vietnam,VNM,1993,A woman can open a bank account in the same way as a man (1=yes; 0=no),SG.OPN.BANK.EQ,1
Vietnam,VNM,1992,A woman can open a bank account in the same way as a man (1=yes; 0=no),SG.OPN.BANK.EQ,1
Vietnam,VNM,1991,A woman can open a bank account in the same way as a man (1=yes; 0=no),SG.OPN.BANK.EQ,1
Vietnam,VNM,1990,A woman can open a bank account in the same way as a man (1=yes; 0=no),SG.OPN.BANK.EQ,1
Vietnam,VNM,1989,A woman can open a bank account in the same way as a man (1=yes; 0=no),SG.OPN.BANK.EQ,1
Vietnam,VNM,1988,A woman can open a bank account in the same way as a man (1=yes; 0=no),SG.OPN.BANK.EQ,1
Vietnam,VNM,1987,A woman can open a bank account in the same way as a man (1=yes; 0=no),SG.OPN.BANK.EQ,1
Vietnam,VNM,1986,A woman can open a bank account in the same way as a man (1=yes; 0=no),SG.OPN.BANK.EQ,1
Vietnam,VNM,1985,A woman can open a bank account in the same way as a man (1=yes; 0=no),SG.OPN.BANK.EQ,1
Vietnam,VNM,1984,A woman can open a bank account in the same way as a man (1=yes; 0=no),SG.OPN.BANK.EQ,1
Vietnam,VNM,1983,A woman can open a bank account in the same way as a man (1=yes; 0=no),SG.OPN.BANK.EQ,1
Vietnam,VNM,1982,A woman can open a bank account in the same way as a man (1=yes; 0=no),SG.OPN.BANK.EQ,1
Vietnam,VNM,1981,A woman can open a bank account in the same way as a man (1=yes; 0=no),SG.OPN.BANK.EQ,1
Vietnam,VNM,1980,A woman can open a bank account in the same way as a man (1=yes; 0=no),SG.OPN.BANK.EQ,1
Vietnam,VNM,1979,A woman can open a bank account in the same way as a man (1=yes; 0=no),SG.OPN.BANK.EQ,1
Vietnam,VNM,1978,A woman can open a bank account in the same way as a man (1=yes; 0=no),SG.OPN.BANK.EQ,1
Vietnam,VNM,1977,A woman can open a bank account in the same way as a man (1=yes; 0=no),SG.OPN.BANK.EQ,1
Vietnam,VNM,1976,A woman can open a bank account in the same way as a man (1=yes; 0=no),SG.OPN.BANK.EQ,1
Vietnam,VNM,1975,A woman can open a bank account in the same way as a man (1=yes; 0=no),SG.OPN.BANK.EQ,1
Vietnam,VNM,1974,A woman can open a bank account in the same way as a man (1=yes; 0=no),SG.OPN.BANK.EQ,1
Vietnam,VNM,1973,A woman can open a bank account in the same way as a man (1=yes; 0=no),SG.OPN.BANK.EQ,1
Vietnam,VNM,1972,A woman can open a bank account in the same way as a man (1=yes; 0=no),SG.OPN.BANK.EQ,1
Vietnam,VNM,1971,A woman can open a bank account in the same way as a man (1=yes; 0=no),SG.OPN.BANK.EQ,1
Vietnam,VNM,1970,A woman can open a bank account in the same way as a man (1=yes; 0=no),SG.OPN.BANK.EQ,1
Vietnam,VNM,2022,Men and women have equal ownership rights to immovable property (1=yes; 0=no),SG.OWN.PRRT.IM,1
Vietnam,VNM,2021,Men and women have equal ownership rights to immovable property (1=yes; 0=no),SG.OWN.PRRT.IM,1
Vietnam,VNM,2020,Men and women have equal ownership rights to immovable property (1=yes; 0=no),SG.OWN.PRRT.IM,1
Vietnam,VNM,2019,Men and women have equal ownership rights to immovable property (1=yes; 0=no),SG.OWN.PRRT.IM,1
Vietnam,VNM,2018,Men and women have equal ownership rights to immovable property (1=yes; 0=no),SG.OWN.PRRT.IM,1
Vietnam,VNM,2017,Men and women have equal ownership rights to immovable property (1=yes; 0=no),SG.OWN.PRRT.IM,1
Vietnam,VNM,2016,Men and women have equal ownership rights to immovable property (1=yes; 0=no),SG.OWN.PRRT.IM,1
Vietnam,VNM,2015,Men and women have equal ownership rights to immovable property (1=yes; 0=no),SG.OWN.PRRT.IM,1
Vietnam,VNM,2014,Men and women have equal ownership rights to immovable property (1=yes; 0=no),SG.OWN.PRRT.IM,1
Vietnam,VNM,2013,Men and women have equal ownership rights to immovable property (1=yes; 0=no),SG.OWN.PRRT.IM,1
Vietnam,VNM,2012,Men and women have equal ownership rights to immovable property (1=yes; 0=no),SG.OWN.PRRT.IM,1
Vietnam,VNM,2011,Men and women have equal ownership rights to immovable property (1=yes; 0=no),SG.OWN.PRRT.IM,1
Vietnam,VNM,2010,Men and women have equal ownership rights to immovable property (1=yes; 0=no),SG.OWN.PRRT.IM,1
Vietnam,VNM,2009,Men and women have equal ownership rights to immovable property (1=yes; 0=no),SG.OWN.PRRT.IM,1
Vietnam,VNM,2008,Men and women have equal ownership rights to immovable property (1=yes; 0=no),SG.OWN.PRRT.IM,1
Vietnam,VNM,2007,Men and women have equal ownership rights to immovable property (1=yes; 0=no),SG.OWN.PRRT.IM,1
Vietnam,VNM,2006,Men and women have equal ownership rights to immovable property (1=yes; 0=no),SG.OWN.PRRT.IM,1
Vietnam,VNM,2005,Men and women have equal ownership rights to immovable property (1=yes; 0=no),SG.OWN.PRRT.IM,1
Vietnam,VNM,2004,Men and women have equal ownership rights to immovable property (1=yes; 0=no),SG.OWN.PRRT.IM,1
Vietnam,VNM,2003,Men and women have equal ownership rights to immovable property (1=yes; 0=no),SG.OWN.PRRT.IM,1
Vietnam,VNM,2002,Men and women have equal ownership rights to immovable property (1=yes; 0=no),SG.OWN.PRRT.IM,1
Vietnam,VNM,2001,Men and women have equal ownership rights to immovable property (1=yes; 0=no),SG.OWN.PRRT.IM,1
Vietnam,VNM,2000,Men and women have equal ownership rights to immovable property (1=yes; 0=no),SG.OWN.PRRT.IM,1
Vietnam,VNM,1999,Men and women have equal ownership rights to immovable property (1=yes; 0=no),SG.OWN.PRRT.IM,1
Vietnam,VNM,1998,Men and women have equal ownership rights to immovable property (1=yes; 0=no),SG.OWN.PRRT.IM,1
Vietnam,VNM,1997,Men and women have equal ownership rights to immovable property (1=yes; 0=no),SG.OWN.PRRT.IM,1
Vietnam,VNM,1996,Men and women have equal ownership rights to immovable property (1=yes; 0=no),SG.OWN.PRRT.IM,1
Vietnam,VNM,1995,Men and women have equal ownership rights to immovable property (1=yes; 0=no),SG.OWN.PRRT.IM,1
Vietnam,VNM,1994,Men and women have equal ownership rights to immovable property (1=yes; 0=no),SG.OWN.PRRT.IM,1
Vietnam,VNM,1993,Men and women have equal ownership rights to immovable property (1=yes; 0=no),SG.OWN.PRRT.IM,1
Vietnam,VNM,1992,Men and women have equal ownership rights to immovable property (1=yes; 0=no),SG.OWN.PRRT.IM,1
Vietnam,VNM,1991,Men and women have equal ownership rights to immovable property (1=yes; 0=no),SG.OWN.PRRT.IM,1
Vietnam,VNM,1990,Men and women have equal ownership rights to immovable property (1=yes; 0=no),SG.OWN.PRRT.IM,1
Vietnam,VNM,1989,Men and women have equal ownership rights to immovable property (1=yes; 0=no),SG.OWN.PRRT.IM,1
Vietnam,VNM,1988,Men and women have equal ownership rights to immovable property (1=yes; 0=no),SG.OWN.PRRT.IM,1
Vietnam,VNM,1987,Men and women have equal ownership rights to immovable property (1=yes; 0=no),SG.OWN.PRRT.IM,1
Vietnam,VNM,1986,Men and women have equal ownership rights to immovable property (1=yes; 0=no),SG.OWN.PRRT.IM,1
Vietnam,VNM,1985,Men and women have equal ownership rights to immovable property (1=yes; 0=no),SG.OWN.PRRT.IM,1
Vietnam,VNM,1984,Men and women have equal ownership rights to immovable property (1=yes; 0=no),SG.OWN.PRRT.IM,1
Vietnam,VNM,1983,Men and women have equal ownership rights to immovable property (1=yes; 0=no),SG.OWN.PRRT.IM,1
Vietnam,VNM,1982,Men and women have equal ownership rights to immovable property (1=yes; 0=no),SG.OWN.PRRT.IM,1
Vietnam,VNM,1981,Men and women have equal ownership rights to immovable property (1=yes; 0=no),SG.OWN.PRRT.IM,1
Vietnam,VNM,1980,Men and women have equal ownership rights to immovable property (1=yes; 0=no),SG.OWN.PRRT.IM,1
Vietnam,VNM,1979,Men and women have equal ownership rights to immovable property (1=yes; 0=no),SG.OWN.PRRT.IM,1
Vietnam,VNM,1978,Men and women have equal ownership rights to immovable property (1=yes; 0=no),SG.OWN.PRRT.IM,1
Vietnam,VNM,1977,Men and women have equal ownership rights to immovable property (1=yes; 0=no),SG.OWN.PRRT.IM,1
Vietnam,VNM,1976,Men and women have equal ownership rights to immovable property (1=yes; 0=no),SG.OWN.PRRT.IM,1
Vietnam,VNM,1975,Men and women have equal ownership rights to immovable property (1=yes; 0=no),SG.OWN.PRRT.IM,1
Vietnam,VNM,1974,Men and women have equal ownership rights to immovable property (1=yes; 0=no),SG.OWN.PRRT.IM,1
Vietnam,VNM,1973,Men and women have equal ownership rights to immovable property (1=yes; 0=no),SG.OWN.PRRT.IM,1
Vietnam,VNM,1972,Men and women have equal ownership rights to immovable property (1=yes; 0=no),SG.OWN.PRRT.IM,1
Vietnam,VNM,1971,Men and women have equal ownership rights to immovable property (1=yes; 0=no),SG.OWN.PRRT.IM,1
Vietnam,VNM,1970,Men and women have equal ownership rights to immovable property (1=yes; 0=no),SG.OWN.PRRT.IM,1
Vietnam,VNM,2022,Criminal penalties or civil remedies exist for sexual harassment in employment (1=yes; 0=no),SG.PEN.SXHR.EM,1
Vietnam,VNM,2021,Criminal penalties or civil remedies exist for sexual harassment in employment (1=yes; 0=no),SG.PEN.SXHR.EM,1
Vietnam,VNM,2020,Criminal penalties or civil remedies exist for sexual harassment in employment (1=yes; 0=no),SG.PEN.SXHR.EM,1
Vietnam,VNM,2019,Criminal penalties or civil remedies exist for sexual harassment in employment (1=yes; 0=no),SG.PEN.SXHR.EM,1
Vietnam,VNM,2018,Criminal penalties or civil remedies exist for sexual harassment in employment (1=yes; 0=no),SG.PEN.SXHR.EM,1
Vietnam,VNM,2017,Criminal penalties or civil remedies exist for sexual harassment in employment (1=yes; 0=no),SG.PEN.SXHR.EM,1
Vietnam,VNM,2016,Criminal penalties or civil remedies exist for sexual harassment in employment (1=yes; 0=no),SG.PEN.SXHR.EM,1
Vietnam,VNM,2015,Criminal penalties or civil remedies exist for sexual harassment in employment (1=yes; 0=no),SG.PEN.SXHR.EM,1
Vietnam,VNM,2014,Criminal penalties or civil remedies exist for sexual harassment in employment (1=yes; 0=no),SG.PEN.SXHR.EM,1
Vietnam,VNM,2013,Criminal penalties or civil remedies exist for sexual harassment in employment (1=yes; 0=no),SG.PEN.SXHR.EM,1
Vietnam,VNM,2012,Criminal penalties or civil remedies exist for sexual harassment in employment (1=yes; 0=no),SG.PEN.SXHR.EM,0
Vietnam,VNM,2011,Criminal penalties or civil remedies exist for sexual harassment in employment (1=yes; 0=no),SG.PEN.SXHR.EM,0
Vietnam,VNM,2010,Criminal penalties or civil remedies exist for sexual harassment in employment (1=yes; 0=no),SG.PEN.SXHR.EM,0
Vietnam,VNM,2009,Criminal penalties or civil remedies exist for sexual harassment in employment (1=yes; 0=no),SG.PEN.SXHR.EM,0
Vietnam,VNM,2008,Criminal penalties or civil remedies exist for sexual harassment in employment (1=yes; 0=no),SG.PEN.SXHR.EM,0
Vietnam,VNM,2007,Criminal penalties or civil remedies exist for sexual harassment in employment (1=yes; 0=no),SG.PEN.SXHR.EM,0
Vietnam,VNM,2006,Criminal penalties or civil remedies exist for sexual harassment in employment (1=yes; 0=no),SG.PEN.SXHR.EM,0
Vietnam,VNM,2005,Criminal penalties or civil remedies exist for sexual harassment in employment (1=yes; 0=no),SG.PEN.SXHR.EM,0
Vietnam,VNM,2004,Criminal penalties or civil remedies exist for sexual harassment in employment (1=yes; 0=no),SG.PEN.SXHR.EM,0
Vietnam,VNM,2003,Criminal penalties or civil remedies exist for sexual harassment in employment (1=yes; 0=no),SG.PEN.SXHR.EM,0
Vietnam,VNM,2002,Criminal penalties or civil remedies exist for sexual harassment in employment (1=yes; 0=no),SG.PEN.SXHR.EM,0
Vietnam,VNM,2001,Criminal penalties or civil remedies exist for sexual harassment in employment (1=yes; 0=no),SG.PEN.SXHR.EM,0
Vietnam,VNM,2000,Criminal penalties or civil remedies exist for sexual harassment in employment (1=yes; 0=no),SG.PEN.SXHR.EM,0
Vietnam,VNM,1999,Criminal penalties or civil remedies exist for sexual harassment in employment (1=yes; 0=no),SG.PEN.SXHR.EM,0
Vietnam,VNM,1998,Criminal penalties or civil remedies exist for sexual harassment in employment (1=yes; 0=no),SG.PEN.SXHR.EM,0
Vietnam,VNM,1997,Criminal penalties or civil remedies exist for sexual harassment in employment (1=yes; 0=no),SG.PEN.SXHR.EM,0
Vietnam,VNM,1996,Criminal penalties or civil remedies exist for sexual harassment in employment (1=yes; 0=no),SG.PEN.SXHR.EM,0
Vietnam,VNM,1995,Criminal penalties or civil remedies exist for sexual harassment in employment (1=yes; 0=no),SG.PEN.SXHR.EM,0
Vietnam,VNM,1994,Criminal penalties or civil remedies exist for sexual harassment in employment (1=yes; 0=no),SG.PEN.SXHR.EM,0
Vietnam,VNM,1993,Criminal penalties or civil remedies exist for sexual harassment in employment (1=yes; 0=no),SG.PEN.SXHR.EM,0
Vietnam,VNM,1992,Criminal penalties or civil remedies exist for sexual harassment in employment (1=yes; 0=no),SG.PEN.SXHR.EM,0
Vietnam,VNM,1991,Criminal penalties or civil remedies exist for sexual harassment in employment (1=yes; 0=no),SG.PEN.SXHR.EM,0
Vietnam,VNM,1990,Criminal penalties or civil remedies exist for sexual harassment in employment (1=yes; 0=no),SG.PEN.SXHR.EM,0
Vietnam,VNM,1989,Criminal penalties or civil remedies exist for sexual harassment in employment (1=yes; 0=no),SG.PEN.SXHR.EM,0
Vietnam,VNM,1988,Criminal penalties or civil remedies exist for sexual harassment in employment (1=yes; 0=no),SG.PEN.SXHR.EM,0
Vietnam,VNM,1987,Criminal penalties or civil remedies exist for sexual harassment in employment (1=yes; 0=no),SG.PEN.SXHR.EM,0
Vietnam,VNM,1986,Criminal penalties or civil remedies exist for sexual harassment in employment (1=yes; 0=no),SG.PEN.SXHR.EM,0
Vietnam,VNM,1985,Criminal penalties or civil remedies exist for sexual harassment in employment (1=yes; 0=no),SG.PEN.SXHR.EM,0
Vietnam,VNM,1984,Criminal penalties or civil remedies exist for sexual harassment in employment (1=yes; 0=no),SG.PEN.SXHR.EM,0
Vietnam,VNM,1983,Criminal penalties or civil remedies exist for sexual harassment in employment (1=yes; 0=no),SG.PEN.SXHR.EM,0
Vietnam,VNM,1982,Criminal penalties or civil remedies exist for sexual harassment in employment (1=yes; 0=no),SG.PEN.SXHR.EM,0
Vietnam,VNM,1981,Criminal penalties or civil remedies exist for sexual harassment in employment (1=yes; 0=no),SG.PEN.SXHR.EM,0
Vietnam,VNM,1980,Criminal penalties or civil remedies exist for sexual harassment in employment (1=yes; 0=no),SG.PEN.SXHR.EM,0
Vietnam,VNM,1979,Criminal penalties or civil remedies exist for sexual harassment in employment (1=yes; 0=no),SG.PEN.SXHR.EM,0
Vietnam,VNM,1978,Criminal penalties or civil remedies exist for sexual harassment in employment (1=yes; 0=no),SG.PEN.SXHR.EM,0
Vietnam,VNM,1977,Criminal penalties or civil remedies exist for sexual harassment in employment (1=yes; 0=no),SG.PEN.SXHR.EM,0
Vietnam,VNM,1976,Criminal penalties or civil remedies exist for sexual harassment in employment (1=yes; 0=no),SG.PEN.SXHR.EM,0
Vietnam,VNM,1975,Criminal penalties or civil remedies exist for sexual harassment in employment (1=yes; 0=no),SG.PEN.SXHR.EM,0
Vietnam,VNM,1974,Criminal penalties or civil remedies exist for sexual harassment in employment (1=yes; 0=no),SG.PEN.SXHR.EM,0
Vietnam,VNM,1973,Criminal penalties or civil remedies exist for sexual harassment in employment (1=yes; 0=no),SG.PEN.SXHR.EM,0
Vietnam,VNM,1972,Criminal penalties or civil remedies exist for sexual harassment in employment (1=yes; 0=no),SG.PEN.SXHR.EM,0
Vietnam,VNM,1971,Criminal penalties or civil remedies exist for sexual harassment in employment (1=yes; 0=no),SG.PEN.SXHR.EM,0
Vietnam,VNM,1970,Criminal penalties or civil remedies exist for sexual harassment in employment (1=yes; 0=no),SG.PEN.SXHR.EM,0
Vietnam,VNM,2019,Female migrants (% of international migrant stock),SG.POP.MIGR.FE.ZS,42.0700620203931
Vietnam,VNM,2015,Female migrants (% of international migrant stock),SG.POP.MIGR.FE.ZS,42.071353014713
Vietnam,VNM,2010,Female migrants (% of international migrant stock),SG.POP.MIGR.FE.ZS,41.7530280458579
Vietnam,VNM,2005,Female migrants (% of international migrant stock),SG.POP.MIGR.FE.ZS,39.9126873744398
Vietnam,VNM,2000,Female migrants (% of international migrant stock),SG.POP.MIGR.FE.ZS,42.1626669485851
Vietnam,VNM,1995,Female migrants (% of international migrant stock),SG.POP.MIGR.FE.ZS,45.0138504155125
Vietnam,VNM,1990,Female migrants (% of international migrant stock),SG.POP.MIGR.FE.ZS,45.8354079237499
Vietnam,VNM,2022,A woman has the same rights to remarry as a man (1=yes; 0=no),SG.REM.RIGT.EQ,1
Vietnam,VNM,2021,A woman has the same rights to remarry as a man (1=yes; 0=no),SG.REM.RIGT.EQ,1
Vietnam,VNM,2020,A woman has the same rights to remarry as a man (1=yes; 0=no),SG.REM.RIGT.EQ,1
Vietnam,VNM,2019,A woman has the same rights to remarry as a man (1=yes; 0=no),SG.REM.RIGT.EQ,1
Vietnam,VNM,2018,A woman has the same rights to remarry as a man (1=yes; 0=no),SG.REM.RIGT.EQ,1
Vietnam,VNM,2017,A woman has the same rights to remarry as a man (1=yes; 0=no),SG.REM.RIGT.EQ,1
Vietnam,VNM,2016,A woman has the same rights to remarry as a man (1=yes; 0=no),SG.REM.RIGT.EQ,1
Vietnam,VNM,2015,A woman has the same rights to remarry as a man (1=yes; 0=no),SG.REM.RIGT.EQ,1
Vietnam,VNM,2014,A woman has the same rights to remarry as a man (1=yes; 0=no),SG.REM.RIGT.EQ,1
Vietnam,VNM,2013,A woman has the same rights to remarry as a man (1=yes; 0=no),SG.REM.RIGT.EQ,1
Vietnam,VNM,2012,A woman has the same rights to remarry as a man (1=yes; 0=no),SG.REM.RIGT.EQ,1
Vietnam,VNM,2011,A woman has the same rights to remarry as a man (1=yes; 0=no),SG.REM.RIGT.EQ,1
Vietnam,VNM,2010,A woman has the same rights to remarry as a man (1=yes; 0=no),SG.REM.RIGT.EQ,1
Vietnam,VNM,2009,A woman has the same rights to remarry as a man (1=yes; 0=no),SG.REM.RIGT.EQ,1
Vietnam,VNM,2008,A woman has the same rights to remarry as a man (1=yes; 0=no),SG.REM.RIGT.EQ,1
Vietnam,VNM,2007,A woman has the same rights to remarry as a man (1=yes; 0=no),SG.REM.RIGT.EQ,1
Vietnam,VNM,2006,A woman has the same rights to remarry as a man (1=yes; 0=no),SG.REM.RIGT.EQ,1
Vietnam,VNM,2005,A woman has the same rights to remarry as a man (1=yes; 0=no),SG.REM.RIGT.EQ,1
Vietnam,VNM,2004,A woman has the same rights to remarry as a man (1=yes; 0=no),SG.REM.RIGT.EQ,1
Vietnam,VNM,2003,A woman has the same rights to remarry as a man (1=yes; 0=no),SG.REM.RIGT.EQ,1
Vietnam,VNM,2002,A woman has the same rights to remarry as a man (1=yes; 0=no),SG.REM.RIGT.EQ,1
Vietnam,VNM,2001,A woman has the same rights to remarry as a man (1=yes; 0=no),SG.REM.RIGT.EQ,1
Vietnam,VNM,2000,A woman has the same rights to remarry as a man (1=yes; 0=no),SG.REM.RIGT.EQ,1
Vietnam,VNM,1999,A woman has the same rights to remarry as a man (1=yes; 0=no),SG.REM.RIGT.EQ,1
Vietnam,VNM,1998,A woman has the same rights to remarry as a man (1=yes; 0=no),SG.REM.RIGT.EQ,1
Vietnam,VNM,1997,A woman has the same rights to remarry as a man (1=yes; 0=no),SG.REM.RIGT.EQ,1
Vietnam,VNM,1996,A woman has the same rights to remarry as a man (1=yes; 0=no),SG.REM.RIGT.EQ,1
Vietnam,VNM,1995,A woman has the same rights to remarry as a man (1=yes; 0=no),SG.REM.RIGT.EQ,1
Vietnam,VNM,1994,A woman has the same rights to remarry as a man (1=yes; 0=no),SG.REM.RIGT.EQ,1
Vietnam,VNM,1993,A woman has the same rights to remarry as a man (1=yes; 0=no),SG.REM.RIGT.EQ,1
Vietnam,VNM,1992,A woman has the same rights to remarry as a man (1=yes; 0=no),SG.REM.RIGT.EQ,1
Vietnam,VNM,1991,A woman has the same rights to remarry as a man (1=yes; 0=no),SG.REM.RIGT.EQ,1
Vietnam,VNM,1990,A woman has the same rights to remarry as a man (1=yes; 0=no),SG.REM.RIGT.EQ,1
Vietnam,VNM,1989,A woman has the same rights to remarry as a man (1=yes; 0=no),SG.REM.RIGT.EQ,1
Vietnam,VNM,1988,A woman has the same rights to remarry as a man (1=yes; 0=no),SG.REM.RIGT.EQ,1
Vietnam,VNM,1987,A woman has the same rights to remarry as a man (1=yes; 0=no),SG.REM.RIGT.EQ,1
Vietnam,VNM,1986,A woman has the same rights to remarry as a man (1=yes; 0=no),SG.REM.RIGT.EQ,1
Vietnam,VNM,1985,A woman has the same rights to remarry as a man (1=yes; 0=no),SG.REM.RIGT.EQ,1
Vietnam,VNM,1984,A woman has the same rights to remarry as a man (1=yes; 0=no),SG.REM.RIGT.EQ,1
Vietnam,VNM,1983,A woman has the same rights to remarry as a man (1=yes; 0=no),SG.REM.RIGT.EQ,1
Vietnam,VNM,1982,A woman has the same rights to remarry as a man (1=yes; 0=no),SG.REM.RIGT.EQ,1
Vietnam,VNM,1981,A woman has the same rights to remarry as a man (1=yes; 0=no),SG.REM.RIGT.EQ,1
Vietnam,VNM,1980,A woman has the same rights to remarry as a man (1=yes; 0=no),SG.REM.RIGT.EQ,1
Vietnam,VNM,1979,A woman has the same rights to remarry as a man (1=yes; 0=no),SG.REM.RIGT.EQ,1
Vietnam,VNM,1978,A woman has the same rights to remarry as a man (1=yes; 0=no),SG.REM.RIGT.EQ,1
Vietnam,VNM,1977,A woman has the same rights to remarry as a man (1=yes; 0=no),SG.REM.RIGT.EQ,1
Vietnam,VNM,1976,A woman has the same rights to remarry as a man (1=yes; 0=no),SG.REM.RIGT.EQ,1
Vietnam,VNM,1975,A woman has the same rights to remarry as a man (1=yes; 0=no),SG.REM.RIGT.EQ,1
Vietnam,VNM,1974,A woman has the same rights to remarry as a man (1=yes; 0=no),SG.REM.RIGT.EQ,1
Vietnam,VNM,1973,A woman has the same rights to remarry as a man (1=yes; 0=no),SG.REM.RIGT.EQ,1
Vietnam,VNM,1972,A woman has the same rights to remarry as a man (1=yes; 0=no),SG.REM.RIGT.EQ,1
Vietnam,VNM,1971,A woman has the same rights to remarry as a man (1=yes; 0=no),SG.REM.RIGT.EQ,1
Vietnam,VNM,1970,A woman has the same rights to remarry as a man (1=yes; 0=no),SG.REM.RIGT.EQ,1
Vietnam,VNM,2021,"Access to anti-retroviral drugs, female (%)",SH.HIV.ARTC.FE.ZS,76
Vietnam,VNM,2020,"Access to anti-retroviral drugs, female (%)",SH.HIV.ARTC.FE.ZS,73
Vietnam,VNM,2019,"Access to anti-retroviral drugs, female (%)",SH.HIV.ARTC.FE.ZS,70
Vietnam,VNM,2018,"Access to anti-retroviral drugs, female (%)",SH.HIV.ARTC.FE.ZS,67
Vietnam,VNM,2017,"Access to anti-retroviral drugs, female (%)",SH.HIV.ARTC.FE.ZS,62
Vietnam,VNM,2016,"Access to anti-retroviral drugs, female (%)",SH.HIV.ARTC.FE.ZS,57
Vietnam,VNM,2015,"Access to anti-retroviral drugs, female (%)",SH.HIV.ARTC.FE.ZS,52
Vietnam,VNM,2014,"Access to anti-retroviral drugs, female (%)",SH.HIV.ARTC.FE.ZS,44
Vietnam,VNM,2013,"Access to anti-retroviral drugs, female (%)",SH.HIV.ARTC.FE.ZS,41
Vietnam,VNM,2012,"Access to anti-retroviral drugs, female (%)",SH.HIV.ARTC.FE.ZS,38
Vietnam,VNM,2011,"Access to anti-retroviral drugs, female (%)",SH.HIV.ARTC.FE.ZS,30
Vietnam,VNM,2010,"Access to anti-retroviral drugs, female (%)",SH.HIV.ARTC.FE.ZS,24
Vietnam,VNM,2009,"Access to anti-retroviral drugs, female (%)",SH.HIV.ARTC.FE.ZS,18
Vietnam,VNM,2008,"Access to anti-retroviral drugs, female (%)",SH.HIV.ARTC.FE.ZS,14
Vietnam,VNM,2007,"Access to anti-retroviral drugs, female (%)",SH.HIV.ARTC.FE.ZS,9
Vietnam,VNM,2006,"Access to anti-retroviral drugs, female (%)",SH.HIV.ARTC.FE.ZS,5
Vietnam,VNM,2005,"Access to anti-retroviral drugs, female (%)",SH.HIV.ARTC.FE.ZS,1
Vietnam,VNM,2004,"Access to anti-retroviral drugs, female (%)",SH.HIV.ARTC.FE.ZS,0
Vietnam,VNM,2003,"Access to anti-retroviral drugs, female (%)",SH.HIV.ARTC.FE.ZS,0
Vietnam,VNM,2002,"Access to anti-retroviral drugs, female (%)",SH.HIV.ARTC.FE.ZS,0
Vietnam,VNM,2001,"Access to anti-retroviral drugs, female (%)",SH.HIV.ARTC.FE.ZS,0
Vietnam,VNM,2000,"Access to anti-retroviral drugs, female (%)",SH.HIV.ARTC.FE.ZS,0
Vietnam,VNM,2021,"Access to anti-retroviral drugs, male (%)",SH.HIV.ARTC.MA.ZS,70
Vietnam,VNM,2020,"Access to anti-retroviral drugs, male (%)",SH.HIV.ARTC.MA.ZS,67
Vietnam,VNM,2019,"Access to anti-retroviral drugs, male (%)",SH.HIV.ARTC.MA.ZS,63
Vietnam,VNM,2018,"Access to anti-retroviral drugs, male (%)",SH.HIV.ARTC.MA.ZS,59
Vietnam,VNM,2017,"Access to anti-retroviral drugs, male (%)",SH.HIV.ARTC.MA.ZS,56
Vietnam,VNM,2016,"Access to anti-retroviral drugs, male (%)",SH.HIV.ARTC.MA.ZS,49
Vietnam,VNM,2015,"Access to anti-retroviral drugs, male (%)",SH.HIV.ARTC.MA.ZS,45
Vietnam,VNM,2014,"Access to anti-retroviral drugs, male (%)",SH.HIV.ARTC.MA.ZS,38
Vietnam,VNM,2013,"Access to anti-retroviral drugs, male (%)",SH.HIV.ARTC.MA.ZS,35
Vietnam,VNM,2012,"Access to anti-retroviral drugs, male (%)",SH.HIV.ARTC.MA.ZS,30
Vietnam,VNM,2011,"Access to anti-retroviral drugs, male (%)",SH.HIV.ARTC.MA.ZS,27
Vietnam,VNM,2010,"Access to anti-retroviral drugs, male (%)",SH.HIV.ARTC.MA.ZS,23
Vietnam,VNM,2009,"Access to anti-retroviral drugs, male (%)",SH.HIV.ARTC.MA.ZS,18
Vietnam,VNM,2008,"Access to anti-retroviral drugs, male (%)",SH.HIV.ARTC.MA.ZS,14
Vietnam,VNM,2007,"Access to anti-retroviral drugs, male (%)",SH.HIV.ARTC.MA.ZS,8
Vietnam,VNM,2006,"Access to anti-retroviral drugs, male (%)",SH.HIV.ARTC.MA.ZS,4
Vietnam,VNM,2005,"Access to anti-retroviral drugs, male (%)",SH.HIV.ARTC.MA.ZS,2
Vietnam,VNM,2004,"Access to anti-retroviral drugs, male (%)",SH.HIV.ARTC.MA.ZS,0
Vietnam,VNM,2003,"Access to anti-retroviral drugs, male (%)",SH.HIV.ARTC.MA.ZS,0
Vietnam,VNM,2002,"Access to anti-retroviral drugs, male (%)",SH.HIV.ARTC.MA.ZS,0
Vietnam,VNM,2001,"Access to anti-retroviral drugs, male (%)",SH.HIV.ARTC.MA.ZS,0
Vietnam,VNM,2000,"Access to anti-retroviral drugs, male (%)",SH.HIV.ARTC.MA.ZS,0
Vietnam,VNM,2021,"Incidence of HIV, ages 15-49, female (per 1,000 uninfected female population ages 15-49)",SH.HIV.INCD.FE.P3,0.06
Vietnam,VNM,2020,"Incidence of HIV, ages 15-49, female (per 1,000 uninfected female population ages 15-49)",SH.HIV.INCD.FE.P3,0.07
Vietnam,VNM,2019,"Incidence of HIV, ages 15-49, female (per 1,000 uninfected female population ages 15-49)",SH.HIV.INCD.FE.P3,0.08
Vietnam,VNM,2018,"Incidence of HIV, ages 15-49, female (per 1,000 uninfected female population ages 15-49)",SH.HIV.INCD.FE.P3,0.08
Vietnam,VNM,2017,"Incidence of HIV, ages 15-49, female (per 1,000 uninfected female population ages 15-49)",SH.HIV.INCD.FE.P3,0.1
Vietnam,VNM,2016,"Incidence of HIV, ages 15-49, female (per 1,000 uninfected female population ages 15-49)",SH.HIV.INCD.FE.P3,0.1
Vietnam,VNM,2015,"Incidence of HIV, ages 15-49, female (per 1,000 uninfected female population ages 15-49)",SH.HIV.INCD.FE.P3,0.11
Vietnam,VNM,2014,"Incidence of HIV, ages 15-49, female (per 1,000 uninfected female population ages 15-49)",SH.HIV.INCD.FE.P3,0.12
Vietnam,VNM,2013,"Incidence of HIV, ages 15-49, female (per 1,000 uninfected female population ages 15-49)",SH.HIV.INCD.FE.P3,0.13
Vietnam,VNM,2012,"Incidence of HIV, ages 15-49, female (per 1,000 uninfected female population ages 15-49)",SH.HIV.INCD.FE.P3,0.14
Vietnam,VNM,2011,"Incidence of HIV, ages 15-49, female (per 1,000 uninfected female population ages 15-49)",SH.HIV.INCD.FE.P3,0.15
Vietnam,VNM,2010,"Incidence of HIV, ages 15-49, female (per 1,000 uninfected female population ages 15-49)",SH.HIV.INCD.FE.P3,0.16
Vietnam,VNM,2009,"Incidence of HIV, ages 15-49, female (per 1,000 uninfected female population ages 15-49)",SH.HIV.INCD.FE.P3,0.18
Vietnam,VNM,2008,"Incidence of HIV, ages 15-49, female (per 1,000 uninfected female population ages 15-49)",SH.HIV.INCD.FE.P3,0.19
Vietnam,VNM,2007,"Incidence of HIV, ages 15-49, female (per 1,000 uninfected female population ages 15-49)",SH.HIV.INCD.FE.P3,0.21
Vietnam,VNM,2006,"Incidence of HIV, ages 15-49, female (per 1,000 uninfected female population ages 15-49)",SH.HIV.INCD.FE.P3,0.22
Vietnam,VNM,2005,"Incidence of HIV, ages 15-49, female (per 1,000 uninfected female population ages 15-49)",SH.HIV.INCD.FE.P3,0.23
Vietnam,VNM,2004,"Incidence of HIV, ages 15-49, female (per 1,000 uninfected female population ages 15-49)",SH.HIV.INCD.FE.P3,0.24
Vietnam,VNM,2003,"Incidence of HIV, ages 15-49, female (per 1,000 uninfected female population ages 15-49)",SH.HIV.INCD.FE.P3,0.24
Vietnam,VNM,2002,"Incidence of HIV, ages 15-49, female (per 1,000 uninfected female population ages 15-49)",SH.HIV.INCD.FE.P3,0.24
Vietnam,VNM,2001,"Incidence of HIV, ages 15-49, female (per 1,000 uninfected female population ages 15-49)",SH.HIV.INCD.FE.P3,0.23
Vietnam,VNM,2000,"Incidence of HIV, ages 15-49, female (per 1,000 uninfected female population ages 15-49)",SH.HIV.INCD.FE.P3,0.22
Vietnam,VNM,1999,"Incidence of HIV, ages 15-49, female (per 1,000 uninfected female population ages 15-49)",SH.HIV.INCD.FE.P3,0.21
Vietnam,VNM,1998,"Incidence of HIV, ages 15-49, female (per 1,000 uninfected female population ages 15-49)",SH.HIV.INCD.FE.P3,0.19
Vietnam,VNM,1997,"Incidence of HIV, ages 15-49, female (per 1,000 uninfected female population ages 15-49)",SH.HIV.INCD.FE.P3,0.17
Vietnam,VNM,1996,"Incidence of HIV, ages 15-49, female (per 1,000 uninfected female population ages 15-49)",SH.HIV.INCD.FE.P3,0.14
Vietnam,VNM,1995,"Incidence of HIV, ages 15-49, female (per 1,000 uninfected female population ages 15-49)",SH.HIV.INCD.FE.P3,0.11
Vietnam,VNM,1994,"Incidence of HIV, ages 15-49, female (per 1,000 uninfected female population ages 15-49)",SH.HIV.INCD.FE.P3,0.07
Vietnam,VNM,1993,"Incidence of HIV, ages 15-49, female (per 1,000 uninfected female population ages 15-49)",SH.HIV.INCD.FE.P3,0.04
Vietnam,VNM,1992,"Incidence of HIV, ages 15-49, female (per 1,000 uninfected female population ages 15-49)",SH.HIV.INCD.FE.P3,0.02
Vietnam,VNM,1991,"Incidence of HIV, ages 15-49, female (per 1,000 uninfected female population ages 15-49)",SH.HIV.INCD.FE.P3,0.01
Vietnam,VNM,1990,"Incidence of HIV, ages 15-49, female (per 1,000 uninfected female population ages 15-49)",SH.HIV.INCD.FE.P3,0.01
Vietnam,VNM,2021,"Incidence of HIV, ages 15-49, male (per 1,000 uninfected male population ages 15-49)",SH.HIV.INCD.MA.P3,0.12
Vietnam,VNM,2020,"Incidence of HIV, ages 15-49, male (per 1,000 uninfected male population ages 15-49)",SH.HIV.INCD.MA.P3,0.14
Vietnam,VNM,2019,"Incidence of HIV, ages 15-49, male (per 1,000 uninfected male population ages 15-49)",SH.HIV.INCD.MA.P3,0.15
Vietnam,VNM,2018,"Incidence of HIV, ages 15-49, male (per 1,000 uninfected male population ages 15-49)",SH.HIV.INCD.MA.P3,0.16
Vietnam,VNM,2017,"Incidence of HIV, ages 15-49, male (per 1,000 uninfected male population ages 15-49)",SH.HIV.INCD.MA.P3,0.18
Vietnam,VNM,2016,"Incidence of HIV, ages 15-49, male (per 1,000 uninfected male population ages 15-49)",SH.HIV.INCD.MA.P3,0.21
Vietnam,VNM,2015,"Incidence of HIV, ages 15-49, male (per 1,000 uninfected male population ages 15-49)",SH.HIV.INCD.MA.P3,0.25
Vietnam,VNM,2014,"Incidence of HIV, ages 15-49, male (per 1,000 uninfected male population ages 15-49)",SH.HIV.INCD.MA.P3,0.27
Vietnam,VNM,2013,"Incidence of HIV, ages 15-49, male (per 1,000 uninfected male population ages 15-49)",SH.HIV.INCD.MA.P3,0.28
Vietnam,VNM,2012,"Incidence of HIV, ages 15-49, male (per 1,000 uninfected male population ages 15-49)",SH.HIV.INCD.MA.P3,0.3
Vietnam,VNM,2011,"Incidence of HIV, ages 15-49, male (per 1,000 uninfected male population ages 15-49)",SH.HIV.INCD.MA.P3,0.32
Vietnam,VNM,2010,"Incidence of HIV, ages 15-49, male (per 1,000 uninfected male population ages 15-49)",SH.HIV.INCD.MA.P3,0.35
Vietnam,VNM,2009,"Incidence of HIV, ages 15-49, male (per 1,000 uninfected male population ages 15-49)",SH.HIV.INCD.MA.P3,0.37
Vietnam,VNM,2008,"Incidence of HIV, ages 15-49, male (per 1,000 uninfected male population ages 15-49)",SH.HIV.INCD.MA.P3,0.4
Vietnam,VNM,2007,"Incidence of HIV, ages 15-49, male (per 1,000 uninfected male population ages 15-49)",SH.HIV.INCD.MA.P3,0.43
Vietnam,VNM,2006,"Incidence of HIV, ages 15-49, male (per 1,000 uninfected male population ages 15-49)",SH.HIV.INCD.MA.P3,0.47
Vietnam,VNM,2005,"Incidence of HIV, ages 15-49, male (per 1,000 uninfected male population ages 15-49)",SH.HIV.INCD.MA.P3,0.52
Vietnam,VNM,2004,"Incidence of HIV, ages 15-49, male (per 1,000 uninfected male population ages 15-49)",SH.HIV.INCD.MA.P3,0.56
Vietnam,VNM,2003,"Incidence of HIV, ages 15-49, male (per 1,000 uninfected male population ages 15-49)",SH.HIV.INCD.MA.P3,0.6
Vietnam,VNM,2002,"Incidence of HIV, ages 15-49, male (per 1,000 uninfected male population ages 15-49)",SH.HIV.INCD.MA.P3,0.62
Vietnam,VNM,2001,"Incidence of HIV, ages 15-49, male (per 1,000 uninfected male population ages 15-49)",SH.HIV.INCD.MA.P3,0.62
Vietnam,VNM,2000,"Incidence of HIV, ages 15-49, male (per 1,000 uninfected male population ages 15-49)",SH.HIV.INCD.MA.P3,0.64
Vietnam,VNM,1999,"Incidence of HIV, ages 15-49, male (per 1,000 uninfected male population ages 15-49)",SH.HIV.INCD.MA.P3,0.65
Vietnam,VNM,1998,"Incidence of HIV, ages 15-49, male (per 1,000 uninfected male population ages 15-49)",SH.HIV.INCD.MA.P3,0.66
Vietnam,VNM,1997,"Incidence of HIV, ages 15-49, male (per 1,000 uninfected male population ages 15-49)",SH.HIV.INCD.MA.P3,0.67
Vietnam,VNM,1996,"Incidence of HIV, ages 15-49, male (per 1,000 uninfected male population ages 15-49)",SH.HIV.INCD.MA.P3,0.7
Vietnam,VNM,1995,"Incidence of HIV, ages 15-49, male (per 1,000 uninfected male population ages 15-49)",SH.HIV.INCD.MA.P3,0.68
Vietnam,VNM,1994,"Incidence of HIV, ages 15-49, male (per 1,000 uninfected male population ages 15-49)",SH.HIV.INCD.MA.P3,0.57
Vietnam,VNM,1993,"Incidence of HIV, ages 15-49, male (per 1,000 uninfected male population ages 15-49)",SH.HIV.INCD.MA.P3,0.39
Vietnam,VNM,1992,"Incidence of HIV, ages 15-49, male (per 1,000 uninfected male population ages 15-49)",SH.HIV.INCD.MA.P3,0.23
Vietnam,VNM,1991,"Incidence of HIV, ages 15-49, male (per 1,000 uninfected male population ages 15-49)",SH.HIV.INCD.MA.P3,0.12
Vietnam,VNM,1990,"Incidence of HIV, ages 15-49, male (per 1,000 uninfected male population ages 15-49)",SH.HIV.INCD.MA.P3,0.05
Vietnam,VNM,2021,"Incidence of HIV, ages 15-24, female (per 1,000 uninfected female population ages 15-24)",SH.HIV.INCD.YG.FE.P3,0.05
Vietnam,VNM,2020,"Incidence of HIV, ages 15-24, female (per 1,000 uninfected female population ages 15-24)",SH.HIV.INCD.YG.FE.P3,0.05
Vietnam,VNM,2019,"Incidence of HIV, ages 15-24, female (per 1,000 uninfected female population ages 15-24)",SH.HIV.INCD.YG.FE.P3,0.06
Vietnam,VNM,2018,"Incidence of HIV, ages 15-24, female (per 1,000 uninfected female population ages 15-24)",SH.HIV.INCD.YG.FE.P3,0.07
Vietnam,VNM,2017,"Incidence of HIV, ages 15-24, female (per 1,000 uninfected female population ages 15-24)",SH.HIV.INCD.YG.FE.P3,0.07
Vietnam,VNM,2016,"Incidence of HIV, ages 15-24, female (per 1,000 uninfected female population ages 15-24)",SH.HIV.INCD.YG.FE.P3,0.08
Vietnam,VNM,2015,"Incidence of HIV, ages 15-24, female (per 1,000 uninfected female population ages 15-24)",SH.HIV.INCD.YG.FE.P3,0.09
Vietnam,VNM,2014,"Incidence of HIV, ages 15-24, female (per 1,000 uninfected female population ages 15-24)",SH.HIV.INCD.YG.FE.P3,0.1
Vietnam,VNM,2013,"Incidence of HIV, ages 15-24, female (per 1,000 uninfected female population ages 15-24)",SH.HIV.INCD.YG.FE.P3,0.1
Vietnam,VNM,2012,"Incidence of HIV, ages 15-24, female (per 1,000 uninfected female population ages 15-24)",SH.HIV.INCD.YG.FE.P3,0.11
Vietnam,VNM,2011,"Incidence of HIV, ages 15-24, female (per 1,000 uninfected female population ages 15-24)",SH.HIV.INCD.YG.FE.P3,0.12
Vietnam,VNM,2010,"Incidence of HIV, ages 15-24, female (per 1,000 uninfected female population ages 15-24)",SH.HIV.INCD.YG.FE.P3,0.13
Vietnam,VNM,2009,"Incidence of HIV, ages 15-24, female (per 1,000 uninfected female population ages 15-24)",SH.HIV.INCD.YG.FE.P3,0.14
Vietnam,VNM,2008,"Incidence of HIV, ages 15-24, female (per 1,000 uninfected female population ages 15-24)",SH.HIV.INCD.YG.FE.P3,0.15
Vietnam,VNM,2007,"Incidence of HIV, ages 15-24, female (per 1,000 uninfected female population ages 15-24)",SH.HIV.INCD.YG.FE.P3,0.17
Vietnam,VNM,2006,"Incidence of HIV, ages 15-24, female (per 1,000 uninfected female population ages 15-24)",SH.HIV.INCD.YG.FE.P3,0.17
Vietnam,VNM,2005,"Incidence of HIV, ages 15-24, female (per 1,000 uninfected female population ages 15-24)",SH.HIV.INCD.YG.FE.P3,0.18
Vietnam,VNM,2004,"Incidence of HIV, ages 15-24, female (per 1,000 uninfected female population ages 15-24)",SH.HIV.INCD.YG.FE.P3,0.19
Vietnam,VNM,2003,"Incidence of HIV, ages 15-24, female (per 1,000 uninfected female population ages 15-24)",SH.HIV.INCD.YG.FE.P3,0.19
Vietnam,VNM,2002,"Incidence of HIV, ages 15-24, female (per 1,000 uninfected female population ages 15-24)",SH.HIV.INCD.YG.FE.P3,0.18
Vietnam,VNM,2001,"Incidence of HIV, ages 15-24, female (per 1,000 uninfected female population ages 15-24)",SH.HIV.INCD.YG.FE.P3,0.18
Vietnam,VNM,2000,"Incidence of HIV, ages 15-24, female (per 1,000 uninfected female population ages 15-24)",SH.HIV.INCD.YG.FE.P3,0.17
Vietnam,VNM,1999,"Incidence of HIV, ages 15-24, female (per 1,000 uninfected female population ages 15-24)",SH.HIV.INCD.YG.FE.P3,0.16
Vietnam,VNM,1998,"Incidence of HIV, ages 15-24, female (per 1,000 uninfected female population ages 15-24)",SH.HIV.INCD.YG.FE.P3,0.15
Vietnam,VNM,1997,"Incidence of HIV, ages 15-24, female (per 1,000 uninfected female population ages 15-24)",SH.HIV.INCD.YG.FE.P3,0.13
Vietnam,VNM,1996,"Incidence of HIV, ages 15-24, female (per 1,000 uninfected female population ages 15-24)",SH.HIV.INCD.YG.FE.P3,0.11
Vietnam,VNM,1995,"Incidence of HIV, ages 15-24, female (per 1,000 uninfected female population ages 15-24)",SH.HIV.INCD.YG.FE.P3,0.08
Vietnam,VNM,1994,"Incidence of HIV, ages 15-24, female (per 1,000 uninfected female population ages 15-24)",SH.HIV.INCD.YG.FE.P3,0.05
Vietnam,VNM,1993,"Incidence of HIV, ages 15-24, female (per 1,000 uninfected female population ages 15-24)",SH.HIV.INCD.YG.FE.P3,0.03
Vietnam,VNM,1992,"Incidence of HIV, ages 15-24, female (per 1,000 uninfected female population ages 15-24)",SH.HIV.INCD.YG.FE.P3,0.02
Vietnam,VNM,1991,"Incidence of HIV, ages 15-24, female (per 1,000 uninfected female population ages 15-24)",SH.HIV.INCD.YG.FE.P3,0.01
Vietnam,VNM,1990,"Incidence of HIV, ages 15-24, female (per 1,000 uninfected female population ages 15-24)",SH.HIV.INCD.YG.FE.P3,0.01
Vietnam,VNM,2021,"Incidence of HIV, ages 15-24, male (per 1,000 uninfected male population ages 15-24)",SH.HIV.INCD.YG.MA.P3,0.08
Vietnam,VNM,2020,"Incidence of HIV, ages 15-24, male (per 1,000 uninfected male population ages 15-24)",SH.HIV.INCD.YG.MA.P3,0.08
Vietnam,VNM,2019,"Incidence of HIV, ages 15-24, male (per 1,000 uninfected male population ages 15-24)",SH.HIV.INCD.YG.MA.P3,0.09
Vietnam,VNM,2018,"Incidence of HIV, ages 15-24, male (per 1,000 uninfected male population ages 15-24)",SH.HIV.INCD.YG.MA.P3,0.1
Vietnam,VNM,2017,"Incidence of HIV, ages 15-24, male (per 1,000 uninfected male population ages 15-24)",SH.HIV.INCD.YG.MA.P3,0.12
Vietnam,VNM,2016,"Incidence of HIV, ages 15-24, male (per 1,000 uninfected male population ages 15-24)",SH.HIV.INCD.YG.MA.P3,0.14
Vietnam,VNM,2015,"Incidence of HIV, ages 15-24, male (per 1,000 uninfected male population ages 15-24)",SH.HIV.INCD.YG.MA.P3,0.16
Vietnam,VNM,2014,"Incidence of HIV, ages 15-24, male (per 1,000 uninfected male population ages 15-24)",SH.HIV.INCD.YG.MA.P3,0.17
Vietnam,VNM,2013,"Incidence of HIV, ages 15-24, male (per 1,000 uninfected male population ages 15-24)",SH.HIV.INCD.YG.MA.P3,0.18
Vietnam,VNM,2012,"Incidence of HIV, ages 15-24, male (per 1,000 uninfected male population ages 15-24)",SH.HIV.INCD.YG.MA.P3,0.2
Vietnam,VNM,2011,"Incidence of HIV, ages 15-24, male (per 1,000 uninfected male population ages 15-24)",SH.HIV.INCD.YG.MA.P3,0.21
Vietnam,VNM,2010,"Incidence of HIV, ages 15-24, male (per 1,000 uninfected male population ages 15-24)",SH.HIV.INCD.YG.MA.P3,0.22
Vietnam,VNM,2009,"Incidence of HIV, ages 15-24, male (per 1,000 uninfected male population ages 15-24)",SH.HIV.INCD.YG.MA.P3,0.24
Vietnam,VNM,2008,"Incidence of HIV, ages 15-24, male (per 1,000 uninfected male population ages 15-24)",SH.HIV.INCD.YG.MA.P3,0.25
Vietnam,VNM,2007,"Incidence of HIV, ages 15-24, male (per 1,000 uninfected male population ages 15-24)",SH.HIV.INCD.YG.MA.P3,0.28
Vietnam,VNM,2006,"Incidence of HIV, ages 15-24, male (per 1,000 uninfected male population ages 15-24)",SH.HIV.INCD.YG.MA.P3,0.3
Vietnam,VNM,2005,"Incidence of HIV, ages 15-24, male (per 1,000 uninfected male population ages 15-24)",SH.HIV.INCD.YG.MA.P3,0.33
Vietnam,VNM,2004,"Incidence of HIV, ages 15-24, male (per 1,000 uninfected male population ages 15-24)",SH.HIV.INCD.YG.MA.P3,0.35
Vietnam,VNM,2003,"Incidence of HIV, ages 15-24, male (per 1,000 uninfected male population ages 15-24)",SH.HIV.INCD.YG.MA.P3,0.38
Vietnam,VNM,2002,"Incidence of HIV, ages 15-24, male (per 1,000 uninfected male population ages 15-24)",SH.HIV.INCD.YG.MA.P3,0.38
Vietnam,VNM,2001,"Incidence of HIV, ages 15-24, male (per 1,000 uninfected male population ages 15-24)",SH.HIV.INCD.YG.MA.P3,0.38
Vietnam,VNM,2000,"Incidence of HIV, ages 15-24, male (per 1,000 uninfected male population ages 15-24)",SH.HIV.INCD.YG.MA.P3,0.39
Vietnam,VNM,1999,"Incidence of HIV, ages 15-24, male (per 1,000 uninfected male population ages 15-24)",SH.HIV.INCD.YG.MA.P3,0.4
Vietnam,VNM,1998,"Incidence of HIV, ages 15-24, male (per 1,000 uninfected male population ages 15-24)",SH.HIV.INCD.YG.MA.P3,0.41
Vietnam,VNM,1997,"Incidence of HIV, ages 15-24, male (per 1,000 uninfected male population ages 15-24)",SH.HIV.INCD.YG.MA.P3,0.42
Vietnam,VNM,1996,"Incidence of HIV, ages 15-24, male (per 1,000 uninfected male population ages 15-24)",SH.HIV.INCD.YG.MA.P3,0.43
Vietnam,VNM,1995,"Incidence of HIV, ages 15-24, male (per 1,000 uninfected male population ages 15-24)",SH.HIV.INCD.YG.MA.P3,0.42
Vietnam,VNM,1994,"Incidence of HIV, ages 15-24, male (per 1,000 uninfected male population ages 15-24)",SH.HIV.INCD.YG.MA.P3,0.35
Vietnam,VNM,1993,"Incidence of HIV, ages 15-24, male (per 1,000 uninfected male population ages 15-24)",SH.HIV.INCD.YG.MA.P3,0.24
Vietnam,VNM,1992,"Incidence of HIV, ages 15-24, male (per 1,000 uninfected male population ages 15-24)",SH.HIV.INCD.YG.MA.P3,0.14
Vietnam,VNM,1991,"Incidence of HIV, ages 15-24, male (per 1,000 uninfected male population ages 15-24)",SH.HIV.INCD.YG.MA.P3,0.07
Vietnam,VNM,1990,"Incidence of HIV, ages 15-24, male (per 1,000 uninfected male population ages 15-24)",SH.HIV.INCD.YG.MA.P3,0.03
Vietnam,VNM,2022,Length of paid maternity leave (calendar days),SH.MMR.LEVE,180
Vietnam,VNM,2021,Length of paid maternity leave (calendar days),SH.MMR.LEVE,180
Vietnam,VNM,2020,Length of paid maternity leave (calendar days),SH.MMR.LEVE,180
Vietnam,VNM,2019,Length of paid maternity leave (calendar days),SH.MMR.LEVE,180
Vietnam,VNM,2018,Length of paid maternity leave (calendar days),SH.MMR.LEVE,180
Vietnam,VNM,2017,Length of paid maternity leave (calendar days),SH.MMR.LEVE,180
Vietnam,VNM,2016,Length of paid maternity leave (calendar days),SH.MMR.LEVE,180
Vietnam,VNM,2015,Length of paid maternity leave (calendar days),SH.MMR.LEVE,180
Vietnam,VNM,2014,Length of paid maternity leave (calendar days),SH.MMR.LEVE,180
Vietnam,VNM,2013,Length of paid maternity leave (calendar days),SH.MMR.LEVE,180
Vietnam,VNM,2012,Length of paid maternity leave (calendar days),SH.MMR.LEVE,120
Vietnam,VNM,2011,Length of paid maternity leave (calendar days),SH.MMR.LEVE,120
Vietnam,VNM,2010,Length of paid maternity leave (calendar days),SH.MMR.LEVE,120
Vietnam,VNM,2009,Length of paid maternity leave (calendar days),SH.MMR.LEVE,120
Vietnam,VNM,2008,Length of paid maternity leave (calendar days),SH.MMR.LEVE,120
Vietnam,VNM,2007,Length of paid maternity leave (calendar days),SH.MMR.LEVE,120
Vietnam,VNM,2006,Length of paid maternity leave (calendar days),SH.MMR.LEVE,120
Vietnam,VNM,2005,Length of paid maternity leave (calendar days),SH.MMR.LEVE,120
Vietnam,VNM,2004,Length of paid maternity leave (calendar days),SH.MMR.LEVE,120
Vietnam,VNM,2003,Length of paid maternity leave (calendar days),SH.MMR.LEVE,120
Vietnam,VNM,2002,Length of paid maternity leave (calendar days),SH.MMR.LEVE,120
Vietnam,VNM,2001,Length of paid maternity leave (calendar days),SH.MMR.LEVE,120
Vietnam,VNM,2000,Length of paid maternity leave (calendar days),SH.MMR.LEVE,120
Vietnam,VNM,1999,Length of paid maternity leave (calendar days),SH.MMR.LEVE,120
Vietnam,VNM,1998,Length of paid maternity leave (calendar days),SH.MMR.LEVE,120
Vietnam,VNM,1997,Length of paid maternity leave (calendar days),SH.MMR.LEVE,120
Vietnam,VNM,1996,Length of paid maternity leave (calendar days),SH.MMR.LEVE,120
Vietnam,VNM,1995,Length of paid maternity leave (calendar days),SH.MMR.LEVE,120
Vietnam,VNM,1994,Length of paid maternity leave (calendar days),SH.MMR.LEVE,75
Vietnam,VNM,1993,Length of paid maternity leave (calendar days),SH.MMR.LEVE,75
Vietnam,VNM,1992,Length of paid maternity leave (calendar days),SH.MMR.LEVE,75
Vietnam,VNM,1991,Length of paid maternity leave (calendar days),SH.MMR.LEVE,75
Vietnam,VNM,1990,Length of paid maternity leave (calendar days),SH.MMR.LEVE,75
Vietnam,VNM,1989,Length of paid maternity leave (calendar days),SH.MMR.LEVE,75
Vietnam,VNM,1988,Length of paid maternity leave (calendar days),SH.MMR.LEVE,75
Vietnam,VNM,1987,Length of paid maternity leave (calendar days),SH.MMR.LEVE,75
Vietnam,VNM,1986,Length of paid maternity leave (calendar days),SH.MMR.LEVE,75
Vietnam,VNM,1985,Length of paid maternity leave (calendar days),SH.MMR.LEVE,75
Vietnam,VNM,1984,Length of paid maternity leave (calendar days),SH.MMR.LEVE,75
Vietnam,VNM,1983,Length of paid maternity leave (calendar days),SH.MMR.LEVE,60
Vietnam,VNM,1982,Length of paid maternity leave (calendar days),SH.MMR.LEVE,60
Vietnam,VNM,1981,Length of paid maternity leave (calendar days),SH.MMR.LEVE,60
Vietnam,VNM,1980,Length of paid maternity leave (calendar days),SH.MMR.LEVE,60
Vietnam,VNM,1979,Length of paid maternity leave (calendar days),SH.MMR.LEVE,60
Vietnam,VNM,1978,Length of paid maternity leave (calendar days),SH.MMR.LEVE,60
Vietnam,VNM,1977,Length of paid maternity leave (calendar days),SH.MMR.LEVE,60
Vietnam,VNM,1976,Length of paid maternity leave (calendar days),SH.MMR.LEVE,60
Vietnam,VNM,1975,Length of paid maternity leave (calendar days),SH.MMR.LEVE,60
Vietnam,VNM,1974,Length of paid maternity leave (calendar days),SH.MMR.LEVE,60
Vietnam,VNM,1973,Length of paid maternity leave (calendar days),SH.MMR.LEVE,60
Vietnam,VNM,1972,Length of paid maternity leave (calendar days),SH.MMR.LEVE,60
Vietnam,VNM,1971,Length of paid maternity leave (calendar days),SH.MMR.LEVE,60
Vietnam,VNM,1970,Length of paid maternity leave (calendar days),SH.MMR.LEVE,60
Vietnam,VNM,2022,Paid leave of at least 14 weeks available to mothers (1=yes; 0=no),SH.MMR.LEVE.AL,1
Vietnam,VNM,2021,Paid leave of at least 14 weeks available to mothers (1=yes; 0=no),SH.MMR.LEVE.AL,1
Vietnam,VNM,2020,Paid leave of at least 14 weeks available to mothers (1=yes; 0=no),SH.MMR.LEVE.AL,1
Vietnam,VNM,2019,Paid leave of at least 14 weeks available to mothers (1=yes; 0=no),SH.MMR.LEVE.AL,1
Vietnam,VNM,2018,Paid leave of at least 14 weeks available to mothers (1=yes; 0=no),SH.MMR.LEVE.AL,1
Vietnam,VNM,2017,Paid leave of at least 14 weeks available to mothers (1=yes; 0=no),SH.MMR.LEVE.AL,1
Vietnam,VNM,2016,Paid leave of at least 14 weeks available to mothers (1=yes; 0=no),SH.MMR.LEVE.AL,1
Vietnam,VNM,2015,Paid leave of at least 14 weeks available to mothers (1=yes; 0=no),SH.MMR.LEVE.AL,1
Vietnam,VNM,2014,Paid leave of at least 14 weeks available to mothers (1=yes; 0=no),SH.MMR.LEVE.AL,1
Vietnam,VNM,2013,Paid leave of at least 14 weeks available to mothers (1=yes; 0=no),SH.MMR.LEVE.AL,1
Vietnam,VNM,2012,Paid leave of at least 14 weeks available to mothers (1=yes; 0=no),SH.MMR.LEVE.AL,1
Vietnam,VNM,2011,Paid leave of at least 14 weeks available to mothers (1=yes; 0=no),SH.MMR.LEVE.AL,1
Vietnam,VNM,2010,Paid leave of at least 14 weeks available to mothers (1=yes; 0=no),SH.MMR.LEVE.AL,1
Vietnam,VNM,2009,Paid leave of at least 14 weeks available to mothers (1=yes; 0=no),SH.MMR.LEVE.AL,1
Vietnam,VNM,2008,Paid leave of at least 14 weeks available to mothers (1=yes; 0=no),SH.MMR.LEVE.AL,1
Vietnam,VNM,2007,Paid leave of at least 14 weeks available to mothers (1=yes; 0=no),SH.MMR.LEVE.AL,1
Vietnam,VNM,2006,Paid leave of at least 14 weeks available to mothers (1=yes; 0=no),SH.MMR.LEVE.AL,1
Vietnam,VNM,2005,Paid leave of at least 14 weeks available to mothers (1=yes; 0=no),SH.MMR.LEVE.AL,1
Vietnam,VNM,2004,Paid leave of at least 14 weeks available to mothers (1=yes; 0=no),SH.MMR.LEVE.AL,1
Vietnam,VNM,2003,Paid leave of at least 14 weeks available to mothers (1=yes; 0=no),SH.MMR.LEVE.AL,1
Vietnam,VNM,2002,Paid leave of at least 14 weeks available to mothers (1=yes; 0=no),SH.MMR.LEVE.AL,1
Vietnam,VNM,2001,Paid leave of at least 14 weeks available to mothers (1=yes; 0=no),SH.MMR.LEVE.AL,1
Vietnam,VNM,2000,Paid leave of at least 14 weeks available to mothers (1=yes; 0=no),SH.MMR.LEVE.AL,1
Vietnam,VNM,1999,Paid leave of at least 14 weeks available to mothers (1=yes; 0=no),SH.MMR.LEVE.AL,1
Vietnam,VNM,1998,Paid leave of at least 14 weeks available to mothers (1=yes; 0=no),SH.MMR.LEVE.AL,1
Vietnam,VNM,1997,Paid leave of at least 14 weeks available to mothers (1=yes; 0=no),SH.MMR.LEVE.AL,1
Vietnam,VNM,1996,Paid leave of at least 14 weeks available to mothers (1=yes; 0=no),SH.MMR.LEVE.AL,1
Vietnam,VNM,1995,Paid leave of at least 14 weeks available to mothers (1=yes; 0=no),SH.MMR.LEVE.AL,1
Vietnam,VNM,1994,Paid leave of at least 14 weeks available to mothers (1=yes; 0=no),SH.MMR.LEVE.AL,0
Vietnam,VNM,1993,Paid leave of at least 14 weeks available to mothers (1=yes; 0=no),SH.MMR.LEVE.AL,0
Vietnam,VNM,1992,Paid leave of at least 14 weeks available to mothers (1=yes; 0=no),SH.MMR.LEVE.AL,0
Vietnam,VNM,1991,Paid leave of at least 14 weeks available to mothers (1=yes; 0=no),SH.MMR.LEVE.AL,0
Vietnam,VNM,1990,Paid leave of at least 14 weeks available to mothers (1=yes; 0=no),SH.MMR.LEVE.AL,0
Vietnam,VNM,1989,Paid leave of at least 14 weeks available to mothers (1=yes; 0=no),SH.MMR.LEVE.AL,0
Vietnam,VNM,1988,Paid leave of at least 14 weeks available to mothers (1=yes; 0=no),SH.MMR.LEVE.AL,0
Vietnam,VNM,1987,Paid leave of at least 14 weeks available to mothers (1=yes; 0=no),SH.MMR.LEVE.AL,0
Vietnam,VNM,1986,Paid leave of at least 14 weeks available to mothers (1=yes; 0=no),SH.MMR.LEVE.AL,0
Vietnam,VNM,1985,Paid leave of at least 14 weeks available to mothers (1=yes; 0=no),SH.MMR.LEVE.AL,0
Vietnam,VNM,1984,Paid leave of at least 14 weeks available to mothers (1=yes; 0=no),SH.MMR.LEVE.AL,0
Vietnam,VNM,1983,Paid leave of at least 14 weeks available to mothers (1=yes; 0=no),SH.MMR.LEVE.AL,0
Vietnam,VNM,1982,Paid leave of at least 14 weeks available to mothers (1=yes; 0=no),SH.MMR.LEVE.AL,0
Vietnam,VNM,1981,Paid leave of at least 14 weeks available to mothers (1=yes; 0=no),SH.MMR.LEVE.AL,0
Vietnam,VNM,1980,Paid leave of at least 14 weeks available to mothers (1=yes; 0=no),SH.MMR.LEVE.AL,0
Vietnam,VNM,1979,Paid leave of at least 14 weeks available to mothers (1=yes; 0=no),SH.MMR.LEVE.AL,0
Vietnam,VNM,1978,Paid leave of at least 14 weeks available to mothers (1=yes; 0=no),SH.MMR.LEVE.AL,0
Vietnam,VNM,1977,Paid leave of at least 14 weeks available to mothers (1=yes; 0=no),SH.MMR.LEVE.AL,0
Vietnam,VNM,1976,Paid leave of at least 14 weeks available to mothers (1=yes; 0=no),SH.MMR.LEVE.AL,0
Vietnam,VNM,1975,Paid leave of at least 14 weeks available to mothers (1=yes; 0=no),SH.MMR.LEVE.AL,0
Vietnam,VNM,1974,Paid leave of at least 14 weeks available to mothers (1=yes; 0=no),SH.MMR.LEVE.AL,0
Vietnam,VNM,1973,Paid leave of at least 14 weeks available to mothers (1=yes; 0=no),SH.MMR.LEVE.AL,0
Vietnam,VNM,1972,Paid leave of at least 14 weeks available to mothers (1=yes; 0=no),SH.MMR.LEVE.AL,0
Vietnam,VNM,1971,Paid leave of at least 14 weeks available to mothers (1=yes; 0=no),SH.MMR.LEVE.AL,0
Vietnam,VNM,1970,Paid leave of at least 14 weeks available to mothers (1=yes; 0=no),SH.MMR.LEVE.AL,0
Vietnam,VNM,2022,The government administers 100% of maternity leave benefits (1=yes; 0=no),SH.MMR.LEVE.GT,1
Vietnam,VNM,2021,The government administers 100% of maternity leave benefits (1=yes; 0=no),SH.MMR.LEVE.GT,1
Vietnam,VNM,2020,The government administers 100% of maternity leave benefits (1=yes; 0=no),SH.MMR.LEVE.GT,1
Vietnam,VNM,2019,The government administers 100% of maternity leave benefits (1=yes; 0=no),SH.MMR.LEVE.GT,1
Vietnam,VNM,2018,The government administers 100% of maternity leave benefits (1=yes; 0=no),SH.MMR.LEVE.GT,1
Vietnam,VNM,2017,The government administers 100% of maternity leave benefits (1=yes; 0=no),SH.MMR.LEVE.GT,1
Vietnam,VNM,2016,The government administers 100% of maternity leave benefits (1=yes; 0=no),SH.MMR.LEVE.GT,1
Vietnam,VNM,2015,The government administers 100% of maternity leave benefits (1=yes; 0=no),SH.MMR.LEVE.GT,1
Vietnam,VNM,2014,The government administers 100% of maternity leave benefits (1=yes; 0=no),SH.MMR.LEVE.GT,1
Vietnam,VNM,2013,The government administers 100% of maternity leave benefits (1=yes; 0=no),SH.MMR.LEVE.GT,1
Vietnam,VNM,2012,The government administers 100% of maternity leave benefits (1=yes; 0=no),SH.MMR.LEVE.GT,1
Vietnam,VNM,2011,The government administers 100% of maternity leave benefits (1=yes; 0=no),SH.MMR.LEVE.GT,1
Vietnam,VNM,2010,The government administers 100% of maternity leave benefits (1=yes; 0=no),SH.MMR.LEVE.GT,1
Vietnam,VNM,2009,The government administers 100% of maternity leave benefits (1=yes; 0=no),SH.MMR.LEVE.GT,1
Vietnam,VNM,2008,The government administers 100% of maternity leave benefits (1=yes; 0=no),SH.MMR.LEVE.GT,1
Vietnam,VNM,2007,The government administers 100% of maternity leave benefits (1=yes; 0=no),SH.MMR.LEVE.GT,1
Vietnam,VNM,2006,The government administers 100% of maternity leave benefits (1=yes; 0=no),SH.MMR.LEVE.GT,1
Vietnam,VNM,2005,The government administers 100% of maternity leave benefits (1=yes; 0=no),SH.MMR.LEVE.GT,1
Vietnam,VNM,2004,The government administers 100% of maternity leave benefits (1=yes; 0=no),SH.MMR.LEVE.GT,1
Vietnam,VNM,2003,The government administers 100% of maternity leave benefits (1=yes; 0=no),SH.MMR.LEVE.GT,1
Vietnam,VNM,2002,The government administers 100% of maternity leave benefits (1=yes; 0=no),SH.MMR.LEVE.GT,1
Vietnam,VNM,2001,The government administers 100% of maternity leave benefits (1=yes; 0=no),SH.MMR.LEVE.GT,1
Vietnam,VNM,2000,The government administers 100% of maternity leave benefits (1=yes; 0=no),SH.MMR.LEVE.GT,1
Vietnam,VNM,1999,The government administers 100% of maternity leave benefits (1=yes; 0=no),SH.MMR.LEVE.GT,1
Vietnam,VNM,1998,The government administers 100% of maternity leave benefits (1=yes; 0=no),SH.MMR.LEVE.GT,1
Vietnam,VNM,1997,The government administers 100% of maternity leave benefits (1=yes; 0=no),SH.MMR.LEVE.GT,1
Vietnam,VNM,1996,The government administers 100% of maternity leave benefits (1=yes; 0=no),SH.MMR.LEVE.GT,1
Vietnam,VNM,1995,The government administers 100% of maternity leave benefits (1=yes; 0=no),SH.MMR.LEVE.GT,1
Vietnam,VNM,1994,The government administers 100% of maternity leave benefits (1=yes; 0=no),SH.MMR.LEVE.GT,0
Vietnam,VNM,1993,The government administers 100% of maternity leave benefits (1=yes; 0=no),SH.MMR.LEVE.GT,0
Vietnam,VNM,1992,The government administers 100% of maternity leave benefits (1=yes; 0=no),SH.MMR.LEVE.GT,0
Vietnam,VNM,1991,The government administers 100% of maternity leave benefits (1=yes; 0=no),SH.MMR.LEVE.GT,0
Vietnam,VNM,1990,The government administers 100% of maternity leave benefits (1=yes; 0=no),SH.MMR.LEVE.GT,0
Vietnam,VNM,1989,The government administers 100% of maternity leave benefits (1=yes; 0=no),SH.MMR.LEVE.GT,0
Vietnam,VNM,1988,The government administers 100% of maternity leave benefits (1=yes; 0=no),SH.MMR.LEVE.GT,0
Vietnam,VNM,1987,The government administers 100% of maternity leave benefits (1=yes; 0=no),SH.MMR.LEVE.GT,0
Vietnam,VNM,1986,The government administers 100% of maternity leave benefits (1=yes; 0=no),SH.MMR.LEVE.GT,0
Vietnam,VNM,1985,The government administers 100% of maternity leave benefits (1=yes; 0=no),SH.MMR.LEVE.GT,0
Vietnam,VNM,1984,The government administers 100% of maternity leave benefits (1=yes; 0=no),SH.MMR.LEVE.GT,0
Vietnam,VNM,1983,The government administers 100% of maternity leave benefits (1=yes; 0=no),SH.MMR.LEVE.GT,0
Vietnam,VNM,1982,The government administers 100% of maternity leave benefits (1=yes; 0=no),SH.MMR.LEVE.GT,0
Vietnam,VNM,1981,The government administers 100% of maternity leave benefits (1=yes; 0=no),SH.MMR.LEVE.GT,0
Vietnam,VNM,1980,The government administers 100% of maternity leave benefits (1=yes; 0=no),SH.MMR.LEVE.GT,0
Vietnam,VNM,1979,The government administers 100% of maternity leave benefits (1=yes; 0=no),SH.MMR.LEVE.GT,0
Vietnam,VNM,1978,The government administers 100% of maternity leave benefits (1=yes; 0=no),SH.MMR.LEVE.GT,0
Vietnam,VNM,1977,The government administers 100% of maternity leave benefits (1=yes; 0=no),SH.MMR.LEVE.GT,0
Vietnam,VNM,1976,The government administers 100% of maternity leave benefits (1=yes; 0=no),SH.MMR.LEVE.GT,0
Vietnam,VNM,1975,The government administers 100% of maternity leave benefits (1=yes; 0=no),SH.MMR.LEVE.GT,0
Vietnam,VNM,1974,The government administers 100% of maternity leave benefits (1=yes; 0=no),SH.MMR.LEVE.GT,0
Vietnam,VNM,1973,The government administers 100% of maternity leave benefits (1=yes; 0=no),SH.MMR.LEVE.GT,0
Vietnam,VNM,1972,The government administers 100% of maternity leave benefits (1=yes; 0=no),SH.MMR.LEVE.GT,0
Vietnam,VNM,1971,The government administers 100% of maternity leave benefits (1=yes; 0=no),SH.MMR.LEVE.GT,0
Vietnam,VNM,1970,The government administers 100% of maternity leave benefits (1=yes; 0=no),SH.MMR.LEVE.GT,0
Vietnam,VNM,2022,Length of paid shared parental leave (calendar days),SH.PAR.LEVE,0
Vietnam,VNM,2021,Length of paid shared parental leave (calendar days),SH.PAR.LEVE,0
Vietnam,VNM,2020,Length of paid shared parental leave (calendar days),SH.PAR.LEVE,0
Vietnam,VNM,2019,Length of paid shared parental leave (calendar days),SH.PAR.LEVE,0
Vietnam,VNM,2018,Length of paid shared parental leave (calendar days),SH.PAR.LEVE,0
Vietnam,VNM,2017,Length of paid shared parental leave (calendar days),SH.PAR.LEVE,0
Vietnam,VNM,2016,Length of paid shared parental leave (calendar days),SH.PAR.LEVE,0
Vietnam,VNM,2015,Length of paid shared parental leave (calendar days),SH.PAR.LEVE,0
Vietnam,VNM,2014,Length of paid shared parental leave (calendar days),SH.PAR.LEVE,0
Vietnam,VNM,2013,Length of paid shared parental leave (calendar days),SH.PAR.LEVE,0
Vietnam,VNM,2012,Length of paid shared parental leave (calendar days),SH.PAR.LEVE,0
Vietnam,VNM,2011,Length of paid shared parental leave (calendar days),SH.PAR.LEVE,0
Vietnam,VNM,2010,Length of paid shared parental leave (calendar days),SH.PAR.LEVE,0
Vietnam,VNM,2009,Length of paid shared parental leave (calendar days),SH.PAR.LEVE,0
Vietnam,VNM,2008,Length of paid shared parental leave (calendar days),SH.PAR.LEVE,0
Vietnam,VNM,2007,Length of paid shared parental leave (calendar days),SH.PAR.LEVE,0
Vietnam,VNM,2006,Length of paid shared parental leave (calendar days),SH.PAR.LEVE,0
Vietnam,VNM,2005,Length of paid shared parental leave (calendar days),SH.PAR.LEVE,0
Vietnam,VNM,2004,Length of paid shared parental leave (calendar days),SH.PAR.LEVE,0
Vietnam,VNM,2003,Length of paid shared parental leave (calendar days),SH.PAR.LEVE,0
Vietnam,VNM,2002,Length of paid shared parental leave (calendar days),SH.PAR.LEVE,0
Vietnam,VNM,2001,Length of paid shared parental leave (calendar days),SH.PAR.LEVE,0
Vietnam,VNM,2000,Length of paid shared parental leave (calendar days),SH.PAR.LEVE,0
Vietnam,VNM,1999,Length of paid shared parental leave (calendar days),SH.PAR.LEVE,0
Vietnam,VNM,1998,Length of paid shared parental leave (calendar days),SH.PAR.LEVE,0
Vietnam,VNM,1997,Length of paid shared parental leave (calendar days),SH.PAR.LEVE,0
Vietnam,VNM,1996,Length of paid shared parental leave (calendar days),SH.PAR.LEVE,0
Vietnam,VNM,1995,Length of paid shared parental leave (calendar days),SH.PAR.LEVE,0
Vietnam,VNM,1994,Length of paid shared parental leave (calendar days),SH.PAR.LEVE,0
Vietnam,VNM,1993,Length of paid shared parental leave (calendar days),SH.PAR.LEVE,0
Vietnam,VNM,1992,Length of paid shared parental leave (calendar days),SH.PAR.LEVE,0
Vietnam,VNM,1991,Length of paid shared parental leave (calendar days),SH.PAR.LEVE,0
Vietnam,VNM,1990,Length of paid shared parental leave (calendar days),SH.PAR.LEVE,0
Vietnam,VNM,1989,Length of paid shared parental leave (calendar days),SH.PAR.LEVE,0
Vietnam,VNM,1988,Length of paid shared parental leave (calendar days),SH.PAR.LEVE,0
Vietnam,VNM,1987,Length of paid shared parental leave (calendar days),SH.PAR.LEVE,0
Vietnam,VNM,1986,Length of paid shared parental leave (calendar days),SH.PAR.LEVE,0
Vietnam,VNM,1985,Length of paid shared parental leave (calendar days),SH.PAR.LEVE,0
Vietnam,VNM,1984,Length of paid shared parental leave (calendar days),SH.PAR.LEVE,0
Vietnam,VNM,1983,Length of paid shared parental leave (calendar days),SH.PAR.LEVE,0
Vietnam,VNM,1982,Length of paid shared parental leave (calendar days),SH.PAR.LEVE,0
Vietnam,VNM,1981,Length of paid shared parental leave (calendar days),SH.PAR.LEVE,0
Vietnam,VNM,1980,Length of paid shared parental leave (calendar days),SH.PAR.LEVE,0
Vietnam,VNM,1979,Length of paid shared parental leave (calendar days),SH.PAR.LEVE,0
Vietnam,VNM,1978,Length of paid shared parental leave (calendar days),SH.PAR.LEVE,0
Vietnam,VNM,1977,Length of paid shared parental leave (calendar days),SH.PAR.LEVE,0
Vietnam,VNM,1976,Length of paid shared parental leave (calendar days),SH.PAR.LEVE,0
Vietnam,VNM,1975,Length of paid shared parental leave (calendar days),SH.PAR.LEVE,0
Vietnam,VNM,1974,Length of paid shared parental leave (calendar days),SH.PAR.LEVE,0
Vietnam,VNM,1973,Length of paid shared parental leave (calendar days),SH.PAR.LEVE,0
Vietnam,VNM,1972,Length of paid shared parental leave (calendar days),SH.PAR.LEVE,0
Vietnam,VNM,1971,Length of paid shared parental leave (calendar days),SH.PAR.LEVE,0
Vietnam,VNM,1970,Length of paid shared parental leave (calendar days),SH.PAR.LEVE,0
Vietnam,VNM,2022,There is paid parental leave (1=yes; 0=no),SH.PAR.LEVE.AL,0
Vietnam,VNM,2021,There is paid parental leave (1=yes; 0=no),SH.PAR.LEVE.AL,0
Vietnam,VNM,2020,There is paid parental leave (1=yes; 0=no),SH.PAR.LEVE.AL,0
Vietnam,VNM,2019,There is paid parental leave (1=yes; 0=no),SH.PAR.LEVE.AL,0
Vietnam,VNM,2018,There is paid parental leave (1=yes; 0=no),SH.PAR.LEVE.AL,0
Vietnam,VNM,2017,There is paid parental leave (1=yes; 0=no),SH.PAR.LEVE.AL,0
Vietnam,VNM,2016,There is paid parental leave (1=yes; 0=no),SH.PAR.LEVE.AL,0
Vietnam,VNM,2015,There is paid parental leave (1=yes; 0=no),SH.PAR.LEVE.AL,0
Vietnam,VNM,2014,There is paid parental leave (1=yes; 0=no),SH.PAR.LEVE.AL,0
Vietnam,VNM,2013,There is paid parental leave (1=yes; 0=no),SH.PAR.LEVE.AL,0
Vietnam,VNM,2012,There is paid parental leave (1=yes; 0=no),SH.PAR.LEVE.AL,0
Vietnam,VNM,2011,There is paid parental leave (1=yes; 0=no),SH.PAR.LEVE.AL,0
Vietnam,VNM,2010,There is paid parental leave (1=yes; 0=no),SH.PAR.LEVE.AL,0
Vietnam,VNM,2009,There is paid parental leave (1=yes; 0=no),SH.PAR.LEVE.AL,0
Vietnam,VNM,2008,There is paid parental leave (1=yes; 0=no),SH.PAR.LEVE.AL,0
Vietnam,VNM,2007,There is paid parental leave (1=yes; 0=no),SH.PAR.LEVE.AL,0
Vietnam,VNM,2006,There is paid parental leave (1=yes; 0=no),SH.PAR.LEVE.AL,0
Vietnam,VNM,2005,There is paid parental leave (1=yes; 0=no),SH.PAR.LEVE.AL,0
Vietnam,VNM,2004,There is paid parental leave (1=yes; 0=no),SH.PAR.LEVE.AL,0
Vietnam,VNM,2003,There is paid parental leave (1=yes; 0=no),SH.PAR.LEVE.AL,0
Vietnam,VNM,2002,There is paid parental leave (1=yes; 0=no),SH.PAR.LEVE.AL,0
Vietnam,VNM,2001,There is paid parental leave (1=yes; 0=no),SH.PAR.LEVE.AL,0
Vietnam,VNM,2000,There is paid parental leave (1=yes; 0=no),SH.PAR.LEVE.AL,0
Vietnam,VNM,1999,There is paid parental leave (1=yes; 0=no),SH.PAR.LEVE.AL,0
Vietnam,VNM,1998,There is paid parental leave (1=yes; 0=no),SH.PAR.LEVE.AL,0
Vietnam,VNM,1997,There is paid parental leave (1=yes; 0=no),SH.PAR.LEVE.AL,0
Vietnam,VNM,1996,There is paid parental leave (1=yes; 0=no),SH.PAR.LEVE.AL,0
Vietnam,VNM,1995,There is paid parental leave (1=yes; 0=no),SH.PAR.LEVE.AL,0
Vietnam,VNM,1994,There is paid parental leave (1=yes; 0=no),SH.PAR.LEVE.AL,0
Vietnam,VNM,1993,There is paid parental leave (1=yes; 0=no),SH.PAR.LEVE.AL,0
Vietnam,VNM,1992,There is paid parental leave (1=yes; 0=no),SH.PAR.LEVE.AL,0
Vietnam,VNM,1991,There is paid parental leave (1=yes; 0=no),SH.PAR.LEVE.AL,0
Vietnam,VNM,1990,There is paid parental leave (1=yes; 0=no),SH.PAR.LEVE.AL,0
Vietnam,VNM,1989,There is paid parental leave (1=yes; 0=no),SH.PAR.LEVE.AL,0
Vietnam,VNM,1988,There is paid parental leave (1=yes; 0=no),SH.PAR.LEVE.AL,0
Vietnam,VNM,1987,There is paid parental leave (1=yes; 0=no),SH.PAR.LEVE.AL,0
Vietnam,VNM,1986,There is paid parental leave (1=yes; 0=no),SH.PAR.LEVE.AL,0
Vietnam,VNM,1985,There is paid parental leave (1=yes; 0=no),SH.PAR.LEVE.AL,0
Vietnam,VNM,1984,There is paid parental leave (1=yes; 0=no),SH.PAR.LEVE.AL,0
Vietnam,VNM,1983,There is paid parental leave (1=yes; 0=no),SH.PAR.LEVE.AL,0
Vietnam,VNM,1982,There is paid parental leave (1=yes; 0=no),SH.PAR.LEVE.AL,0
Vietnam,VNM,1981,There is paid parental leave (1=yes; 0=no),SH.PAR.LEVE.AL,0
Vietnam,VNM,1980,There is paid parental leave (1=yes; 0=no),SH.PAR.LEVE.AL,0
Vietnam,VNM,1979,There is paid parental leave (1=yes; 0=no),SH.PAR.LEVE.AL,0
Vietnam,VNM,1978,There is paid parental leave (1=yes; 0=no),SH.PAR.LEVE.AL,0
Vietnam,VNM,1977,There is paid parental leave (1=yes; 0=no),SH.PAR.LEVE.AL,0
Vietnam,VNM,1976,There is paid parental leave (1=yes; 0=no),SH.PAR.LEVE.AL,0
Vietnam,VNM,1975,There is paid parental leave (1=yes; 0=no),SH.PAR.LEVE.AL,0
Vietnam,VNM,1974,There is paid parental leave (1=yes; 0=no),SH.PAR.LEVE.AL,0
Vietnam,VNM,1973,There is paid parental leave (1=yes; 0=no),SH.PAR.LEVE.AL,0
Vietnam,VNM,1972,There is paid parental leave (1=yes; 0=no),SH.PAR.LEVE.AL,0
Vietnam,VNM,1971,There is paid parental leave (1=yes; 0=no),SH.PAR.LEVE.AL,0
Vietnam,VNM,1970,There is paid parental leave (1=yes; 0=no),SH.PAR.LEVE.AL,0
Vietnam,VNM,2022,Length of paid parental leave for mother (calendar days),SH.PAR.LEVE.FE,0
Vietnam,VNM,2021,Length of paid parental leave for mother (calendar days),SH.PAR.LEVE.FE,0
Vietnam,VNM,2020,Length of paid parental leave for mother (calendar days),SH.PAR.LEVE.FE,0
Vietnam,VNM,2019,Length of paid parental leave for mother (calendar days),SH.PAR.LEVE.FE,0
Vietnam,VNM,2018,Length of paid parental leave for mother (calendar days),SH.PAR.LEVE.FE,0
Vietnam,VNM,2017,Length of paid parental leave for mother (calendar days),SH.PAR.LEVE.FE,0
Vietnam,VNM,2016,Length of paid parental leave for mother (calendar days),SH.PAR.LEVE.FE,0
Vietnam,VNM,2015,Length of paid parental leave for mother (calendar days),SH.PAR.LEVE.FE,0
Vietnam,VNM,2014,Length of paid parental leave for mother (calendar days),SH.PAR.LEVE.FE,0
Vietnam,VNM,2013,Length of paid parental leave for mother (calendar days),SH.PAR.LEVE.FE,0
Vietnam,VNM,2012,Length of paid parental leave for mother (calendar days),SH.PAR.LEVE.FE,0
Vietnam,VNM,2011,Length of paid parental leave for mother (calendar days),SH.PAR.LEVE.FE,0
Vietnam,VNM,2010,Length of paid parental leave for mother (calendar days),SH.PAR.LEVE.FE,0
Vietnam,VNM,2009,Length of paid parental leave for mother (calendar days),SH.PAR.LEVE.FE,0
Vietnam,VNM,2008,Length of paid parental leave for mother (calendar days),SH.PAR.LEVE.FE,0
Vietnam,VNM,2007,Length of paid parental leave for mother (calendar days),SH.PAR.LEVE.FE,0
Vietnam,VNM,2006,Length of paid parental leave for mother (calendar days),SH.PAR.LEVE.FE,0
Vietnam,VNM,2005,Length of paid parental leave for mother (calendar days),SH.PAR.LEVE.FE,0
Vietnam,VNM,2004,Length of paid parental leave for mother (calendar days),SH.PAR.LEVE.FE,0
Vietnam,VNM,2003,Length of paid parental leave for mother (calendar days),SH.PAR.LEVE.FE,0
Vietnam,VNM,2002,Length of paid parental leave for mother (calendar days),SH.PAR.LEVE.FE,0
Vietnam,VNM,2001,Length of paid parental leave for mother (calendar days),SH.PAR.LEVE.FE,0
Vietnam,VNM,2000,Length of paid parental leave for mother (calendar days),SH.PAR.LEVE.FE,0
Vietnam,VNM,1999,Length of paid parental leave for mother (calendar days),SH.PAR.LEVE.FE,0
Vietnam,VNM,1998,Length of paid parental leave for mother (calendar days),SH.PAR.LEVE.FE,0
Vietnam,VNM,1997,Length of paid parental leave for mother (calendar days),SH.PAR.LEVE.FE,0
Vietnam,VNM,1996,Length of paid parental leave for mother (calendar days),SH.PAR.LEVE.FE,0
Vietnam,VNM,1995,Length of paid parental leave for mother (calendar days),SH.PAR.LEVE.FE,0
Vietnam,VNM,1994,Length of paid parental leave for mother (calendar days),SH.PAR.LEVE.FE,0
Vietnam,VNM,1993,Length of paid parental leave for mother (calendar days),SH.PAR.LEVE.FE,0
Vietnam,VNM,1992,Length of paid parental leave for mother (calendar days),SH.PAR.LEVE.FE,0
Vietnam,VNM,1991,Length of paid parental leave for mother (calendar days),SH.PAR.LEVE.FE,0
Vietnam,VNM,1990,Length of paid parental leave for mother (calendar days),SH.PAR.LEVE.FE,0
Vietnam,VNM,1989,Length of paid parental leave for mother (calendar days),SH.PAR.LEVE.FE,0
Vietnam,VNM,1988,Length of paid parental leave for mother (calendar days),SH.PAR.LEVE.FE,0
Vietnam,VNM,1987,Length of paid parental leave for mother (calendar days),SH.PAR.LEVE.FE,0
Vietnam,VNM,1986,Length of paid parental leave for mother (calendar days),SH.PAR.LEVE.FE,0
Vietnam,VNM,1985,Length of paid parental leave for mother (calendar days),SH.PAR.LEVE.FE,0
Vietnam,VNM,1984,Length of paid parental leave for mother (calendar days),SH.PAR.LEVE.FE,0
Vietnam,VNM,1983,Length of paid parental leave for mother (calendar days),SH.PAR.LEVE.FE,0
Vietnam,VNM,1982,Length of paid parental leave for mother (calendar days),SH.PAR.LEVE.FE,0
Vietnam,VNM,1981,Length of paid parental leave for mother (calendar days),SH.PAR.LEVE.FE,0
Vietnam,VNM,1980,Length of paid parental leave for mother (calendar days),SH.PAR.LEVE.FE,0
Vietnam,VNM,1979,Length of paid parental leave for mother (calendar days),SH.PAR.LEVE.FE,0
Vietnam,VNM,1978,Length of paid parental leave for mother (calendar days),SH.PAR.LEVE.FE,0
Vietnam,VNM,1977,Length of paid parental leave for mother (calendar days),SH.PAR.LEVE.FE,0
Vietnam,VNM,1976,Length of paid parental leave for mother (calendar days),SH.PAR.LEVE.FE,0
Vietnam,VNM,1975,Length of paid parental leave for mother (calendar days),SH.PAR.LEVE.FE,0
Vietnam,VNM,1974,Length of paid parental leave for mother (calendar days),SH.PAR.LEVE.FE,0
Vietnam,VNM,1973,Length of paid parental leave for mother (calendar days),SH.PAR.LEVE.FE,0
Vietnam,VNM,1972,Length of paid parental leave for mother (calendar days),SH.PAR.LEVE.FE,0
Vietnam,VNM,1971,Length of paid parental leave for mother (calendar days),SH.PAR.LEVE.FE,0
Vietnam,VNM,1970,Length of paid parental leave for mother (calendar days),SH.PAR.LEVE.FE,0
Vietnam,VNM,2022,Length of paid parental leave for father (calendar days),SH.PAR.LEVE.MA,0
Vietnam,VNM,2021,Length of paid parental leave for father (calendar days),SH.PAR.LEVE.MA,0
Vietnam,VNM,2020,Length of paid parental leave for father (calendar days),SH.PAR.LEVE.MA,0
Vietnam,VNM,2019,Length of paid parental leave for father (calendar days),SH.PAR.LEVE.MA,0
Vietnam,VNM,2018,Length of paid parental leave for father (calendar days),SH.PAR.LEVE.MA,0
Vietnam,VNM,2017,Length of paid parental leave for father (calendar days),SH.PAR.LEVE.MA,0
Vietnam,VNM,2016,Length of paid parental leave for father (calendar days),SH.PAR.LEVE.MA,0
Vietnam,VNM,2015,Length of paid parental leave for father (calendar days),SH.PAR.LEVE.MA,0
Vietnam,VNM,2014,Length of paid parental leave for father (calendar days),SH.PAR.LEVE.MA,0
Vietnam,VNM,2013,Length of paid parental leave for father (calendar days),SH.PAR.LEVE.MA,0
Vietnam,VNM,2012,Length of paid parental leave for father (calendar days),SH.PAR.LEVE.MA,0
Vietnam,VNM,2011,Length of paid parental leave for father (calendar days),SH.PAR.LEVE.MA,0
Vietnam,VNM,2010,Length of paid parental leave for father (calendar days),SH.PAR.LEVE.MA,0
Vietnam,VNM,2009,Length of paid parental leave for father (calendar days),SH.PAR.LEVE.MA,0
Vietnam,VNM,2008,Length of paid parental leave for father (calendar days),SH.PAR.LEVE.MA,0
Vietnam,VNM,2007,Length of paid parental leave for father (calendar days),SH.PAR.LEVE.MA,0
Vietnam,VNM,2006,Length of paid parental leave for father (calendar days),SH.PAR.LEVE.MA,0
Vietnam,VNM,2005,Length of paid parental leave for father (calendar days),SH.PAR.LEVE.MA,0
Vietnam,VNM,2004,Length of paid parental leave for father (calendar days),SH.PAR.LEVE.MA,0
Vietnam,VNM,2003,Length of paid parental leave for father (calendar days),SH.PAR.LEVE.MA,0
Vietnam,VNM,2002,Length of paid parental leave for father (calendar days),SH.PAR.LEVE.MA,0
Vietnam,VNM,2001,Length of paid parental leave for father (calendar days),SH.PAR.LEVE.MA,0
Vietnam,VNM,2000,Length of paid parental leave for father (calendar days),SH.PAR.LEVE.MA,0
Vietnam,VNM,1999,Length of paid parental leave for father (calendar days),SH.PAR.LEVE.MA,0
Vietnam,VNM,1998,Length of paid parental leave for father (calendar days),SH.PAR.LEVE.MA,0
Vietnam,VNM,1997,Length of paid parental leave for father (calendar days),SH.PAR.LEVE.MA,0
Vietnam,VNM,1996,Length of paid parental leave for father (calendar days),SH.PAR.LEVE.MA,0
Vietnam,VNM,1995,Length of paid parental leave for father (calendar days),SH.PAR.LEVE.MA,0
Vietnam,VNM,1994,Length of paid parental leave for father (calendar days),SH.PAR.LEVE.MA,0
Vietnam,VNM,1993,Length of paid parental leave for father (calendar days),SH.PAR.LEVE.MA,0
Vietnam,VNM,1992,Length of paid parental leave for father (calendar days),SH.PAR.LEVE.MA,0
Vietnam,VNM,1991,Length of paid parental leave for father (calendar days),SH.PAR.LEVE.MA,0
Vietnam,VNM,1990,Length of paid parental leave for father (calendar days),SH.PAR.LEVE.MA,0
Vietnam,VNM,1989,Length of paid parental leave for father (calendar days),SH.PAR.LEVE.MA,0
Vietnam,VNM,1988,Length of paid parental leave for father (calendar days),SH.PAR.LEVE.MA,0
Vietnam,VNM,1987,Length of paid parental leave for father (calendar days),SH.PAR.LEVE.MA,0
Vietnam,VNM,1986,Length of paid parental leave for father (calendar days),SH.PAR.LEVE.MA,0
Vietnam,VNM,1985,Length of paid parental leave for father (calendar days),SH.PAR.LEVE.MA,0
Vietnam,VNM,1984,Length of paid parental leave for father (calendar days),SH.PAR.LEVE.MA,0
Vietnam,VNM,1983,Length of paid parental leave for father (calendar days),SH.PAR.LEVE.MA,0
Vietnam,VNM,1982,Length of paid parental leave for father (calendar days),SH.PAR.LEVE.MA,0
Vietnam,VNM,1981,Length of paid parental leave for father (calendar days),SH.PAR.LEVE.MA,0
Vietnam,VNM,1980,Length of paid parental leave for father (calendar days),SH.PAR.LEVE.MA,0
Vietnam,VNM,1979,Length of paid parental leave for father (calendar days),SH.PAR.LEVE.MA,0
Vietnam,VNM,1978,Length of paid parental leave for father (calendar days),SH.PAR.LEVE.MA,0
Vietnam,VNM,1977,Length of paid parental leave for father (calendar days),SH.PAR.LEVE.MA,0
Vietnam,VNM,1976,Length of paid parental leave for father (calendar days),SH.PAR.LEVE.MA,0
Vietnam,VNM,1975,Length of paid parental leave for father (calendar days),SH.PAR.LEVE.MA,0
Vietnam,VNM,1974,Length of paid parental leave for father (calendar days),SH.PAR.LEVE.MA,0
Vietnam,VNM,1973,Length of paid parental leave for father (calendar days),SH.PAR.LEVE.MA,0
Vietnam,VNM,1972,Length of paid parental leave for father (calendar days),SH.PAR.LEVE.MA,0
Vietnam,VNM,1971,Length of paid parental leave for father (calendar days),SH.PAR.LEVE.MA,0
Vietnam,VNM,1970,Length of paid parental leave for father (calendar days),SH.PAR.LEVE.MA,0
Vietnam,VNM,2022,Length of paid paternity leave (calendar days),SH.PTR.LEVE,7
Vietnam,VNM,2021,Length of paid paternity leave (calendar days),SH.PTR.LEVE,7
Vietnam,VNM,2020,Length of paid paternity leave (calendar days),SH.PTR.LEVE,7
Vietnam,VNM,2019,Length of paid paternity leave (calendar days),SH.PTR.LEVE,7
Vietnam,VNM,2018,Length of paid paternity leave (calendar days),SH.PTR.LEVE,7
Vietnam,VNM,2017,Length of paid paternity leave (calendar days),SH.PTR.LEVE,7
Vietnam,VNM,2016,Length of paid paternity leave (calendar days),SH.PTR.LEVE,7
Vietnam,VNM,2015,Length of paid paternity leave (calendar days),SH.PTR.LEVE,0
Vietnam,VNM,2014,Length of paid paternity leave (calendar days),SH.PTR.LEVE,0
Vietnam,VNM,2013,Length of paid paternity leave (calendar days),SH.PTR.LEVE,0
Vietnam,VNM,2012,Length of paid paternity leave (calendar days),SH.PTR.LEVE,0
Vietnam,VNM,2011,Length of paid paternity leave (calendar days),SH.PTR.LEVE,0
Vietnam,VNM,2010,Length of paid paternity leave (calendar days),SH.PTR.LEVE,0
Vietnam,VNM,2009,Length of paid paternity leave (calendar days),SH.PTR.LEVE,0
Vietnam,VNM,2008,Length of paid paternity leave (calendar days),SH.PTR.LEVE,0
Vietnam,VNM,2007,Length of paid paternity leave (calendar days),SH.PTR.LEVE,0
Vietnam,VNM,2006,Length of paid paternity leave (calendar days),SH.PTR.LEVE,0
Vietnam,VNM,2005,Length of paid paternity leave (calendar days),SH.PTR.LEVE,0
Vietnam,VNM,2004,Length of paid paternity leave (calendar days),SH.PTR.LEVE,0
Vietnam,VNM,2003,Length of paid paternity leave (calendar days),SH.PTR.LEVE,0
Vietnam,VNM,2002,Length of paid paternity leave (calendar days),SH.PTR.LEVE,0
Vietnam,VNM,2001,Length of paid paternity leave (calendar days),SH.PTR.LEVE,0
Vietnam,VNM,2000,Length of paid paternity leave (calendar days),SH.PTR.LEVE,0
Vietnam,VNM,1999,Length of paid paternity leave (calendar days),SH.PTR.LEVE,0
Vietnam,VNM,1998,Length of paid paternity leave (calendar days),SH.PTR.LEVE,0
Vietnam,VNM,1997,Length of paid paternity leave (calendar days),SH.PTR.LEVE,0
Vietnam,VNM,1996,Length of paid paternity leave (calendar days),SH.PTR.LEVE,0
Vietnam,VNM,1995,Length of paid paternity leave (calendar days),SH.PTR.LEVE,0
Vietnam,VNM,1994,Length of paid paternity leave (calendar days),SH.PTR.LEVE,0
Vietnam,VNM,1993,Length of paid paternity leave (calendar days),SH.PTR.LEVE,0
Vietnam,VNM,1992,Length of paid paternity leave (calendar days),SH.PTR.LEVE,0
Vietnam,VNM,1991,Length of paid paternity leave (calendar days),SH.PTR.LEVE,0
Vietnam,VNM,1990,Length of paid paternity leave (calendar days),SH.PTR.LEVE,0
Vietnam,VNM,1989,Length of paid paternity leave (calendar days),SH.PTR.LEVE,0
Vietnam,VNM,1988,Length of paid paternity leave (calendar days),SH.PTR.LEVE,0
Vietnam,VNM,1987,Length of paid paternity leave (calendar days),SH.PTR.LEVE,0
Vietnam,VNM,1986,Length of paid paternity leave (calendar days),SH.PTR.LEVE,0
Vietnam,VNM,1985,Length of paid paternity leave (calendar days),SH.PTR.LEVE,0
Vietnam,VNM,1984,Length of paid paternity leave (calendar days),SH.PTR.LEVE,0
Vietnam,VNM,1983,Length of paid paternity leave (calendar days),SH.PTR.LEVE,0
Vietnam,VNM,1982,Length of paid paternity leave (calendar days),SH.PTR.LEVE,0
Vietnam,VNM,1981,Length of paid paternity leave (calendar days),SH.PTR.LEVE,0
Vietnam,VNM,1980,Length of paid paternity leave (calendar days),SH.PTR.LEVE,0
Vietnam,VNM,1979,Length of paid paternity leave (calendar days),SH.PTR.LEVE,0
Vietnam,VNM,1978,Length of paid paternity leave (calendar days),SH.PTR.LEVE,0
Vietnam,VNM,1977,Length of paid paternity leave (calendar days),SH.PTR.LEVE,0
Vietnam,VNM,1976,Length of paid paternity leave (calendar days),SH.PTR.LEVE,0
Vietnam,VNM,1975,Length of paid paternity leave (calendar days),SH.PTR.LEVE,0
Vietnam,VNM,1974,Length of paid paternity leave (calendar days),SH.PTR.LEVE,0
Vietnam,VNM,1973,Length of paid paternity leave (calendar days),SH.PTR.LEVE,0
Vietnam,VNM,1972,Length of paid paternity leave (calendar days),SH.PTR.LEVE,0
Vietnam,VNM,1971,Length of paid paternity leave (calendar days),SH.PTR.LEVE,0
Vietnam,VNM,1970,Length of paid paternity leave (calendar days),SH.PTR.LEVE,0
Vietnam,VNM,2022,Paid leave is available to fathers (1=yes; 0=no),SH.PTR.LEVE.AL,1
Vietnam,VNM,2021,Paid leave is available to fathers (1=yes; 0=no),SH.PTR.LEVE.AL,1
Vietnam,VNM,2020,Paid leave is available to fathers (1=yes; 0=no),SH.PTR.LEVE.AL,1
Vietnam,VNM,2019,Paid leave is available to fathers (1=yes; 0=no),SH.PTR.LEVE.AL,1
Vietnam,VNM,2018,Paid leave is available to fathers (1=yes; 0=no),SH.PTR.LEVE.AL,1
Vietnam,VNM,2017,Paid leave is available to fathers (1=yes; 0=no),SH.PTR.LEVE.AL,1
Vietnam,VNM,2016,Paid leave is available to fathers (1=yes; 0=no),SH.PTR.LEVE.AL,1
Vietnam,VNM,2015,Paid leave is available to fathers (1=yes; 0=no),SH.PTR.LEVE.AL,0
Vietnam,VNM,2014,Paid leave is available to fathers (1=yes; 0=no),SH.PTR.LEVE.AL,0
Vietnam,VNM,2013,Paid leave is available to fathers (1=yes; 0=no),SH.PTR.LEVE.AL,0
Vietnam,VNM,2012,Paid leave is available to fathers (1=yes; 0=no),SH.PTR.LEVE.AL,0
Vietnam,VNM,2011,Paid leave is available to fathers (1=yes; 0=no),SH.PTR.LEVE.AL,0
Vietnam,VNM,2010,Paid leave is available to fathers (1=yes; 0=no),SH.PTR.LEVE.AL,0
Vietnam,VNM,2009,Paid leave is available to fathers (1=yes; 0=no),SH.PTR.LEVE.AL,0
Vietnam,VNM,2008,Paid leave is available to fathers (1=yes; 0=no),SH.PTR.LEVE.AL,0
Vietnam,VNM,2007,Paid leave is available to fathers (1=yes; 0=no),SH.PTR.LEVE.AL,0
Vietnam,VNM,2006,Paid leave is available to fathers (1=yes; 0=no),SH.PTR.LEVE.AL,0
Vietnam,VNM,2005,Paid leave is available to fathers (1=yes; 0=no),SH.PTR.LEVE.AL,0
Vietnam,VNM,2004,Paid leave is available to fathers (1=yes; 0=no),SH.PTR.LEVE.AL,0
Vietnam,VNM,2003,Paid leave is available to fathers (1=yes; 0=no),SH.PTR.LEVE.AL,0
Vietnam,VNM,2002,Paid leave is available to fathers (1=yes; 0=no),SH.PTR.LEVE.AL,0
Vietnam,VNM,2001,Paid leave is available to fathers (1=yes; 0=no),SH.PTR.LEVE.AL,0
Vietnam,VNM,2000,Paid leave is available to fathers (1=yes; 0=no),SH.PTR.LEVE.AL,0
Vietnam,VNM,1999,Paid leave is available to fathers (1=yes; 0=no),SH.PTR.LEVE.AL,0
Vietnam,VNM,1998,Paid leave is available to fathers (1=yes; 0=no),SH.PTR.LEVE.AL,0
Vietnam,VNM,1997,Paid leave is available to fathers (1=yes; 0=no),SH.PTR.LEVE.AL,0
Vietnam,VNM,1996,Paid leave is available to fathers (1=yes; 0=no),SH.PTR.LEVE.AL,0
Vietnam,VNM,1995,Paid leave is available to fathers (1=yes; 0=no),SH.PTR.LEVE.AL,0
Vietnam,VNM,1994,Paid leave is available to fathers (1=yes; 0=no),SH.PTR.LEVE.AL,0
Vietnam,VNM,1993,Paid leave is available to fathers (1=yes; 0=no),SH.PTR.LEVE.AL,0
Vietnam,VNM,1992,Paid leave is available to fathers (1=yes; 0=no),SH.PTR.LEVE.AL,0
Vietnam,VNM,1991,Paid leave is available to fathers (1=yes; 0=no),SH.PTR.LEVE.AL,0
Vietnam,VNM,1990,Paid leave is available to fathers (1=yes; 0=no),SH.PTR.LEVE.AL,0
Vietnam,VNM,1989,Paid leave is available to fathers (1=yes; 0=no),SH.PTR.LEVE.AL,0
Vietnam,VNM,1988,Paid leave is available to fathers (1=yes; 0=no),SH.PTR.LEVE.AL,0
Vietnam,VNM,1987,Paid leave is available to fathers (1=yes; 0=no),SH.PTR.LEVE.AL,0
Vietnam,VNM,1986,Paid leave is available to fathers (1=yes; 0=no),SH.PTR.LEVE.AL,0
Vietnam,VNM,1985,Paid leave is available to fathers (1=yes; 0=no),SH.PTR.LEVE.AL,0
Vietnam,VNM,1984,Paid leave is available to fathers (1=yes; 0=no),SH.PTR.LEVE.AL,0
Vietnam,VNM,1983,Paid leave is available to fathers (1=yes; 0=no),SH.PTR.LEVE.AL,0
Vietnam,VNM,1982,Paid leave is available to fathers (1=yes; 0=no),SH.PTR.LEVE.AL,0
Vietnam,VNM,1981,Paid leave is available to fathers (1=yes; 0=no),SH.PTR.LEVE.AL,0
Vietnam,VNM,1980,Paid leave is available to fathers (1=yes; 0=no),SH.PTR.LEVE.AL,0
Vietnam,VNM,1979,Paid leave is available to fathers (1=yes; 0=no),SH.PTR.LEVE.AL,0
Vietnam,VNM,1978,Paid leave is available to fathers (1=yes; 0=no),SH.PTR.LEVE.AL,0
Vietnam,VNM,1977,Paid leave is available to fathers (1=yes; 0=no),SH.PTR.LEVE.AL,0
Vietnam,VNM,1976,Paid leave is available to fathers (1=yes; 0=no),SH.PTR.LEVE.AL,0
Vietnam,VNM,1975,Paid leave is available to fathers (1=yes; 0=no),SH.PTR.LEVE.AL,0
Vietnam,VNM,1974,Paid leave is available to fathers (1=yes; 0=no),SH.PTR.LEVE.AL,0
Vietnam,VNM,1973,Paid leave is available to fathers (1=yes; 0=no),SH.PTR.LEVE.AL,0
Vietnam,VNM,1972,Paid leave is available to fathers (1=yes; 0=no),SH.PTR.LEVE.AL,0
Vietnam,VNM,1971,Paid leave is available to fathers (1=yes; 0=no),SH.PTR.LEVE.AL,0
Vietnam,VNM,1970,Paid leave is available to fathers (1=yes; 0=no),SH.PTR.LEVE.AL,0
Vietnam,VNM,2016,"Prevalence of obesity, female (% of female population ages 18+)",SH.STA.OB18.FE.ZS,2.6
Vietnam,VNM,2015,"Prevalence of obesity, female (% of female population ages 18+)",SH.STA.OB18.FE.ZS,2.4
Vietnam,VNM,2014,"Prevalence of obesity, female (% of female population ages 18+)",SH.STA.OB18.FE.ZS,2.3
Vietnam,VNM,2013,"Prevalence of obesity, female (% of female population ages 18+)",SH.STA.OB18.FE.ZS,2.1
Vietnam,VNM,2012,"Prevalence of obesity, female (% of female population ages 18+)",SH.STA.OB18.FE.ZS,2
Vietnam,VNM,2011,"Prevalence of obesity, female (% of female population ages 18+)",SH.STA.OB18.FE.ZS,1.9
Vietnam,VNM,2010,"Prevalence of obesity, female (% of female population ages 18+)",SH.STA.OB18.FE.ZS,1.7
Vietnam,VNM,2009,"Prevalence of obesity, female (% of female population ages 18+)",SH.STA.OB18.FE.ZS,1.6
Vietnam,VNM,2008,"Prevalence of obesity, female (% of female population ages 18+)",SH.STA.OB18.FE.ZS,1.5
Vietnam,VNM,2007,"Prevalence of obesity, female (% of female population ages 18+)",SH.STA.OB18.FE.ZS,1.4
Vietnam,VNM,2006,"Prevalence of obesity, female (% of female population ages 18+)",SH.STA.OB18.FE.ZS,1.3
Vietnam,VNM,2005,"Prevalence of obesity, female (% of female population ages 18+)",SH.STA.OB18.FE.ZS,1.2
Vietnam,VNM,2004,"Prevalence of obesity, female (% of female population ages 18+)",SH.STA.OB18.FE.ZS,1.2
Vietnam,VNM,2003,"Prevalence of obesity, female (% of female population ages 18+)",SH.STA.OB18.FE.ZS,1.1
Vietnam,VNM,2002,"Prevalence of obesity, female (% of female population ages 18+)",SH.STA.OB18.FE.ZS,1
Vietnam,VNM,2001,"Prevalence of obesity, female (% of female population ages 18+)",SH.STA.OB18.FE.ZS,0.9
Vietnam,VNM,2000,"Prevalence of obesity, female (% of female population ages 18+)",SH.STA.OB18.FE.ZS,0.9
Vietnam,VNM,1999,"Prevalence of obesity, female (% of female population ages 18+)",SH.STA.OB18.FE.ZS,0.8
Vietnam,VNM,1998,"Prevalence of obesity, female (% of female population ages 18+)",SH.STA.OB18.FE.ZS,0.8
Vietnam,VNM,1997,"Prevalence of obesity, female (% of female population ages 18+)",SH.STA.OB18.FE.ZS,0.7
Vietnam,VNM,1996,"Prevalence of obesity, female (% of female population ages 18+)",SH.STA.OB18.FE.ZS,0.7
Vietnam,VNM,1995,"Prevalence of obesity, female (% of female population ages 18+)",SH.STA.OB18.FE.ZS,0.6
Vietnam,VNM,1994,"Prevalence of obesity, female (% of female population ages 18+)",SH.STA.OB18.FE.ZS,0.6
Vietnam,VNM,1993,"Prevalence of obesity, female (% of female population ages 18+)",SH.STA.OB18.FE.ZS,0.6
Vietnam,VNM,1992,"Prevalence of obesity, female (% of female population ages 18+)",SH.STA.OB18.FE.ZS,0.5
Vietnam,VNM,1991,"Prevalence of obesity, female (% of female population ages 18+)",SH.STA.OB18.FE.ZS,0.5
Vietnam,VNM,1990,"Prevalence of obesity, female (% of female population ages 18+)",SH.STA.OB18.FE.ZS,0.5
Vietnam,VNM,1989,"Prevalence of obesity, female (% of female population ages 18+)",SH.STA.OB18.FE.ZS,0.4
Vietnam,VNM,1988,"Prevalence of obesity, female (% of female population ages 18+)",SH.STA.OB18.FE.ZS,0.4
Vietnam,VNM,1987,"Prevalence of obesity, female (% of female population ages 18+)",SH.STA.OB18.FE.ZS,0.4
Vietnam,VNM,1986,"Prevalence of obesity, female (% of female population ages 18+)",SH.STA.OB18.FE.ZS,0.4
Vietnam,VNM,1985,"Prevalence of obesity, female (% of female population ages 18+)",SH.STA.OB18.FE.ZS,0.4
Vietnam,VNM,1984,"Prevalence of obesity, female (% of female population ages 18+)",SH.STA.OB18.FE.ZS,0.3
Vietnam,VNM,1983,"Prevalence of obesity, female (% of female population ages 18+)",SH.STA.OB18.FE.ZS,0.3
Vietnam,VNM,1982,"Prevalence of obesity, female (% of female population ages 18+)",SH.STA.OB18.FE.ZS,0.3
Vietnam,VNM,1981,"Prevalence of obesity, female (% of female population ages 18+)",SH.STA.OB18.FE.ZS,0.3
Vietnam,VNM,1980,"Prevalence of obesity, female (% of female population ages 18+)",SH.STA.OB18.FE.ZS,0.3
Vietnam,VNM,1979,"Prevalence of obesity, female (% of female population ages 18+)",SH.STA.OB18.FE.ZS,0.3
Vietnam,VNM,1978,"Prevalence of obesity, female (% of female population ages 18+)",SH.STA.OB18.FE.ZS,0.2
Vietnam,VNM,1977,"Prevalence of obesity, female (% of female population ages 18+)",SH.STA.OB18.FE.ZS,0.2
Vietnam,VNM,1976,"Prevalence of obesity, female (% of female population ages 18+)",SH.STA.OB18.FE.ZS,0.2
Vietnam,VNM,1975,"Prevalence of obesity, female (% of female population ages 18+)",SH.STA.OB18.FE.ZS,0.2
Vietnam,VNM,2016,"Prevalence of obesity, male (% of male population ages 18+)",SH.STA.OB18.MA.ZS,1.6
Vietnam,VNM,2015,"Prevalence of obesity, male (% of male population ages 18+)",SH.STA.OB18.MA.ZS,1.5
Vietnam,VNM,2014,"Prevalence of obesity, male (% of male population ages 18+)",SH.STA.OB18.MA.ZS,1.3
Vietnam,VNM,2013,"Prevalence of obesity, male (% of male population ages 18+)",SH.STA.OB18.MA.ZS,1.2
Vietnam,VNM,2012,"Prevalence of obesity, male (% of male population ages 18+)",SH.STA.OB18.MA.ZS,1.1
Vietnam,VNM,2011,"Prevalence of obesity, male (% of male population ages 18+)",SH.STA.OB18.MA.ZS,1
Vietnam,VNM,2010,"Prevalence of obesity, male (% of male population ages 18+)",SH.STA.OB18.MA.ZS,0.9
Vietnam,VNM,2009,"Prevalence of obesity, male (% of male population ages 18+)",SH.STA.OB18.MA.ZS,0.8
Vietnam,VNM,2008,"Prevalence of obesity, male (% of male population ages 18+)",SH.STA.OB18.MA.ZS,0.8
Vietnam,VNM,2007,"Prevalence of obesity, male (% of male population ages 18+)",SH.STA.OB18.MA.ZS,0.7
Vietnam,VNM,2006,"Prevalence of obesity, male (% of male population ages 18+)",SH.STA.OB18.MA.ZS,0.6
Vietnam,VNM,2005,"Prevalence of obesity, male (% of male population ages 18+)",SH.STA.OB18.MA.ZS,0.6
Vietnam,VNM,2004,"Prevalence of obesity, male (% of male population ages 18+)",SH.STA.OB18.MA.ZS,0.5
Vietnam,VNM,2003,"Prevalence of obesity, male (% of male population ages 18+)",SH.STA.OB18.MA.ZS,0.5
Vietnam,VNM,2002,"Prevalence of obesity, male (% of male population ages 18+)",SH.STA.OB18.MA.ZS,0.4
Vietnam,VNM,2001,"Prevalence of obesity, male (% of male population ages 18+)",SH.STA.OB18.MA.ZS,0.4
Vietnam,VNM,2000,"Prevalence of obesity, male (% of male population ages 18+)",SH.STA.OB18.MA.ZS,0.4
Vietnam,VNM,1999,"Prevalence of obesity, male (% of male population ages 18+)",SH.STA.OB18.MA.ZS,0.3
Vietnam,VNM,1998,"Prevalence of obesity, male (% of male population ages 18+)",SH.STA.OB18.MA.ZS,0.3
Vietnam,VNM,1997,"Prevalence of obesity, male (% of male population ages 18+)",SH.STA.OB18.MA.ZS,0.3
Vietnam,VNM,1996,"Prevalence of obesity, male (% of male population ages 18+)",SH.STA.OB18.MA.ZS,0.3
Vietnam,VNM,1995,"Prevalence of obesity, male (% of male population ages 18+)",SH.STA.OB18.MA.ZS,0.2
Vietnam,VNM,1994,"Prevalence of obesity, male (% of male population ages 18+)",SH.STA.OB18.MA.ZS,0.2
Vietnam,VNM,1993,"Prevalence of obesity, male (% of male population ages 18+)",SH.STA.OB18.MA.ZS,0.2
Vietnam,VNM,1992,"Prevalence of obesity, male (% of male population ages 18+)",SH.STA.OB18.MA.ZS,0.2
Vietnam,VNM,1991,"Prevalence of obesity, male (% of male population ages 18+)",SH.STA.OB18.MA.ZS,0.2
Vietnam,VNM,1990,"Prevalence of obesity, male (% of male population ages 18+)",SH.STA.OB18.MA.ZS,0.2
Vietnam,VNM,1989,"Prevalence of obesity, male (% of male population ages 18+)",SH.STA.OB18.MA.ZS,0.1
Vietnam,VNM,1988,"Prevalence of obesity, male (% of male population ages 18+)",SH.STA.OB18.MA.ZS,0.1
Vietnam,VNM,1987,"Prevalence of obesity, male (% of male population ages 18+)",SH.STA.OB18.MA.ZS,0.1
Vietnam,VNM,1986,"Prevalence of obesity, male (% of male population ages 18+)",SH.STA.OB18.MA.ZS,0.1
Vietnam,VNM,1985,"Prevalence of obesity, male (% of male population ages 18+)",SH.STA.OB18.MA.ZS,0.1
Vietnam,VNM,1984,"Prevalence of obesity, male (% of male population ages 18+)",SH.STA.OB18.MA.ZS,0.1
Vietnam,VNM,1983,"Prevalence of obesity, male (% of male population ages 18+)",SH.STA.OB18.MA.ZS,0.1
Vietnam,VNM,1982,"Prevalence of obesity, male (% of male population ages 18+)",SH.STA.OB18.MA.ZS,0.1
Vietnam,VNM,1981,"Prevalence of obesity, male (% of male population ages 18+)",SH.STA.OB18.MA.ZS,0.1
Vietnam,VNM,1980,"Prevalence of obesity, male (% of male population ages 18+)",SH.STA.OB18.MA.ZS,0.1
Vietnam,VNM,1979,"Prevalence of obesity, male (% of male population ages 18+)",SH.STA.OB18.MA.ZS,0.1
Vietnam,VNM,1978,"Prevalence of obesity, male (% of male population ages 18+)",SH.STA.OB18.MA.ZS,0.1
Vietnam,VNM,1977,"Prevalence of obesity, male (% of male population ages 18+)",SH.STA.OB18.MA.ZS,0.1
Vietnam,VNM,1976,"Prevalence of obesity, male (% of male population ages 18+)",SH.STA.OB18.MA.ZS,0.1
Vietnam,VNM,1975,"Prevalence of obesity, male (% of male population ages 18+)",SH.STA.OB18.MA.ZS,0.1
Vietnam,VNM,2022,"Time-related underemployment, female (% of employment)",SL.EMP.UNDR.FE.ZS,1.81
Vietnam,VNM,2021,"Time-related underemployment, female (% of employment)",SL.EMP.UNDR.FE.ZS,2.48
Vietnam,VNM,2020,"Time-related underemployment, female (% of employment)",SL.EMP.UNDR.FE.ZS,2.28
Vietnam,VNM,2019,"Time-related underemployment, female (% of employment)",SL.EMP.UNDR.FE.ZS,1.33
Vietnam,VNM,2018,"Time-related underemployment, female (% of employment)",SL.EMP.UNDR.FE.ZS,1.37
Vietnam,VNM,2017,"Time-related underemployment, female (% of employment)",SL.EMP.UNDR.FE.ZS,1.68
Vietnam,VNM,2016,"Time-related underemployment, female (% of employment)",SL.EMP.UNDR.FE.ZS,1.69
Vietnam,VNM,2015,"Time-related underemployment, female (% of employment)",SL.EMP.UNDR.FE.ZS,1.75
Vietnam,VNM,2014,"Time-related underemployment, female (% of employment)",SL.EMP.UNDR.FE.ZS,2.14
Vietnam,VNM,2013,"Time-related underemployment, female (% of employment)",SL.EMP.UNDR.FE.ZS,2.38
Vietnam,VNM,2012,"Time-related underemployment, female (% of employment)",SL.EMP.UNDR.FE.ZS,2.39
Vietnam,VNM,2011,"Time-related underemployment, female (% of employment)",SL.EMP.UNDR.FE.ZS,2.75
Vietnam,VNM,2010,"Time-related underemployment, female (% of employment)",SL.EMP.UNDR.FE.ZS,3.53
Vietnam,VNM,2009,"Time-related underemployment, female (% of employment)",SL.EMP.UNDR.FE.ZS,4.82
Vietnam,VNM,2007,"Time-related underemployment, female (% of employment)",SL.EMP.UNDR.FE.ZS,3.48
Vietnam,VNM,2022,"Time-related underemployment, male (% of employment)",SL.EMP.UNDR.MA.ZS,2
Vietnam,VNM,2021,"Time-related underemployment, male (% of employment)",SL.EMP.UNDR.MA.ZS,2.91
Vietnam,VNM,2020,"Time-related underemployment, male (% of employment)",SL.EMP.UNDR.MA.ZS,2.35
Vietnam,VNM,2019,"Time-related underemployment, male (% of employment)",SL.EMP.UNDR.MA.ZS,1.3
Vietnam,VNM,2018,"Time-related underemployment, male (% of employment)",SL.EMP.UNDR.MA.ZS,1.32
Vietnam,VNM,2017,"Time-related underemployment, male (% of employment)",SL.EMP.UNDR.MA.ZS,1.47
Vietnam,VNM,2016,"Time-related underemployment, male (% of employment)",SL.EMP.UNDR.MA.ZS,1.46
Vietnam,VNM,2015,"Time-related underemployment, male (% of employment)",SL.EMP.UNDR.MA.ZS,1.85
Vietnam,VNM,2014,"Time-related underemployment, male (% of employment)",SL.EMP.UNDR.MA.ZS,2.43
Vietnam,VNM,2013,"Time-related underemployment, male (% of employment)",SL.EMP.UNDR.MA.ZS,2.87
Vietnam,VNM,2012,"Time-related underemployment, male (% of employment)",SL.EMP.UNDR.MA.ZS,2.8
Vietnam,VNM,2011,"Time-related underemployment, male (% of employment)",SL.EMP.UNDR.MA.ZS,2.86
Vietnam,VNM,2010,"Time-related underemployment, male (% of employment)",SL.EMP.UNDR.MA.ZS,3.42
Vietnam,VNM,2009,"Time-related underemployment, male (% of employment)",SL.EMP.UNDR.MA.ZS,5.59
Vietnam,VNM,2007,"Time-related underemployment, male (% of employment)",SL.EMP.UNDR.MA.ZS,3.33
Vietnam,VNM,2022,"Labor force, female",SL.TLF.TOTL.FE.IN,27127176
Vietnam,VNM,2021,"Labor force, female",SL.TLF.TOTL.FE.IN,26552673
Vietnam,VNM,2020,"Labor force, female",SL.TLF.TOTL.FE.IN,26155063
Vietnam,VNM,2019,"Labor force, female",SL.TLF.TOTL.FE.IN,26858844
Vietnam,VNM,2018,"Labor force, female",SL.TLF.TOTL.FE.IN,26548908
Vietnam,VNM,2017,"Labor force, female",SL.TLF.TOTL.FE.IN,26619160
Vietnam,VNM,2016,"Labor force, female",SL.TLF.TOTL.FE.IN,26495495
Vietnam,VNM,2015,"Labor force, female",SL.TLF.TOTL.FE.IN,26386335
Vietnam,VNM,2014,"Labor force, female",SL.TLF.TOTL.FE.IN,26152801
Vietnam,VNM,2013,"Labor force, female",SL.TLF.TOTL.FE.IN,25830936
Vietnam,VNM,2012,"Labor force, female",SL.TLF.TOTL.FE.IN,25196395
Vietnam,VNM,2011,"Labor force, female",SL.TLF.TOTL.FE.IN,24791816
Vietnam,VNM,2010,"Labor force, female",SL.TLF.TOTL.FE.IN,24427893
Vietnam,VNM,2009,"Labor force, female",SL.TLF.TOTL.FE.IN,24004781
Vietnam,VNM,2008,"Labor force, female",SL.TLF.TOTL.FE.IN,23433782
Vietnam,VNM,2007,"Labor force, female",SL.TLF.TOTL.FE.IN,22864170
Vietnam,VNM,2006,"Labor force, female",SL.TLF.TOTL.FE.IN,22143176
Vietnam,VNM,2005,"Labor force, female",SL.TLF.TOTL.FE.IN,21425603
Vietnam,VNM,2004,"Labor force, female",SL.TLF.TOTL.FE.IN,20715110
Vietnam,VNM,2003,"Labor force, female",SL.TLF.TOTL.FE.IN,20575914
Vietnam,VNM,2002,"Labor force, female",SL.TLF.TOTL.FE.IN,20328355
Vietnam,VNM,2001,"Labor force, female",SL.TLF.TOTL.FE.IN,20058310
Vietnam,VNM,2000,"Labor force, female",SL.TLF.TOTL.FE.IN,19420629
Vietnam,VNM,1999,"Labor force, female",SL.TLF.TOTL.FE.IN,19405554
Vietnam,VNM,1998,"Labor force, female",SL.TLF.TOTL.FE.IN,18872046
Vietnam,VNM,1997,"Labor force, female",SL.TLF.TOTL.FE.IN,18504453
Vietnam,VNM,1996,"Labor force, female",SL.TLF.TOTL.FE.IN,18466334
Vietnam,VNM,1995,"Labor force, female",SL.TLF.TOTL.FE.IN,18079879
Vietnam,VNM,1994,"Labor force, female",SL.TLF.TOTL.FE.IN,17710262
Vietnam,VNM,1993,"Labor force, female",SL.TLF.TOTL.FE.IN,17342304
Vietnam,VNM,1992,"Labor force, female",SL.TLF.TOTL.FE.IN,16973198
Vietnam,VNM,1991,"Labor force, female",SL.TLF.TOTL.FE.IN,16619009
Vietnam,VNM,1990,"Labor force, female",SL.TLF.TOTL.FE.IN,16235227
Vietnam,VNM,2022,Ratio of female to male youth unemployment rate (%) (national estimate),SL.UEM.1524.FM.NE.ZS,101.666666666667
Vietnam,VNM,2021,Ratio of female to male youth unemployment rate (%) (national estimate),SL.UEM.1524.FM.NE.ZS,100.285714285714
Vietnam,VNM,2020,Ratio of female to male youth unemployment rate (%) (national estimate),SL.UEM.1524.FM.NE.ZS,133.673469387755
Vietnam,VNM,2019,Ratio of female to male youth unemployment rate (%) (national estimate),SL.UEM.1524.FM.NE.ZS,94.2857142857143
Vietnam,VNM,2018,Ratio of female to male youth unemployment rate (%) (national estimate),SL.UEM.1524.FM.NE.ZS,90.6187624750499
Vietnam,VNM,2017,Ratio of female to male youth unemployment rate (%) (national estimate),SL.UEM.1524.FM.NE.ZS,100.686813186813
Vietnam,VNM,2016,Ratio of female to male youth unemployment rate (%) (national estimate),SL.UEM.1524.FM.NE.ZS,100.980392156863
Vietnam,VNM,2015,Ratio of female to male youth unemployment rate (%) (national estimate),SL.UEM.1524.FM.NE.ZS,107.430340557276
Vietnam,VNM,2014,Ratio of female to male youth unemployment rate (%) (national estimate),SL.UEM.1524.FM.NE.ZS,107.142857142857
Vietnam,VNM,2013,Ratio of female to male youth unemployment rate (%) (national estimate),SL.UEM.1524.FM.NE.ZS,100.60120240481
Vietnam,VNM,2012,Ratio of female to male youth unemployment rate (%) (national estimate),SL.UEM.1524.FM.NE.ZS,100.761421319797
Vietnam,VNM,2011,Ratio of female to male youth unemployment rate (%) (national estimate),SL.UEM.1524.FM.NE.ZS,96.5616045845272
Vietnam,VNM,2010,Ratio of female to male youth unemployment rate (%) (national estimate),SL.UEM.1524.FM.NE.ZS,96.1538461538461
Vietnam,VNM,2009,Ratio of female to male youth unemployment rate (%) (national estimate),SL.UEM.1524.FM.NE.ZS,91.0788381742738
Vietnam,VNM,2007,Ratio of female to male youth unemployment rate (%) (national estimate),SL.UEM.1524.FM.NE.ZS,94.2367601246106
Vietnam,VNM,2004,Ratio of female to male youth unemployment rate (%) (national estimate),SL.UEM.1524.FM.NE.ZS,111.415525114155
Vietnam,VNM,2022,Ratio of female to male youth unemployment rate (% ages 15-24) (modeled ILO estimate),SL.UEM.1524.FM.ZS,95.859158644336
Vietnam,VNM,2021,Ratio of female to male youth unemployment rate (% ages 15-24) (modeled ILO estimate),SL.UEM.1524.FM.ZS,100.855583419383
Vietnam,VNM,2020,Ratio of female to male youth unemployment rate (% ages 15-24) (modeled ILO estimate),SL.UEM.1524.FM.ZS,134.609135222964
Vietnam,VNM,2019,Ratio of female to male youth unemployment rate (% ages 15-24) (modeled ILO estimate),SL.UEM.1524.FM.ZS,94.2488055211467
Vietnam,VNM,2018,Ratio of female to male youth unemployment rate (% ages 15-24) (modeled ILO estimate),SL.UEM.1524.FM.ZS,93.8295577130529
Vietnam,VNM,2017,Ratio of female to male youth unemployment rate (% ages 15-24) (modeled ILO estimate),SL.UEM.1524.FM.ZS,100.01425313569
Vietnam,VNM,2016,Ratio of female to male youth unemployment rate (% ages 15-24) (modeled ILO estimate),SL.UEM.1524.FM.ZS,99.8527896363904
Vietnam,VNM,2015,Ratio of female to male youth unemployment rate (% ages 15-24) (modeled ILO estimate),SL.UEM.1524.FM.ZS,105.357431015007
Vietnam,VNM,2014,Ratio of female to male youth unemployment rate (% ages 15-24) (modeled ILO estimate),SL.UEM.1524.FM.ZS,102.016129032258
Vietnam,VNM,2013,Ratio of female to male youth unemployment rate (% ages 15-24) (modeled ILO estimate),SL.UEM.1524.FM.ZS,95.8915713680644
Vietnam,VNM,2012,Ratio of female to male youth unemployment rate (% ages 15-24) (modeled ILO estimate),SL.UEM.1524.FM.ZS,96.0243837794858
Vietnam,VNM,2011,Ratio of female to male youth unemployment rate (% ages 15-24) (modeled ILO estimate),SL.UEM.1524.FM.ZS,93.8708717643558
Vietnam,VNM,2010,Ratio of female to male youth unemployment rate (% ages 15-24) (modeled ILO estimate),SL.UEM.1524.FM.ZS,95.3010692177828
Vietnam,VNM,2009,Ratio of female to male youth unemployment rate (% ages 15-24) (modeled ILO estimate),SL.UEM.1524.FM.ZS,90.3266864658464
Vietnam,VNM,2008,Ratio of female to male youth unemployment rate (% ages 15-24) (modeled ILO estimate),SL.UEM.1524.FM.ZS,90.7507183908046
Vietnam,VNM,2007,Ratio of female to male youth unemployment rate (% ages 15-24) (modeled ILO estimate),SL.UEM.1524.FM.ZS,91.2535976974736
Vietnam,VNM,2006,Ratio of female to male youth unemployment rate (% ages 15-24) (modeled ILO estimate),SL.UEM.1524.FM.ZS,95.9758907995036
Vietnam,VNM,2005,Ratio of female to male youth unemployment rate (% ages 15-24) (modeled ILO estimate),SL.UEM.1524.FM.ZS,101.971830985915
Vietnam,VNM,2004,Ratio of female to male youth unemployment rate (% ages 15-24) (modeled ILO estimate),SL.UEM.1524.FM.ZS,108.999543170397
Vietnam,VNM,2003,Ratio of female to male youth unemployment rate (% ages 15-24) (modeled ILO estimate),SL.UEM.1524.FM.ZS,116.700889801506
Vietnam,VNM,2002,Ratio of female to male youth unemployment rate (% ages 15-24) (modeled ILO estimate),SL.UEM.1524.FM.ZS,101.820664542558
Vietnam,VNM,2001,Ratio of female to male youth unemployment rate (% ages 15-24) (modeled ILO estimate),SL.UEM.1524.FM.ZS,121.414653156664
Vietnam,VNM,2000,Ratio of female to male youth unemployment rate (% ages 15-24) (modeled ILO estimate),SL.UEM.1524.FM.ZS,76.9078116543388
Vietnam,VNM,1999,Ratio of female to male youth unemployment rate (% ages 15-24) (modeled ILO estimate),SL.UEM.1524.FM.ZS,91.066454436928
Vietnam,VNM,1998,Ratio of female to male youth unemployment rate (% ages 15-24) (modeled ILO estimate),SL.UEM.1524.FM.ZS,77.7092675635276
Vietnam,VNM,1997,Ratio of female to male youth unemployment rate (% ages 15-24) (modeled ILO estimate),SL.UEM.1524.FM.ZS,70.9736251402918
Vietnam,VNM,1996,Ratio of female to male youth unemployment rate (% ages 15-24) (modeled ILO estimate),SL.UEM.1524.FM.ZS,70.3657780533168
Vietnam,VNM,1995,Ratio of female to male youth unemployment rate (% ages 15-24) (modeled ILO estimate),SL.UEM.1524.FM.ZS,71.1651299245599
Vietnam,VNM,1994,Ratio of female to male youth unemployment rate (% ages 15-24) (modeled ILO estimate),SL.UEM.1524.FM.ZS,71.6594157862026
Vietnam,VNM,1993,Ratio of female to male youth unemployment rate (% ages 15-24) (modeled ILO estimate),SL.UEM.1524.FM.ZS,72.0441086379416
Vietnam,VNM,1992,Ratio of female to male youth unemployment rate (% ages 15-24) (modeled ILO estimate),SL.UEM.1524.FM.ZS,72.8410513141427
Vietnam,VNM,1991,Ratio of female to male youth unemployment rate (% ages 15-24) (modeled ILO estimate),SL.UEM.1524.FM.ZS,72.6155646576945
Vietnam,VNM,2017,"Life expectancy at age 60, female (years)",SP.DYN.LE60.FE.IN,23.945419
Vietnam,VNM,2012,"Life expectancy at age 60, female (years)",SP.DYN.LE60.FE.IN,23.7951699999999
Vietnam,VNM,2007,"Life expectancy at age 60, female (years)",SP.DYN.LE60.FE.IN,23.625446
Vietnam,VNM,2002,"Life expectancy at age 60, female (years)",SP.DYN.LE60.FE.IN,23.4138519999999
Vietnam,VNM,1997,"Life expectancy at age 60, female (years)",SP.DYN.LE60.FE.IN,23.183014
Vietnam,VNM,1992,"Life expectancy at age 60, female (years)",SP.DYN.LE60.FE.IN,22.915081
Vietnam,VNM,1987,"Life expectancy at age 60, female (years)",SP.DYN.LE60.FE.IN,22.235092
Vietnam,VNM,1982,"Life expectancy at age 60, female (years)",SP.DYN.LE60.FE.IN,21.5275479999999
Vietnam,VNM,1977,"Life expectancy at age 60, female (years)",SP.DYN.LE60.FE.IN,20.681563
Vietnam,VNM,1972,"Life expectancy at age 60, female (years)",SP.DYN.LE60.FE.IN,16.8620459999999
Vietnam,VNM,1967,"Life expectancy at age 60, female (years)",SP.DYN.LE60.FE.IN,20.040823
Vietnam,VNM,1962,"Life expectancy at age 60, female (years)",SP.DYN.LE60.FE.IN,18.965688
Vietnam,VNM,2017,"Life expectancy at age 60, male (years)",SP.DYN.LE60.MA.IN,19.435782
Vietnam,VNM,2012,"Life expectancy at age 60, male (years)",SP.DYN.LE60.MA.IN,19.292487
Vietnam,VNM,2007,"Life expectancy at age 60, male (years)",SP.DYN.LE60.MA.IN,19.107142
Vietnam,VNM,2002,"Life expectancy at age 60, male (years)",SP.DYN.LE60.MA.IN,18.5390909999999
Vietnam,VNM,1997,"Life expectancy at age 60, male (years)",SP.DYN.LE60.MA.IN,18.204701
Vietnam,VNM,1992,"Life expectancy at age 60, male (years)",SP.DYN.LE60.MA.IN,17.863658
Vietnam,VNM,1987,"Life expectancy at age 60, male (years)",SP.DYN.LE60.MA.IN,17.408597
Vietnam,VNM,1982,"Life expectancy at age 60, male (years)",SP.DYN.LE60.MA.IN,16.902287
Vietnam,VNM,1977,"Life expectancy at age 60, male (years)",SP.DYN.LE60.MA.IN,16.319445
Vietnam,VNM,1972,"Life expectancy at age 60, male (years)",SP.DYN.LE60.MA.IN,12.213917
Vietnam,VNM,1967,"Life expectancy at age 60, male (years)",SP.DYN.LE60.MA.IN,14.323641
Vietnam,VNM,1962,"Life expectancy at age 60, male (years)",SP.DYN.LE60.MA.IN,14.262934
Vietnam,VNM,2015,"Age at first marriage, female",SP.DYN.SMAM.FE,22.8
Vietnam,VNM,2014,"Age at first marriage, female",SP.DYN.SMAM.FE,22.4
Vietnam,VNM,2011,"Age at first marriage, female",SP.DYN.SMAM.FE,22.8
Vietnam,VNM,2007,"Age at first marriage, female",SP.DYN.SMAM.FE,23.3
Vietnam,VNM,2006,"Age at first marriage, female",SP.DYN.SMAM.FE,22.8
Vietnam,VNM,2005,"Age at first marriage, female",SP.DYN.SMAM.FE,23.2
Vietnam,VNM,2002,"Age at first marriage, female",SP.DYN.SMAM.FE,23.2
Vietnam,VNM,2000,"Age at first marriage, female",SP.DYN.SMAM.FE,22.9
Vietnam,VNM,1999,"Age at first marriage, female",SP.DYN.SMAM.FE,22.8
Vietnam,VNM,1997,"Age at first marriage, female",SP.DYN.SMAM.FE,22.2
Vietnam,VNM,1989,"Age at first marriage, female",SP.DYN.SMAM.FE,23.1
Vietnam,VNM,1988,"Age at first marriage, female",SP.DYN.SMAM.FE,23.6
Vietnam,VNM,2015,"Rural population, female (% of total)",SP.RUR.TOTL.FE.ZS,33.2330327886407
Vietnam,VNM,2010,"Rural population, female (% of total)",SP.RUR.TOTL.FE.ZS,34.9006704324682
Vietnam,VNM,2005,"Rural population, female (% of total)",SP.RUR.TOTL.FE.ZS,36.8225267222301
Vietnam,VNM,2000,"Rural population, female (% of total)",SP.RUR.TOTL.FE.ZS,38.3344871921669
Vietnam,VNM,1995,"Rural population, female (% of total)",SP.RUR.TOTL.FE.ZS,39.5224940805051
Vietnam,VNM,1990,"Rural population, female (% of total)",SP.RUR.TOTL.FE.ZS,40.6013728250301
Vietnam,VNM,1985,"Rural population, female (% of total)",SP.RUR.TOTL.FE.ZS,41.0214408511466
Vietnam,VNM,1980,"Rural population, female (% of total)",SP.RUR.TOTL.FE.ZS,41.2328317971511
Vietnam,VNM,2015,"Rural population, male (% of total)",SP.RUR.TOTL.MA.ZS,33.1741374510098
Vietnam,VNM,2010,"Rural population, male (% of total)",SP.RUR.TOTL.MA.ZS,34.7063910069963
Vietnam,VNM,2005,"Rural population, male (% of total)",SP.RUR.TOTL.MA.ZS,35.8960776004144
Vietnam,VNM,2000,"Rural population, male (% of total)",SP.RUR.TOTL.MA.ZS,37.2923054099496
Vietnam,VNM,1995,"Rural population, male (% of total)",SP.RUR.TOTL.MA.ZS,38.2912391475927
Vietnam,VNM,1990,"Rural population, male (% of total)",SP.RUR.TOTL.MA.ZS,39.1443788184417
Vietnam,VNM,1985,"Rural population, male (% of total)",SP.RUR.TOTL.MA.ZS,39.4174316390412
Vietnam,VNM,1980,"Rural population, male (% of total)",SP.RUR.TOTL.MA.ZS,39.520565412219
Vietnam,VNM,2015,"Urban population, female (% of total)",SP.URB.TOTL.FE.ZS,17.33985822286
Vietnam,VNM,2010,"Urban population, female (% of total)",SP.URB.TOTL.FE.ZS,15.720911428796
Vietnam,VNM,2005,"Urban population, female (% of total)",SP.URB.TOTL.FE.ZS,13.9344069312991
Vietnam,VNM,2000,"Urban population, female (% of total)",SP.URB.TOTL.FE.ZS,12.427059638018
Vietnam,VNM,1995,"Urban population, female (% of total)",SP.URB.TOTL.FE.ZS,11.2325703762168
Vietnam,VNM,1990,"Urban population, female (% of total)",SP.URB.TOTL.FE.ZS,10.2149211278643
Vietnam,VNM,1985,"Urban population, female (% of total)",SP.URB.TOTL.FE.ZS,9.85922345843199
Vietnam,VNM,1980,"Urban population, female (% of total)",SP.URB.TOTL.FE.ZS,9.71255783452949
Vietnam,VNM,2015,"Urban population, male (% of total)",SP.URB.TOTL.MA.ZS,16.2529715374896
Vietnam,VNM,2010,"Urban population, male (% of total)",SP.URB.TOTL.MA.ZS,14.6720271317394
Vietnam,VNM,2005,"Urban population, male (% of total)",SP.URB.TOTL.MA.ZS,13.3469887460564
Vietnam,VNM,2000,"Urban population, male (% of total)",SP.URB.TOTL.MA.ZS,11.9461477598655
Vietnam,VNM,1995,"Urban population, male (% of total)",SP.URB.TOTL.MA.ZS,10.9536963956853
Vietnam,VNM,1990,"Urban population, male (% of total)",SP.URB.TOTL.MA.ZS,10.0393272286639
Vietnam,VNM,1985,"Urban population, male (% of total)",SP.URB.TOTL.MA.ZS,9.7019040513802
Vietnam,VNM,1980,"Urban population, male (% of total)",SP.URB.TOTL.MA.ZS,9.5340449561004
Vietnam,VNM,2002,Demand for family planning satisfied by any methods (% of married women with demand for family planning),SH.FPL.SATI.ZS,92.2
Vietnam,VNM,1997,Demand for family planning satisfied by any methods (% of married women with demand for family planning),SH.FPL.SATI.ZS,90
Vietnam,VNM,2017,Maternal leave benefits (% of wages paid in covered period),SH.MMR.WAGE.ZS,100
Vietnam,VNM,2015,Maternal leave benefits (% of wages paid in covered period),SH.MMR.WAGE.ZS,100
Vietnam,VNM,2013,Maternal leave benefits (% of wages paid in covered period),SH.MMR.WAGE.ZS,100
Vietnam,VNM,2011,Maternal leave benefits (% of wages paid in covered period),SH.MMR.WAGE.ZS,100
Vietnam,VNM,2009,Maternal leave benefits (% of wages paid in covered period),SH.MMR.WAGE.ZS,100
Vietnam,VNM,2015,"Age at first marriage, male",SP.DYN.SMAM.MA,26.9
Vietnam,VNM,2011,"Age at first marriage, male",SP.DYN.SMAM.MA,26.4
Vietnam,VNM,2007,"Age at first marriage, male",SP.DYN.SMAM.MA,26.6
Vietnam,VNM,2005,"Age at first marriage, male",SP.DYN.SMAM.MA,25.9
Vietnam,VNM,2002,"Age at first marriage, male",SP.DYN.SMAM.MA,26.1
Vietnam,VNM,2000,"Age at first marriage, male",SP.DYN.SMAM.MA,26
Vietnam,VNM,1999,"Age at first marriage, male",SP.DYN.SMAM.MA,25.4
Vietnam,VNM,1997,"Age at first marriage, male",SP.DYN.SMAM.MA,26.1
Vietnam,VNM,1989,"Age at first marriage, male",SP.DYN.SMAM.MA,24.4
Vietnam,VNM,2022,"Age population, age 00, female, interpolated",SP.POP.AG00.FE.IN,679391
Vietnam,VNM,2021,"Age population, age 00, female, interpolated",SP.POP.AG00.FE.IN,688989
Vietnam,VNM,2020,"Age population, age 00, female, interpolated",SP.POP.AG00.FE.IN,696928.5
Vietnam,VNM,2019,"Age population, age 00, female, interpolated",SP.POP.AG00.FE.IN,700494
Vietnam,VNM,2018,"Age population, age 00, female, interpolated",SP.POP.AG00.FE.IN,703171
Vietnam,VNM,2017,"Age population, age 00, female, interpolated",SP.POP.AG00.FE.IN,708374
Vietnam,VNM,2016,"Age population, age 00, female, interpolated",SP.POP.AG00.FE.IN,715850
Vietnam,VNM,2015,"Age population, age 00, female, interpolated",SP.POP.AG00.FE.IN,719946.5
Vietnam,VNM,2014,"Age population, age 00, female, interpolated",SP.POP.AG00.FE.IN,720070
Vietnam,VNM,2013,"Age population, age 00, female, interpolated",SP.POP.AG00.FE.IN,714426.5
Vietnam,VNM,2012,"Age population, age 00, female, interpolated",SP.POP.AG00.FE.IN,702274.5
Vietnam,VNM,2011,"Age population, age 00, female, interpolated",SP.POP.AG00.FE.IN,691539.5
Vietnam,VNM,2010,"Age population, age 00, female, interpolated",SP.POP.AG00.FE.IN,686440.5
Vietnam,VNM,2009,"Age population, age 00, female, interpolated",SP.POP.AG00.FE.IN,684865.5
Vietnam,VNM,2008,"Age population, age 00, female, interpolated",SP.POP.AG00.FE.IN,680275.5
Vietnam,VNM,2007,"Age population, age 00, female, interpolated",SP.POP.AG00.FE.IN,672334.5
Vietnam,VNM,2006,"Age population, age 00, female, interpolated",SP.POP.AG00.FE.IN,675776.5
Vietnam,VNM,2005,"Age population, age 00, female, interpolated",SP.POP.AG00.FE.IN,688525
Vietnam,VNM,2004,"Age population, age 00, female, interpolated",SP.POP.AG00.FE.IN,691519
Vietnam,VNM,2003,"Age population, age 00, female, interpolated",SP.POP.AG00.FE.IN,691401.5
Vietnam,VNM,2002,"Age population, age 00, female, interpolated",SP.POP.AG00.FE.IN,687242
Vietnam,VNM,2001,"Age population, age 00, female, interpolated",SP.POP.AG00.FE.IN,678940.5
Vietnam,VNM,2000,"Age population, age 00, female, interpolated",SP.POP.AG00.FE.IN,674001
Vietnam,VNM,1999,"Age population, age 00, female, interpolated",SP.POP.AG00.FE.IN,674813
Vietnam,VNM,1998,"Age population, age 00, female, interpolated",SP.POP.AG00.FE.IN,689156
Vietnam,VNM,1997,"Age population, age 00, female, interpolated",SP.POP.AG00.FE.IN,713397
Vietnam,VNM,1996,"Age population, age 00, female, interpolated",SP.POP.AG00.FE.IN,749265.5
Vietnam,VNM,1995,"Age population, age 00, female, interpolated",SP.POP.AG00.FE.IN,796008.5
Vietnam,VNM,1994,"Age population, age 00, female, interpolated",SP.POP.AG00.FE.IN,839753.5
Vietnam,VNM,1993,"Age population, age 00, female, interpolated",SP.POP.AG00.FE.IN,870704
Vietnam,VNM,1992,"Age population, age 00, female, interpolated",SP.POP.AG00.FE.IN,889627
Vietnam,VNM,1991,"Age population, age 00, female, interpolated",SP.POP.AG00.FE.IN,897929.5
Vietnam,VNM,1990,"Age population, age 00, female, interpolated",SP.POP.AG00.FE.IN,898884.5
Vietnam,VNM,1989,"Age population, age 00, female, interpolated",SP.POP.AG00.FE.IN,898407
Vietnam,VNM,1988,"Age population, age 00, female, interpolated",SP.POP.AG00.FE.IN,898657.5
Vietnam,VNM,1987,"Age population, age 00, female, interpolated",SP.POP.AG00.FE.IN,900436.5
Vietnam,VNM,1986,"Age population, age 00, female, interpolated",SP.POP.AG00.FE.IN,899836
Vietnam,VNM,1985,"Age population, age 00, female, interpolated",SP.POP.AG00.FE.IN,895302.5
Vietnam,VNM,1984,"Age population, age 00, female, interpolated",SP.POP.AG00.FE.IN,888607.5
Vietnam,VNM,1983,"Age population, age 00, female, interpolated",SP.POP.AG00.FE.IN,877584
Vietnam,VNM,1982,"Age population, age 00, female, interpolated",SP.POP.AG00.FE.IN,861986
Vietnam,VNM,1981,"Age population, age 00, female, interpolated",SP.POP.AG00.FE.IN,841110
Vietnam,VNM,1980,"Age population, age 00, female, interpolated",SP.POP.AG00.FE.IN,821960
Vietnam,VNM,1979,"Age population, age 00, female, interpolated",SP.POP.AG00.FE.IN,805756
Vietnam,VNM,1978,"Age population, age 00, female, interpolated",SP.POP.AG00.FE.IN,786527.5
Vietnam,VNM,1977,"Age population, age 00, female, interpolated",SP.POP.AG00.FE.IN,770110
Vietnam,VNM,1976,"Age population, age 00, female, interpolated",SP.POP.AG00.FE.IN,758369
Vietnam,VNM,1975,"Age population, age 00, female, interpolated",SP.POP.AG00.FE.IN,747841.5
Vietnam,VNM,1974,"Age population, age 00, female, interpolated",SP.POP.AG00.FE.IN,747613
Vietnam,VNM,1973,"Age population, age 00, female, interpolated",SP.POP.AG00.FE.IN,738812
Vietnam,VNM,1972,"Age population, age 00, female, interpolated",SP.POP.AG00.FE.IN,712474
Vietnam,VNM,1971,"Age population, age 00, female, interpolated",SP.POP.AG00.FE.IN,687489.5
Vietnam,VNM,1970,"Age population, age 00, female, interpolated",SP.POP.AG00.FE.IN,667602.5
Vietnam,VNM,1969,"Age population, age 00, female, interpolated",SP.POP.AG00.FE.IN,654395.5
Vietnam,VNM,1968,"Age population, age 00, female, interpolated",SP.POP.AG00.FE.IN,637350
Vietnam,VNM,1967,"Age population, age 00, female, interpolated",SP.POP.AG00.FE.IN,626775.5
Vietnam,VNM,1966,"Age population, age 00, female, interpolated",SP.POP.AG00.FE.IN,634101
Vietnam,VNM,1965,"Age population, age 00, female, interpolated",SP.POP.AG00.FE.IN,644762.5
Vietnam,VNM,1964,"Age population, age 00, female, interpolated",SP.POP.AG00.FE.IN,651035
Vietnam,VNM,1963,"Age population, age 00, female, interpolated",SP.POP.AG00.FE.IN,645060.5
Vietnam,VNM,1962,"Age population, age 00, female, interpolated",SP.POP.AG00.FE.IN,595007
Vietnam,VNM,1961,"Age population, age 00, female, interpolated",SP.POP.AG00.FE.IN,588844.5
Vietnam,VNM,1960,"Age population, age 00, female, interpolated",SP.POP.AG00.FE.IN,620156
Vietnam,VNM,2022,"Age population, age 00, male, interpolated",SP.POP.AG00.MA.IN,752632
Vietnam,VNM,2021,"Age population, age 00, male, interpolated",SP.POP.AG00.MA.IN,764573.5
Vietnam,VNM,2020,"Age population, age 00, male, interpolated",SP.POP.AG00.MA.IN,774893.5
Vietnam,VNM,2019,"Age population, age 00, male, interpolated",SP.POP.AG00.MA.IN,780091.5
Vietnam,VNM,2018,"Age population, age 00, male, interpolated",SP.POP.AG00.MA.IN,784001.5
Vietnam,VNM,2017,"Age population, age 00, male, interpolated",SP.POP.AG00.MA.IN,790581.5
Vietnam,VNM,2016,"Age population, age 00, male, interpolated",SP.POP.AG00.MA.IN,799591
Vietnam,VNM,2015,"Age population, age 00, male, interpolated",SP.POP.AG00.MA.IN,804454.5
Vietnam,VNM,2014,"Age population, age 00, male, interpolated",SP.POP.AG00.MA.IN,804539
Vietnam,VNM,2013,"Age population, age 00, male, interpolated",SP.POP.AG00.MA.IN,798139
Vietnam,VNM,2012,"Age population, age 00, male, interpolated",SP.POP.AG00.MA.IN,784164
Vietnam,VNM,2011,"Age population, age 00, male, interpolated",SP.POP.AG00.MA.IN,771331.5
Vietnam,VNM,2010,"Age population, age 00, male, interpolated",SP.POP.AG00.MA.IN,764306.5
Vietnam,VNM,2009,"Age population, age 00, male, interpolated",SP.POP.AG00.MA.IN,760747
Vietnam,VNM,2008,"Age population, age 00, male, interpolated",SP.POP.AG00.MA.IN,753241
Vietnam,VNM,2007,"Age population, age 00, male, interpolated",SP.POP.AG00.MA.IN,740712
Vietnam,VNM,2006,"Age population, age 00, male, interpolated",SP.POP.AG00.MA.IN,739210
Vietnam,VNM,2005,"Age population, age 00, male, interpolated",SP.POP.AG00.MA.IN,747499.5
Vietnam,VNM,2004,"Age population, age 00, male, interpolated",SP.POP.AG00.MA.IN,746207.5
Vietnam,VNM,2003,"Age population, age 00, male, interpolated",SP.POP.AG00.MA.IN,742093
Vietnam,VNM,2002,"Age population, age 00, male, interpolated",SP.POP.AG00.MA.IN,734434.5
Vietnam,VNM,2001,"Age population, age 00, male, interpolated",SP.POP.AG00.MA.IN,723296
Vietnam,VNM,2000,"Age population, age 00, male, interpolated",SP.POP.AG00.MA.IN,715899.5
Vietnam,VNM,1999,"Age population, age 00, male, interpolated",SP.POP.AG00.MA.IN,714923
Vietnam,VNM,1998,"Age population, age 00, male, interpolated",SP.POP.AG00.MA.IN,728855
Vietnam,VNM,1997,"Age population, age 00, male, interpolated",SP.POP.AG00.MA.IN,753759.5
Vietnam,VNM,1996,"Age population, age 00, male, interpolated",SP.POP.AG00.MA.IN,791149
Vietnam,VNM,1995,"Age population, age 00, male, interpolated",SP.POP.AG00.MA.IN,840139
Vietnam,VNM,1994,"Age population, age 00, male, interpolated",SP.POP.AG00.MA.IN,885926
Vietnam,VNM,1993,"Age population, age 00, male, interpolated",SP.POP.AG00.MA.IN,918405
Vietnam,VNM,1992,"Age population, age 00, male, interpolated",SP.POP.AG00.MA.IN,938135
Vietnam,VNM,1991,"Age population, age 00, male, interpolated",SP.POP.AG00.MA.IN,946564.5
Vietnam,VNM,1990,"Age population, age 00, male, interpolated",SP.POP.AG00.MA.IN,947447.5
Vietnam,VNM,1989,"Age population, age 00, male, interpolated",SP.POP.AG00.MA.IN,946647.5
Vietnam,VNM,1988,"Age population, age 00, male, interpolated",SP.POP.AG00.MA.IN,946993
Vietnam,VNM,1987,"Age population, age 00, male, interpolated",SP.POP.AG00.MA.IN,949377
Vietnam,VNM,1986,"Age population, age 00, male, interpolated",SP.POP.AG00.MA.IN,949255.5
Vietnam,VNM,1985,"Age population, age 00, male, interpolated",SP.POP.AG00.MA.IN,944648.5
Vietnam,VNM,1984,"Age population, age 00, male, interpolated",SP.POP.AG00.MA.IN,937387
Vietnam,VNM,1983,"Age population, age 00, male, interpolated",SP.POP.AG00.MA.IN,925576
Vietnam,VNM,1982,"Age population, age 00, male, interpolated",SP.POP.AG00.MA.IN,908892
Vietnam,VNM,1981,"Age population, age 00, male, interpolated",SP.POP.AG00.MA.IN,886714
Vietnam,VNM,1980,"Age population, age 00, male, interpolated",SP.POP.AG00.MA.IN,865874
Vietnam,VNM,1979,"Age population, age 00, male, interpolated",SP.POP.AG00.MA.IN,848767.5
Vietnam,VNM,1978,"Age population, age 00, male, interpolated",SP.POP.AG00.MA.IN,828828
Vietnam,VNM,1977,"Age population, age 00, male, interpolated",SP.POP.AG00.MA.IN,811427.5
Vietnam,VNM,1976,"Age population, age 00, male, interpolated",SP.POP.AG00.MA.IN,799083.5
Vietnam,VNM,1975,"Age population, age 00, male, interpolated",SP.POP.AG00.MA.IN,787952
Vietnam,VNM,1974,"Age population, age 00, male, interpolated",SP.POP.AG00.MA.IN,787737.5
Vietnam,VNM,1973,"Age population, age 00, male, interpolated",SP.POP.AG00.MA.IN,778470.5
Vietnam,VNM,1972,"Age population, age 00, male, interpolated",SP.POP.AG00.MA.IN,750742
Vietnam,VNM,1971,"Age population, age 00, male, interpolated",SP.POP.AG00.MA.IN,724413
Vietnam,VNM,1970,"Age population, age 00, male, interpolated",SP.POP.AG00.MA.IN,703458
Vietnam,VNM,1969,"Age population, age 00, male, interpolated",SP.POP.AG00.MA.IN,689496
Vietnam,VNM,1968,"Age population, age 00, male, interpolated",SP.POP.AG00.MA.IN,671592.5
Vietnam,VNM,1967,"Age population, age 00, male, interpolated",SP.POP.AG00.MA.IN,660592.5
Vietnam,VNM,1966,"Age population, age 00, male, interpolated",SP.POP.AG00.MA.IN,668429.5
Vietnam,VNM,1965,"Age population, age 00, male, interpolated",SP.POP.AG00.MA.IN,679802
Vietnam,VNM,1964,"Age population, age 00, male, interpolated",SP.POP.AG00.MA.IN,686417.5
Vietnam,VNM,1963,"Age population, age 00, male, interpolated",SP.POP.AG00.MA.IN,679957.5
Vietnam,VNM,1962,"Age population, age 00, male, interpolated",SP.POP.AG00.MA.IN,627078.5
Vietnam,VNM,1961,"Age population, age 00, male, interpolated",SP.POP.AG00.MA.IN,620546
Vietnam,VNM,1960,"Age population, age 00, male, interpolated",SP.POP.AG00.MA.IN,653513.5
Vietnam,VNM,2022,"Age population, age 01, female, interpolated",SP.POP.AG01.FE.IN,687703.5
Vietnam,VNM,2021,"Age population, age 01, female, interpolated",SP.POP.AG01.FE.IN,695632
Vietnam,VNM,2020,"Age population, age 01, female, interpolated",SP.POP.AG01.FE.IN,699170
Vietnam,VNM,2019,"Age population, age 01, female, interpolated",SP.POP.AG01.FE.IN,701828
Vietnam,VNM,2018,"Age population, age 01, female, interpolated",SP.POP.AG01.FE.IN,707007.5
Vietnam,VNM,2017,"Age population, age 01, female, interpolated",SP.POP.AG01.FE.IN,714451
Vietnam,VNM,2016,"Age population, age 01, female, interpolated",SP.POP.AG01.FE.IN,718526
Vietnam,VNM,2015,"Age population, age 01, female, interpolated",SP.POP.AG01.FE.IN,718634.5
Vietnam,VNM,2014,"Age population, age 01, female, interpolated",SP.POP.AG01.FE.IN,712981
Vietnam,VNM,2013,"Age population, age 01, female, interpolated",SP.POP.AG01.FE.IN,700833.5
Vietnam,VNM,2012,"Age population, age 01, female, interpolated",SP.POP.AG01.FE.IN,690101
Vietnam,VNM,2011,"Age population, age 01, female, interpolated",SP.POP.AG01.FE.IN,684987.5
Vietnam,VNM,2010,"Age population, age 01, female, interpolated",SP.POP.AG01.FE.IN,683369
Vietnam,VNM,2009,"Age population, age 01, female, interpolated",SP.POP.AG01.FE.IN,678632
Vietnam,VNM,2008,"Age population, age 01, female, interpolated",SP.POP.AG01.FE.IN,670543
Vietnam,VNM,2007,"Age population, age 01, female, interpolated",SP.POP.AG01.FE.IN,673897.5
Vietnam,VNM,2006,"Age population, age 01, female, interpolated",SP.POP.AG01.FE.IN,686534.5
Vietnam,VNM,2005,"Age population, age 01, female, interpolated",SP.POP.AG01.FE.IN,689437
Vietnam,VNM,2004,"Age population, age 01, female, interpolated",SP.POP.AG01.FE.IN,689231
Vietnam,VNM,2003,"Age population, age 01, female, interpolated",SP.POP.AG01.FE.IN,684978
Vietnam,VNM,2002,"Age population, age 01, female, interpolated",SP.POP.AG01.FE.IN,676574
Vietnam,VNM,2001,"Age population, age 01, female, interpolated",SP.POP.AG01.FE.IN,671523.5
Vietnam,VNM,2000,"Age population, age 01, female, interpolated",SP.POP.AG01.FE.IN,672303.5
Vietnam,VNM,1999,"Age population, age 01, female, interpolated",SP.POP.AG01.FE.IN,686788.5
Vietnam,VNM,1998,"Age population, age 01, female, interpolated",SP.POP.AG01.FE.IN,710903
Vietnam,VNM,1997,"Age population, age 01, female, interpolated",SP.POP.AG01.FE.IN,746299.5
Vietnam,VNM,1996,"Age population, age 01, female, interpolated",SP.POP.AG01.FE.IN,792525.5
Vietnam,VNM,1995,"Age population, age 01, female, interpolated",SP.POP.AG01.FE.IN,835573
Vietnam,VNM,1994,"Age population, age 01, female, interpolated",SP.POP.AG01.FE.IN,865828.5
Vietnam,VNM,1993,"Age population, age 01, female, interpolated",SP.POP.AG01.FE.IN,884183.5
Vietnam,VNM,1992,"Age population, age 01, female, interpolated",SP.POP.AG01.FE.IN,891940
Vietnam,VNM,1991,"Age population, age 01, female, interpolated",SP.POP.AG01.FE.IN,892374.5
Vietnam,VNM,1990,"Age population, age 01, female, interpolated",SP.POP.AG01.FE.IN,891377
Vietnam,VNM,1989,"Age population, age 01, female, interpolated",SP.POP.AG01.FE.IN,891315.5
Vietnam,VNM,1988,"Age population, age 01, female, interpolated",SP.POP.AG01.FE.IN,892837.5
Vietnam,VNM,1987,"Age population, age 01, female, interpolated",SP.POP.AG01.FE.IN,891815.5
Vietnam,VNM,1986,"Age population, age 01, female, interpolated",SP.POP.AG01.FE.IN,886928.5
Vietnam,VNM,1985,"Age population, age 01, female, interpolated",SP.POP.AG01.FE.IN,879965
Vietnam,VNM,1984,"Age population, age 01, female, interpolated",SP.POP.AG01.FE.IN,868727
Vietnam,VNM,1983,"Age population, age 01, female, interpolated",SP.POP.AG01.FE.IN,852976
Vietnam,VNM,1982,"Age population, age 01, female, interpolated",SP.POP.AG01.FE.IN,832049.5
Vietnam,VNM,1981,"Age population, age 01, female, interpolated",SP.POP.AG01.FE.IN,812793
Vietnam,VNM,1980,"Age population, age 01, female, interpolated",SP.POP.AG01.FE.IN,797465
Vietnam,VNM,1979,"Age population, age 01, female, interpolated",SP.POP.AG01.FE.IN,777938.5
Vietnam,VNM,1978,"Age population, age 01, female, interpolated",SP.POP.AG01.FE.IN,760430.5
Vietnam,VNM,1977,"Age population, age 01, female, interpolated",SP.POP.AG01.FE.IN,748633.5
Vietnam,VNM,1976,"Age population, age 01, female, interpolated",SP.POP.AG01.FE.IN,737384
Vietnam,VNM,1975,"Age population, age 01, female, interpolated",SP.POP.AG01.FE.IN,734057.5
Vietnam,VNM,1974,"Age population, age 01, female, interpolated",SP.POP.AG01.FE.IN,723333
Vietnam,VNM,1973,"Age population, age 01, female, interpolated",SP.POP.AG01.FE.IN,696617.5
Vietnam,VNM,1972,"Age population, age 01, female, interpolated",SP.POP.AG01.FE.IN,672433
Vietnam,VNM,1971,"Age population, age 01, female, interpolated",SP.POP.AG01.FE.IN,654107
Vietnam,VNM,1970,"Age population, age 01, female, interpolated",SP.POP.AG01.FE.IN,640651.5
Vietnam,VNM,1969,"Age population, age 01, female, interpolated",SP.POP.AG01.FE.IN,623191.5
Vietnam,VNM,1968,"Age population, age 01, female, interpolated",SP.POP.AG01.FE.IN,613423.5
Vietnam,VNM,1967,"Age population, age 01, female, interpolated",SP.POP.AG01.FE.IN,621973.5
Vietnam,VNM,1966,"Age population, age 01, female, interpolated",SP.POP.AG01.FE.IN,632503.5
Vietnam,VNM,1965,"Age population, age 01, female, interpolated",SP.POP.AG01.FE.IN,638774.5
Vietnam,VNM,1964,"Age population, age 01, female, interpolated",SP.POP.AG01.FE.IN,632729
Vietnam,VNM,1963,"Age population, age 01, female, interpolated",SP.POP.AG01.FE.IN,583479
Vietnam,VNM,1962,"Age population, age 01, female, interpolated",SP.POP.AG01.FE.IN,577424
Vietnam,VNM,1961,"Age population, age 01, female, interpolated",SP.POP.AG01.FE.IN,607624.5
Vietnam,VNM,1960,"Age population, age 01, female, interpolated",SP.POP.AG01.FE.IN,596186.5
Vietnam,VNM,2022,"Age population, age 01, male, interpolated",SP.POP.AG01.MA.IN,762818
Vietnam,VNM,2021,"Age population, age 01, male, interpolated",SP.POP.AG01.MA.IN,772936
Vietnam,VNM,2020,"Age population, age 01, male, interpolated",SP.POP.AG01.MA.IN,778104.5
Vietnam,VNM,2019,"Age population, age 01, male, interpolated",SP.POP.AG01.MA.IN,781986
Vietnam,VNM,2018,"Age population, age 01, male, interpolated",SP.POP.AG01.MA.IN,788523
Vietnam,VNM,2017,"Age population, age 01, male, interpolated",SP.POP.AG01.MA.IN,797488.5
Vietnam,VNM,2016,"Age population, age 01, male, interpolated",SP.POP.AG01.MA.IN,802315.5
Vietnam,VNM,2015,"Age population, age 01, male, interpolated",SP.POP.AG01.MA.IN,802366.5
Vietnam,VNM,2014,"Age population, age 01, male, interpolated",SP.POP.AG01.MA.IN,795951.5
Vietnam,VNM,2013,"Age population, age 01, male, interpolated",SP.POP.AG01.MA.IN,781987.5
Vietnam,VNM,2012,"Age population, age 01, male, interpolated",SP.POP.AG01.MA.IN,769158.5
Vietnam,VNM,2011,"Age population, age 01, male, interpolated",SP.POP.AG01.MA.IN,762116
Vietnam,VNM,2010,"Age population, age 01, male, interpolated",SP.POP.AG01.MA.IN,758515
Vietnam,VNM,2009,"Age population, age 01, male, interpolated",SP.POP.AG01.MA.IN,750921.5
Vietnam,VNM,2008,"Age population, age 01, male, interpolated",SP.POP.AG01.MA.IN,738310
Vietnam,VNM,2007,"Age population, age 01, male, interpolated",SP.POP.AG01.MA.IN,736723
Vietnam,VNM,2006,"Age population, age 01, male, interpolated",SP.POP.AG01.MA.IN,744894.5
Vietnam,VNM,2005,"Age population, age 01, male, interpolated",SP.POP.AG01.MA.IN,743507.5
Vietnam,VNM,2004,"Age population, age 01, male, interpolated",SP.POP.AG01.MA.IN,739295
Vietnam,VNM,2003,"Age population, age 01, male, interpolated",SP.POP.AG01.MA.IN,731526.5
Vietnam,VNM,2002,"Age population, age 01, male, interpolated",SP.POP.AG01.MA.IN,720257
Vietnam,VNM,2001,"Age population, age 01, male, interpolated",SP.POP.AG01.MA.IN,712696
Vietnam,VNM,2000,"Age population, age 01, male, interpolated",SP.POP.AG01.MA.IN,711520.5
Vietnam,VNM,1999,"Age population, age 01, male, interpolated",SP.POP.AG01.MA.IN,725393
Vietnam,VNM,1998,"Age population, age 01, male, interpolated",SP.POP.AG01.MA.IN,750026
Vietnam,VNM,1997,"Age population, age 01, male, interpolated",SP.POP.AG01.MA.IN,786794.5
Vietnam,VNM,1996,"Age population, age 01, male, interpolated",SP.POP.AG01.MA.IN,835076
Vietnam,VNM,1995,"Age population, age 01, male, interpolated",SP.POP.AG01.MA.IN,879939.5
Vietnam,VNM,1994,"Age population, age 01, male, interpolated",SP.POP.AG01.MA.IN,911489
Vietnam,VNM,1993,"Age population, age 01, male, interpolated",SP.POP.AG01.MA.IN,930418
Vietnam,VNM,1992,"Age population, age 01, male, interpolated",SP.POP.AG01.MA.IN,938089.5
Vietnam,VNM,1991,"Age population, age 01, male, interpolated",SP.POP.AG01.MA.IN,938239
Vietnam,VNM,1990,"Age population, age 01, male, interpolated",SP.POP.AG01.MA.IN,936714
Vietnam,VNM,1989,"Age population, age 01, male, interpolated",SP.POP.AG01.MA.IN,936679.5
Vietnam,VNM,1988,"Age population, age 01, male, interpolated",SP.POP.AG01.MA.IN,938758.5
Vietnam,VNM,1987,"Age population, age 01, male, interpolated",SP.POP.AG01.MA.IN,938115
Vietnam,VNM,1986,"Age population, age 01, male, interpolated",SP.POP.AG01.MA.IN,933044
Vietnam,VNM,1985,"Age population, age 01, male, interpolated",SP.POP.AG01.MA.IN,925411.5
Vietnam,VNM,1984,"Age population, age 01, male, interpolated",SP.POP.AG01.MA.IN,913366.5
Vietnam,VNM,1983,"Age population, age 01, male, interpolated",SP.POP.AG01.MA.IN,896505
Vietnam,VNM,1982,"Age population, age 01, male, interpolated",SP.POP.AG01.MA.IN,874217.5
Vietnam,VNM,1981,"Age population, age 01, male, interpolated",SP.POP.AG01.MA.IN,853234
Vietnam,VNM,1980,"Age population, age 01, male, interpolated",SP.POP.AG01.MA.IN,837758
Vietnam,VNM,1979,"Age population, age 01, male, interpolated",SP.POP.AG01.MA.IN,817354.5
Vietnam,VNM,1978,"Age population, age 01, male, interpolated",SP.POP.AG01.MA.IN,797837
Vietnam,VNM,1977,"Age population, age 01, male, interpolated",SP.POP.AG01.MA.IN,785285.5
Vietnam,VNM,1976,"Age population, age 01, male, interpolated",SP.POP.AG01.MA.IN,773316
Vietnam,VNM,1975,"Age population, age 01, male, interpolated",SP.POP.AG01.MA.IN,769304
Vietnam,VNM,1974,"Age population, age 01, male, interpolated",SP.POP.AG01.MA.IN,757542.5
Vietnam,VNM,1973,"Age population, age 01, male, interpolated",SP.POP.AG01.MA.IN,729217
Vietnam,VNM,1972,"Age population, age 01, male, interpolated",SP.POP.AG01.MA.IN,703790
Vietnam,VNM,1971,"Age population, age 01, male, interpolated",SP.POP.AG01.MA.IN,684735
Vietnam,VNM,1970,"Age population, age 01, male, interpolated",SP.POP.AG01.MA.IN,670463
Vietnam,VNM,1969,"Age population, age 01, male, interpolated",SP.POP.AG01.MA.IN,652023.5
Vietnam,VNM,1968,"Age population, age 01, male, interpolated",SP.POP.AG01.MA.IN,642039.5
Vietnam,VNM,1967,"Age population, age 01, male, interpolated",SP.POP.AG01.MA.IN,651369
Vietnam,VNM,1966,"Age population, age 01, male, interpolated",SP.POP.AG01.MA.IN,662552.5
Vietnam,VNM,1965,"Age population, age 01, male, interpolated",SP.POP.AG01.MA.IN,669234.5
Vietnam,VNM,1964,"Age population, age 01, male, interpolated",SP.POP.AG01.MA.IN,662658.5
Vietnam,VNM,1963,"Age population, age 01, male, interpolated",SP.POP.AG01.MA.IN,610813.5
Vietnam,VNM,1962,"Age population, age 01, male, interpolated",SP.POP.AG01.MA.IN,604364.5
Vietnam,VNM,1961,"Age population, age 01, male, interpolated",SP.POP.AG01.MA.IN,635716.5
Vietnam,VNM,1960,"Age population, age 01, male, interpolated",SP.POP.AG01.MA.IN,623385
Vietnam,VNM,2022,"Age population, age 02, female, interpolated",SP.POP.AG02.FE.IN,694829
Vietnam,VNM,2021,"Age population, age 02, female, interpolated",SP.POP.AG02.FE.IN,698403.5
Vietnam,VNM,2020,"Age population, age 02, female, interpolated",SP.POP.AG02.FE.IN,701046
Vietnam,VNM,2019,"Age population, age 02, female, interpolated",SP.POP.AG02.FE.IN,706212.5
Vietnam,VNM,2018,"Age population, age 02, female, interpolated",SP.POP.AG02.FE.IN,713640.5
Vietnam,VNM,2017,"Age population, age 02, female, interpolated",SP.POP.AG02.FE.IN,717700
Vietnam,VNM,2016,"Age population, age 02, female, interpolated",SP.POP.AG02.FE.IN,717800
Vietnam,VNM,2015,"Age population, age 02, female, interpolated",SP.POP.AG02.FE.IN,712144.5
Vietnam,VNM,2014,"Age population, age 02, female, interpolated",SP.POP.AG02.FE.IN,699999.5
Vietnam,VNM,2013,"Age population, age 02, female, interpolated",SP.POP.AG02.FE.IN,689269.5
Vietnam,VNM,2012,"Age population, age 02, female, interpolated",SP.POP.AG02.FE.IN,684151.5
Vietnam,VNM,2011,"Age population, age 02, female, interpolated",SP.POP.AG02.FE.IN,682518.5
Vietnam,VNM,2010,"Age population, age 02, female, interpolated",SP.POP.AG02.FE.IN,677752.5
Vietnam,VNM,2009,"Age population, age 02, female, interpolated",SP.POP.AG02.FE.IN,669541
Vietnam,VNM,2008,"Age population, age 02, female, interpolated",SP.POP.AG02.FE.IN,672751.5
Vietnam,VNM,2007,"Age population, age 02, female, interpolated",SP.POP.AG02.FE.IN,685311.5
Vietnam,VNM,2006,"Age population, age 02, female, interpolated",SP.POP.AG02.FE.IN,688153
Vietnam,VNM,2005,"Age population, age 02, female, interpolated",SP.POP.AG02.FE.IN,687893
Vietnam,VNM,2004,"Age population, age 02, female, interpolated",SP.POP.AG02.FE.IN,683593
Vietnam,VNM,2003,"Age population, age 02, female, interpolated",SP.POP.AG02.FE.IN,675138.5
Vietnam,VNM,2002,"Age population, age 02, female, interpolated",SP.POP.AG02.FE.IN,670020.5
Vietnam,VNM,2001,"Age population, age 02, female, interpolated",SP.POP.AG02.FE.IN,670728
Vietnam,VNM,2000,"Age population, age 02, female, interpolated",SP.POP.AG02.FE.IN,685216
Vietnam,VNM,1999,"Age population, age 02, female, interpolated",SP.POP.AG02.FE.IN,709503.5
Vietnam,VNM,1998,"Age population, age 02, female, interpolated",SP.POP.AG02.FE.IN,744835
Vietnam,VNM,1997,"Age population, age 02, female, interpolated",SP.POP.AG02.FE.IN,790739.5
Vietnam,VNM,1996,"Age population, age 02, female, interpolated",SP.POP.AG02.FE.IN,833504
Vietnam,VNM,1995,"Age population, age 02, female, interpolated",SP.POP.AG02.FE.IN,863362.5
Vietnam,VNM,1994,"Age population, age 02, female, interpolated",SP.POP.AG02.FE.IN,881327
Vietnam,VNM,1993,"Age population, age 02, female, interpolated",SP.POP.AG02.FE.IN,888804
Vietnam,VNM,1992,"Age population, age 02, female, interpolated",SP.POP.AG02.FE.IN,888968.5
Vietnam,VNM,1991,"Age population, age 02, female, interpolated",SP.POP.AG02.FE.IN,887708
Vietnam,VNM,1990,"Age population, age 02, female, interpolated",SP.POP.AG02.FE.IN,887372.5
Vietnam,VNM,1989,"Age population, age 02, female, interpolated",SP.POP.AG02.FE.IN,888937
Vietnam,VNM,1988,"Age population, age 02, female, interpolated",SP.POP.AG02.FE.IN,888059.5
Vietnam,VNM,1987,"Age population, age 02, female, interpolated",SP.POP.AG02.FE.IN,883024
Vietnam,VNM,1986,"Age population, age 02, female, interpolated",SP.POP.AG02.FE.IN,875890.5
Vietnam,VNM,1985,"Age population, age 02, female, interpolated",SP.POP.AG02.FE.IN,864529.5
Vietnam,VNM,1984,"Age population, age 02, female, interpolated",SP.POP.AG02.FE.IN,848705
Vietnam,VNM,1983,"Age population, age 02, female, interpolated",SP.POP.AG02.FE.IN,827753.5
Vietnam,VNM,1982,"Age population, age 02, female, interpolated",SP.POP.AG02.FE.IN,808484.5
Vietnam,VNM,1981,"Age population, age 02, female, interpolated",SP.POP.AG02.FE.IN,793066.5
Vietnam,VNM,1980,"Age population, age 02, female, interpolated",SP.POP.AG02.FE.IN,775333.5
Vietnam,VNM,1979,"Age population, age 02, female, interpolated",SP.POP.AG02.FE.IN,757442.5
Vietnam,VNM,1978,"Age population, age 02, female, interpolated",SP.POP.AG02.FE.IN,743598
Vietnam,VNM,1977,"Age population, age 02, female, interpolated",SP.POP.AG02.FE.IN,732375.5
Vietnam,VNM,1976,"Age population, age 02, female, interpolated",SP.POP.AG02.FE.IN,728443
Vietnam,VNM,1975,"Age population, age 02, female, interpolated",SP.POP.AG02.FE.IN,715402.5
Vietnam,VNM,1974,"Age population, age 02, female, interpolated",SP.POP.AG02.FE.IN,687369
Vietnam,VNM,1973,"Age population, age 02, female, interpolated",SP.POP.AG02.FE.IN,662908
Vietnam,VNM,1972,"Age population, age 02, female, interpolated",SP.POP.AG02.FE.IN,645133
Vietnam,VNM,1971,"Age population, age 02, female, interpolated",SP.POP.AG02.FE.IN,632788.5
Vietnam,VNM,1970,"Age population, age 02, female, interpolated",SP.POP.AG02.FE.IN,615176
Vietnam,VNM,1969,"Age population, age 02, female, interpolated",SP.POP.AG02.FE.IN,604968
Vietnam,VNM,1968,"Age population, age 02, female, interpolated",SP.POP.AG02.FE.IN,613968
Vietnam,VNM,1967,"Age population, age 02, female, interpolated",SP.POP.AG02.FE.IN,625549.5
Vietnam,VNM,1966,"Age population, age 02, female, interpolated",SP.POP.AG02.FE.IN,631861
Vietnam,VNM,1965,"Age population, age 02, female, interpolated",SP.POP.AG02.FE.IN,626029
Vietnam,VNM,1964,"Age population, age 02, female, interpolated",SP.POP.AG02.FE.IN,577318
Vietnam,VNM,1963,"Age population, age 02, female, interpolated",SP.POP.AG02.FE.IN,571457.5
Vietnam,VNM,1962,"Age population, age 02, female, interpolated",SP.POP.AG02.FE.IN,601588
Vietnam,VNM,1961,"Age population, age 02, female, interpolated",SP.POP.AG02.FE.IN,590143
Vietnam,VNM,1960,"Age population, age 02, female, interpolated",SP.POP.AG02.FE.IN,576003.5
Vietnam,VNM,2022,"Age population, age 02, male, interpolated",SP.POP.AG02.MA.IN,772005
Vietnam,VNM,2021,"Age population, age 02, male, interpolated",SP.POP.AG02.MA.IN,777057.5
Vietnam,VNM,2020,"Age population, age 02, male, interpolated",SP.POP.AG02.MA.IN,780934
Vietnam,VNM,2019,"Age population, age 02, male, interpolated",SP.POP.AG02.MA.IN,787460.5
Vietnam,VNM,2018,"Age population, age 02, male, interpolated",SP.POP.AG02.MA.IN,796400.5
Vietnam,VNM,2017,"Age population, age 02, male, interpolated",SP.POP.AG02.MA.IN,801213.5
Vietnam,VNM,2016,"Age population, age 02, male, interpolated",SP.POP.AG02.MA.IN,801254.5
Vietnam,VNM,2015,"Age population, age 02, male, interpolated",SP.POP.AG02.MA.IN,794829.5
Vietnam,VNM,2014,"Age population, age 02, male, interpolated",SP.POP.AG02.MA.IN,780870
Vietnam,VNM,2013,"Age population, age 02, male, interpolated",SP.POP.AG02.MA.IN,768049.5
Vietnam,VNM,2012,"Age population, age 02, male, interpolated",SP.POP.AG02.MA.IN,761002
Vietnam,VNM,2011,"Age population, age 02, male, interpolated",SP.POP.AG02.MA.IN,757385.5
Vietnam,VNM,2010,"Age population, age 02, male, interpolated",SP.POP.AG02.MA.IN,749773
Vietnam,VNM,2009,"Age population, age 02, male, interpolated",SP.POP.AG02.MA.IN,737115
Vietnam,VNM,2008,"Age population, age 02, male, interpolated",SP.POP.AG02.MA.IN,735458
Vietnam,VNM,2007,"Age population, age 02, male, interpolated",SP.POP.AG02.MA.IN,743563.5
Vietnam,VNM,2006,"Age population, age 02, male, interpolated",SP.POP.AG02.MA.IN,742129.5
Vietnam,VNM,2005,"Age population, age 02, male, interpolated",SP.POP.AG02.MA.IN,737875
Vietnam,VNM,2004,"Age population, age 02, male, interpolated",SP.POP.AG02.MA.IN,730065
Vietnam,VNM,2003,"Age population, age 02, male, interpolated",SP.POP.AG02.MA.IN,718745
Vietnam,VNM,2002,"Age population, age 02, male, interpolated",SP.POP.AG02.MA.IN,711108
Vietnam,VNM,2001,"Age population, age 02, male, interpolated",SP.POP.AG02.MA.IN,709832
Vietnam,VNM,2000,"Age population, age 02, male, interpolated",SP.POP.AG02.MA.IN,723553.5
Vietnam,VNM,1999,"Age population, age 02, male, interpolated",SP.POP.AG02.MA.IN,748195
Vietnam,VNM,1998,"Age population, age 02, male, interpolated",SP.POP.AG02.MA.IN,784827.5
Vietnam,VNM,1997,"Age population, age 02, male, interpolated",SP.POP.AG02.MA.IN,832735
Vietnam,VNM,1996,"Age population, age 02, male, interpolated",SP.POP.AG02.MA.IN,877255
Vietnam,VNM,1995,"Age population, age 02, male, interpolated",SP.POP.AG02.MA.IN,908336.5
Vietnam,VNM,1994,"Age population, age 02, male, interpolated",SP.POP.AG02.MA.IN,926795
Vietnam,VNM,1993,"Age population, age 02, male, interpolated",SP.POP.AG02.MA.IN,934098
Vietnam,VNM,1992,"Age population, age 02, male, interpolated",SP.POP.AG02.MA.IN,933895
Vietnam,VNM,1991,"Age population, age 02, male, interpolated",SP.POP.AG02.MA.IN,932005
Vietnam,VNM,1990,"Age population, age 02, male, interpolated",SP.POP.AG02.MA.IN,931592.5
Vietnam,VNM,1989,"Age population, age 02, male, interpolated",SP.POP.AG02.MA.IN,933726
Vietnam,VNM,1988,"Age population, age 02, male, interpolated",SP.POP.AG02.MA.IN,933262
Vietnam,VNM,1987,"Age population, age 02, male, interpolated",SP.POP.AG02.MA.IN,928035.5
Vietnam,VNM,1986,"Age population, age 02, male, interpolated",SP.POP.AG02.MA.IN,920199.5
Vietnam,VNM,1985,"Age population, age 02, male, interpolated",SP.POP.AG02.MA.IN,908003
Vietnam,VNM,1984,"Age population, age 02, male, interpolated",SP.POP.AG02.MA.IN,891097
Vietnam,VNM,1983,"Age population, age 02, male, interpolated",SP.POP.AG02.MA.IN,868785
Vietnam,VNM,1982,"Age population, age 02, male, interpolated",SP.POP.AG02.MA.IN,847749.5
Vietnam,VNM,1981,"Age population, age 02, male, interpolated",SP.POP.AG02.MA.IN,832169.5
Vietnam,VNM,1980,"Age population, age 02, male, interpolated",SP.POP.AG02.MA.IN,814211.5
Vietnam,VNM,1979,"Age population, age 02, male, interpolated",SP.POP.AG02.MA.IN,794202
Vietnam,VNM,1978,"Age population, age 02, male, interpolated",SP.POP.AG02.MA.IN,778782
Vietnam,VNM,1977,"Age population, age 02, male, interpolated",SP.POP.AG02.MA.IN,766739.5
Vietnam,VNM,1976,"Age population, age 02, male, interpolated",SP.POP.AG02.MA.IN,762112.5
Vietnam,VNM,1975,"Age population, age 02, male, interpolated",SP.POP.AG02.MA.IN,747939.5
Vietnam,VNM,1974,"Age population, age 02, male, interpolated",SP.POP.AG02.MA.IN,718145.5
Vietnam,VNM,1973,"Age population, age 02, male, interpolated",SP.POP.AG02.MA.IN,692341
Vietnam,VNM,1972,"Age population, age 02, male, interpolated",SP.POP.AG02.MA.IN,673857
Vietnam,VNM,1971,"Age population, age 02, male, interpolated",SP.POP.AG02.MA.IN,660747
Vietnam,VNM,1970,"Age population, age 02, male, interpolated",SP.POP.AG02.MA.IN,642133
Vietnam,VNM,1969,"Age population, age 02, male, interpolated",SP.POP.AG02.MA.IN,631652.5
Vietnam,VNM,1968,"Age population, age 02, male, interpolated",SP.POP.AG02.MA.IN,641369.5
Vietnam,VNM,1967,"Age population, age 02, male, interpolated",SP.POP.AG02.MA.IN,653578
Vietnam,VNM,1966,"Age population, age 02, male, interpolated",SP.POP.AG02.MA.IN,660269
Vietnam,VNM,1965,"Age population, age 02, male, interpolated",SP.POP.AG02.MA.IN,653979.5
Vietnam,VNM,1964,"Age population, age 02, male, interpolated",SP.POP.AG02.MA.IN,602784
Vietnam,VNM,1963,"Age population, age 02, male, interpolated",SP.POP.AG02.MA.IN,596462
Vietnam,VNM,1962,"Age population, age 02, male, interpolated",SP.POP.AG02.MA.IN,627603
Vietnam,VNM,1961,"Age population, age 02, male, interpolated",SP.POP.AG02.MA.IN,615164.5
Vietnam,VNM,1960,"Age population, age 02, male, interpolated",SP.POP.AG02.MA.IN,599920.5
Vietnam,VNM,2022,"Age population, age 03, female, interpolated",SP.POP.AG03.FE.IN,697741
Vietnam,VNM,2021,"Age population, age 03, female, interpolated",SP.POP.AG03.FE.IN,700420.5
Vietnam,VNM,2020,"Age population, age 03, female, interpolated",SP.POP.AG03.FE.IN,705574
Vietnam,VNM,2019,"Age population, age 03, female, interpolated",SP.POP.AG03.FE.IN,712990
Vietnam,VNM,2018,"Age population, age 03, female, interpolated",SP.POP.AG03.FE.IN,717040.5
Vietnam,VNM,2017,"Age population, age 03, female, interpolated",SP.POP.AG03.FE.IN,717134
Vietnam,VNM,2016,"Age population, age 03, female, interpolated",SP.POP.AG03.FE.IN,711478.5
Vietnam,VNM,2015,"Age population, age 03, female, interpolated",SP.POP.AG03.FE.IN,699339
Vietnam,VNM,2014,"Age population, age 03, female, interpolated",SP.POP.AG03.FE.IN,688612
Vietnam,VNM,2013,"Age population, age 03, female, interpolated",SP.POP.AG03.FE.IN,683491.5
Vietnam,VNM,2012,"Age population, age 03, female, interpolated",SP.POP.AG03.FE.IN,681853
Vietnam,VNM,2011,"Age population, age 03, female, interpolated",SP.POP.AG03.FE.IN,677082
Vietnam,VNM,2010,"Age population, age 03, female, interpolated",SP.POP.AG03.FE.IN,668852
Vietnam,VNM,2009,"Age population, age 03, female, interpolated",SP.POP.AG03.FE.IN,671947
Vietnam,VNM,2008,"Age population, age 03, female, interpolated",SP.POP.AG03.FE.IN,684378
Vietnam,VNM,2007,"Age population, age 03, female, interpolated",SP.POP.AG03.FE.IN,687170
Vietnam,VNM,2006,"Age population, age 03, female, interpolated",SP.POP.AG03.FE.IN,686867.5
Vietnam,VNM,2005,"Age population, age 03, female, interpolated",SP.POP.AG03.FE.IN,682534.5
Vietnam,VNM,2004,"Age population, age 03, female, interpolated",SP.POP.AG03.FE.IN,674055
Vietnam,VNM,2003,"Age population, age 03, female, interpolated",SP.POP.AG03.FE.IN,668903
Vietnam,VNM,2002,"Age population, age 03, female, interpolated",SP.POP.AG03.FE.IN,669563
Vietnam,VNM,2001,"Age population, age 03, female, interpolated",SP.POP.AG03.FE.IN,683996.5
Vietnam,VNM,2000,"Age population, age 03, female, interpolated",SP.POP.AG03.FE.IN,708314.5
Vietnam,VNM,1999,"Age population, age 03, female, interpolated",SP.POP.AG03.FE.IN,743819.5
Vietnam,VNM,1998,"Age population, age 03, female, interpolated",SP.POP.AG03.FE.IN,789700.5
Vietnam,VNM,1997,"Age population, age 03, female, interpolated",SP.POP.AG03.FE.IN,832270.5
Vietnam,VNM,1996,"Age population, age 03, female, interpolated",SP.POP.AG03.FE.IN,861999.5
Vietnam,VNM,1995,"Age population, age 03, female, interpolated",SP.POP.AG03.FE.IN,879732.5
Vietnam,VNM,1994,"Age population, age 03, female, interpolated",SP.POP.AG03.FE.IN,886989
Vietnam,VNM,1993,"Age population, age 03, female, interpolated",SP.POP.AG03.FE.IN,887018.5
Vietnam,VNM,1992,"Age population, age 03, female, interpolated",SP.POP.AG03.FE.IN,885630
Vietnam,VNM,1991,"Age population, age 03, female, interpolated",SP.POP.AG03.FE.IN,885157
Vietnam,VNM,1990,"Age population, age 03, female, interpolated",SP.POP.AG03.FE.IN,886573
Vietnam,VNM,1989,"Age population, age 03, female, interpolated",SP.POP.AG03.FE.IN,885914.5
Vietnam,VNM,1988,"Age population, age 03, female, interpolated",SP.POP.AG03.FE.IN,881198
Vietnam,VNM,1987,"Age population, age 03, female, interpolated",SP.POP.AG03.FE.IN,874074
Vietnam,VNM,1986,"Age population, age 03, female, interpolated",SP.POP.AG03.FE.IN,862617
Vietnam,VNM,1985,"Age population, age 03, female, interpolated",SP.POP.AG03.FE.IN,846706.5
Vietnam,VNM,1984,"Age population, age 03, female, interpolated",SP.POP.AG03.FE.IN,825760.5
Vietnam,VNM,1983,"Age population, age 03, female, interpolated",SP.POP.AG03.FE.IN,806517.5
Vietnam,VNM,1982,"Age population, age 03, female, interpolated",SP.POP.AG03.FE.IN,791067.5
Vietnam,VNM,1981,"Age population, age 03, female, interpolated",SP.POP.AG03.FE.IN,773239.5
Vietnam,VNM,1980,"Age population, age 03, female, interpolated",SP.POP.AG03.FE.IN,757474
Vietnam,VNM,1979,"Age population, age 03, female, interpolated",SP.POP.AG03.FE.IN,743170.5
Vietnam,VNM,1978,"Age population, age 03, female, interpolated",SP.POP.AG03.FE.IN,729391
Vietnam,VNM,1977,"Age population, age 03, female, interpolated",SP.POP.AG03.FE.IN,725350
Vietnam,VNM,1976,"Age population, age 03, female, interpolated",SP.POP.AG03.FE.IN,711896
Vietnam,VNM,1975,"Age population, age 03, female, interpolated",SP.POP.AG03.FE.IN,682315.5
Vietnam,VNM,1974,"Age population, age 03, female, interpolated",SP.POP.AG03.FE.IN,656847
Vietnam,VNM,1973,"Age population, age 03, female, interpolated",SP.POP.AG03.FE.IN,638758.5
Vietnam,VNM,1972,"Age population, age 03, female, interpolated",SP.POP.AG03.FE.IN,626777.5
Vietnam,VNM,1971,"Age population, age 03, female, interpolated",SP.POP.AG03.FE.IN,609971
Vietnam,VNM,1970,"Age population, age 03, female, interpolated",SP.POP.AG03.FE.IN,599540
Vietnam,VNM,1969,"Age population, age 03, female, interpolated",SP.POP.AG03.FE.IN,608028.5
Vietnam,VNM,1968,"Age population, age 03, female, interpolated",SP.POP.AG03.FE.IN,619844
Vietnam,VNM,1967,"Age population, age 03, female, interpolated",SP.POP.AG03.FE.IN,626893.5
Vietnam,VNM,1966,"Age population, age 03, female, interpolated",SP.POP.AG03.FE.IN,621171.5
Vietnam,VNM,1965,"Age population, age 03, female, interpolated",SP.POP.AG03.FE.IN,572920
Vietnam,VNM,1964,"Age population, age 03, female, interpolated",SP.POP.AG03.FE.IN,567091
Vietnam,VNM,1963,"Age population, age 03, female, interpolated",SP.POP.AG03.FE.IN,597102
Vietnam,VNM,1962,"Age population, age 03, female, interpolated",SP.POP.AG03.FE.IN,585925
Vietnam,VNM,1961,"Age population, age 03, female, interpolated",SP.POP.AG03.FE.IN,571755
Vietnam,VNM,1960,"Age population, age 03, female, interpolated",SP.POP.AG03.FE.IN,535921
Vietnam,VNM,2022,"Age population, age 03, male, interpolated",SP.POP.AG03.MA.IN,776090
Vietnam,VNM,2021,"Age population, age 03, male, interpolated",SP.POP.AG03.MA.IN,779847
Vietnam,VNM,2020,"Age population, age 03, male, interpolated",SP.POP.AG03.MA.IN,786357.5
Vietnam,VNM,2019,"Age population, age 03, male, interpolated",SP.POP.AG03.MA.IN,795274
Vietnam,VNM,2018,"Age population, age 03, male, interpolated",SP.POP.AG03.MA.IN,800066.5
Vietnam,VNM,2017,"Age population, age 03, male, interpolated",SP.POP.AG03.MA.IN,800100
Vietnam,VNM,2016,"Age population, age 03, male, interpolated",SP.POP.AG03.MA.IN,793673.5
Vietnam,VNM,2015,"Age population, age 03, male, interpolated",SP.POP.AG03.MA.IN,779719.5
Vietnam,VNM,2014,"Age population, age 03, male, interpolated",SP.POP.AG03.MA.IN,766905.5
Vietnam,VNM,2013,"Age population, age 03, male, interpolated",SP.POP.AG03.MA.IN,759856
Vietnam,VNM,2012,"Age population, age 03, male, interpolated",SP.POP.AG03.MA.IN,756230
Vietnam,VNM,2011,"Age population, age 03, male, interpolated",SP.POP.AG03.MA.IN,748609.5
Vietnam,VNM,2010,"Age population, age 03, male, interpolated",SP.POP.AG03.MA.IN,735944
Vietnam,VNM,2009,"Age population, age 03, male, interpolated",SP.POP.AG03.MA.IN,734248.5
Vietnam,VNM,2008,"Age population, age 03, male, interpolated",SP.POP.AG03.MA.IN,742300
Vietnam,VNM,2007,"Age population, age 03, male, interpolated",SP.POP.AG03.MA.IN,740833
Vietnam,VNM,2006,"Age population, age 03, male, interpolated",SP.POP.AG03.MA.IN,736549
Vietnam,VNM,2005,"Age population, age 03, male, interpolated",SP.POP.AG03.MA.IN,728712.5
Vietnam,VNM,2004,"Age population, age 03, male, interpolated",SP.POP.AG03.MA.IN,717365
Vietnam,VNM,2003,"Age population, age 03, male, interpolated",SP.POP.AG03.MA.IN,709685
Vietnam,VNM,2002,"Age population, age 03, male, interpolated",SP.POP.AG03.MA.IN,708340
Vietnam,VNM,2001,"Age population, age 03, male, interpolated",SP.POP.AG03.MA.IN,721951
Vietnam,VNM,2000,"Age population, age 03, male, interpolated",SP.POP.AG03.MA.IN,746414
Vietnam,VNM,1999,"Age population, age 03, male, interpolated",SP.POP.AG03.MA.IN,782994.5
Vietnam,VNM,1998,"Age population, age 03, male, interpolated",SP.POP.AG03.MA.IN,830760
Vietnam,VNM,1997,"Age population, age 03, male, interpolated",SP.POP.AG03.MA.IN,874955.5
Vietnam,VNM,1996,"Age population, age 03, male, interpolated",SP.POP.AG03.MA.IN,905775
Vietnam,VNM,1995,"Age population, age 03, male, interpolated",SP.POP.AG03.MA.IN,923876
Vietnam,VNM,1994,"Age population, age 03, male, interpolated",SP.POP.AG03.MA.IN,930838
Vietnam,VNM,1993,"Age population, age 03, male, interpolated",SP.POP.AG03.MA.IN,930385.5
Vietnam,VNM,1992,"Age population, age 03, male, interpolated",SP.POP.AG03.MA.IN,928256
Vietnam,VNM,1991,"Age population, age 03, male, interpolated",SP.POP.AG03.MA.IN,927580.5
Vietnam,VNM,1990,"Age population, age 03, male, interpolated",SP.POP.AG03.MA.IN,929437
Vietnam,VNM,1989,"Age population, age 03, male, interpolated",SP.POP.AG03.MA.IN,929193
Vietnam,VNM,1988,"Age population, age 03, male, interpolated",SP.POP.AG03.MA.IN,924334.5
Vietnam,VNM,1987,"Age population, age 03, male, interpolated",SP.POP.AG03.MA.IN,916455.5
Vietnam,VNM,1986,"Age population, age 03, male, interpolated",SP.POP.AG03.MA.IN,904128.5
Vietnam,VNM,1985,"Age population, age 03, male, interpolated",SP.POP.AG03.MA.IN,887116
Vietnam,VNM,1984,"Age population, age 03, male, interpolated",SP.POP.AG03.MA.IN,864792
Vietnam,VNM,1983,"Age population, age 03, male, interpolated",SP.POP.AG03.MA.IN,843787.5
Vietnam,VNM,1982,"Age population, age 03, male, interpolated",SP.POP.AG03.MA.IN,828172
Vietnam,VNM,1981,"Age population, age 03, male, interpolated",SP.POP.AG03.MA.IN,810098
Vietnam,VNM,1980,"Age population, age 03, male, interpolated",SP.POP.AG03.MA.IN,792782
Vietnam,VNM,1979,"Age population, age 03, male, interpolated",SP.POP.AG03.MA.IN,776772.5
Vietnam,VNM,1978,"Age population, age 03, male, interpolated",SP.POP.AG03.MA.IN,761476.5
Vietnam,VNM,1977,"Age population, age 03, male, interpolated",SP.POP.AG03.MA.IN,756741
Vietnam,VNM,1976,"Age population, age 03, male, interpolated",SP.POP.AG03.MA.IN,742160
Vietnam,VNM,1975,"Age population, age 03, male, interpolated",SP.POP.AG03.MA.IN,710918
Vietnam,VNM,1974,"Age population, age 03, male, interpolated",SP.POP.AG03.MA.IN,684201.5
Vietnam,VNM,1973,"Age population, age 03, male, interpolated",SP.POP.AG03.MA.IN,665461.5
Vietnam,VNM,1972,"Age population, age 03, male, interpolated",SP.POP.AG03.MA.IN,652712.5
Vietnam,VNM,1971,"Age population, age 03, male, interpolated",SP.POP.AG03.MA.IN,634902
Vietnam,VNM,1970,"Age population, age 03, male, interpolated",SP.POP.AG03.MA.IN,624208.5
Vietnam,VNM,1969,"Age population, age 03, male, interpolated",SP.POP.AG03.MA.IN,633374
Vietnam,VNM,1968,"Age population, age 03, male, interpolated",SP.POP.AG03.MA.IN,645793.5
Vietnam,VNM,1967,"Age population, age 03, male, interpolated",SP.POP.AG03.MA.IN,653210.5
Vietnam,VNM,1966,"Age population, age 03, male, interpolated",SP.POP.AG03.MA.IN,647057.5
Vietnam,VNM,1965,"Age population, age 03, male, interpolated",SP.POP.AG03.MA.IN,596480.5
Vietnam,VNM,1964,"Age population, age 03, male, interpolated",SP.POP.AG03.MA.IN,590175
Vietnam,VNM,1963,"Age population, age 03, male, interpolated",SP.POP.AG03.MA.IN,621030.5
Vietnam,VNM,1962,"Age population, age 03, male, interpolated",SP.POP.AG03.MA.IN,608820.5
Vietnam,VNM,1961,"Age population, age 03, male, interpolated",SP.POP.AG03.MA.IN,593520
Vietnam,VNM,1960,"Age population, age 03, male, interpolated",SP.POP.AG03.MA.IN,555911
Vietnam,VNM,2022,"Age population, age 04, female, interpolated",SP.POP.AG04.FE.IN,699873
Vietnam,VNM,2021,"Age population, age 04, female, interpolated",SP.POP.AG04.FE.IN,705059.5
Vietnam,VNM,2020,"Age population, age 04, female, interpolated",SP.POP.AG04.FE.IN,712464
Vietnam,VNM,2019,"Age population, age 04, female, interpolated",SP.POP.AG04.FE.IN,716508
Vietnam,VNM,2018,"Age population, age 04, female, interpolated",SP.POP.AG04.FE.IN,716597
Vietnam,VNM,2017,"Age population, age 04, female, interpolated",SP.POP.AG04.FE.IN,710941.5
Vietnam,VNM,2016,"Age population, age 04, female, interpolated",SP.POP.AG04.FE.IN,698808
Vietnam,VNM,2015,"Age population, age 04, female, interpolated",SP.POP.AG04.FE.IN,688085
Vietnam,VNM,2014,"Age population, age 04, female, interpolated",SP.POP.AG04.FE.IN,682964
Vietnam,VNM,2013,"Age population, age 04, female, interpolated",SP.POP.AG04.FE.IN,681322.5
Vietnam,VNM,2012,"Age population, age 04, female, interpolated",SP.POP.AG04.FE.IN,676551
Vietnam,VNM,2011,"Age population, age 04, female, interpolated",SP.POP.AG04.FE.IN,668321
Vietnam,VNM,2010,"Age population, age 04, female, interpolated",SP.POP.AG04.FE.IN,671392
Vietnam,VNM,2009,"Age population, age 04, female, interpolated",SP.POP.AG04.FE.IN,683716
Vietnam,VNM,2008,"Age population, age 04, female, interpolated",SP.POP.AG04.FE.IN,686407
Vietnam,VNM,2007,"Age population, age 04, female, interpolated",SP.POP.AG04.FE.IN,686067
Vietnam,VNM,2006,"Age population, age 04, female, interpolated",SP.POP.AG04.FE.IN,681704.5
Vietnam,VNM,2005,"Age population, age 04, female, interpolated",SP.POP.AG04.FE.IN,673206.5
Vietnam,VNM,2004,"Age population, age 04, female, interpolated",SP.POP.AG04.FE.IN,668037
Vietnam,VNM,2003,"Age population, age 04, female, interpolated",SP.POP.AG04.FE.IN,668671
Vietnam,VNM,2002,"Age population, age 04, female, interpolated",SP.POP.AG04.FE.IN,683062
Vietnam,VNM,2001,"Age population, age 04, female, interpolated",SP.POP.AG04.FE.IN,707340.5
Vietnam,VNM,2000,"Age population, age 04, female, interpolated",SP.POP.AG04.FE.IN,742890
Vietnam,VNM,1999,"Age population, age 04, female, interpolated",SP.POP.AG04.FE.IN,788940.5
Vietnam,VNM,1998,"Age population, age 04, female, interpolated",SP.POP.AG04.FE.IN,831521.5
Vietnam,VNM,1997,"Age population, age 04, female, interpolated",SP.POP.AG04.FE.IN,861140
Vietnam,VNM,1996,"Age population, age 04, female, interpolated",SP.POP.AG04.FE.IN,878828.5
Vietnam,VNM,1995,"Age population, age 04, female, interpolated",SP.POP.AG04.FE.IN,885946.5
Vietnam,VNM,1994,"Age population, age 04, female, interpolated",SP.POP.AG04.FE.IN,885843.5
Vietnam,VNM,1993,"Age population, age 04, female, interpolated",SP.POP.AG04.FE.IN,884386
Vietnam,VNM,1992,"Age population, age 04, female, interpolated",SP.POP.AG04.FE.IN,883851.5
Vietnam,VNM,1991,"Age population, age 04, female, interpolated",SP.POP.AG04.FE.IN,885192
Vietnam,VNM,1990,"Age population, age 04, female, interpolated",SP.POP.AG04.FE.IN,884455
Vietnam,VNM,1989,"Age population, age 04, female, interpolated",SP.POP.AG04.FE.IN,879979
Vietnam,VNM,1988,"Age population, age 04, female, interpolated",SP.POP.AG04.FE.IN,873173
Vietnam,VNM,1987,"Age population, age 04, female, interpolated",SP.POP.AG04.FE.IN,861777
Vietnam,VNM,1986,"Age population, age 04, female, interpolated",SP.POP.AG04.FE.IN,845809.5
Vietnam,VNM,1985,"Age population, age 04, female, interpolated",SP.POP.AG04.FE.IN,824808.5
Vietnam,VNM,1984,"Age population, age 04, female, interpolated",SP.POP.AG04.FE.IN,805583.5
Vietnam,VNM,1983,"Age population, age 04, female, interpolated",SP.POP.AG04.FE.IN,790166
Vietnam,VNM,1982,"Age population, age 04, female, interpolated",SP.POP.AG04.FE.IN,772320
Vietnam,VNM,1981,"Age population, age 04, female, interpolated",SP.POP.AG04.FE.IN,756465
Vietnam,VNM,1980,"Age population, age 04, female, interpolated",SP.POP.AG04.FE.IN,744009
Vietnam,VNM,1979,"Age population, age 04, female, interpolated",SP.POP.AG04.FE.IN,729835
Vietnam,VNM,1978,"Age population, age 04, female, interpolated",SP.POP.AG04.FE.IN,723518
Vietnam,VNM,1977,"Age population, age 04, female, interpolated",SP.POP.AG04.FE.IN,709972
Vietnam,VNM,1976,"Age population, age 04, female, interpolated",SP.POP.AG04.FE.IN,680107
Vietnam,VNM,1975,"Age population, age 04, female, interpolated",SP.POP.AG04.FE.IN,653431.5
Vietnam,VNM,1974,"Age population, age 04, female, interpolated",SP.POP.AG04.FE.IN,634498
Vietnam,VNM,1973,"Age population, age 04, female, interpolated",SP.POP.AG04.FE.IN,622202
Vietnam,VNM,1972,"Age population, age 04, female, interpolated",SP.POP.AG04.FE.IN,605715
Vietnam,VNM,1971,"Age population, age 04, female, interpolated",SP.POP.AG04.FE.IN,595852
Vietnam,VNM,1970,"Age population, age 04, female, interpolated",SP.POP.AG04.FE.IN,604023
Vietnam,VNM,1969,"Age population, age 04, female, interpolated",SP.POP.AG04.FE.IN,615410.5
Vietnam,VNM,1968,"Age population, age 04, female, interpolated",SP.POP.AG04.FE.IN,622643.5
Vietnam,VNM,1967,"Age population, age 04, female, interpolated",SP.POP.AG04.FE.IN,617546.5
Vietnam,VNM,1966,"Age population, age 04, female, interpolated",SP.POP.AG04.FE.IN,569618
Vietnam,VNM,1965,"Age population, age 04, female, interpolated",SP.POP.AG04.FE.IN,563883.5
Vietnam,VNM,1964,"Age population, age 04, female, interpolated",SP.POP.AG04.FE.IN,593706
Vietnam,VNM,1963,"Age population, age 04, female, interpolated",SP.POP.AG04.FE.IN,582700
Vietnam,VNM,1962,"Age population, age 04, female, interpolated",SP.POP.AG04.FE.IN,568765
Vietnam,VNM,1961,"Age population, age 04, female, interpolated",SP.POP.AG04.FE.IN,533011.5
Vietnam,VNM,1960,"Age population, age 04, female, interpolated",SP.POP.AG04.FE.IN,496048
Vietnam,VNM,2022,"Age population, age 04, male, interpolated",SP.POP.AG04.MA.IN,778857
Vietnam,VNM,2021,"Age population, age 04, male, interpolated",SP.POP.AG04.MA.IN,785238
Vietnam,VNM,2020,"Age population, age 04, male, interpolated",SP.POP.AG04.MA.IN,794126
Vietnam,VNM,2019,"Age population, age 04, male, interpolated",SP.POP.AG04.MA.IN,798892
Vietnam,VNM,2018,"Age population, age 04, male, interpolated",SP.POP.AG04.MA.IN,798912.5
Vietnam,VNM,2017,"Age population, age 04, male, interpolated",SP.POP.AG04.MA.IN,792487.5
Vietnam,VNM,2016,"Age population, age 04, male, interpolated",SP.POP.AG04.MA.IN,778544
Vietnam,VNM,2015,"Age population, age 04, male, interpolated",SP.POP.AG04.MA.IN,765740
Vietnam,VNM,2014,"Age population, age 04, male, interpolated",SP.POP.AG04.MA.IN,758690.5
Vietnam,VNM,2013,"Age population, age 04, male, interpolated",SP.POP.AG04.MA.IN,755055.5
Vietnam,VNM,2012,"Age population, age 04, male, interpolated",SP.POP.AG04.MA.IN,747433
Vietnam,VNM,2011,"Age population, age 04, male, interpolated",SP.POP.AG04.MA.IN,734768
Vietnam,VNM,2010,"Age population, age 04, male, interpolated",SP.POP.AG04.MA.IN,733050
Vietnam,VNM,2009,"Age population, age 04, male, interpolated",SP.POP.AG04.MA.IN,741070.5
Vietnam,VNM,2008,"Age population, age 04, male, interpolated",SP.POP.AG04.MA.IN,739595
Vietnam,VNM,2007,"Age population, age 04, male, interpolated",SP.POP.AG04.MA.IN,735299.5
Vietnam,VNM,2006,"Age population, age 04, male, interpolated",SP.POP.AG04.MA.IN,727453.5
Vietnam,VNM,2005,"Age population, age 04, male, interpolated",SP.POP.AG04.MA.IN,716095.5
Vietnam,VNM,2004,"Age population, age 04, male, interpolated",SP.POP.AG04.MA.IN,708389
Vietnam,VNM,2003,"Age population, age 04, male, interpolated",SP.POP.AG04.MA.IN,707002
Vietnam,VNM,2002,"Age population, age 04, male, interpolated",SP.POP.AG04.MA.IN,720533
Vietnam,VNM,2001,"Age population, age 04, male, interpolated",SP.POP.AG04.MA.IN,744881
Vietnam,VNM,2000,"Age population, age 04, male, interpolated",SP.POP.AG04.MA.IN,781249
Vietnam,VNM,1999,"Age population, age 04, male, interpolated",SP.POP.AG04.MA.IN,828914
Vietnam,VNM,1998,"Age population, age 04, male, interpolated",SP.POP.AG04.MA.IN,873000
Vietnam,VNM,1997,"Age population, age 04, male, interpolated",SP.POP.AG04.MA.IN,903564.5
Vietnam,VNM,1996,"Age population, age 04, male, interpolated",SP.POP.AG04.MA.IN,921481
Vietnam,VNM,1995,"Age population, age 04, male, interpolated",SP.POP.AG04.MA.IN,928181
Vietnam,VNM,1994,"Age population, age 04, male, interpolated",SP.POP.AG04.MA.IN,927484
Vietnam,VNM,1993,"Age population, age 04, male, interpolated",SP.POP.AG04.MA.IN,925184.5
Vietnam,VNM,1992,"Age population, age 04, male, interpolated",SP.POP.AG04.MA.IN,924347
Vietnam,VNM,1991,"Age population, age 04, male, interpolated",SP.POP.AG04.MA.IN,926015.5
Vietnam,VNM,1990,"Age population, age 04, male, interpolated",SP.POP.AG04.MA.IN,925586
Vietnam,VNM,1989,"Age population, age 04, male, interpolated",SP.POP.AG04.MA.IN,920997
Vietnam,VNM,1988,"Age population, age 04, male, interpolated",SP.POP.AG04.MA.IN,913518
Vietnam,VNM,1987,"Age population, age 04, male, interpolated",SP.POP.AG04.MA.IN,901212.5
Vietnam,VNM,1986,"Age population, age 04, male, interpolated",SP.POP.AG04.MA.IN,884122
Vietnam,VNM,1985,"Age population, age 04, male, interpolated",SP.POP.AG04.MA.IN,861736
Vietnam,VNM,1984,"Age population, age 04, male, interpolated",SP.POP.AG04.MA.IN,840709.5
Vietnam,VNM,1983,"Age population, age 04, male, interpolated",SP.POP.AG04.MA.IN,825132.5
Vietnam,VNM,1982,"Age population, age 04, male, interpolated",SP.POP.AG04.MA.IN,807072
Vietnam,VNM,1981,"Age population, age 04, male, interpolated",SP.POP.AG04.MA.IN,789628.5
Vietnam,VNM,1980,"Age population, age 04, male, interpolated",SP.POP.AG04.MA.IN,775998.5
Vietnam,VNM,1979,"Age population, age 04, male, interpolated",SP.POP.AG04.MA.IN,760161
Vietnam,VNM,1978,"Age population, age 04, male, interpolated",SP.POP.AG04.MA.IN,752437
Vietnam,VNM,1977,"Age population, age 04, male, interpolated",SP.POP.AG04.MA.IN,737831
Vietnam,VNM,1976,"Age population, age 04, male, interpolated",SP.POP.AG04.MA.IN,706345.5
Vietnam,VNM,1975,"Age population, age 04, male, interpolated",SP.POP.AG04.MA.IN,678528.5
Vietnam,VNM,1974,"Age population, age 04, male, interpolated",SP.POP.AG04.MA.IN,659095.5
Vietnam,VNM,1973,"Age population, age 04, male, interpolated",SP.POP.AG04.MA.IN,646135.5
Vietnam,VNM,1972,"Age population, age 04, male, interpolated",SP.POP.AG04.MA.IN,628652.5
Vietnam,VNM,1971,"Age population, age 04, male, interpolated",SP.POP.AG04.MA.IN,618482.5
Vietnam,VNM,1970,"Age population, age 04, male, interpolated",SP.POP.AG04.MA.IN,627303
Vietnam,VNM,1969,"Age population, age 04, male, interpolated",SP.POP.AG04.MA.IN,639277
Vietnam,VNM,1968,"Age population, age 04, male, interpolated",SP.POP.AG04.MA.IN,646902
Vietnam,VNM,1967,"Age population, age 04, male, interpolated",SP.POP.AG04.MA.IN,641423.5
Vietnam,VNM,1966,"Age population, age 04, male, interpolated",SP.POP.AG04.MA.IN,591342.5
Vietnam,VNM,1965,"Age population, age 04, male, interpolated",SP.POP.AG04.MA.IN,585120
Vietnam,VNM,1964,"Age population, age 04, male, interpolated",SP.POP.AG04.MA.IN,615676
Vietnam,VNM,1963,"Age population, age 04, male, interpolated",SP.POP.AG04.MA.IN,603638
Vietnam,VNM,1962,"Age population, age 04, male, interpolated",SP.POP.AG04.MA.IN,588539.5
Vietnam,VNM,1961,"Age population, age 04, male, interpolated",SP.POP.AG04.MA.IN,551100
Vietnam,VNM,1960,"Age population, age 04, male, interpolated",SP.POP.AG04.MA.IN,512498
Vietnam,VNM,2022,"Age population, age 05, female, interpolated",SP.POP.AG05.FE.IN,704600.5
Vietnam,VNM,2021,"Age population, age 05, female, interpolated",SP.POP.AG05.FE.IN,712034.5
Vietnam,VNM,2020,"Age population, age 05, female, interpolated",SP.POP.AG05.FE.IN,716072
Vietnam,VNM,2019,"Age population, age 05, female, interpolated",SP.POP.AG05.FE.IN,716158
Vietnam,VNM,2018,"Age population, age 05, female, interpolated",SP.POP.AG05.FE.IN,710503
Vietnam,VNM,2017,"Age population, age 05, female, interpolated",SP.POP.AG05.FE.IN,698375
Vietnam,VNM,2016,"Age population, age 05, female, interpolated",SP.POP.AG05.FE.IN,687657.5
Vietnam,VNM,2015,"Age population, age 05, female, interpolated",SP.POP.AG05.FE.IN,682536.5
Vietnam,VNM,2014,"Age population, age 05, female, interpolated",SP.POP.AG05.FE.IN,680892.5
Vietnam,VNM,2013,"Age population, age 05, female, interpolated",SP.POP.AG05.FE.IN,676121.5
Vietnam,VNM,2012,"Age population, age 05, female, interpolated",SP.POP.AG05.FE.IN,667895
Vietnam,VNM,2011,"Age population, age 05, female, interpolated",SP.POP.AG05.FE.IN,670960
Vietnam,VNM,2010,"Age population, age 05, female, interpolated",SP.POP.AG05.FE.IN,683257.5
Vietnam,VNM,2009,"Age population, age 05, female, interpolated",SP.POP.AG05.FE.IN,685862
Vietnam,VNM,2008,"Age population, age 05, female, interpolated",SP.POP.AG05.FE.IN,685437.5
Vietnam,VNM,2007,"Age population, age 05, female, interpolated",SP.POP.AG05.FE.IN,681048
Vietnam,VNM,2006,"Age population, age 05, female, interpolated",SP.POP.AG05.FE.IN,672529.5
Vietnam,VNM,2005,"Age population, age 05, female, interpolated",SP.POP.AG05.FE.IN,667345.5
Vietnam,VNM,2004,"Age population, age 05, female, interpolated",SP.POP.AG05.FE.IN,667965
Vietnam,VNM,2003,"Age population, age 05, female, interpolated",SP.POP.AG05.FE.IN,682329
Vietnam,VNM,2002,"Age population, age 05, female, interpolated",SP.POP.AG05.FE.IN,706571.5
Vietnam,VNM,2001,"Age population, age 05, female, interpolated",SP.POP.AG05.FE.IN,742089
Vietnam,VNM,2000,"Age population, age 05, female, interpolated",SP.POP.AG05.FE.IN,788188.5
Vietnam,VNM,1999,"Age population, age 05, female, interpolated",SP.POP.AG05.FE.IN,830938.5
Vietnam,VNM,1998,"Age population, age 05, female, interpolated",SP.POP.AG05.FE.IN,860590.5
Vietnam,VNM,1997,"Age population, age 05, female, interpolated",SP.POP.AG05.FE.IN,878215.5
Vietnam,VNM,1996,"Age population, age 05, female, interpolated",SP.POP.AG05.FE.IN,885333.5
Vietnam,VNM,1995,"Age population, age 05, female, interpolated",SP.POP.AG05.FE.IN,885141
Vietnam,VNM,1994,"Age population, age 05, female, interpolated",SP.POP.AG05.FE.IN,883592.5
Vietnam,VNM,1993,"Age population, age 05, female, interpolated",SP.POP.AG05.FE.IN,883019.5
Vietnam,VNM,1992,"Age population, age 05, female, interpolated",SP.POP.AG05.FE.IN,884329
Vietnam,VNM,1991,"Age population, age 05, female, interpolated",SP.POP.AG05.FE.IN,883552.5
Vietnam,VNM,1990,"Age population, age 05, female, interpolated",SP.POP.AG05.FE.IN,879034
Vietnam,VNM,1989,"Age population, age 05, female, interpolated",SP.POP.AG05.FE.IN,872410.5
Vietnam,VNM,1988,"Age population, age 05, female, interpolated",SP.POP.AG05.FE.IN,861253
Vietnam,VNM,1987,"Age population, age 05, female, interpolated",SP.POP.AG05.FE.IN,845346
Vietnam,VNM,1986,"Age population, age 05, female, interpolated",SP.POP.AG05.FE.IN,824311
Vietnam,VNM,1985,"Age population, age 05, female, interpolated",SP.POP.AG05.FE.IN,805045
Vietnam,VNM,1984,"Age population, age 05, female, interpolated",SP.POP.AG05.FE.IN,789642.5
Vietnam,VNM,1983,"Age population, age 05, female, interpolated",SP.POP.AG05.FE.IN,771830.5
Vietnam,VNM,1982,"Age population, age 05, female, interpolated",SP.POP.AG05.FE.IN,755960
Vietnam,VNM,1981,"Age population, age 05, female, interpolated",SP.POP.AG05.FE.IN,743432.5
Vietnam,VNM,1980,"Age population, age 05, female, interpolated",SP.POP.AG05.FE.IN,730562.5
Vietnam,VNM,1979,"Age population, age 05, female, interpolated",SP.POP.AG05.FE.IN,723953
Vietnam,VNM,1978,"Age population, age 05, female, interpolated",SP.POP.AG05.FE.IN,708815.5
Vietnam,VNM,1977,"Age population, age 05, female, interpolated",SP.POP.AG05.FE.IN,678893.5
Vietnam,VNM,1976,"Age population, age 05, female, interpolated",SP.POP.AG05.FE.IN,651975
Vietnam,VNM,1975,"Age population, age 05, female, interpolated",SP.POP.AG05.FE.IN,632053
Vietnam,VNM,1974,"Age population, age 05, female, interpolated",SP.POP.AG05.FE.IN,619045
Vietnam,VNM,1973,"Age population, age 05, female, interpolated",SP.POP.AG05.FE.IN,602324
Vietnam,VNM,1972,"Age population, age 05, female, interpolated",SP.POP.AG05.FE.IN,592690
Vietnam,VNM,1971,"Age population, age 05, female, interpolated",SP.POP.AG05.FE.IN,601213
Vietnam,VNM,1970,"Age population, age 05, female, interpolated",SP.POP.AG05.FE.IN,612321.5
Vietnam,VNM,1969,"Age population, age 05, female, interpolated",SP.POP.AG05.FE.IN,619229
Vietnam,VNM,1968,"Age population, age 05, female, interpolated",SP.POP.AG05.FE.IN,614324.5
Vietnam,VNM,1967,"Age population, age 05, female, interpolated",SP.POP.AG05.FE.IN,567077
Vietnam,VNM,1966,"Age population, age 05, female, interpolated",SP.POP.AG05.FE.IN,561404
Vietnam,VNM,1965,"Age population, age 05, female, interpolated",SP.POP.AG05.FE.IN,591131.5
Vietnam,VNM,1964,"Age population, age 05, female, interpolated",SP.POP.AG05.FE.IN,580159.5
Vietnam,VNM,1963,"Age population, age 05, female, interpolated",SP.POP.AG05.FE.IN,566398
Vietnam,VNM,1962,"Age population, age 05, female, interpolated",SP.POP.AG05.FE.IN,530928
Vietnam,VNM,1961,"Age population, age 05, female, interpolated",SP.POP.AG05.FE.IN,494023
Vietnam,VNM,1960,"Age population, age 05, female, interpolated",SP.POP.AG05.FE.IN,491945.5
Vietnam,VNM,2022,"Age population, age 05, male, interpolated",SP.POP.AG05.MA.IN,784241
Vietnam,VNM,2021,"Age population, age 05, male, interpolated",SP.POP.AG05.MA.IN,792992
Vietnam,VNM,2020,"Age population, age 05, male, interpolated",SP.POP.AG05.MA.IN,797730
Vietnam,VNM,2019,"Age population, age 05, male, interpolated",SP.POP.AG05.MA.IN,797723
Vietnam,VNM,2018,"Age population, age 05, male, interpolated",SP.POP.AG05.MA.IN,791294
Vietnam,VNM,2017,"Age population, age 05, male, interpolated",SP.POP.AG05.MA.IN,777363.5
Vietnam,VNM,2016,"Age population, age 05, male, interpolated",SP.POP.AG05.MA.IN,764569
Vietnam,VNM,2015,"Age population, age 05, male, interpolated",SP.POP.AG05.MA.IN,757526.5
Vietnam,VNM,2014,"Age population, age 05, male, interpolated",SP.POP.AG05.MA.IN,753887.5
Vietnam,VNM,2013,"Age population, age 05, male, interpolated",SP.POP.AG05.MA.IN,746260.5
Vietnam,VNM,2012,"Age population, age 05, male, interpolated",SP.POP.AG05.MA.IN,733603
Vietnam,VNM,2011,"Age population, age 05, male, interpolated",SP.POP.AG05.MA.IN,731867.5
Vietnam,VNM,2010,"Age population, age 05, male, interpolated",SP.POP.AG05.MA.IN,739853.5
Vietnam,VNM,2009,"Age population, age 05, male, interpolated",SP.POP.AG05.MA.IN,738388.5
Vietnam,VNM,2008,"Age population, age 05, male, interpolated",SP.POP.AG05.MA.IN,734121.5
Vietnam,VNM,2007,"Age population, age 05, male, interpolated",SP.POP.AG05.MA.IN,726287.5
Vietnam,VNM,2006,"Age population, age 05, male, interpolated",SP.POP.AG05.MA.IN,714938.5
Vietnam,VNM,2005,"Age population, age 05, male, interpolated",SP.POP.AG05.MA.IN,707225
Vietnam,VNM,2004,"Age population, age 05, male, interpolated",SP.POP.AG05.MA.IN,705807.5
Vietnam,VNM,2003,"Age population, age 05, male, interpolated",SP.POP.AG05.MA.IN,719281
Vietnam,VNM,2002,"Age population, age 05, male, interpolated",SP.POP.AG05.MA.IN,743545
Vietnam,VNM,2001,"Age population, age 05, male, interpolated",SP.POP.AG05.MA.IN,779791.5
Vietnam,VNM,2000,"Age population, age 05, male, interpolated",SP.POP.AG05.MA.IN,827210.5
Vietnam,VNM,1999,"Age population, age 05, male, interpolated",SP.POP.AG05.MA.IN,871181.5
Vietnam,VNM,1998,"Age population, age 05, male, interpolated",SP.POP.AG05.MA.IN,901690
Vietnam,VNM,1997,"Age population, age 05, male, interpolated",SP.POP.AG05.MA.IN,919414
Vietnam,VNM,1996,"Age population, age 05, male, interpolated",SP.POP.AG05.MA.IN,925995
Vietnam,VNM,1995,"Age population, age 05, male, interpolated",SP.POP.AG05.MA.IN,925108
Vietnam,VNM,1994,"Age population, age 05, male, interpolated",SP.POP.AG05.MA.IN,922627.5
Vietnam,VNM,1993,"Age population, age 05, male, interpolated",SP.POP.AG05.MA.IN,921673
Vietnam,VNM,1992,"Age population, age 05, male, interpolated",SP.POP.AG05.MA.IN,923231.5
Vietnam,VNM,1991,"Age population, age 05, male, interpolated",SP.POP.AG05.MA.IN,922685
Vietnam,VNM,1990,"Age population, age 05, male, interpolated",SP.POP.AG05.MA.IN,917984.5
Vietnam,VNM,1989,"Age population, age 05, male, interpolated",SP.POP.AG05.MA.IN,910755
Vietnam,VNM,1988,"Age population, age 05, male, interpolated",SP.POP.AG05.MA.IN,898814.5
Vietnam,VNM,1987,"Age population, age 05, male, interpolated",SP.POP.AG05.MA.IN,881777
Vietnam,VNM,1986,"Age population, age 05, male, interpolated",SP.POP.AG05.MA.IN,859352
Vietnam,VNM,1985,"Age population, age 05, male, interpolated",SP.POP.AG05.MA.IN,838272.5
Vietnam,VNM,1984,"Age population, age 05, male, interpolated",SP.POP.AG05.MA.IN,822652
Vietnam,VNM,1983,"Age population, age 05, male, interpolated",SP.POP.AG05.MA.IN,804657
Vietnam,VNM,1982,"Age population, age 05, male, interpolated",SP.POP.AG05.MA.IN,787243
Vietnam,VNM,1981,"Age population, age 05, male, interpolated",SP.POP.AG05.MA.IN,773478.5
Vietnam,VNM,1980,"Age population, age 05, male, interpolated",SP.POP.AG05.MA.IN,759520.5
Vietnam,VNM,1979,"Age population, age 05, male, interpolated",SP.POP.AG05.MA.IN,751314
Vietnam,VNM,1978,"Age population, age 05, male, interpolated",SP.POP.AG05.MA.IN,734358.5
Vietnam,VNM,1977,"Age population, age 05, male, interpolated",SP.POP.AG05.MA.IN,702939
Vietnam,VNM,1976,"Age population, age 05, male, interpolated",SP.POP.AG05.MA.IN,674891.5
Vietnam,VNM,1975,"Age population, age 05, male, interpolated",SP.POP.AG05.MA.IN,654547.5
Vietnam,VNM,1974,"Age population, age 05, male, interpolated",SP.POP.AG05.MA.IN,641033
Vietnam,VNM,1973,"Age population, age 05, male, interpolated",SP.POP.AG05.MA.IN,623450
Vietnam,VNM,1972,"Age population, age 05, male, interpolated",SP.POP.AG05.MA.IN,613485
Vietnam,VNM,1971,"Age population, age 05, male, interpolated",SP.POP.AG05.MA.IN,622549.5
Vietnam,VNM,1970,"Age population, age 05, male, interpolated",SP.POP.AG05.MA.IN,634226.5
Vietnam,VNM,1969,"Age population, age 05, male, interpolated",SP.POP.AG05.MA.IN,641539.5
Vietnam,VNM,1968,"Age population, age 05, male, interpolated",SP.POP.AG05.MA.IN,636328
Vietnam,VNM,1967,"Age population, age 05, male, interpolated",SP.POP.AG05.MA.IN,587108.5
Vietnam,VNM,1966,"Age population, age 05, male, interpolated",SP.POP.AG05.MA.IN,580987.5
Vietnam,VNM,1965,"Age population, age 05, male, interpolated",SP.POP.AG05.MA.IN,611316.5
Vietnam,VNM,1964,"Age population, age 05, male, interpolated",SP.POP.AG05.MA.IN,599340
Vietnam,VNM,1963,"Age population, age 05, male, interpolated",SP.POP.AG05.MA.IN,584443.5
Vietnam,VNM,1962,"Age population, age 05, male, interpolated",SP.POP.AG05.MA.IN,547324.5
Vietnam,VNM,1961,"Age population, age 05, male, interpolated",SP.POP.AG05.MA.IN,508883.5
Vietnam,VNM,1960,"Age population, age 05, male, interpolated",SP.POP.AG05.MA.IN,506291
Vietnam,VNM,2016,"Own-account workers, female (% of female employment) (modeled ILO estimate)",SL.EMP.OWAC.FE.ZS,40.298999786377
Vietnam,VNM,2015,"Own-account workers, female (% of female employment) (modeled ILO estimate)",SL.EMP.OWAC.FE.ZS,40.5870018005371
Vietnam,VNM,2014,"Own-account workers, female (% of female employment) (modeled ILO estimate)",SL.EMP.OWAC.FE.ZS,41.6150016784668
Vietnam,VNM,2013,"Own-account workers, female (% of female employment) (modeled ILO estimate)",SL.EMP.OWAC.FE.ZS,46.4290008544922
Vietnam,VNM,2012,"Own-account workers, female (% of female employment) (modeled ILO estimate)",SL.EMP.OWAC.FE.ZS,46.1189994812012
Vietnam,VNM,2011,"Own-account workers, female (% of female employment) (modeled ILO estimate)",SL.EMP.OWAC.FE.ZS,46.25
Vietnam,VNM,2010,"Own-account workers, female (% of female employment) (modeled ILO estimate)",SL.EMP.OWAC.FE.ZS,45.2879981994629
Vietnam,VNM,2009,"Own-account workers, female (% of female employment) (modeled ILO estimate)",SL.EMP.OWAC.FE.ZS,44.8450012207031
Vietnam,VNM,2008,"Own-account workers, female (% of female employment) (modeled ILO estimate)",SL.EMP.OWAC.FE.ZS,44.984001159668
Vietnam,VNM,2007,"Own-account workers, female (% of female employment) (modeled ILO estimate)",SL.EMP.OWAC.FE.ZS,43.6080017089844
Vietnam,VNM,2006,"Own-account workers, female (% of female employment) (modeled ILO estimate)",SL.EMP.OWAC.FE.ZS,42.8600006103516
Vietnam,VNM,2005,"Own-account workers, female (% of female employment) (modeled ILO estimate)",SL.EMP.OWAC.FE.ZS,42.4269981384277
Vietnam,VNM,2004,"Own-account workers, female (% of female employment) (modeled ILO estimate)",SL.EMP.OWAC.FE.ZS,31.3040008544922
Vietnam,VNM,2003,"Own-account workers, female (% of female employment) (modeled ILO estimate)",SL.EMP.OWAC.FE.ZS,30.9710006713867
Vietnam,VNM,2002,"Own-account workers, female (% of female employment) (modeled ILO estimate)",SL.EMP.OWAC.FE.ZS,29.5259990692139
Vietnam,VNM,2001,"Own-account workers, female (% of female employment) (modeled ILO estimate)",SL.EMP.OWAC.FE.ZS,28.5380001068115
Vietnam,VNM,2000,"Own-account workers, female (% of female employment) (modeled ILO estimate)",SL.EMP.OWAC.FE.ZS,30.6319999694824
Vietnam,VNM,1999,"Own-account workers, female (% of female employment) (modeled ILO estimate)",SL.EMP.OWAC.FE.ZS,30.0160007476807
Vietnam,VNM,1998,"Own-account workers, female (% of female employment) (modeled ILO estimate)",SL.EMP.OWAC.FE.ZS,28.8920001983643
Vietnam,VNM,1997,"Own-account workers, female (% of female employment) (modeled ILO estimate)",SL.EMP.OWAC.FE.ZS,28.75
Vietnam,VNM,1996,"Own-account workers, female (% of female employment) (modeled ILO estimate)",SL.EMP.OWAC.FE.ZS,24.2789993286133
Vietnam,VNM,1995,"Own-account workers, female (% of female employment) (modeled ILO estimate)",SL.EMP.OWAC.FE.ZS,23.076000213623
Vietnam,VNM,1994,"Own-account workers, female (% of female employment) (modeled ILO estimate)",SL.EMP.OWAC.FE.ZS,22.3479995727539
Vietnam,VNM,1993,"Own-account workers, female (% of female employment) (modeled ILO estimate)",SL.EMP.OWAC.FE.ZS,22.3540000915527
Vietnam,VNM,1992,"Own-account workers, female (% of female employment) (modeled ILO estimate)",SL.EMP.OWAC.FE.ZS,23.3579998016357
Vietnam,VNM,1991,"Own-account workers, female (% of female employment) (modeled ILO estimate)",SL.EMP.OWAC.FE.ZS,24.7479991912842
Vietnam,VNM,2016,"Own-account workers, male (% of male employment) (modeled ILO estimate)",SL.EMP.OWAC.MA.ZS,39.4889984130859
Vietnam,VNM,2015,"Own-account workers, male (% of male employment) (modeled ILO estimate)",SL.EMP.OWAC.MA.ZS,40.5970001220703
Vietnam,VNM,2014,"Own-account workers, male (% of male employment) (modeled ILO estimate)",SL.EMP.OWAC.MA.ZS,40.0779991149902
Vietnam,VNM,2013,"Own-account workers, male (% of male employment) (modeled ILO estimate)",SL.EMP.OWAC.MA.ZS,44.5900001525879
Vietnam,VNM,2012,"Own-account workers, male (% of male employment) (modeled ILO estimate)",SL.EMP.OWAC.MA.ZS,44.3530006408691
Vietnam,VNM,2011,"Own-account workers, male (% of male employment) (modeled ILO estimate)",SL.EMP.OWAC.MA.ZS,44.7970008850098
Vietnam,VNM,2010,"Own-account workers, male (% of male employment) (modeled ILO estimate)",SL.EMP.OWAC.MA.ZS,45.7649993896484
Vietnam,VNM,2009,"Own-account workers, male (% of male employment) (modeled ILO estimate)",SL.EMP.OWAC.MA.ZS,46.5800018310547
Vietnam,VNM,2008,"Own-account workers, male (% of male employment) (modeled ILO estimate)",SL.EMP.OWAC.MA.ZS,46.556999206543
Vietnam,VNM,2007,"Own-account workers, male (% of male employment) (modeled ILO estimate)",SL.EMP.OWAC.MA.ZS,47.3969993591309
Vietnam,VNM,2006,"Own-account workers, male (% of male employment) (modeled ILO estimate)",SL.EMP.OWAC.MA.ZS,47.931999206543
Vietnam,VNM,2005,"Own-account workers, male (% of male employment) (modeled ILO estimate)",SL.EMP.OWAC.MA.ZS,48.5009994506836
Vietnam,VNM,2004,"Own-account workers, male (% of male employment) (modeled ILO estimate)",SL.EMP.OWAC.MA.ZS,50.6520004272461
Vietnam,VNM,2003,"Own-account workers, male (% of male employment) (modeled ILO estimate)",SL.EMP.OWAC.MA.ZS,51.5279998779297
Vietnam,VNM,2002,"Own-account workers, male (% of male employment) (modeled ILO estimate)",SL.EMP.OWAC.MA.ZS,51.7150001525879
Vietnam,VNM,2001,"Own-account workers, male (% of male employment) (modeled ILO estimate)",SL.EMP.OWAC.MA.ZS,52.9700012207031
Vietnam,VNM,2000,"Own-account workers, male (% of male employment) (modeled ILO estimate)",SL.EMP.OWAC.MA.ZS,56.326000213623
Vietnam,VNM,1999,"Own-account workers, male (% of male employment) (modeled ILO estimate)",SL.EMP.OWAC.MA.ZS,55.8330001831055
Vietnam,VNM,1998,"Own-account workers, male (% of male employment) (modeled ILO estimate)",SL.EMP.OWAC.MA.ZS,53.0069999694824
Vietnam,VNM,1997,"Own-account workers, male (% of male employment) (modeled ILO estimate)",SL.EMP.OWAC.MA.ZS,54.7980003356934
Vietnam,VNM,1996,"Own-account workers, male (% of male employment) (modeled ILO estimate)",SL.EMP.OWAC.MA.ZS,49.060001373291
Vietnam,VNM,1995,"Own-account workers, male (% of male employment) (modeled ILO estimate)",SL.EMP.OWAC.MA.ZS,50.0379981994629
Vietnam,VNM,1994,"Own-account workers, male (% of male employment) (modeled ILO estimate)",SL.EMP.OWAC.MA.ZS,50.0139999389648
Vietnam,VNM,1993,"Own-account workers, male (% of male employment) (modeled ILO estimate)",SL.EMP.OWAC.MA.ZS,49.3040008544922
Vietnam,VNM,1992,"Own-account workers, male (% of male employment) (modeled ILO estimate)",SL.EMP.OWAC.MA.ZS,47.935001373291
Vietnam,VNM,1991,"Own-account workers, male (% of male employment) (modeled ILO estimate)",SL.EMP.OWAC.MA.ZS,46.3889999389648
