Country Name,Country ISO3,Year,Indicator Name,Indicator Code,Value
#country+name,#country+code,#date+year,#indicator+name,#indicator+code,#indicator+value+num
Federal Republic of Somalia,SOM,2022,"Literacy rate, youth female (% of females ages 15-24)",SE.ADT.1524.LT.FE.ZS,65
Federal Republic of Somalia,SOM,2006,"Literacy rate, youth female (% of females ages 15-24)",SE.ADT.1524.LT.FE.ZS,23.7900009155273
Federal Republic of Somalia,SOM,1972,"Literacy rate, youth female (% of females ages 15-24)",SE.ADT.1524.LT.FE.ZS,10.460000038147
Federal Republic of Somalia,SOM,2022,"Literacy rate, youth (ages 15-24), gender parity index (GPI)",SE.ADT.1524.LT.FM.ZS,1
Federal Republic of Somalia,SOM,1972,"Literacy rate, youth (ages 15-24), gender parity index (GPI)",SE.ADT.1524.LT.FM.ZS,0.658689975738525
Federal Republic of Somalia,SOM,2022,"Literacy rate, youth male (% of males ages 15-24)",SE.ADT.1524.LT.MA.ZS,76
Federal Republic of Somalia,SOM,1972,"Literacy rate, youth male (% of males ages 15-24)",SE.ADT.1524.LT.MA.ZS,15.8800001144409
Federal Republic of Somalia,SOM,2022,"Literacy rate, adult female (% of females ages 15 and above)",SE.ADT.LITR.FE.ZS,44
Federal Republic of Somalia,SOM,1972,"Literacy rate, adult female (% of females ages 15 and above)",SE.ADT.LITR.FE.ZS,3.68717002868652
Federal Republic of Somalia,SOM,2022,"Literacy rate, adult male (% of males ages 15 and above)",SE.ADT.LITR.MA.ZS,65
Federal Republic of Somalia,SOM,1972,"Literacy rate, adult male (% of males ages 15 and above)",SE.ADT.LITR.MA.ZS,7.19844007492065
Federal Republic of Somalia,SOM,2007,"School enrollment, primary (gross), gender parity index (GPI)",SE.ENR.PRIM.FM.ZS,0.553160011768341
Federal Republic of Somalia,SOM,1986,"School enrollment, primary (gross), gender parity index (GPI)",SE.ENR.PRIM.FM.ZS,0.500599980354309
Federal Republic of Somalia,SOM,1985,"School enrollment, primary (gross), gender parity index (GPI)",SE.ENR.PRIM.FM.ZS,0.522189974784851
Federal Republic of Somalia,SOM,1984,"School enrollment, primary (gross), gender parity index (GPI)",SE.ENR.PRIM.FM.ZS,0.541440010070801
Federal Republic of Somalia,SOM,1983,"School enrollment, primary (gross), gender parity index (GPI)",SE.ENR.PRIM.FM.ZS,0.530780017375946
Federal Republic of Somalia,SOM,1982,"School enrollment, primary (gross), gender parity index (GPI)",SE.ENR.PRIM.FM.ZS,0.543669998645782
Federal Republic of Somalia,SOM,1981,"School enrollment, primary (gross), gender parity index (GPI)",SE.ENR.PRIM.FM.ZS,0.557020008563995
Federal Republic of Somalia,SOM,1980,"School enrollment, primary (gross), gender parity index (GPI)",SE.ENR.PRIM.FM.ZS,0.576950013637543
Federal Republic of Somalia,SOM,1979,"School enrollment, primary (gross), gender parity index (GPI)",SE.ENR.PRIM.FM.ZS,0.567460000514984
Federal Republic of Somalia,SOM,1978,"School enrollment, primary (gross), gender parity index (GPI)",SE.ENR.PRIM.FM.ZS,0.572369992733002
Federal Republic of Somalia,SOM,1977,"School enrollment, primary (gross), gender parity index (GPI)",SE.ENR.PRIM.FM.ZS,0.546649992465973
Federal Republic of Somalia,SOM,1976,"School enrollment, primary (gross), gender parity index (GPI)",SE.ENR.PRIM.FM.ZS,0.545799970626831
Federal Republic of Somalia,SOM,1974,"School enrollment, primary (gross), gender parity index (GPI)",SE.ENR.PRIM.FM.ZS,0.402579993009567
Federal Republic of Somalia,SOM,1973,"School enrollment, primary (gross), gender parity index (GPI)",SE.ENR.PRIM.FM.ZS,0.347790002822876
Federal Republic of Somalia,SOM,1972,"School enrollment, primary (gross), gender parity index (GPI)",SE.ENR.PRIM.FM.ZS,0.324759989976883
Federal Republic of Somalia,SOM,1971,"School enrollment, primary (gross), gender parity index (GPI)",SE.ENR.PRIM.FM.ZS,0.319119989871979
Federal Republic of Somalia,SOM,2007,"School enrollment, primary and secondary (gross), gender parity index (GPI)",SE.ENR.PRSC.FM.ZS,0.53710001707077
Federal Republic of Somalia,SOM,1986,"School enrollment, primary and secondary (gross), gender parity index (GPI)",SE.ENR.PRSC.FM.ZS,0.5173100233078
Federal Republic of Somalia,SOM,1985,"School enrollment, primary and secondary (gross), gender parity index (GPI)",SE.ENR.PRSC.FM.ZS,0.53355997800827
Federal Republic of Somalia,SOM,1984,"School enrollment, primary and secondary (gross), gender parity index (GPI)",SE.ENR.PRSC.FM.ZS,0.548870027065277
Federal Republic of Somalia,SOM,1983,"School enrollment, primary and secondary (gross), gender parity index (GPI)",SE.ENR.PRSC.FM.ZS,0.532159984111786
Federal Republic of Somalia,SOM,1982,"School enrollment, primary and secondary (gross), gender parity index (GPI)",SE.ENR.PRSC.FM.ZS,0.536729991436005
Federal Republic of Somalia,SOM,1981,"School enrollment, primary and secondary (gross), gender parity index (GPI)",SE.ENR.PRSC.FM.ZS,0.540750026702881
Federal Republic of Somalia,SOM,1980,"School enrollment, primary and secondary (gross), gender parity index (GPI)",SE.ENR.PRSC.FM.ZS,0.56165999174118
Federal Republic of Somalia,SOM,1979,"School enrollment, primary and secondary (gross), gender parity index (GPI)",SE.ENR.PRSC.FM.ZS,0.552349984645844
Federal Republic of Somalia,SOM,1978,"School enrollment, primary and secondary (gross), gender parity index (GPI)",SE.ENR.PRSC.FM.ZS,0.558879971504211
Federal Republic of Somalia,SOM,1977,"School enrollment, primary and secondary (gross), gender parity index (GPI)",SE.ENR.PRSC.FM.ZS,0.532379984855652
Federal Republic of Somalia,SOM,1976,"School enrollment, primary and secondary (gross), gender parity index (GPI)",SE.ENR.PRSC.FM.ZS,0.506990015506744
Federal Republic of Somalia,SOM,1974,"School enrollment, primary and secondary (gross), gender parity index (GPI)",SE.ENR.PRSC.FM.ZS,0.365110009908676
Federal Republic of Somalia,SOM,1973,"School enrollment, primary and secondary (gross), gender parity index (GPI)",SE.ENR.PRSC.FM.ZS,0.319750010967255
Federal Republic of Somalia,SOM,1972,"School enrollment, primary and secondary (gross), gender parity index (GPI)",SE.ENR.PRSC.FM.ZS,0.298269987106323
Federal Republic of Somalia,SOM,1971,"School enrollment, primary and secondary (gross), gender parity index (GPI)",SE.ENR.PRSC.FM.ZS,0.294900000095367
Federal Republic of Somalia,SOM,2007,"School enrollment, secondary (gross), gender parity index (GPI)",SE.ENR.SECO.FM.ZS,0.460770010948181
Federal Republic of Somalia,SOM,1986,"School enrollment, secondary (gross), gender parity index (GPI)",SE.ENR.SECO.FM.ZS,0.54737001657486
Federal Republic of Somalia,SOM,1985,"School enrollment, secondary (gross), gender parity index (GPI)",SE.ENR.SECO.FM.ZS,0.553600013256073
Federal Republic of Somalia,SOM,1984,"School enrollment, secondary (gross), gender parity index (GPI)",SE.ENR.SECO.FM.ZS,0.56129002571106
Federal Republic of Somalia,SOM,1983,"School enrollment, secondary (gross), gender parity index (GPI)",SE.ENR.SECO.FM.ZS,0.532389998435974
Federal Republic of Somalia,SOM,1982,"School enrollment, secondary (gross), gender parity index (GPI)",SE.ENR.SECO.FM.ZS,0.519850015640259
Federal Republic of Somalia,SOM,1981,"School enrollment, secondary (gross), gender parity index (GPI)",SE.ENR.SECO.FM.ZS,0.501659989356995
Federal Republic of Somalia,SOM,1980,"School enrollment, secondary (gross), gender parity index (GPI)",SE.ENR.SECO.FM.ZS,0.358999997377396
Federal Republic of Somalia,SOM,1979,"School enrollment, secondary (gross), gender parity index (GPI)",SE.ENR.SECO.FM.ZS,0.320030003786087
Federal Republic of Somalia,SOM,1978,"School enrollment, secondary (gross), gender parity index (GPI)",SE.ENR.SECO.FM.ZS,0.310380011796951
Federal Republic of Somalia,SOM,1977,"School enrollment, secondary (gross), gender parity index (GPI)",SE.ENR.SECO.FM.ZS,0.288580000400543
Federal Republic of Somalia,SOM,1976,"School enrollment, secondary (gross), gender parity index (GPI)",SE.ENR.SECO.FM.ZS,0.307980000972748
Federal Republic of Somalia,SOM,1974,"School enrollment, secondary (gross), gender parity index (GPI)",SE.ENR.SECO.FM.ZS,0.244810000061989
Federal Republic of Somalia,SOM,1973,"School enrollment, secondary (gross), gender parity index (GPI)",SE.ENR.SECO.FM.ZS,0.232960000634193
Federal Republic of Somalia,SOM,1972,"School enrollment, secondary (gross), gender parity index (GPI)",SE.ENR.SECO.FM.ZS,0.225439995527267
Federal Republic of Somalia,SOM,1971,"School enrollment, secondary (gross), gender parity index (GPI)",SE.ENR.SECO.FM.ZS,0.230839997529984
Federal Republic of Somalia,SOM,1987,"School enrollment, tertiary (gross), gender parity index (GPI)",SE.ENR.TERT.FM.ZS,0.249689996242523
Federal Republic of Somalia,SOM,1976,"School enrollment, tertiary (gross), gender parity index (GPI)",SE.ENR.TERT.FM.ZS,0.121160000562668
Federal Republic of Somalia,SOM,1975,"School enrollment, tertiary (gross), gender parity index (GPI)",SE.ENR.TERT.FM.ZS,0.131219998002052
Federal Republic of Somalia,SOM,1972,"School enrollment, tertiary (gross), gender parity index (GPI)",SE.ENR.TERT.FM.ZS,0.154589995741844
Federal Republic of Somalia,SOM,2021,"School enrollment, preprimary, female (% gross)",SE.PRE.ENRR.FE,1.01880085468292
Federal Republic of Somalia,SOM,2019,"School enrollment, preprimary, female (% gross)",SE.PRE.ENRR.FE,0.883955538272858
Federal Republic of Somalia,SOM,2014,"School enrollment, preprimary, female (% gross)",SE.PRE.ENRR.FE,5.14222002029419
Federal Republic of Somalia,SOM,1986,"School enrollment, preprimary, female (% gross)",SE.PRE.ENRR.FE,0.435570001602173
Federal Republic of Somalia,SOM,1985,"School enrollment, preprimary, female (% gross)",SE.PRE.ENRR.FE,0.378410011529922
Federal Republic of Somalia,SOM,1984,"School enrollment, preprimary, female (% gross)",SE.PRE.ENRR.FE,0.319599986076355
Federal Republic of Somalia,SOM,1983,"School enrollment, preprimary, female (% gross)",SE.PRE.ENRR.FE,0.497359991073608
Federal Republic of Somalia,SOM,1982,"School enrollment, preprimary, female (% gross)",SE.PRE.ENRR.FE,0.405349999666214
Federal Republic of Somalia,SOM,1981,"School enrollment, preprimary, female (% gross)",SE.PRE.ENRR.FE,0.552269995212555
Federal Republic of Somalia,SOM,1980,"School enrollment, preprimary, female (% gross)",SE.PRE.ENRR.FE,0.583320021629334
Federal Republic of Somalia,SOM,1979,"School enrollment, preprimary, female (% gross)",SE.PRE.ENRR.FE,1.63002002239227
Federal Republic of Somalia,SOM,1978,"School enrollment, preprimary, female (% gross)",SE.PRE.ENRR.FE,0.506399989128113
Federal Republic of Somalia,SOM,1977,"School enrollment, preprimary, female (% gross)",SE.PRE.ENRR.FE,0.436850011348724
Federal Republic of Somalia,SOM,1976,"School enrollment, preprimary, female (% gross)",SE.PRE.ENRR.FE,0.412589997053146
Federal Republic of Somalia,SOM,1974,"School enrollment, preprimary, female (% gross)",SE.PRE.ENRR.FE,0.432489991188049
Federal Republic of Somalia,SOM,1973,"School enrollment, preprimary, female (% gross)",SE.PRE.ENRR.FE,0.429899990558624
Federal Republic of Somalia,SOM,1972,"School enrollment, preprimary, female (% gross)",SE.PRE.ENRR.FE,0.333149999380112
Federal Republic of Somalia,SOM,1971,"School enrollment, preprimary, female (% gross)",SE.PRE.ENRR.FE,0.25670000910759
Federal Republic of Somalia,SOM,2021,"School enrollment, preprimary, male (% gross)",SE.PRE.ENRR.MA,1.27153885364532
Federal Republic of Somalia,SOM,2019,"School enrollment, preprimary, male (% gross)",SE.PRE.ENRR.MA,0.91398811340332
Federal Republic of Somalia,SOM,2014,"School enrollment, preprimary, male (% gross)",SE.PRE.ENRR.MA,6.11784982681274
Federal Republic of Somalia,SOM,1986,"School enrollment, preprimary, male (% gross)",SE.PRE.ENRR.MA,0.332989990711212
Federal Republic of Somalia,SOM,1985,"School enrollment, preprimary, male (% gross)",SE.PRE.ENRR.MA,0.297300010919571
Federal Republic of Somalia,SOM,1984,"School enrollment, preprimary, male (% gross)",SE.PRE.ENRR.MA,0.268759995698929
Federal Republic of Somalia,SOM,1983,"School enrollment, preprimary, male (% gross)",SE.PRE.ENRR.MA,0.447369992733002
Federal Republic of Somalia,SOM,1982,"School enrollment, preprimary, male (% gross)",SE.PRE.ENRR.MA,0.456429988145828
Federal Republic of Somalia,SOM,1981,"School enrollment, preprimary, male (% gross)",SE.PRE.ENRR.MA,0.510479986667633
Federal Republic of Somalia,SOM,1980,"School enrollment, preprimary, male (% gross)",SE.PRE.ENRR.MA,0.538179993629456
Federal Republic of Somalia,SOM,1979,"School enrollment, preprimary, male (% gross)",SE.PRE.ENRR.MA,1.50045001506805
Federal Republic of Somalia,SOM,1978,"School enrollment, preprimary, male (% gross)",SE.PRE.ENRR.MA,0.580850005149841
Federal Republic of Somalia,SOM,1977,"School enrollment, preprimary, male (% gross)",SE.PRE.ENRR.MA,0.461140006780624
Federal Republic of Somalia,SOM,1976,"School enrollment, preprimary, male (% gross)",SE.PRE.ENRR.MA,0.481759995222092
Federal Republic of Somalia,SOM,1974,"School enrollment, preprimary, male (% gross)",SE.PRE.ENRR.MA,0.687210023403168
Federal Republic of Somalia,SOM,1973,"School enrollment, preprimary, male (% gross)",SE.PRE.ENRR.MA,0.613650023937225
Federal Republic of Somalia,SOM,1972,"School enrollment, preprimary, male (% gross)",SE.PRE.ENRR.MA,0.369379997253418
Federal Republic of Somalia,SOM,1971,"School enrollment, preprimary, male (% gross)",SE.PRE.ENRR.MA,0.304639995098114
Federal Republic of Somalia,SOM,2022,"Educational attainment, at least completed primary, population 25+ years, female (%) (cumulative)",SE.PRM.CUAT.FE.ZS,7.21000003814697
Federal Republic of Somalia,SOM,2022,"Educational attainment, at least completed primary, population 25+ years, male (%) (cumulative)",SE.PRM.CUAT.MA.ZS,23.7999992370605
Federal Republic of Somalia,SOM,2022,"Educational attainment, at least completed primary, population 25+ years, total (%) (cumulative)",SE.PRM.CUAT.ZS,15.5
Federal Republic of Somalia,SOM,2007,"Primary education, pupils (% female)",SE.PRM.ENRL.FE.ZS,35.45912
Federal Republic of Somalia,SOM,1986,"Primary education, pupils (% female)",SE.PRM.ENRL.FE.ZS,33.43938
Federal Republic of Somalia,SOM,1985,"Primary education, pupils (% female)",SE.PRM.ENRL.FE.ZS,34.3642
Federal Republic of Somalia,SOM,1984,"Primary education, pupils (% female)",SE.PRM.ENRL.FE.ZS,35.14056
Federal Republic of Somalia,SOM,1983,"Primary education, pupils (% female)",SE.PRM.ENRL.FE.ZS,34.64657
Federal Republic of Somalia,SOM,1982,"Primary education, pupils (% female)",SE.PRM.ENRL.FE.ZS,35.18315
Federal Republic of Somalia,SOM,1981,"Primary education, pupils (% female)",SE.PRM.ENRL.FE.ZS,35.7838
Federal Republic of Somalia,SOM,1980,"Primary education, pupils (% female)",SE.PRM.ENRL.FE.ZS,36.49162
Federal Republic of Somalia,SOM,1979,"Primary education, pupils (% female)",SE.PRM.ENRL.FE.ZS,36.09465
Federal Republic of Somalia,SOM,1978,"Primary education, pupils (% female)",SE.PRM.ENRL.FE.ZS,36.36455
Federal Republic of Somalia,SOM,1977,"Primary education, pupils (% female)",SE.PRM.ENRL.FE.ZS,35.4185
Federal Republic of Somalia,SOM,1976,"Primary education, pupils (% female)",SE.PRM.ENRL.FE.ZS,35.46782
Federal Republic of Somalia,SOM,1974,"Primary education, pupils (% female)",SE.PRM.ENRL.FE.ZS,29.08871
Federal Republic of Somalia,SOM,1973,"Primary education, pupils (% female)",SE.PRM.ENRL.FE.ZS,26.12579
Federal Republic of Somalia,SOM,1972,"Primary education, pupils (% female)",SE.PRM.ENRL.FE.ZS,24.75999
Federal Republic of Somalia,SOM,1971,"Primary education, pupils (% female)",SE.PRM.ENRL.FE.ZS,24.3907
Federal Republic of Somalia,SOM,2023,"School enrollment, primary, female (% gross)",SE.PRM.ENRR.FE,19.2384796142578
Federal Republic of Somalia,SOM,2007,"School enrollment, primary, female (% gross)",SE.PRM.ENRR.FE,16.8377895355225
Federal Republic of Somalia,SOM,1986,"School enrollment, primary, female (% gross)",SE.PRM.ENRR.FE,9.46041011810303
Federal Republic of Somalia,SOM,1985,"School enrollment, primary, female (% gross)",SE.PRM.ENRR.FE,11.0357303619385
Federal Republic of Somalia,SOM,1984,"School enrollment, primary, female (% gross)",SE.PRM.ENRR.FE,13.0548696517944
Federal Republic of Somalia,SOM,1983,"School enrollment, primary, female (% gross)",SE.PRM.ENRR.FE,13.1975603103638
Federal Republic of Somalia,SOM,1982,"School enrollment, primary, female (% gross)",SE.PRM.ENRR.FE,14.7219896316528
Federal Republic of Somalia,SOM,1981,"School enrollment, primary, female (% gross)",SE.PRM.ENRR.FE,15.9201898574829
Federal Republic of Somalia,SOM,1980,"School enrollment, primary, female (% gross)",SE.PRM.ENRR.FE,21.4889793395996
Federal Republic of Somalia,SOM,1979,"School enrollment, primary, female (% gross)",SE.PRM.ENRR.FE,23.5935001373291
Federal Republic of Somalia,SOM,1978,"School enrollment, primary, female (% gross)",SE.PRM.ENRR.FE,22.9666004180908
Federal Republic of Somalia,SOM,1977,"School enrollment, primary, female (% gross)",SE.PRM.ENRR.FE,23.0119590759277
Federal Republic of Somalia,SOM,1976,"School enrollment, primary, female (% gross)",SE.PRM.ENRR.FE,20.3679008483887
Federal Republic of Somalia,SOM,1974,"School enrollment, primary, female (% gross)",SE.PRM.ENRR.FE,7.48788976669312
Federal Republic of Somalia,SOM,1973,"School enrollment, primary, female (% gross)",SE.PRM.ENRR.FE,5.54326009750366
Federal Republic of Somalia,SOM,1972,"School enrollment, primary, female (% gross)",SE.PRM.ENRR.FE,4.05108022689819
Federal Republic of Somalia,SOM,1971,"School enrollment, primary, female (% gross)",SE.PRM.ENRR.FE,3.41232991218567
Federal Republic of Somalia,SOM,2023,"School enrollment, primary, male (% gross)",SE.PRM.ENRR.MA,23.1047496795654
Federal Republic of Somalia,SOM,2007,"School enrollment, primary, male (% gross)",SE.PRM.ENRR.MA,29.7546501159668
Federal Republic of Somalia,SOM,1986,"School enrollment, primary, male (% gross)",SE.PRM.ENRR.MA,18.4370708465576
Federal Republic of Somalia,SOM,1985,"School enrollment, primary, male (% gross)",SE.PRM.ENRR.MA,20.6426792144775
Federal Republic of Somalia,SOM,1984,"School enrollment, primary, male (% gross)",SE.PRM.ENRR.MA,23.6025695800781
Federal Republic of Somalia,SOM,1983,"School enrollment, primary, male (% gross)",SE.PRM.ENRR.MA,24.3906002044678
Federal Republic of Somalia,SOM,1982,"School enrollment, primary, male (% gross)",SE.PRM.ENRR.MA,26.5793495178223
Federal Republic of Somalia,SOM,1981,"School enrollment, primary, male (% gross)",SE.PRM.ENRR.MA,28.0076103210449
Federal Republic of Somalia,SOM,1980,"School enrollment, primary, male (% gross)",SE.PRM.ENRR.MA,36.6768493652344
Federal Republic of Somalia,SOM,1979,"School enrollment, primary, male (% gross)",SE.PRM.ENRR.MA,40.9838485717773
Federal Republic of Somalia,SOM,1978,"School enrollment, primary, male (% gross)",SE.PRM.ENRR.MA,39.4489898681641
Federal Republic of Somalia,SOM,1977,"School enrollment, primary, male (% gross)",SE.PRM.ENRR.MA,41.2038192749023
Federal Republic of Somalia,SOM,1976,"School enrollment, primary, male (% gross)",SE.PRM.ENRR.MA,36.4033699035645
Federal Republic of Somalia,SOM,1974,"School enrollment, primary, male (% gross)",SE.PRM.ENRR.MA,17.9414005279541
Federal Republic of Somalia,SOM,1973,"School enrollment, primary, male (% gross)",SE.PRM.ENRR.MA,15.4107103347778
Federal Republic of Somalia,SOM,1972,"School enrollment, primary, male (% gross)",SE.PRM.ENRR.MA,12.1062297821045
Federal Republic of Somalia,SOM,1971,"School enrollment, primary, male (% gross)",SE.PRM.ENRR.MA,10.4052896499634
Federal Republic of Somalia,SOM,1980,"School enrollment, primary, female (% net)",SE.PRM.NENR.FE,10.94357
Federal Republic of Somalia,SOM,1979,"School enrollment, primary, female (% net)",SE.PRM.NENR.FE,11.72704
Federal Republic of Somalia,SOM,1978,"School enrollment, primary, female (% net)",SE.PRM.NENR.FE,11.74878
Federal Republic of Somalia,SOM,1977,"School enrollment, primary, female (% net)",SE.PRM.NENR.FE,14.0983
Federal Republic of Somalia,SOM,1976,"School enrollment, primary, female (% net)",SE.PRM.NENR.FE,15.41538
Federal Republic of Somalia,SOM,1980,"School enrollment, primary, male (% net)",SE.PRM.NENR.MA,17.95045
Federal Republic of Somalia,SOM,1979,"School enrollment, primary, male (% net)",SE.PRM.NENR.MA,17.02339
Federal Republic of Somalia,SOM,1978,"School enrollment, primary, male (% net)",SE.PRM.NENR.MA,16.84905
Federal Republic of Somalia,SOM,1977,"School enrollment, primary, male (% net)",SE.PRM.NENR.MA,20.78916
Federal Republic of Somalia,SOM,1976,"School enrollment, primary, male (% net)",SE.PRM.NENR.MA,24.23065
Federal Republic of Somalia,SOM,1975,"Repeaters, primary, female (% of female enrollment)",SE.PRM.REPT.FE.ZS,0
Federal Republic of Somalia,SOM,1975,"Repeaters, primary, male (% of male enrollment)",SE.PRM.REPT.MA.ZS,0
Federal Republic of Somalia,SOM,2007,"Primary education, teachers (% female)",SE.PRM.TCHR.FE.ZS,16.6200504302979
Federal Republic of Somalia,SOM,1980,"Primary education, teachers (% female)",SE.PRM.TCHR.FE.ZS,28.8623008728027
Federal Republic of Somalia,SOM,1979,"Primary education, teachers (% female)",SE.PRM.TCHR.FE.ZS,25.4268493652344
Federal Republic of Somalia,SOM,1978,"Primary education, teachers (% female)",SE.PRM.TCHR.FE.ZS,24.4399394989014
Federal Republic of Somalia,SOM,1977,"Primary education, teachers (% female)",SE.PRM.TCHR.FE.ZS,19.3119297027588
Federal Republic of Somalia,SOM,1976,"Primary education, teachers (% female)",SE.PRM.TCHR.FE.ZS,16.2309703826904
Federal Republic of Somalia,SOM,1974,"Primary education, teachers (% female)",SE.PRM.TCHR.FE.ZS,13.1358299255371
Federal Republic of Somalia,SOM,1973,"Primary education, teachers (% female)",SE.PRM.TCHR.FE.ZS,13.125410079956
Federal Republic of Somalia,SOM,1972,"Primary education, teachers (% female)",SE.PRM.TCHR.FE.ZS,17.652250289917
Federal Republic of Somalia,SOM,1971,"Primary education, teachers (% female)",SE.PRM.TCHR.FE.ZS,14.1692199707031
Federal Republic of Somalia,SOM,1980,"Adjusted net enrollment rate, primary, female (% of primary school age children)",SE.PRM.TENR.FE,10.94357
Federal Republic of Somalia,SOM,1979,"Adjusted net enrollment rate, primary, female (% of primary school age children)",SE.PRM.TENR.FE,11.72704
Federal Republic of Somalia,SOM,1978,"Adjusted net enrollment rate, primary, female (% of primary school age children)",SE.PRM.TENR.FE,11.74878
Federal Republic of Somalia,SOM,1977,"Adjusted net enrollment rate, primary, female (% of primary school age children)",SE.PRM.TENR.FE,14.0983
Federal Republic of Somalia,SOM,1976,"Adjusted net enrollment rate, primary, female (% of primary school age children)",SE.PRM.TENR.FE,15.41538
Federal Republic of Somalia,SOM,1980,"Adjusted net enrollment rate, primary, male (% of primary school age children)",SE.PRM.TENR.MA,17.95045
Federal Republic of Somalia,SOM,1979,"Adjusted net enrollment rate, primary, male (% of primary school age children)",SE.PRM.TENR.MA,17.02339
Federal Republic of Somalia,SOM,1978,"Adjusted net enrollment rate, primary, male (% of primary school age children)",SE.PRM.TENR.MA,16.84905
Federal Republic of Somalia,SOM,1977,"Adjusted net enrollment rate, primary, male (% of primary school age children)",SE.PRM.TENR.MA,20.78916
Federal Republic of Somalia,SOM,1976,"Adjusted net enrollment rate, primary, male (% of primary school age children)",SE.PRM.TENR.MA,24.23065
Federal Republic of Somalia,SOM,1980,"Children out of school, primary, female",SE.PRM.UNER.FE,408028
Federal Republic of Somalia,SOM,1979,"Children out of school, primary, female",SE.PRM.UNER.FE,352337
Federal Republic of Somalia,SOM,1978,"Children out of school, primary, female",SE.PRM.UNER.FE,316131
Federal Republic of Somalia,SOM,1977,"Children out of school, primary, female",SE.PRM.UNER.FE,303793
Federal Republic of Somalia,SOM,1976,"Children out of school, primary, female",SE.PRM.UNER.FE,296286
Federal Republic of Somalia,SOM,1980,"Children out of school, primary, male",SE.PRM.UNER.MA,383179
Federal Republic of Somalia,SOM,1979,"Children out of school, primary, male",SE.PRM.UNER.MA,336642
Federal Republic of Somalia,SOM,1978,"Children out of school, primary, male",SE.PRM.UNER.MA,302967
Federal Republic of Somalia,SOM,1977,"Children out of school, primary, male",SE.PRM.UNER.MA,287373
Federal Republic of Somalia,SOM,1976,"Children out of school, primary, male",SE.PRM.UNER.MA,275562
Federal Republic of Somalia,SOM,2022,"Educational attainment, at least completed lower secondary, population 25+, female (%) (cumulative)",SE.SEC.CUAT.LO.FE.ZS,4.44999980926514
Federal Republic of Somalia,SOM,2022,"Educational attainment, at least completed lower secondary, population 25+, male (%) (cumulative)",SE.SEC.CUAT.LO.MA.ZS,17.7800006866455
Federal Republic of Somalia,SOM,2022,"Educational attainment, at least completed lower secondary, population 25+, total (%) (cumulative)",SE.SEC.CUAT.LO.ZS,11.1099996566772
Federal Republic of Somalia,SOM,2022,"Educational attainment, at least completed upper secondary, population 25+, female (%) (cumulative)",SE.SEC.CUAT.UP.FE.ZS,3.63000011444092
Federal Republic of Somalia,SOM,2022,"Educational attainment, at least completed upper secondary, population 25+, male (%) (cumulative)",SE.SEC.CUAT.UP.MA.ZS,15.9799995422363
Federal Republic of Somalia,SOM,2022,"Educational attainment, at least completed upper secondary, population 25+, total (%) (cumulative)",SE.SEC.CUAT.UP.ZS,9.8100004196167
Federal Republic of Somalia,SOM,2007,"Secondary education, pupils (% female)",SE.SEC.ENRL.FE.ZS,31.47281
Federal Republic of Somalia,SOM,1986,"Secondary education, pupils (% female)",SE.SEC.ENRL.FE.ZS,35.47942
Federal Republic of Somalia,SOM,1985,"Secondary education, pupils (% female)",SE.SEC.ENRL.FE.ZS,35.61814
Federal Republic of Somalia,SOM,1984,"Secondary education, pupils (% female)",SE.SEC.ENRL.FE.ZS,35.75884
Federal Republic of Somalia,SOM,1983,"Secondary education, pupils (% female)",SE.SEC.ENRL.FE.ZS,34.35794
Federal Republic of Somalia,SOM,1982,"Secondary education, pupils (% female)",SE.SEC.ENRL.FE.ZS,33.64119
Federal Republic of Somalia,SOM,1981,"Secondary education, pupils (% female)",SE.SEC.ENRL.FE.ZS,32.70868
Federal Republic of Somalia,SOM,1980,"Secondary education, pupils (% female)",SE.SEC.ENRL.FE.ZS,25.86929
Federal Republic of Somalia,SOM,1979,"Secondary education, pupils (% female)",SE.SEC.ENRL.FE.ZS,23.74566
Federal Republic of Somalia,SOM,1978,"Secondary education, pupils (% female)",SE.SEC.ENRL.FE.ZS,23.34292
Federal Republic of Somalia,SOM,1977,"Secondary education, pupils (% female)",SE.SEC.ENRL.FE.ZS,22.30204
Federal Republic of Somalia,SOM,1976,"Secondary education, pupils (% female)",SE.SEC.ENRL.FE.ZS,23.74988
Federal Republic of Somalia,SOM,1974,"Secondary education, pupils (% female)",SE.SEC.ENRL.FE.ZS,20.04717
Federal Republic of Somalia,SOM,1973,"Secondary education, pupils (% female)",SE.SEC.ENRL.FE.ZS,19.23312
Federal Republic of Somalia,SOM,1972,"Secondary education, pupils (% female)",SE.SEC.ENRL.FE.ZS,18.67584
Federal Republic of Somalia,SOM,1971,"Secondary education, pupils (% female)",SE.SEC.ENRL.FE.ZS,18.99858
Federal Republic of Somalia,SOM,2007,"Secondary education, general pupils (% female)",SE.SEC.ENRL.GC.FE.ZS,31.47281
Federal Republic of Somalia,SOM,1986,"Secondary education, general pupils (% female)",SE.SEC.ENRL.GC.FE.ZS,36.38082
Federal Republic of Somalia,SOM,1985,"Secondary education, general pupils (% female)",SE.SEC.ENRL.GC.FE.ZS,36.11013
Federal Republic of Somalia,SOM,1984,"Secondary education, general pupils (% female)",SE.SEC.ENRL.GC.FE.ZS,36.53946
Federal Republic of Somalia,SOM,1983,"Secondary education, general pupils (% female)",SE.SEC.ENRL.GC.FE.ZS,35.06749
Federal Republic of Somalia,SOM,1982,"Secondary education, general pupils (% female)",SE.SEC.ENRL.GC.FE.ZS,34.92485
Federal Republic of Somalia,SOM,1981,"Secondary education, general pupils (% female)",SE.SEC.ENRL.GC.FE.ZS,33.90703
Federal Republic of Somalia,SOM,1980,"Secondary education, general pupils (% female)",SE.SEC.ENRL.GC.FE.ZS,24.47516
Federal Republic of Somalia,SOM,1979,"Secondary education, general pupils (% female)",SE.SEC.ENRL.GC.FE.ZS,21.32075
Federal Republic of Somalia,SOM,1978,"Secondary education, general pupils (% female)",SE.SEC.ENRL.GC.FE.ZS,19.25226
Federal Republic of Somalia,SOM,1977,"Secondary education, general pupils (% female)",SE.SEC.ENRL.GC.FE.ZS,17.61256
Federal Republic of Somalia,SOM,1976,"Secondary education, general pupils (% female)",SE.SEC.ENRL.GC.FE.ZS,22.99425
Federal Republic of Somalia,SOM,1974,"Secondary education, general pupils (% female)",SE.SEC.ENRL.GC.FE.ZS,20.10524
Federal Republic of Somalia,SOM,1973,"Secondary education, general pupils (% female)",SE.SEC.ENRL.GC.FE.ZS,20.03685
Federal Republic of Somalia,SOM,1972,"Secondary education, general pupils (% female)",SE.SEC.ENRL.GC.FE.ZS,18.74671
Federal Republic of Somalia,SOM,1971,"Secondary education, general pupils (% female)",SE.SEC.ENRL.GC.FE.ZS,19.27386
Federal Republic of Somalia,SOM,1986,"Secondary education, vocational pupils (% female)",SE.SEC.ENRL.VO.FE.ZS,22.93949
Federal Republic of Somalia,SOM,1985,"Secondary education, vocational pupils (% female)",SE.SEC.ENRL.VO.FE.ZS,28.67223
Federal Republic of Somalia,SOM,1984,"Secondary education, vocational pupils (% female)",SE.SEC.ENRL.VO.FE.ZS,28.44578
Federal Republic of Somalia,SOM,1983,"Secondary education, vocational pupils (% female)",SE.SEC.ENRL.VO.FE.ZS,29.13858
Federal Republic of Somalia,SOM,1982,"Secondary education, vocational pupils (% female)",SE.SEC.ENRL.VO.FE.ZS,24.70862
Federal Republic of Somalia,SOM,1981,"Secondary education, vocational pupils (% female)",SE.SEC.ENRL.VO.FE.ZS,22.36437
Federal Republic of Somalia,SOM,1980,"Secondary education, vocational pupils (% female)",SE.SEC.ENRL.VO.FE.ZS,28.77737
Federal Republic of Somalia,SOM,1979,"Secondary education, vocational pupils (% female)",SE.SEC.ENRL.VO.FE.ZS,27.4499
Federal Republic of Somalia,SOM,1978,"Secondary education, vocational pupils (% female)",SE.SEC.ENRL.VO.FE.ZS,28.19293
Federal Republic of Somalia,SOM,1977,"Secondary education, vocational pupils (% female)",SE.SEC.ENRL.VO.FE.ZS,27.16658
Federal Republic of Somalia,SOM,1976,"Secondary education, vocational pupils (% female)",SE.SEC.ENRL.VO.FE.ZS,27.58292
Federal Republic of Somalia,SOM,1974,"Secondary education, vocational pupils (% female)",SE.SEC.ENRL.VO.FE.ZS,19.62209
Federal Republic of Somalia,SOM,1973,"Secondary education, vocational pupils (% female)",SE.SEC.ENRL.VO.FE.ZS,10.89224
Federal Republic of Somalia,SOM,1972,"Secondary education, vocational pupils (% female)",SE.SEC.ENRL.VO.FE.ZS,18.02184
Federal Republic of Somalia,SOM,1971,"Secondary education, vocational pupils (% female)",SE.SEC.ENRL.VO.FE.ZS,15.27094
Federal Republic of Somalia,SOM,2023,"School enrollment, secondary, female (% gross)",SE.SEC.ENRR.FE,2.71269011497498
Federal Republic of Somalia,SOM,2007,"School enrollment, secondary, female (% gross)",SE.SEC.ENRR.FE,3.88506007194519
Federal Republic of Somalia,SOM,1986,"School enrollment, secondary, female (% gross)",SE.SEC.ENRR.FE,7.17458009719849
Federal Republic of Somalia,SOM,1985,"School enrollment, secondary, female (% gross)",SE.SEC.ENRR.FE,7.94655990600586
Federal Republic of Somalia,SOM,1984,"School enrollment, secondary, female (% gross)",SE.SEC.ENRR.FE,8.78474998474121
Federal Republic of Somalia,SOM,1983,"School enrollment, secondary, female (% gross)",SE.SEC.ENRR.FE,8.69336986541748
Federal Republic of Somalia,SOM,1982,"School enrollment, secondary, female (% gross)",SE.SEC.ENRR.FE,8.91899013519287
Federal Republic of Somalia,SOM,1981,"School enrollment, secondary, female (% gross)",SE.SEC.ENRR.FE,8.47428035736084
Federal Republic of Somalia,SOM,1980,"School enrollment, secondary, female (% gross)",SE.SEC.ENRR.FE,2.22844004631042
Federal Republic of Somalia,SOM,1979,"School enrollment, secondary, female (% gross)",SE.SEC.ENRR.FE,1.89398002624512
Federal Republic of Somalia,SOM,1978,"School enrollment, secondary, female (% gross)",SE.SEC.ENRR.FE,1.44950997829437
Federal Republic of Somalia,SOM,1977,"School enrollment, secondary, female (% gross)",SE.SEC.ENRR.FE,1.36702001094818
Federal Republic of Somalia,SOM,1976,"School enrollment, secondary, female (% gross)",SE.SEC.ENRR.FE,2.62332010269165
Federal Republic of Somalia,SOM,1974,"School enrollment, secondary, female (% gross)",SE.SEC.ENRR.FE,1.66499996185303
Federal Republic of Somalia,SOM,1973,"School enrollment, secondary, female (% gross)",SE.SEC.ENRR.FE,1.40176999568939
Federal Republic of Somalia,SOM,1972,"School enrollment, secondary, female (% gross)",SE.SEC.ENRR.FE,1.19470000267029
Federal Republic of Somalia,SOM,1971,"School enrollment, secondary, female (% gross)",SE.SEC.ENRR.FE,1.08719003200531
Federal Republic of Somalia,SOM,2023,"School enrollment, secondary, male (% gross)",SE.SEC.ENRR.MA,3.86020994186401
Federal Republic of Somalia,SOM,2007,"School enrollment, secondary, male (% gross)",SE.SEC.ENRR.MA,8.20285987854004
Federal Republic of Somalia,SOM,1986,"School enrollment, secondary, male (% gross)",SE.SEC.ENRR.MA,12.7908296585083
Federal Republic of Somalia,SOM,1985,"School enrollment, secondary, male (% gross)",SE.SEC.ENRR.MA,14.0886096954346
Federal Republic of Somalia,SOM,1984,"School enrollment, secondary, male (% gross)",SE.SEC.ENRR.MA,15.4866800308228
Federal Republic of Somalia,SOM,1983,"School enrollment, secondary, male (% gross)",SE.SEC.ENRR.MA,16.3053493499756
Federal Republic of Somalia,SOM,1982,"School enrollment, secondary, male (% gross)",SE.SEC.ENRR.MA,17.2775802612305
Federal Republic of Somalia,SOM,1981,"School enrollment, secondary, male (% gross)",SE.SEC.ENRR.MA,17.127649307251
Federal Republic of Somalia,SOM,1980,"School enrollment, secondary, male (% gross)",SE.SEC.ENRR.MA,6.27364015579224
Federal Republic of Somalia,SOM,1979,"School enrollment, secondary, male (% gross)",SE.SEC.ENRR.MA,5.97708988189697
Federal Republic of Somalia,SOM,1978,"School enrollment, secondary, male (% gross)",SE.SEC.ENRR.MA,4.67898988723755
Federal Republic of Somalia,SOM,1977,"School enrollment, secondary, male (% gross)",SE.SEC.ENRR.MA,4.68276977539062
Federal Republic of Somalia,SOM,1976,"School enrollment, secondary, male (% gross)",SE.SEC.ENRR.MA,8.28425025939941
Federal Republic of Somalia,SOM,1974,"School enrollment, secondary, male (% gross)",SE.SEC.ENRR.MA,6.53408002853394
Federal Republic of Somalia,SOM,1973,"School enrollment, secondary, male (% gross)",SE.SEC.ENRR.MA,5.79370021820068
Federal Republic of Somalia,SOM,1972,"School enrollment, secondary, male (% gross)",SE.SEC.ENRR.MA,5.12174987792969
Federal Republic of Somalia,SOM,1971,"School enrollment, secondary, male (% gross)",SE.SEC.ENRR.MA,4.56485986709595
Federal Republic of Somalia,SOM,1980,"School enrollment, secondary, female (% net)",SE.SEC.NENR.FE,0.15685
Federal Republic of Somalia,SOM,1979,"School enrollment, secondary, female (% net)",SE.SEC.NENR.FE,0.15428
Federal Republic of Somalia,SOM,1978,"School enrollment, secondary, female (% net)",SE.SEC.NENR.FE,0.07454
Federal Republic of Somalia,SOM,1977,"School enrollment, secondary, female (% net)",SE.SEC.NENR.FE,0.0517
Federal Republic of Somalia,SOM,1980,"School enrollment, secondary, male (% net)",SE.SEC.NENR.MA,0.27159
Federal Republic of Somalia,SOM,1979,"School enrollment, secondary, male (% net)",SE.SEC.NENR.MA,0.30307
Federal Republic of Somalia,SOM,1978,"School enrollment, secondary, male (% net)",SE.SEC.NENR.MA,0.18532
Federal Republic of Somalia,SOM,1977,"School enrollment, secondary, male (% net)",SE.SEC.NENR.MA,0.14451
Federal Republic of Somalia,SOM,2007,"Secondary education, teachers (% female)",SE.SEC.TCHR.FE.ZS,13.5213098526001
Federal Republic of Somalia,SOM,1980,"Secondary education, teachers (% female)",SE.SEC.TCHR.FE.ZS,7.68683004379272
Federal Republic of Somalia,SOM,1979,"Secondary education, teachers (% female)",SE.SEC.TCHR.FE.ZS,7.24395990371704
Federal Republic of Somalia,SOM,1978,"Secondary education, teachers (% female)",SE.SEC.TCHR.FE.ZS,8.98748970031738
Federal Republic of Somalia,SOM,1977,"Secondary education, teachers (% female)",SE.SEC.TCHR.FE.ZS,11.991660118103
Federal Republic of Somalia,SOM,1976,"Secondary education, teachers (% female)",SE.SEC.TCHR.FE.ZS,8.50228977203369
Federal Republic of Somalia,SOM,1974,"Secondary education, teachers (% female)",SE.SEC.TCHR.FE.ZS,7.56054019927979
Federal Republic of Somalia,SOM,1973,"Secondary education, teachers (% female)",SE.SEC.TCHR.FE.ZS,8.63453960418701
Federal Republic of Somalia,SOM,1972,"Secondary education, teachers (% female)",SE.SEC.TCHR.FE.ZS,9.63665008544922
Federal Republic of Somalia,SOM,1971,"Secondary education, teachers (% female)",SE.SEC.TCHR.FE.ZS,10.0782804489136
Federal Republic of Somalia,SOM,2022,"Educational attainment, at least Bachelor's or equivalent, population 25+, female (%) (cumulative)",SE.TER.CUAT.BA.FE.ZS,1.44000005722046
Federal Republic of Somalia,SOM,2022,"Educational attainment, at least Bachelor's or equivalent, population 25+, male (%) (cumulative)",SE.TER.CUAT.BA.MA.ZS,7.1100001335144
Federal Republic of Somalia,SOM,2022,"Educational attainment, at least Bachelor's or equivalent, population 25+, total (%) (cumulative)",SE.TER.CUAT.BA.ZS,4.26999998092651
Federal Republic of Somalia,SOM,1987,"School enrollment, tertiary, female (% gross)",SE.TER.ENRR.FE,0.967170000076294
Federal Republic of Somalia,SOM,1976,"School enrollment, tertiary, female (% gross)",SE.TER.ENRR.FE,0.105679996311665
Federal Republic of Somalia,SOM,1975,"School enrollment, tertiary, female (% gross)",SE.TER.ENRR.FE,0.0885699987411499
Federal Republic of Somalia,SOM,1972,"School enrollment, tertiary, female (% gross)",SE.TER.ENRR.FE,0.0679100006818771
Federal Republic of Somalia,SOM,1987,"School enrollment, tertiary, male (% gross)",SE.TER.ENRR.MA,3.87342000007629
Federal Republic of Somalia,SOM,1976,"School enrollment, tertiary, male (% gross)",SE.TER.ENRR.MA,0.872219979763031
Federal Republic of Somalia,SOM,1975,"School enrollment, tertiary, male (% gross)",SE.TER.ENRR.MA,0.674989998340607
Federal Republic of Somalia,SOM,1972,"School enrollment, tertiary, male (% gross)",SE.TER.ENRR.MA,0.439300000667572
Federal Republic of Somalia,SOM,2024,Proportion of seats held by women in national parliaments (%),SG.GEN.PARL.ZS,19.6363636363636
Federal Republic of Somalia,SOM,2023,Proportion of seats held by women in national parliaments (%),SG.GEN.PARL.ZS,19.7080291970803
Federal Republic of Somalia,SOM,2022,Proportion of seats held by women in national parliaments (%),SG.GEN.PARL.ZS,19.7080291970803
Federal Republic of Somalia,SOM,2021,Proportion of seats held by women in national parliaments (%),SG.GEN.PARL.ZS,24.3636363636364
Federal Republic of Somalia,SOM,2020,Proportion of seats held by women in national parliaments (%),SG.GEN.PARL.ZS,24.3636363636364
Federal Republic of Somalia,SOM,2019,Proportion of seats held by women in national parliaments (%),SG.GEN.PARL.ZS,24.3636363636364
Federal Republic of Somalia,SOM,2018,Proportion of seats held by women in national parliaments (%),SG.GEN.PARL.ZS,24.3636363636364
Federal Republic of Somalia,SOM,2017,Proportion of seats held by women in national parliaments (%),SG.GEN.PARL.ZS,24.3636363636364
Federal Republic of Somalia,SOM,2015,Proportion of seats held by women in national parliaments (%),SG.GEN.PARL.ZS,13.8181818181818
Federal Republic of Somalia,SOM,2014,Proportion of seats held by women in national parliaments (%),SG.GEN.PARL.ZS,13.8181818181818
Federal Republic of Somalia,SOM,2013,Proportion of seats held by women in national parliaments (%),SG.GEN.PARL.ZS,13.8181818181818
Federal Republic of Somalia,SOM,2012,Proportion of seats held by women in national parliaments (%),SG.GEN.PARL.ZS,13.8181818181818
Federal Republic of Somalia,SOM,2011,Proportion of seats held by women in national parliaments (%),SG.GEN.PARL.ZS,6.77655677655678
Federal Republic of Somalia,SOM,2010,Proportion of seats held by women in national parliaments (%),SG.GEN.PARL.ZS,6.77655677655678
Federal Republic of Somalia,SOM,2009,Proportion of seats held by women in national parliaments (%),SG.GEN.PARL.ZS,6.86456400742115
Federal Republic of Somalia,SOM,2008,Proportion of seats held by women in national parliaments (%),SG.GEN.PARL.ZS,8.203125
Federal Republic of Somalia,SOM,2007,Proportion of seats held by women in national parliaments (%),SG.GEN.PARL.ZS,8.203125
Federal Republic of Somalia,SOM,2006,Proportion of seats held by women in national parliaments (%),SG.GEN.PARL.ZS,7.80669144981413
Federal Republic of Somalia,SOM,2005,Proportion of seats held by women in national parliaments (%),SG.GEN.PARL.ZS,8
Federal Republic of Somalia,SOM,2023,Women Business and the Law Index Score (scale 1-100),SG.LAW.INDX,46.875
Federal Republic of Somalia,SOM,2022,Women Business and the Law Index Score (scale 1-100),SG.LAW.INDX,46.875
Federal Republic of Somalia,SOM,2021,Women Business and the Law Index Score (scale 1-100),SG.LAW.INDX,46.875
Federal Republic of Somalia,SOM,2020,Women Business and the Law Index Score (scale 1-100),SG.LAW.INDX,46.875
Federal Republic of Somalia,SOM,2019,Women Business and the Law Index Score (scale 1-100),SG.LAW.INDX,46.875
Federal Republic of Somalia,SOM,2018,Women Business and the Law Index Score (scale 1-100),SG.LAW.INDX,46.875
Federal Republic of Somalia,SOM,2017,Women Business and the Law Index Score (scale 1-100),SG.LAW.INDX,46.875
Federal Republic of Somalia,SOM,2016,Women Business and the Law Index Score (scale 1-100),SG.LAW.INDX,46.875
Federal Republic of Somalia,SOM,2015,Women Business and the Law Index Score (scale 1-100),SG.LAW.INDX,46.875
Federal Republic of Somalia,SOM,2014,Women Business and the Law Index Score (scale 1-100),SG.LAW.INDX,46.875
Federal Republic of Somalia,SOM,2013,Women Business and the Law Index Score (scale 1-100),SG.LAW.INDX,46.875
Federal Republic of Somalia,SOM,2012,Women Business and the Law Index Score (scale 1-100),SG.LAW.INDX,46.875
Federal Republic of Somalia,SOM,2011,Women Business and the Law Index Score (scale 1-100),SG.LAW.INDX,46.875
Federal Republic of Somalia,SOM,2010,Women Business and the Law Index Score (scale 1-100),SG.LAW.INDX,46.875
Federal Republic of Somalia,SOM,2009,Women Business and the Law Index Score (scale 1-100),SG.LAW.INDX,46.875
Federal Republic of Somalia,SOM,2008,Women Business and the Law Index Score (scale 1-100),SG.LAW.INDX,46.875
Federal Republic of Somalia,SOM,2007,Women Business and the Law Index Score (scale 1-100),SG.LAW.INDX,46.875
Federal Republic of Somalia,SOM,2006,Women Business and the Law Index Score (scale 1-100),SG.LAW.INDX,46.875
Federal Republic of Somalia,SOM,2005,Women Business and the Law Index Score (scale 1-100),SG.LAW.INDX,46.875
Federal Republic of Somalia,SOM,2004,Women Business and the Law Index Score (scale 1-100),SG.LAW.INDX,46.875
Federal Republic of Somalia,SOM,2003,Women Business and the Law Index Score (scale 1-100),SG.LAW.INDX,46.875
Federal Republic of Somalia,SOM,2002,Women Business and the Law Index Score (scale 1-100),SG.LAW.INDX,46.875
Federal Republic of Somalia,SOM,2001,Women Business and the Law Index Score (scale 1-100),SG.LAW.INDX,46.875
Federal Republic of Somalia,SOM,2000,Women Business and the Law Index Score (scale 1-100),SG.LAW.INDX,46.875
Federal Republic of Somalia,SOM,1999,Women Business and the Law Index Score (scale 1-100),SG.LAW.INDX,46.875
Federal Republic of Somalia,SOM,1998,Women Business and the Law Index Score (scale 1-100),SG.LAW.INDX,46.875
Federal Republic of Somalia,SOM,1997,Women Business and the Law Index Score (scale 1-100),SG.LAW.INDX,46.875
Federal Republic of Somalia,SOM,1996,Women Business and the Law Index Score (scale 1-100),SG.LAW.INDX,46.875
Federal Republic of Somalia,SOM,1995,Women Business and the Law Index Score (scale 1-100),SG.LAW.INDX,46.875
Federal Republic of Somalia,SOM,1994,Women Business and the Law Index Score (scale 1-100),SG.LAW.INDX,46.875
Federal Republic of Somalia,SOM,1993,Women Business and the Law Index Score (scale 1-100),SG.LAW.INDX,46.875
Federal Republic of Somalia,SOM,1992,Women Business and the Law Index Score (scale 1-100),SG.LAW.INDX,46.875
Federal Republic of Somalia,SOM,1991,Women Business and the Law Index Score (scale 1-100),SG.LAW.INDX,46.875
Federal Republic of Somalia,SOM,1990,Women Business and the Law Index Score (scale 1-100),SG.LAW.INDX,46.875
Federal Republic of Somalia,SOM,1989,Women Business and the Law Index Score (scale 1-100),SG.LAW.INDX,46.875
Federal Republic of Somalia,SOM,1988,Women Business and the Law Index Score (scale 1-100),SG.LAW.INDX,46.875
Federal Republic of Somalia,SOM,1987,Women Business and the Law Index Score (scale 1-100),SG.LAW.INDX,46.875
Federal Republic of Somalia,SOM,1986,Women Business and the Law Index Score (scale 1-100),SG.LAW.INDX,46.875
Federal Republic of Somalia,SOM,1985,Women Business and the Law Index Score (scale 1-100),SG.LAW.INDX,46.875
Federal Republic of Somalia,SOM,1984,Women Business and the Law Index Score (scale 1-100),SG.LAW.INDX,46.875
Federal Republic of Somalia,SOM,1983,Women Business and the Law Index Score (scale 1-100),SG.LAW.INDX,46.875
Federal Republic of Somalia,SOM,1982,Women Business and the Law Index Score (scale 1-100),SG.LAW.INDX,46.875
Federal Republic of Somalia,SOM,1981,Women Business and the Law Index Score (scale 1-100),SG.LAW.INDX,46.875
Federal Republic of Somalia,SOM,1980,Women Business and the Law Index Score (scale 1-100),SG.LAW.INDX,46.875
Federal Republic of Somalia,SOM,1979,Women Business and the Law Index Score (scale 1-100),SG.LAW.INDX,46.875
Federal Republic of Somalia,SOM,1978,Women Business and the Law Index Score (scale 1-100),SG.LAW.INDX,46.875
Federal Republic of Somalia,SOM,1977,Women Business and the Law Index Score (scale 1-100),SG.LAW.INDX,46.875
Federal Republic of Somalia,SOM,1976,Women Business and the Law Index Score (scale 1-100),SG.LAW.INDX,46.875
Federal Republic of Somalia,SOM,1975,Women Business and the Law Index Score (scale 1-100),SG.LAW.INDX,46.875
Federal Republic of Somalia,SOM,1974,Women Business and the Law Index Score (scale 1-100),SG.LAW.INDX,46.875
Federal Republic of Somalia,SOM,1973,Women Business and the Law Index Score (scale 1-100),SG.LAW.INDX,46.875
Federal Republic of Somalia,SOM,1972,Women Business and the Law Index Score (scale 1-100),SG.LAW.INDX,32.5
Federal Republic of Somalia,SOM,1971,Women Business and the Law Index Score (scale 1-100),SG.LAW.INDX,32.5
Federal Republic of Somalia,SOM,1970,Women Business and the Law Index Score (scale 1-100),SG.LAW.INDX,32.5
Federal Republic of Somalia,SOM,2022,Women's share of population ages 15+ living with HIV (%),SH.DYN.AIDS.FE.ZS,53.1352701459182
Federal Republic of Somalia,SOM,2021,Women's share of population ages 15+ living with HIV (%),SH.DYN.AIDS.FE.ZS,52.8134635149024
Federal Republic of Somalia,SOM,2020,Women's share of population ages 15+ living with HIV (%),SH.DYN.AIDS.FE.ZS,52.5241137417011
Federal Republic of Somalia,SOM,2019,Women's share of population ages 15+ living with HIV (%),SH.DYN.AIDS.FE.ZS,52.2705078125
Federal Republic of Somalia,SOM,2018,Women's share of population ages 15+ living with HIV (%),SH.DYN.AIDS.FE.ZS,52.0405727923628
Federal Republic of Somalia,SOM,2017,Women's share of population ages 15+ living with HIV (%),SH.DYN.AIDS.FE.ZS,51.8056849953402
Federal Republic of Somalia,SOM,2016,Women's share of population ages 15+ living with HIV (%),SH.DYN.AIDS.FE.ZS,51.5726126944476
Federal Republic of Somalia,SOM,2015,Women's share of population ages 15+ living with HIV (%),SH.DYN.AIDS.FE.ZS,51.3390376708523
Federal Republic of Somalia,SOM,2014,Women's share of population ages 15+ living with HIV (%),SH.DYN.AIDS.FE.ZS,51.137339055794
Federal Republic of Somalia,SOM,2013,Women's share of population ages 15+ living with HIV (%),SH.DYN.AIDS.FE.ZS,50.8602819237148
Federal Republic of Somalia,SOM,2012,Women's share of population ages 15+ living with HIV (%),SH.DYN.AIDS.FE.ZS,50.6467462147799
Federal Republic of Somalia,SOM,2011,Women's share of population ages 15+ living with HIV (%),SH.DYN.AIDS.FE.ZS,50.5436351390359
Federal Republic of Somalia,SOM,2010,Women's share of population ages 15+ living with HIV (%),SH.DYN.AIDS.FE.ZS,50.5447015395696
Federal Republic of Somalia,SOM,2009,Women's share of population ages 15+ living with HIV (%),SH.DYN.AIDS.FE.ZS,50.6082933516107
Federal Republic of Somalia,SOM,2008,Women's share of population ages 15+ living with HIV (%),SH.DYN.AIDS.FE.ZS,50.7119030184688
Federal Republic of Somalia,SOM,2007,Women's share of population ages 15+ living with HIV (%),SH.DYN.AIDS.FE.ZS,50.8086357656891
Federal Republic of Somalia,SOM,2006,Women's share of population ages 15+ living with HIV (%),SH.DYN.AIDS.FE.ZS,50.8985593346205
Federal Republic of Somalia,SOM,2005,Women's share of population ages 15+ living with HIV (%),SH.DYN.AIDS.FE.ZS,50.9993598406715
Federal Republic of Somalia,SOM,2004,Women's share of population ages 15+ living with HIV (%),SH.DYN.AIDS.FE.ZS,51.0989010989011
Federal Republic of Somalia,SOM,2003,Women's share of population ages 15+ living with HIV (%),SH.DYN.AIDS.FE.ZS,51.2032531164589
Federal Republic of Somalia,SOM,2002,Women's share of population ages 15+ living with HIV (%),SH.DYN.AIDS.FE.ZS,51.340219665272
Federal Republic of Somalia,SOM,2001,Women's share of population ages 15+ living with HIV (%),SH.DYN.AIDS.FE.ZS,51.5015111568388
Federal Republic of Somalia,SOM,2000,Women's share of population ages 15+ living with HIV (%),SH.DYN.AIDS.FE.ZS,51.6931890515595
Federal Republic of Somalia,SOM,1999,Women's share of population ages 15+ living with HIV (%),SH.DYN.AIDS.FE.ZS,51.9352568613652
Federal Republic of Somalia,SOM,1998,Women's share of population ages 15+ living with HIV (%),SH.DYN.AIDS.FE.ZS,52.2433807225773
Federal Republic of Somalia,SOM,1997,Women's share of population ages 15+ living with HIV (%),SH.DYN.AIDS.FE.ZS,52.6025554808339
Federal Republic of Somalia,SOM,1996,Women's share of population ages 15+ living with HIV (%),SH.DYN.AIDS.FE.ZS,53.0068849234228
Federal Republic of Somalia,SOM,1995,Women's share of population ages 15+ living with HIV (%),SH.DYN.AIDS.FE.ZS,53.5102101654494
Federal Republic of Somalia,SOM,1994,Women's share of population ages 15+ living with HIV (%),SH.DYN.AIDS.FE.ZS,54.0062938755749
Federal Republic of Somalia,SOM,1993,Women's share of population ages 15+ living with HIV (%),SH.DYN.AIDS.FE.ZS,54.5358370801375
Federal Republic of Somalia,SOM,1992,Women's share of population ages 15+ living with HIV (%),SH.DYN.AIDS.FE.ZS,55.0711097269802
Federal Republic of Somalia,SOM,1991,Women's share of population ages 15+ living with HIV (%),SH.DYN.AIDS.FE.ZS,55.5387830933581
Federal Republic of Somalia,SOM,1990,Women's share of population ages 15+ living with HIV (%),SH.DYN.AIDS.FE.ZS,56.0203432930706
Federal Republic of Somalia,SOM,2023,Lifetime risk of maternal death (1 in: rate varies by country),SH.MMR.RISK,30
Federal Republic of Somalia,SOM,2022,Lifetime risk of maternal death (1 in: rate varies by country),SH.MMR.RISK,27
Federal Republic of Somalia,SOM,2021,Lifetime risk of maternal death (1 in: rate varies by country),SH.MMR.RISK,23
Federal Republic of Somalia,SOM,2020,Lifetime risk of maternal death (1 in: rate varies by country),SH.MMR.RISK,25
Federal Republic of Somalia,SOM,2019,Lifetime risk of maternal death (1 in: rate varies by country),SH.MMR.RISK,24
Federal Republic of Somalia,SOM,2018,Lifetime risk of maternal death (1 in: rate varies by country),SH.MMR.RISK,22
Federal Republic of Somalia,SOM,2017,Lifetime risk of maternal death (1 in: rate varies by country),SH.MMR.RISK,22
Federal Republic of Somalia,SOM,2016,Lifetime risk of maternal death (1 in: rate varies by country),SH.MMR.RISK,20
Federal Republic of Somalia,SOM,2015,Lifetime risk of maternal death (1 in: rate varies by country),SH.MMR.RISK,19
Federal Republic of Somalia,SOM,2014,Lifetime risk of maternal death (1 in: rate varies by country),SH.MMR.RISK,19
Federal Republic of Somalia,SOM,2013,Lifetime risk of maternal death (1 in: rate varies by country),SH.MMR.RISK,18
Federal Republic of Somalia,SOM,2012,Lifetime risk of maternal death (1 in: rate varies by country),SH.MMR.RISK,17
Federal Republic of Somalia,SOM,2011,Lifetime risk of maternal death (1 in: rate varies by country),SH.MMR.RISK,16
Federal Republic of Somalia,SOM,2010,Lifetime risk of maternal death (1 in: rate varies by country),SH.MMR.RISK,14
Federal Republic of Somalia,SOM,2009,Lifetime risk of maternal death (1 in: rate varies by country),SH.MMR.RISK,15
Federal Republic of Somalia,SOM,2008,Lifetime risk of maternal death (1 in: rate varies by country),SH.MMR.RISK,14
Federal Republic of Somalia,SOM,2007,Lifetime risk of maternal death (1 in: rate varies by country),SH.MMR.RISK,14
Federal Republic of Somalia,SOM,2006,Lifetime risk of maternal death (1 in: rate varies by country),SH.MMR.RISK,13
Federal Republic of Somalia,SOM,2005,Lifetime risk of maternal death (1 in: rate varies by country),SH.MMR.RISK,13
Federal Republic of Somalia,SOM,2004,Lifetime risk of maternal death (1 in: rate varies by country),SH.MMR.RISK,13
Federal Republic of Somalia,SOM,2003,Lifetime risk of maternal death (1 in: rate varies by country),SH.MMR.RISK,13
Federal Republic of Somalia,SOM,2002,Lifetime risk of maternal death (1 in: rate varies by country),SH.MMR.RISK,13
Federal Republic of Somalia,SOM,2001,Lifetime risk of maternal death (1 in: rate varies by country),SH.MMR.RISK,13
Federal Republic of Somalia,SOM,2000,Lifetime risk of maternal death (1 in: rate varies by country),SH.MMR.RISK,13
Federal Republic of Somalia,SOM,1999,Lifetime risk of maternal death (1 in: rate varies by country),SH.MMR.RISK,13
Federal Republic of Somalia,SOM,1998,Lifetime risk of maternal death (1 in: rate varies by country),SH.MMR.RISK,12
Federal Republic of Somalia,SOM,1997,Lifetime risk of maternal death (1 in: rate varies by country),SH.MMR.RISK,12
Federal Republic of Somalia,SOM,1996,Lifetime risk of maternal death (1 in: rate varies by country),SH.MMR.RISK,12
Federal Republic of Somalia,SOM,1995,Lifetime risk of maternal death (1 in: rate varies by country),SH.MMR.RISK,12
Federal Republic of Somalia,SOM,1994,Lifetime risk of maternal death (1 in: rate varies by country),SH.MMR.RISK,12
Federal Republic of Somalia,SOM,1993,Lifetime risk of maternal death (1 in: rate varies by country),SH.MMR.RISK,13
Federal Republic of Somalia,SOM,1992,Lifetime risk of maternal death (1 in: rate varies by country),SH.MMR.RISK,12
Federal Republic of Somalia,SOM,1991,Lifetime risk of maternal death (1 in: rate varies by country),SH.MMR.RISK,11
Federal Republic of Somalia,SOM,1990,Lifetime risk of maternal death (1 in: rate varies by country),SH.MMR.RISK,11
Federal Republic of Somalia,SOM,1989,Lifetime risk of maternal death (1 in: rate varies by country),SH.MMR.RISK,11
Federal Republic of Somalia,SOM,1988,Lifetime risk of maternal death (1 in: rate varies by country),SH.MMR.RISK,10
Federal Republic of Somalia,SOM,1987,Lifetime risk of maternal death (1 in: rate varies by country),SH.MMR.RISK,11
Federal Republic of Somalia,SOM,1986,Lifetime risk of maternal death (1 in: rate varies by country),SH.MMR.RISK,11
Federal Republic of Somalia,SOM,1985,Lifetime risk of maternal death (1 in: rate varies by country),SH.MMR.RISK,11
Federal Republic of Somalia,SOM,2023,Lifetime risk of maternal death (%),SH.MMR.RISK.ZS,3.36206769443686
Federal Republic of Somalia,SOM,2022,Lifetime risk of maternal death (%),SH.MMR.RISK.ZS,3.75320613814627
Federal Republic of Somalia,SOM,2021,Lifetime risk of maternal death (%),SH.MMR.RISK.ZS,4.42306820245618
Federal Republic of Somalia,SOM,2020,Lifetime risk of maternal death (%),SH.MMR.RISK.ZS,4.07178682106045
Federal Republic of Somalia,SOM,2019,Lifetime risk of maternal death (%),SH.MMR.RISK.ZS,4.12906344687709
Federal Republic of Somalia,SOM,2018,Lifetime risk of maternal death (%),SH.MMR.RISK.ZS,4.61215809903959
Federal Republic of Somalia,SOM,2017,Lifetime risk of maternal death (%),SH.MMR.RISK.ZS,4.57159882002398
Federal Republic of Somalia,SOM,2016,Lifetime risk of maternal death (%),SH.MMR.RISK.ZS,4.9030704215244
Federal Republic of Somalia,SOM,2015,Lifetime risk of maternal death (%),SH.MMR.RISK.ZS,5.16595836021673
Federal Republic of Somalia,SOM,2014,Lifetime risk of maternal death (%),SH.MMR.RISK.ZS,5.40482871723993
Federal Republic of Somalia,SOM,2013,Lifetime risk of maternal death (%),SH.MMR.RISK.ZS,5.68753401924729
Federal Republic of Somalia,SOM,2012,Lifetime risk of maternal death (%),SH.MMR.RISK.ZS,5.93475730520567
Federal Republic of Somalia,SOM,2011,Lifetime risk of maternal death (%),SH.MMR.RISK.ZS,6.18596411870499
Federal Republic of Somalia,SOM,2010,Lifetime risk of maternal death (%),SH.MMR.RISK.ZS,7.1478115425339
Federal Republic of Somalia,SOM,2009,Lifetime risk of maternal death (%),SH.MMR.RISK.ZS,6.80738411210926
Federal Republic of Somalia,SOM,2008,Lifetime risk of maternal death (%),SH.MMR.RISK.ZS,7.12404298922192
Federal Republic of Somalia,SOM,2007,Lifetime risk of maternal death (%),SH.MMR.RISK.ZS,7.38014489228039
Federal Republic of Somalia,SOM,2006,Lifetime risk of maternal death (%),SH.MMR.RISK.ZS,7.47413699372766
Federal Republic of Somalia,SOM,2005,Lifetime risk of maternal death (%),SH.MMR.RISK.ZS,7.43489165809885
Federal Republic of Somalia,SOM,2004,Lifetime risk of maternal death (%),SH.MMR.RISK.ZS,7.53840437983428
Federal Republic of Somalia,SOM,2003,Lifetime risk of maternal death (%),SH.MMR.RISK.ZS,7.58658525657473
Federal Republic of Somalia,SOM,2002,Lifetime risk of maternal death (%),SH.MMR.RISK.ZS,7.67129176203405
Federal Republic of Somalia,SOM,2001,Lifetime risk of maternal death (%),SH.MMR.RISK.ZS,7.70744307687821
Federal Republic of Somalia,SOM,2000,Lifetime risk of maternal death (%),SH.MMR.RISK.ZS,7.84479583843757
Federal Republic of Somalia,SOM,1999,Lifetime risk of maternal death (%),SH.MMR.RISK.ZS,7.99244236310882
Federal Republic of Somalia,SOM,1998,Lifetime risk of maternal death (%),SH.MMR.RISK.ZS,8.03291395651019
Federal Republic of Somalia,SOM,1997,Lifetime risk of maternal death (%),SH.MMR.RISK.ZS,8.23542784240497
Federal Republic of Somalia,SOM,1996,Lifetime risk of maternal death (%),SH.MMR.RISK.ZS,8.36981241248113
Federal Republic of Somalia,SOM,1995,Lifetime risk of maternal death (%),SH.MMR.RISK.ZS,8.18736330907267
Federal Republic of Somalia,SOM,1994,Lifetime risk of maternal death (%),SH.MMR.RISK.ZS,8.52095042334536
Federal Republic of Somalia,SOM,1993,Lifetime risk of maternal death (%),SH.MMR.RISK.ZS,7.94459958169781
Federal Republic of Somalia,SOM,1992,Lifetime risk of maternal death (%),SH.MMR.RISK.ZS,8.31614570740881
Federal Republic of Somalia,SOM,1991,Lifetime risk of maternal death (%),SH.MMR.RISK.ZS,9.13919062798864
Federal Republic of Somalia,SOM,1990,Lifetime risk of maternal death (%),SH.MMR.RISK.ZS,9.24315084008001
Federal Republic of Somalia,SOM,1989,Lifetime risk of maternal death (%),SH.MMR.RISK.ZS,9.47331223834413
Federal Republic of Somalia,SOM,1988,Lifetime risk of maternal death (%),SH.MMR.RISK.ZS,9.63753409867571
Federal Republic of Somalia,SOM,1987,Lifetime risk of maternal death (%),SH.MMR.RISK.ZS,9.23426795391817
Federal Republic of Somalia,SOM,1986,Lifetime risk of maternal death (%),SH.MMR.RISK.ZS,9.46228556832709
Federal Republic of Somalia,SOM,1985,Lifetime risk of maternal death (%),SH.MMR.RISK.ZS,9.49335301629073
Federal Republic of Somalia,SOM,2019,Pregnant women receiving prenatal care (%),SH.STA.ANVC.ZS,31.1
Federal Republic of Somalia,SOM,2006,Pregnant women receiving prenatal care (%),SH.STA.ANVC.ZS,26.1
Federal Republic of Somalia,SOM,2000,Pregnant women receiving prenatal care (%),SH.STA.ANVC.ZS,32.3
Federal Republic of Somalia,SOM,1999,Pregnant women receiving prenatal care (%),SH.STA.ANVC.ZS,32.3
Federal Republic of Somalia,SOM,2019,Births attended by skilled health staff (% of total),SH.STA.BRTC.ZS,31.9
Federal Republic of Somalia,SOM,2006,Births attended by skilled health staff (% of total),SH.STA.BRTC.ZS,9.4
Federal Republic of Somalia,SOM,2002,Births attended by skilled health staff (% of total),SH.STA.BRTC.ZS,24.8
Federal Republic of Somalia,SOM,2000,Births attended by skilled health staff (% of total),SH.STA.BRTC.ZS,19.3
Federal Republic of Somalia,SOM,1999,Births attended by skilled health staff (% of total),SH.STA.BRTC.ZS,19.3
Federal Republic of Somalia,SOM,2009,"Prevalence of underweight, weight for age, female (% of children under 5)",SH.STA.MALN.FE.ZS,20.7
Federal Republic of Somalia,SOM,2006,"Prevalence of underweight, weight for age, female (% of children under 5)",SH.STA.MALN.FE.ZS,31.2
Federal Republic of Somalia,SOM,2009,"Prevalence of underweight, weight for age, male (% of children under 5)",SH.STA.MALN.MA.ZS,24
Federal Republic of Somalia,SOM,2006,"Prevalence of underweight, weight for age, male (% of children under 5)",SH.STA.MALN.MA.ZS,34.3
Federal Republic of Somalia,SOM,2023,"Maternal mortality ratio (modeled estimate, per 100,000 live births)",SH.STA.MMRT,563
Federal Republic of Somalia,SOM,2022,"Maternal mortality ratio (modeled estimate, per 100,000 live births)",SH.STA.MMRT,622
Federal Republic of Somalia,SOM,2021,"Maternal mortality ratio (modeled estimate, per 100,000 live births)",SH.STA.MMRT,726
Federal Republic of Somalia,SOM,2020,"Maternal mortality ratio (modeled estimate, per 100,000 live births)",SH.STA.MMRT,655
Federal Republic of Somalia,SOM,2019,"Maternal mortality ratio (modeled estimate, per 100,000 live births)",SH.STA.MMRT,656
Federal Republic of Somalia,SOM,2018,"Maternal mortality ratio (modeled estimate, per 100,000 live births)",SH.STA.MMRT,727
Federal Republic of Somalia,SOM,2017,"Maternal mortality ratio (modeled estimate, per 100,000 live births)",SH.STA.MMRT,716
Federal Republic of Somalia,SOM,2016,"Maternal mortality ratio (modeled estimate, per 100,000 live births)",SH.STA.MMRT,754
Federal Republic of Somalia,SOM,2015,"Maternal mortality ratio (modeled estimate, per 100,000 live births)",SH.STA.MMRT,784
Federal Republic of Somalia,SOM,2014,"Maternal mortality ratio (modeled estimate, per 100,000 live births)",SH.STA.MMRT,816
Federal Republic of Somalia,SOM,2013,"Maternal mortality ratio (modeled estimate, per 100,000 live births)",SH.STA.MMRT,855
Federal Republic of Somalia,SOM,2012,"Maternal mortality ratio (modeled estimate, per 100,000 live births)",SH.STA.MMRT,894
Federal Republic of Somalia,SOM,2011,"Maternal mortality ratio (modeled estimate, per 100,000 live births)",SH.STA.MMRT,972
Federal Republic of Somalia,SOM,2010,"Maternal mortality ratio (modeled estimate, per 100,000 live births)",SH.STA.MMRT,1062
Federal Republic of Somalia,SOM,2009,"Maternal mortality ratio (modeled estimate, per 100,000 live births)",SH.STA.MMRT,995
Federal Republic of Somalia,SOM,2008,"Maternal mortality ratio (modeled estimate, per 100,000 live births)",SH.STA.MMRT,1035
Federal Republic of Somalia,SOM,2007,"Maternal mortality ratio (modeled estimate, per 100,000 live births)",SH.STA.MMRT,1074
Federal Republic of Somalia,SOM,2006,"Maternal mortality ratio (modeled estimate, per 100,000 live births)",SH.STA.MMRT,1085
Federal Republic of Somalia,SOM,2005,"Maternal mortality ratio (modeled estimate, per 100,000 live births)",SH.STA.MMRT,1086
Federal Republic of Somalia,SOM,2004,"Maternal mortality ratio (modeled estimate, per 100,000 live births)",SH.STA.MMRT,1104
Federal Republic of Somalia,SOM,2003,"Maternal mortality ratio (modeled estimate, per 100,000 live births)",SH.STA.MMRT,1111
Federal Republic of Somalia,SOM,2002,"Maternal mortality ratio (modeled estimate, per 100,000 live births)",SH.STA.MMRT,1121
Federal Republic of Somalia,SOM,2001,"Maternal mortality ratio (modeled estimate, per 100,000 live births)",SH.STA.MMRT,1129
Federal Republic of Somalia,SOM,2000,"Maternal mortality ratio (modeled estimate, per 100,000 live births)",SH.STA.MMRT,1150
Federal Republic of Somalia,SOM,1999,"Maternal mortality ratio (modeled estimate, per 100,000 live births)",SH.STA.MMRT,1170
Federal Republic of Somalia,SOM,1998,"Maternal mortality ratio (modeled estimate, per 100,000 live births)",SH.STA.MMRT,1177
Federal Republic of Somalia,SOM,1997,"Maternal mortality ratio (modeled estimate, per 100,000 live births)",SH.STA.MMRT,1206
Federal Republic of Somalia,SOM,1996,"Maternal mortality ratio (modeled estimate, per 100,000 live births)",SH.STA.MMRT,1225
Federal Republic of Somalia,SOM,1995,"Maternal mortality ratio (modeled estimate, per 100,000 live births)",SH.STA.MMRT,1210
Federal Republic of Somalia,SOM,1994,"Maternal mortality ratio (modeled estimate, per 100,000 live births)",SH.STA.MMRT,1254
Federal Republic of Somalia,SOM,1993,"Maternal mortality ratio (modeled estimate, per 100,000 live births)",SH.STA.MMRT,1195
Federal Republic of Somalia,SOM,1992,"Maternal mortality ratio (modeled estimate, per 100,000 live births)",SH.STA.MMRT,1339
Federal Republic of Somalia,SOM,1991,"Maternal mortality ratio (modeled estimate, per 100,000 live births)",SH.STA.MMRT,1431
Federal Republic of Somalia,SOM,1990,"Maternal mortality ratio (modeled estimate, per 100,000 live births)",SH.STA.MMRT,1358
Federal Republic of Somalia,SOM,1989,"Maternal mortality ratio (modeled estimate, per 100,000 live births)",SH.STA.MMRT,1395
Federal Republic of Somalia,SOM,1988,"Maternal mortality ratio (modeled estimate, per 100,000 live births)",SH.STA.MMRT,1423
Federal Republic of Somalia,SOM,1987,"Maternal mortality ratio (modeled estimate, per 100,000 live births)",SH.STA.MMRT,1393
Federal Republic of Somalia,SOM,1986,"Maternal mortality ratio (modeled estimate, per 100,000 live births)",SH.STA.MMRT,1452
Federal Republic of Somalia,SOM,1985,"Maternal mortality ratio (modeled estimate, per 100,000 live births)",SH.STA.MMRT,1465
Federal Republic of Somalia,SOM,2023,"Employment in agriculture, female (% of female employment) (modeled ILO estimate)",SL.AGR.EMPL.FE.ZS,28.2389808133499
Federal Republic of Somalia,SOM,2022,"Employment in agriculture, female (% of female employment) (modeled ILO estimate)",SL.AGR.EMPL.FE.ZS,28.7942262611138
Federal Republic of Somalia,SOM,2021,"Employment in agriculture, female (% of female employment) (modeled ILO estimate)",SL.AGR.EMPL.FE.ZS,29.6771902381864
Federal Republic of Somalia,SOM,2020,"Employment in agriculture, female (% of female employment) (modeled ILO estimate)",SL.AGR.EMPL.FE.ZS,29.5698070195787
Federal Republic of Somalia,SOM,2019,"Employment in agriculture, female (% of female employment) (modeled ILO estimate)",SL.AGR.EMPL.FE.ZS,29.8547865620411
Federal Republic of Somalia,SOM,2018,"Employment in agriculture, female (% of female employment) (modeled ILO estimate)",SL.AGR.EMPL.FE.ZS,30.9841533976706
Federal Republic of Somalia,SOM,2017,"Employment in agriculture, female (% of female employment) (modeled ILO estimate)",SL.AGR.EMPL.FE.ZS,32.0325637556738
Federal Republic of Somalia,SOM,2016,"Employment in agriculture, female (% of female employment) (modeled ILO estimate)",SL.AGR.EMPL.FE.ZS,33.7483407408386
Federal Republic of Somalia,SOM,2015,"Employment in agriculture, female (% of female employment) (modeled ILO estimate)",SL.AGR.EMPL.FE.ZS,35.1720839326392
Federal Republic of Somalia,SOM,2014,"Employment in agriculture, female (% of female employment) (modeled ILO estimate)",SL.AGR.EMPL.FE.ZS,36.857475797777
Federal Republic of Somalia,SOM,2013,"Employment in agriculture, female (% of female employment) (modeled ILO estimate)",SL.AGR.EMPL.FE.ZS,38.373208957732
Federal Republic of Somalia,SOM,2012,"Employment in agriculture, female (% of female employment) (modeled ILO estimate)",SL.AGR.EMPL.FE.ZS,39.9509647159151
Federal Republic of Somalia,SOM,2011,"Employment in agriculture, female (% of female employment) (modeled ILO estimate)",SL.AGR.EMPL.FE.ZS,40.3941169370557
Federal Republic of Somalia,SOM,2010,"Employment in agriculture, female (% of female employment) (modeled ILO estimate)",SL.AGR.EMPL.FE.ZS,40.4937325413713
Federal Republic of Somalia,SOM,2009,"Employment in agriculture, female (% of female employment) (modeled ILO estimate)",SL.AGR.EMPL.FE.ZS,40.8667221273674
Federal Republic of Somalia,SOM,2008,"Employment in agriculture, female (% of female employment) (modeled ILO estimate)",SL.AGR.EMPL.FE.ZS,41.2037678496441
Federal Republic of Somalia,SOM,2007,"Employment in agriculture, female (% of female employment) (modeled ILO estimate)",SL.AGR.EMPL.FE.ZS,41.7168384337645
Federal Republic of Somalia,SOM,2006,"Employment in agriculture, female (% of female employment) (modeled ILO estimate)",SL.AGR.EMPL.FE.ZS,44.0350295942763
Federal Republic of Somalia,SOM,2005,"Employment in agriculture, female (% of female employment) (modeled ILO estimate)",SL.AGR.EMPL.FE.ZS,44.8383210623282
Federal Republic of Somalia,SOM,2004,"Employment in agriculture, female (% of female employment) (modeled ILO estimate)",SL.AGR.EMPL.FE.ZS,45.9687446782204
Federal Republic of Somalia,SOM,2003,"Employment in agriculture, female (% of female employment) (modeled ILO estimate)",SL.AGR.EMPL.FE.ZS,47.1106392608321
Federal Republic of Somalia,SOM,2002,"Employment in agriculture, female (% of female employment) (modeled ILO estimate)",SL.AGR.EMPL.FE.ZS,48.1520229217247
Federal Republic of Somalia,SOM,2001,"Employment in agriculture, female (% of female employment) (modeled ILO estimate)",SL.AGR.EMPL.FE.ZS,49.3638604961734
Federal Republic of Somalia,SOM,2000,"Employment in agriculture, female (% of female employment) (modeled ILO estimate)",SL.AGR.EMPL.FE.ZS,50.4675851881765
Federal Republic of Somalia,SOM,1999,"Employment in agriculture, female (% of female employment) (modeled ILO estimate)",SL.AGR.EMPL.FE.ZS,51.641539650983
Federal Republic of Somalia,SOM,1998,"Employment in agriculture, female (% of female employment) (modeled ILO estimate)",SL.AGR.EMPL.FE.ZS,52.6956491878713
Federal Republic of Somalia,SOM,1997,"Employment in agriculture, female (% of female employment) (modeled ILO estimate)",SL.AGR.EMPL.FE.ZS,53.6856811628667
Federal Republic of Somalia,SOM,1996,"Employment in agriculture, female (% of female employment) (modeled ILO estimate)",SL.AGR.EMPL.FE.ZS,54.0200656525961
Federal Republic of Somalia,SOM,1995,"Employment in agriculture, female (% of female employment) (modeled ILO estimate)",SL.AGR.EMPL.FE.ZS,54.7220259353335
Federal Republic of Somalia,SOM,1994,"Employment in agriculture, female (% of female employment) (modeled ILO estimate)",SL.AGR.EMPL.FE.ZS,55.2401358663454
Federal Republic of Somalia,SOM,1993,"Employment in agriculture, female (% of female employment) (modeled ILO estimate)",SL.AGR.EMPL.FE.ZS,55.1915307113998
Federal Republic of Somalia,SOM,1992,"Employment in agriculture, female (% of female employment) (modeled ILO estimate)",SL.AGR.EMPL.FE.ZS,55.4882886186458
Federal Republic of Somalia,SOM,1991,"Employment in agriculture, female (% of female employment) (modeled ILO estimate)",SL.AGR.EMPL.FE.ZS,54.8660801030861
Federal Republic of Somalia,SOM,2023,"Employment in agriculture, male (% of male employment) (modeled ILO estimate)",SL.AGR.EMPL.MA.ZS,25.0645912294169
Federal Republic of Somalia,SOM,2022,"Employment in agriculture, male (% of male employment) (modeled ILO estimate)",SL.AGR.EMPL.MA.ZS,25.2560872032551
Federal Republic of Somalia,SOM,2021,"Employment in agriculture, male (% of male employment) (modeled ILO estimate)",SL.AGR.EMPL.MA.ZS,25.6983049671959
Federal Republic of Somalia,SOM,2020,"Employment in agriculture, male (% of male employment) (modeled ILO estimate)",SL.AGR.EMPL.MA.ZS,25.8312339898053
Federal Republic of Somalia,SOM,2019,"Employment in agriculture, male (% of male employment) (modeled ILO estimate)",SL.AGR.EMPL.MA.ZS,25.6648357280242
Federal Republic of Somalia,SOM,2018,"Employment in agriculture, male (% of male employment) (modeled ILO estimate)",SL.AGR.EMPL.MA.ZS,25.9004896023559
Federal Republic of Somalia,SOM,2017,"Employment in agriculture, male (% of male employment) (modeled ILO estimate)",SL.AGR.EMPL.MA.ZS,26.0924923450601
Federal Republic of Somalia,SOM,2016,"Employment in agriculture, male (% of male employment) (modeled ILO estimate)",SL.AGR.EMPL.MA.ZS,26.7807368621938
Federal Republic of Somalia,SOM,2015,"Employment in agriculture, male (% of male employment) (modeled ILO estimate)",SL.AGR.EMPL.MA.ZS,27.2325538832096
Federal Republic of Somalia,SOM,2014,"Employment in agriculture, male (% of male employment) (modeled ILO estimate)",SL.AGR.EMPL.MA.ZS,28.0814293722095
Federal Republic of Somalia,SOM,2013,"Employment in agriculture, male (% of male employment) (modeled ILO estimate)",SL.AGR.EMPL.MA.ZS,28.7032651607506
Federal Republic of Somalia,SOM,2012,"Employment in agriculture, male (% of male employment) (modeled ILO estimate)",SL.AGR.EMPL.MA.ZS,29.1245611671999
Federal Republic of Somalia,SOM,2011,"Employment in agriculture, male (% of male employment) (modeled ILO estimate)",SL.AGR.EMPL.MA.ZS,29.5917068948454
Federal Republic of Somalia,SOM,2010,"Employment in agriculture, male (% of male employment) (modeled ILO estimate)",SL.AGR.EMPL.MA.ZS,30.5422772447993
Federal Republic of Somalia,SOM,2009,"Employment in agriculture, male (% of male employment) (modeled ILO estimate)",SL.AGR.EMPL.MA.ZS,31.2441949224381
Federal Republic of Somalia,SOM,2008,"Employment in agriculture, male (% of male employment) (modeled ILO estimate)",SL.AGR.EMPL.MA.ZS,31.9609101113965
Federal Republic of Somalia,SOM,2007,"Employment in agriculture, male (% of male employment) (modeled ILO estimate)",SL.AGR.EMPL.MA.ZS,32.546607808683
Federal Republic of Somalia,SOM,2006,"Employment in agriculture, male (% of male employment) (modeled ILO estimate)",SL.AGR.EMPL.MA.ZS,31.8868890600529
Federal Republic of Somalia,SOM,2005,"Employment in agriculture, male (% of male employment) (modeled ILO estimate)",SL.AGR.EMPL.MA.ZS,32.2332095811877
Federal Republic of Somalia,SOM,2004,"Employment in agriculture, male (% of male employment) (modeled ILO estimate)",SL.AGR.EMPL.MA.ZS,32.4103078262216
Federal Republic of Somalia,SOM,2003,"Employment in agriculture, male (% of male employment) (modeled ILO estimate)",SL.AGR.EMPL.MA.ZS,32.5708440278972
Federal Republic of Somalia,SOM,2002,"Employment in agriculture, male (% of male employment) (modeled ILO estimate)",SL.AGR.EMPL.MA.ZS,32.7807335283925
Federal Republic of Somalia,SOM,2001,"Employment in agriculture, male (% of male employment) (modeled ILO estimate)",SL.AGR.EMPL.MA.ZS,32.864786557963
Federal Republic of Somalia,SOM,2000,"Employment in agriculture, male (% of male employment) (modeled ILO estimate)",SL.AGR.EMPL.MA.ZS,32.5354341793689
Federal Republic of Somalia,SOM,1999,"Employment in agriculture, male (% of male employment) (modeled ILO estimate)",SL.AGR.EMPL.MA.ZS,32.5507876328786
Federal Republic of Somalia,SOM,1998,"Employment in agriculture, male (% of male employment) (modeled ILO estimate)",SL.AGR.EMPL.MA.ZS,32.5577614372248
Federal Republic of Somalia,SOM,1997,"Employment in agriculture, male (% of male employment) (modeled ILO estimate)",SL.AGR.EMPL.MA.ZS,32.5395399217812
Federal Republic of Somalia,SOM,1996,"Employment in agriculture, male (% of male employment) (modeled ILO estimate)",SL.AGR.EMPL.MA.ZS,32.2591618787938
Federal Republic of Somalia,SOM,1995,"Employment in agriculture, male (% of male employment) (modeled ILO estimate)",SL.AGR.EMPL.MA.ZS,32.3096071588463
Federal Republic of Somalia,SOM,1994,"Employment in agriculture, male (% of male employment) (modeled ILO estimate)",SL.AGR.EMPL.MA.ZS,32.1875328645245
Federal Republic of Somalia,SOM,1993,"Employment in agriculture, male (% of male employment) (modeled ILO estimate)",SL.AGR.EMPL.MA.ZS,31.527147112495
Federal Republic of Somalia,SOM,1992,"Employment in agriculture, male (% of male employment) (modeled ILO estimate)",SL.AGR.EMPL.MA.ZS,31.5843773696629
Federal Republic of Somalia,SOM,1991,"Employment in agriculture, male (% of male employment) (modeled ILO estimate)",SL.AGR.EMPL.MA.ZS,32.1056443574353
Federal Republic of Somalia,SOM,2024,"Employment to population ratio, ages 15-24, female (%) (modeled ILO estimate)",SL.EMP.1524.SP.FE.ZS,7.523
Federal Republic of Somalia,SOM,2023,"Employment to population ratio, ages 15-24, female (%) (modeled ILO estimate)",SL.EMP.1524.SP.FE.ZS,7.533
Federal Republic of Somalia,SOM,2022,"Employment to population ratio, ages 15-24, female (%) (modeled ILO estimate)",SL.EMP.1524.SP.FE.ZS,7.51
Federal Republic of Somalia,SOM,2021,"Employment to population ratio, ages 15-24, female (%) (modeled ILO estimate)",SL.EMP.1524.SP.FE.ZS,7.246
Federal Republic of Somalia,SOM,2020,"Employment to population ratio, ages 15-24, female (%) (modeled ILO estimate)",SL.EMP.1524.SP.FE.ZS,7.081
Federal Republic of Somalia,SOM,2019,"Employment to population ratio, ages 15-24, female (%) (modeled ILO estimate)",SL.EMP.1524.SP.FE.ZS,7.512
Federal Republic of Somalia,SOM,2018,"Employment to population ratio, ages 15-24, female (%) (modeled ILO estimate)",SL.EMP.1524.SP.FE.ZS,7.57
Federal Republic of Somalia,SOM,2017,"Employment to population ratio, ages 15-24, female (%) (modeled ILO estimate)",SL.EMP.1524.SP.FE.ZS,7.661
Federal Republic of Somalia,SOM,2016,"Employment to population ratio, ages 15-24, female (%) (modeled ILO estimate)",SL.EMP.1524.SP.FE.ZS,7.7
Federal Republic of Somalia,SOM,2015,"Employment to population ratio, ages 15-24, female (%) (modeled ILO estimate)",SL.EMP.1524.SP.FE.ZS,7.723
Federal Republic of Somalia,SOM,2014,"Employment to population ratio, ages 15-24, female (%) (modeled ILO estimate)",SL.EMP.1524.SP.FE.ZS,7.705
Federal Republic of Somalia,SOM,2013,"Employment to population ratio, ages 15-24, female (%) (modeled ILO estimate)",SL.EMP.1524.SP.FE.ZS,7.706
Federal Republic of Somalia,SOM,2012,"Employment to population ratio, ages 15-24, female (%) (modeled ILO estimate)",SL.EMP.1524.SP.FE.ZS,7.732
Federal Republic of Somalia,SOM,2011,"Employment to population ratio, ages 15-24, female (%) (modeled ILO estimate)",SL.EMP.1524.SP.FE.ZS,7.882
Federal Republic of Somalia,SOM,2010,"Employment to population ratio, ages 15-24, female (%) (modeled ILO estimate)",SL.EMP.1524.SP.FE.ZS,8.031
Federal Republic of Somalia,SOM,2009,"Employment to population ratio, ages 15-24, female (%) (modeled ILO estimate)",SL.EMP.1524.SP.FE.ZS,8.083
Federal Republic of Somalia,SOM,2008,"Employment to population ratio, ages 15-24, female (%) (modeled ILO estimate)",SL.EMP.1524.SP.FE.ZS,8.12
Federal Republic of Somalia,SOM,2007,"Employment to population ratio, ages 15-24, female (%) (modeled ILO estimate)",SL.EMP.1524.SP.FE.ZS,8.106
Federal Republic of Somalia,SOM,2006,"Employment to population ratio, ages 15-24, female (%) (modeled ILO estimate)",SL.EMP.1524.SP.FE.ZS,7.992
Federal Republic of Somalia,SOM,2005,"Employment to population ratio, ages 15-24, female (%) (modeled ILO estimate)",SL.EMP.1524.SP.FE.ZS,7.849
Federal Republic of Somalia,SOM,2004,"Employment to population ratio, ages 15-24, female (%) (modeled ILO estimate)",SL.EMP.1524.SP.FE.ZS,7.743
Federal Republic of Somalia,SOM,2003,"Employment to population ratio, ages 15-24, female (%) (modeled ILO estimate)",SL.EMP.1524.SP.FE.ZS,7.66
Federal Republic of Somalia,SOM,2002,"Employment to population ratio, ages 15-24, female (%) (modeled ILO estimate)",SL.EMP.1524.SP.FE.ZS,7.615
Federal Republic of Somalia,SOM,2001,"Employment to population ratio, ages 15-24, female (%) (modeled ILO estimate)",SL.EMP.1524.SP.FE.ZS,7.574
Federal Republic of Somalia,SOM,2000,"Employment to population ratio, ages 15-24, female (%) (modeled ILO estimate)",SL.EMP.1524.SP.FE.ZS,7.549
Federal Republic of Somalia,SOM,1999,"Employment to population ratio, ages 15-24, female (%) (modeled ILO estimate)",SL.EMP.1524.SP.FE.ZS,7.472
Federal Republic of Somalia,SOM,1998,"Employment to population ratio, ages 15-24, female (%) (modeled ILO estimate)",SL.EMP.1524.SP.FE.ZS,7.428
Federal Republic of Somalia,SOM,1997,"Employment to population ratio, ages 15-24, female (%) (modeled ILO estimate)",SL.EMP.1524.SP.FE.ZS,7.366
Federal Republic of Somalia,SOM,1996,"Employment to population ratio, ages 15-24, female (%) (modeled ILO estimate)",SL.EMP.1524.SP.FE.ZS,7.238
Federal Republic of Somalia,SOM,1995,"Employment to population ratio, ages 15-24, female (%) (modeled ILO estimate)",SL.EMP.1524.SP.FE.ZS,7.172
Federal Republic of Somalia,SOM,1994,"Employment to population ratio, ages 15-24, female (%) (modeled ILO estimate)",SL.EMP.1524.SP.FE.ZS,7.071
Federal Republic of Somalia,SOM,1993,"Employment to population ratio, ages 15-24, female (%) (modeled ILO estimate)",SL.EMP.1524.SP.FE.ZS,7.063
Federal Republic of Somalia,SOM,1992,"Employment to population ratio, ages 15-24, female (%) (modeled ILO estimate)",SL.EMP.1524.SP.FE.ZS,7.102
Federal Republic of Somalia,SOM,1991,"Employment to population ratio, ages 15-24, female (%) (modeled ILO estimate)",SL.EMP.1524.SP.FE.ZS,7.305
Federal Republic of Somalia,SOM,2024,"Employment to population ratio, ages 15-24, male (%) (modeled ILO estimate)",SL.EMP.1524.SP.MA.ZS,13.573
Federal Republic of Somalia,SOM,2023,"Employment to population ratio, ages 15-24, male (%) (modeled ILO estimate)",SL.EMP.1524.SP.MA.ZS,13.611
Federal Republic of Somalia,SOM,2022,"Employment to population ratio, ages 15-24, male (%) (modeled ILO estimate)",SL.EMP.1524.SP.MA.ZS,13.584
Federal Republic of Somalia,SOM,2021,"Employment to population ratio, ages 15-24, male (%) (modeled ILO estimate)",SL.EMP.1524.SP.MA.ZS,13.198
Federal Republic of Somalia,SOM,2020,"Employment to population ratio, ages 15-24, male (%) (modeled ILO estimate)",SL.EMP.1524.SP.MA.ZS,13.106
Federal Republic of Somalia,SOM,2019,"Employment to population ratio, ages 15-24, male (%) (modeled ILO estimate)",SL.EMP.1524.SP.MA.ZS,13.55
Federal Republic of Somalia,SOM,2018,"Employment to population ratio, ages 15-24, male (%) (modeled ILO estimate)",SL.EMP.1524.SP.MA.ZS,13.696
Federal Republic of Somalia,SOM,2017,"Employment to population ratio, ages 15-24, male (%) (modeled ILO estimate)",SL.EMP.1524.SP.MA.ZS,13.9
Federal Republic of Somalia,SOM,2016,"Employment to population ratio, ages 15-24, male (%) (modeled ILO estimate)",SL.EMP.1524.SP.MA.ZS,13.978
Federal Republic of Somalia,SOM,2015,"Employment to population ratio, ages 15-24, male (%) (modeled ILO estimate)",SL.EMP.1524.SP.MA.ZS,14.024
Federal Republic of Somalia,SOM,2014,"Employment to population ratio, ages 15-24, male (%) (modeled ILO estimate)",SL.EMP.1524.SP.MA.ZS,13.996
Federal Republic of Somalia,SOM,2013,"Employment to population ratio, ages 15-24, male (%) (modeled ILO estimate)",SL.EMP.1524.SP.MA.ZS,14.013
Federal Republic of Somalia,SOM,2012,"Employment to population ratio, ages 15-24, male (%) (modeled ILO estimate)",SL.EMP.1524.SP.MA.ZS,14.092
Federal Republic of Somalia,SOM,2011,"Employment to population ratio, ages 15-24, male (%) (modeled ILO estimate)",SL.EMP.1524.SP.MA.ZS,14.473
Federal Republic of Somalia,SOM,2010,"Employment to population ratio, ages 15-24, male (%) (modeled ILO estimate)",SL.EMP.1524.SP.MA.ZS,14.846
Federal Republic of Somalia,SOM,2009,"Employment to population ratio, ages 15-24, male (%) (modeled ILO estimate)",SL.EMP.1524.SP.MA.ZS,14.976
Federal Republic of Somalia,SOM,2008,"Employment to population ratio, ages 15-24, male (%) (modeled ILO estimate)",SL.EMP.1524.SP.MA.ZS,15.067
Federal Republic of Somalia,SOM,2007,"Employment to population ratio, ages 15-24, male (%) (modeled ILO estimate)",SL.EMP.1524.SP.MA.ZS,15.031
Federal Republic of Somalia,SOM,2006,"Employment to population ratio, ages 15-24, male (%) (modeled ILO estimate)",SL.EMP.1524.SP.MA.ZS,14.748
Federal Republic of Somalia,SOM,2005,"Employment to population ratio, ages 15-24, male (%) (modeled ILO estimate)",SL.EMP.1524.SP.MA.ZS,14.383
Federal Republic of Somalia,SOM,2004,"Employment to population ratio, ages 15-24, male (%) (modeled ILO estimate)",SL.EMP.1524.SP.MA.ZS,14.112
Federal Republic of Somalia,SOM,2003,"Employment to population ratio, ages 15-24, male (%) (modeled ILO estimate)",SL.EMP.1524.SP.MA.ZS,13.92
Federal Republic of Somalia,SOM,2002,"Employment to population ratio, ages 15-24, male (%) (modeled ILO estimate)",SL.EMP.1524.SP.MA.ZS,13.806
Federal Republic of Somalia,SOM,2001,"Employment to population ratio, ages 15-24, male (%) (modeled ILO estimate)",SL.EMP.1524.SP.MA.ZS,13.705
Federal Republic of Somalia,SOM,2000,"Employment to population ratio, ages 15-24, male (%) (modeled ILO estimate)",SL.EMP.1524.SP.MA.ZS,13.639
Federal Republic of Somalia,SOM,1999,"Employment to population ratio, ages 15-24, male (%) (modeled ILO estimate)",SL.EMP.1524.SP.MA.ZS,13.48
Federal Republic of Somalia,SOM,1998,"Employment to population ratio, ages 15-24, male (%) (modeled ILO estimate)",SL.EMP.1524.SP.MA.ZS,13.366
Federal Republic of Somalia,SOM,1997,"Employment to population ratio, ages 15-24, male (%) (modeled ILO estimate)",SL.EMP.1524.SP.MA.ZS,13.22
Federal Republic of Somalia,SOM,1996,"Employment to population ratio, ages 15-24, male (%) (modeled ILO estimate)",SL.EMP.1524.SP.MA.ZS,12.994
Federal Republic of Somalia,SOM,1995,"Employment to population ratio, ages 15-24, male (%) (modeled ILO estimate)",SL.EMP.1524.SP.MA.ZS,12.831
Federal Republic of Somalia,SOM,1994,"Employment to population ratio, ages 15-24, male (%) (modeled ILO estimate)",SL.EMP.1524.SP.MA.ZS,12.62
Federal Republic of Somalia,SOM,1993,"Employment to population ratio, ages 15-24, male (%) (modeled ILO estimate)",SL.EMP.1524.SP.MA.ZS,12.626
Federal Republic of Somalia,SOM,1992,"Employment to population ratio, ages 15-24, male (%) (modeled ILO estimate)",SL.EMP.1524.SP.MA.ZS,12.723
Federal Republic of Somalia,SOM,1991,"Employment to population ratio, ages 15-24, male (%) (modeled ILO estimate)",SL.EMP.1524.SP.MA.ZS,13.176
Federal Republic of Somalia,SOM,2023,"Employers, female (% of female employment) (modeled ILO estimate)",SL.EMP.MPYR.FE.ZS,6.04911372287659
Federal Republic of Somalia,SOM,2022,"Employers, female (% of female employment) (modeled ILO estimate)",SL.EMP.MPYR.FE.ZS,5.90502056171035
Federal Republic of Somalia,SOM,2021,"Employers, female (% of female employment) (modeled ILO estimate)",SL.EMP.MPYR.FE.ZS,5.91258254718611
Federal Republic of Somalia,SOM,2020,"Employers, female (% of female employment) (modeled ILO estimate)",SL.EMP.MPYR.FE.ZS,5.87833513039818
Federal Republic of Somalia,SOM,2019,"Employers, female (% of female employment) (modeled ILO estimate)",SL.EMP.MPYR.FE.ZS,5.35815308673821
Federal Republic of Somalia,SOM,2018,"Employers, female (% of female employment) (modeled ILO estimate)",SL.EMP.MPYR.FE.ZS,5.28169282369417
Federal Republic of Somalia,SOM,2017,"Employers, female (% of female employment) (modeled ILO estimate)",SL.EMP.MPYR.FE.ZS,5.16414636305016
Federal Republic of Somalia,SOM,2016,"Employers, female (% of female employment) (modeled ILO estimate)",SL.EMP.MPYR.FE.ZS,5.51187732378833
Federal Republic of Somalia,SOM,2015,"Employers, female (% of female employment) (modeled ILO estimate)",SL.EMP.MPYR.FE.ZS,5.56494181285141
Federal Republic of Somalia,SOM,2014,"Employers, female (% of female employment) (modeled ILO estimate)",SL.EMP.MPYR.FE.ZS,5.88705629257799
Federal Republic of Somalia,SOM,2013,"Employers, female (% of female employment) (modeled ILO estimate)",SL.EMP.MPYR.FE.ZS,5.91935501939946
Federal Republic of Somalia,SOM,2012,"Employers, female (% of female employment) (modeled ILO estimate)",SL.EMP.MPYR.FE.ZS,5.78209339961818
Federal Republic of Somalia,SOM,2011,"Employers, female (% of female employment) (modeled ILO estimate)",SL.EMP.MPYR.FE.ZS,5.4109457579697
Federal Republic of Somalia,SOM,2010,"Employers, female (% of female employment) (modeled ILO estimate)",SL.EMP.MPYR.FE.ZS,5.22876476104999
Federal Republic of Somalia,SOM,2009,"Employers, female (% of female employment) (modeled ILO estimate)",SL.EMP.MPYR.FE.ZS,4.99644207849003
Federal Republic of Somalia,SOM,2008,"Employers, female (% of female employment) (modeled ILO estimate)",SL.EMP.MPYR.FE.ZS,4.79742159372622
Federal Republic of Somalia,SOM,2007,"Employers, female (% of female employment) (modeled ILO estimate)",SL.EMP.MPYR.FE.ZS,4.58710169313282
Federal Republic of Somalia,SOM,2006,"Employers, female (% of female employment) (modeled ILO estimate)",SL.EMP.MPYR.FE.ZS,4.3619097934221
Federal Republic of Somalia,SOM,2005,"Employers, female (% of female employment) (modeled ILO estimate)",SL.EMP.MPYR.FE.ZS,4.18322474271881
Federal Republic of Somalia,SOM,2004,"Employers, female (% of female employment) (modeled ILO estimate)",SL.EMP.MPYR.FE.ZS,3.98214914746549
Federal Republic of Somalia,SOM,2003,"Employers, female (% of female employment) (modeled ILO estimate)",SL.EMP.MPYR.FE.ZS,3.77720963152345
Federal Republic of Somalia,SOM,2002,"Employers, female (% of female employment) (modeled ILO estimate)",SL.EMP.MPYR.FE.ZS,3.58089823141896
Federal Republic of Somalia,SOM,2001,"Employers, female (% of female employment) (modeled ILO estimate)",SL.EMP.MPYR.FE.ZS,3.37870460732446
Federal Republic of Somalia,SOM,2000,"Employers, female (% of female employment) (modeled ILO estimate)",SL.EMP.MPYR.FE.ZS,3.00370348722908
Federal Republic of Somalia,SOM,1999,"Employers, female (% of female employment) (modeled ILO estimate)",SL.EMP.MPYR.FE.ZS,2.84321846697592
Federal Republic of Somalia,SOM,1998,"Employers, female (% of female employment) (modeled ILO estimate)",SL.EMP.MPYR.FE.ZS,2.68763664251457
Federal Republic of Somalia,SOM,1997,"Employers, female (% of female employment) (modeled ILO estimate)",SL.EMP.MPYR.FE.ZS,2.53202936892482
Federal Republic of Somalia,SOM,1996,"Employers, female (% of female employment) (modeled ILO estimate)",SL.EMP.MPYR.FE.ZS,2.23650345986099
Federal Republic of Somalia,SOM,1995,"Employers, female (% of female employment) (modeled ILO estimate)",SL.EMP.MPYR.FE.ZS,2.13549524773527
Federal Republic of Somalia,SOM,1994,"Employers, female (% of female employment) (modeled ILO estimate)",SL.EMP.MPYR.FE.ZS,1.97315586450228
Federal Republic of Somalia,SOM,1993,"Employers, female (% of female employment) (modeled ILO estimate)",SL.EMP.MPYR.FE.ZS,1.66794524284424
Federal Republic of Somalia,SOM,1992,"Employers, female (% of female employment) (modeled ILO estimate)",SL.EMP.MPYR.FE.ZS,1.62051810036917
Federal Republic of Somalia,SOM,1991,"Employers, female (% of female employment) (modeled ILO estimate)",SL.EMP.MPYR.FE.ZS,1.57526751594528
Federal Republic of Somalia,SOM,2023,"Employers, male (% of male employment) (modeled ILO estimate)",SL.EMP.MPYR.MA.ZS,6.23573730351646
Federal Republic of Somalia,SOM,2022,"Employers, male (% of male employment) (modeled ILO estimate)",SL.EMP.MPYR.MA.ZS,6.32501109769932
Federal Republic of Somalia,SOM,2021,"Employers, male (% of male employment) (modeled ILO estimate)",SL.EMP.MPYR.MA.ZS,6.34848537389694
Federal Republic of Somalia,SOM,2020,"Employers, male (% of male employment) (modeled ILO estimate)",SL.EMP.MPYR.MA.ZS,6.36319075079123
Federal Republic of Somalia,SOM,2019,"Employers, male (% of male employment) (modeled ILO estimate)",SL.EMP.MPYR.MA.ZS,6.58601291505128
Federal Republic of Somalia,SOM,2018,"Employers, male (% of male employment) (modeled ILO estimate)",SL.EMP.MPYR.MA.ZS,6.64163032459749
Federal Republic of Somalia,SOM,2017,"Employers, male (% of male employment) (modeled ILO estimate)",SL.EMP.MPYR.MA.ZS,6.70734228239945
Federal Republic of Somalia,SOM,2016,"Employers, male (% of male employment) (modeled ILO estimate)",SL.EMP.MPYR.MA.ZS,6.57710120229977
Federal Republic of Somalia,SOM,2015,"Employers, male (% of male employment) (modeled ILO estimate)",SL.EMP.MPYR.MA.ZS,6.55770571461703
Federal Republic of Somalia,SOM,2014,"Employers, male (% of male employment) (modeled ILO estimate)",SL.EMP.MPYR.MA.ZS,6.4221387646654
Federal Republic of Somalia,SOM,2013,"Employers, male (% of male employment) (modeled ILO estimate)",SL.EMP.MPYR.MA.ZS,6.39501043258128
Federal Republic of Somalia,SOM,2012,"Employers, male (% of male employment) (modeled ILO estimate)",SL.EMP.MPYR.MA.ZS,6.42850636069117
Federal Republic of Somalia,SOM,2011,"Employers, male (% of male employment) (modeled ILO estimate)",SL.EMP.MPYR.MA.ZS,6.54571245897983
Federal Republic of Somalia,SOM,2010,"Employers, male (% of male employment) (modeled ILO estimate)",SL.EMP.MPYR.MA.ZS,6.59630084986463
Federal Republic of Somalia,SOM,2009,"Employers, male (% of male employment) (modeled ILO estimate)",SL.EMP.MPYR.MA.ZS,6.66157239423504
Federal Republic of Somalia,SOM,2008,"Employers, male (% of male employment) (modeled ILO estimate)",SL.EMP.MPYR.MA.ZS,6.70842268272002
Federal Republic of Somalia,SOM,2007,"Employers, male (% of male employment) (modeled ILO estimate)",SL.EMP.MPYR.MA.ZS,6.75386791239875
Federal Republic of Somalia,SOM,2006,"Employers, male (% of male employment) (modeled ILO estimate)",SL.EMP.MPYR.MA.ZS,6.7413971643561
Federal Republic of Somalia,SOM,2005,"Employers, male (% of male employment) (modeled ILO estimate)",SL.EMP.MPYR.MA.ZS,6.76248340651486
Federal Republic of Somalia,SOM,2004,"Employers, male (% of male employment) (modeled ILO estimate)",SL.EMP.MPYR.MA.ZS,6.77942739753445
Federal Republic of Somalia,SOM,2003,"Employers, male (% of male employment) (modeled ILO estimate)",SL.EMP.MPYR.MA.ZS,6.7920819851726
Federal Republic of Somalia,SOM,2002,"Employers, male (% of male employment) (modeled ILO estimate)",SL.EMP.MPYR.MA.ZS,6.79948201403693
Federal Republic of Somalia,SOM,2001,"Employers, male (% of male employment) (modeled ILO estimate)",SL.EMP.MPYR.MA.ZS,6.79450982880225
Federal Republic of Somalia,SOM,2000,"Employers, male (% of male employment) (modeled ILO estimate)",SL.EMP.MPYR.MA.ZS,6.85366923993177
Federal Republic of Somalia,SOM,1999,"Employers, male (% of male employment) (modeled ILO estimate)",SL.EMP.MPYR.MA.ZS,6.83533148511943
Federal Republic of Somalia,SOM,1998,"Employers, male (% of male employment) (modeled ILO estimate)",SL.EMP.MPYR.MA.ZS,6.82198825823281
Federal Republic of Somalia,SOM,1997,"Employers, male (% of male employment) (modeled ILO estimate)",SL.EMP.MPYR.MA.ZS,6.81232232929261
Federal Republic of Somalia,SOM,1996,"Employers, male (% of male employment) (modeled ILO estimate)",SL.EMP.MPYR.MA.ZS,6.86506313500178
Federal Republic of Somalia,SOM,1995,"Employers, male (% of male employment) (modeled ILO estimate)",SL.EMP.MPYR.MA.ZS,6.84532317832928
Federal Republic of Somalia,SOM,1994,"Employers, male (% of male employment) (modeled ILO estimate)",SL.EMP.MPYR.MA.ZS,6.85390973911702
Federal Republic of Somalia,SOM,1993,"Employers, male (% of male employment) (modeled ILO estimate)",SL.EMP.MPYR.MA.ZS,6.94213832600024
Federal Republic of Somalia,SOM,1992,"Employers, male (% of male employment) (modeled ILO estimate)",SL.EMP.MPYR.MA.ZS,6.90091146108693
Federal Republic of Somalia,SOM,1991,"Employers, male (% of male employment) (modeled ILO estimate)",SL.EMP.MPYR.MA.ZS,6.84178445166333
Federal Republic of Somalia,SOM,2023,"Self-employed, female (% of female employment) (modeled ILO estimate)",SL.EMP.SELF.FE.ZS,65.5486202786358
Federal Republic of Somalia,SOM,2022,"Self-employed, female (% of female employment) (modeled ILO estimate)",SL.EMP.SELF.FE.ZS,65.5598652404884
Federal Republic of Somalia,SOM,2021,"Self-employed, female (% of female employment) (modeled ILO estimate)",SL.EMP.SELF.FE.ZS,65.8205249026845
Federal Republic of Somalia,SOM,2020,"Self-employed, female (% of female employment) (modeled ILO estimate)",SL.EMP.SELF.FE.ZS,66.1425824179758
Federal Republic of Somalia,SOM,2019,"Self-employed, female (% of female employment) (modeled ILO estimate)",SL.EMP.SELF.FE.ZS,65.9305355661536
Federal Republic of Somalia,SOM,2018,"Self-employed, female (% of female employment) (modeled ILO estimate)",SL.EMP.SELF.FE.ZS,66.2526343700141
Federal Republic of Somalia,SOM,2017,"Self-employed, female (% of female employment) (modeled ILO estimate)",SL.EMP.SELF.FE.ZS,66.6144061903377
Federal Republic of Somalia,SOM,2016,"Self-employed, female (% of female employment) (modeled ILO estimate)",SL.EMP.SELF.FE.ZS,67.045957351261
Federal Republic of Somalia,SOM,2015,"Self-employed, female (% of female employment) (modeled ILO estimate)",SL.EMP.SELF.FE.ZS,67.3083540366259
Federal Republic of Somalia,SOM,2014,"Self-employed, female (% of female employment) (modeled ILO estimate)",SL.EMP.SELF.FE.ZS,67.5030476873431
Federal Republic of Somalia,SOM,2013,"Self-employed, female (% of female employment) (modeled ILO estimate)",SL.EMP.SELF.FE.ZS,67.4744483571143
Federal Republic of Somalia,SOM,2012,"Self-employed, female (% of female employment) (modeled ILO estimate)",SL.EMP.SELF.FE.ZS,67.3316471397699
Federal Republic of Somalia,SOM,2011,"Self-employed, female (% of female employment) (modeled ILO estimate)",SL.EMP.SELF.FE.ZS,67.2028936469964
Federal Republic of Somalia,SOM,2010,"Self-employed, female (% of female employment) (modeled ILO estimate)",SL.EMP.SELF.FE.ZS,67.1679961275879
Federal Republic of Somalia,SOM,2009,"Self-employed, female (% of female employment) (modeled ILO estimate)",SL.EMP.SELF.FE.ZS,67.1405721303755
Federal Republic of Somalia,SOM,2008,"Self-employed, female (% of female employment) (modeled ILO estimate)",SL.EMP.SELF.FE.ZS,67.1504731128245
Federal Republic of Somalia,SOM,2007,"Self-employed, female (% of female employment) (modeled ILO estimate)",SL.EMP.SELF.FE.ZS,67.1988379430014
Federal Republic of Somalia,SOM,2006,"Self-employed, female (% of female employment) (modeled ILO estimate)",SL.EMP.SELF.FE.ZS,67.2734761857858
Federal Republic of Somalia,SOM,2005,"Self-employed, female (% of female employment) (modeled ILO estimate)",SL.EMP.SELF.FE.ZS,67.3155534705348
Federal Republic of Somalia,SOM,2004,"Self-employed, female (% of female employment) (modeled ILO estimate)",SL.EMP.SELF.FE.ZS,67.4494882926681
Federal Republic of Somalia,SOM,2003,"Self-employed, female (% of female employment) (modeled ILO estimate)",SL.EMP.SELF.FE.ZS,67.5800339924793
Federal Republic of Somalia,SOM,2002,"Self-employed, female (% of female employment) (modeled ILO estimate)",SL.EMP.SELF.FE.ZS,67.6558659884248
Federal Republic of Somalia,SOM,2001,"Self-employed, female (% of female employment) (modeled ILO estimate)",SL.EMP.SELF.FE.ZS,67.7407673737737
Federal Republic of Somalia,SOM,2000,"Self-employed, female (% of female employment) (modeled ILO estimate)",SL.EMP.SELF.FE.ZS,67.8800856531049
Federal Republic of Somalia,SOM,1999,"Self-employed, female (% of female employment) (modeled ILO estimate)",SL.EMP.SELF.FE.ZS,67.9067263088138
Federal Republic of Somalia,SOM,1998,"Self-employed, female (% of female employment) (modeled ILO estimate)",SL.EMP.SELF.FE.ZS,67.8379291004201
Federal Republic of Somalia,SOM,1997,"Self-employed, female (% of female employment) (modeled ILO estimate)",SL.EMP.SELF.FE.ZS,67.7001278202194
Federal Republic of Somalia,SOM,1996,"Self-employed, female (% of female employment) (modeled ILO estimate)",SL.EMP.SELF.FE.ZS,67.6144682293834
Federal Republic of Somalia,SOM,1995,"Self-employed, female (% of female employment) (modeled ILO estimate)",SL.EMP.SELF.FE.ZS,67.4385515937434
Federal Republic of Somalia,SOM,1994,"Self-employed, female (% of female employment) (modeled ILO estimate)",SL.EMP.SELF.FE.ZS,67.2847795463223
Federal Republic of Somalia,SOM,1993,"Self-employed, female (% of female employment) (modeled ILO estimate)",SL.EMP.SELF.FE.ZS,67.2585621984691
Federal Republic of Somalia,SOM,1992,"Self-employed, female (% of female employment) (modeled ILO estimate)",SL.EMP.SELF.FE.ZS,67.3710302419142
Federal Republic of Somalia,SOM,1991,"Self-employed, female (% of female employment) (modeled ILO estimate)",SL.EMP.SELF.FE.ZS,67.5435576297013
Federal Republic of Somalia,SOM,2023,"Self-employed, male (% of male employment) (modeled ILO estimate)",SL.EMP.SELF.MA.ZS,45.5465302963499
Federal Republic of Somalia,SOM,2022,"Self-employed, male (% of male employment) (modeled ILO estimate)",SL.EMP.SELF.MA.ZS,45.5377492510747
Federal Republic of Somalia,SOM,2021,"Self-employed, male (% of male employment) (modeled ILO estimate)",SL.EMP.SELF.MA.ZS,45.7048879500148
Federal Republic of Somalia,SOM,2020,"Self-employed, male (% of male employment) (modeled ILO estimate)",SL.EMP.SELF.MA.ZS,46.1807658499454
Federal Republic of Somalia,SOM,2019,"Self-employed, male (% of male employment) (modeled ILO estimate)",SL.EMP.SELF.MA.ZS,45.9480986174504
Federal Republic of Somalia,SOM,2018,"Self-employed, male (% of male employment) (modeled ILO estimate)",SL.EMP.SELF.MA.ZS,46.1601150946769
Federal Republic of Somalia,SOM,2017,"Self-employed, male (% of male employment) (modeled ILO estimate)",SL.EMP.SELF.MA.ZS,46.455730546117
Federal Republic of Somalia,SOM,2016,"Self-employed, male (% of male employment) (modeled ILO estimate)",SL.EMP.SELF.MA.ZS,46.8802162150539
Federal Republic of Somalia,SOM,2015,"Self-employed, male (% of male employment) (modeled ILO estimate)",SL.EMP.SELF.MA.ZS,47.2936496959181
Federal Republic of Somalia,SOM,2014,"Self-employed, male (% of male employment) (modeled ILO estimate)",SL.EMP.SELF.MA.ZS,47.7664065043716
Federal Republic of Somalia,SOM,2013,"Self-employed, male (% of male employment) (modeled ILO estimate)",SL.EMP.SELF.MA.ZS,48.1787220520899
Federal Republic of Somalia,SOM,2012,"Self-employed, male (% of male employment) (modeled ILO estimate)",SL.EMP.SELF.MA.ZS,48.5581680711133
Federal Republic of Somalia,SOM,2011,"Self-employed, male (% of male employment) (modeled ILO estimate)",SL.EMP.SELF.MA.ZS,48.9167060701219
Federal Republic of Somalia,SOM,2010,"Self-employed, male (% of male employment) (modeled ILO estimate)",SL.EMP.SELF.MA.ZS,49.2751387299975
Federal Republic of Somalia,SOM,2009,"Self-employed, male (% of male employment) (modeled ILO estimate)",SL.EMP.SELF.MA.ZS,49.5407448507694
Federal Republic of Somalia,SOM,2008,"Self-employed, male (% of male employment) (modeled ILO estimate)",SL.EMP.SELF.MA.ZS,49.7482406804117
Federal Republic of Somalia,SOM,2007,"Self-employed, male (% of male employment) (modeled ILO estimate)",SL.EMP.SELF.MA.ZS,49.895941370591
Federal Republic of Somalia,SOM,2006,"Self-employed, male (% of male employment) (modeled ILO estimate)",SL.EMP.SELF.MA.ZS,49.9643178970286
Federal Republic of Somalia,SOM,2005,"Self-employed, male (% of male employment) (modeled ILO estimate)",SL.EMP.SELF.MA.ZS,49.9545958483465
Federal Republic of Somalia,SOM,2004,"Self-employed, male (% of male employment) (modeled ILO estimate)",SL.EMP.SELF.MA.ZS,49.947414829962
Federal Republic of Somalia,SOM,2003,"Self-employed, male (% of male employment) (modeled ILO estimate)",SL.EMP.SELF.MA.ZS,49.8852980436426
Federal Republic of Somalia,SOM,2002,"Self-employed, male (% of male employment) (modeled ILO estimate)",SL.EMP.SELF.MA.ZS,49.7399889642928
Federal Republic of Somalia,SOM,2001,"Self-employed, male (% of male employment) (modeled ILO estimate)",SL.EMP.SELF.MA.ZS,49.5645507513033
Federal Republic of Somalia,SOM,2000,"Self-employed, male (% of male employment) (modeled ILO estimate)",SL.EMP.SELF.MA.ZS,49.3158429028806
Federal Republic of Somalia,SOM,1999,"Self-employed, male (% of male employment) (modeled ILO estimate)",SL.EMP.SELF.MA.ZS,49.0893568582812
Federal Republic of Somalia,SOM,1998,"Self-employed, male (% of male employment) (modeled ILO estimate)",SL.EMP.SELF.MA.ZS,48.8098639451716
Federal Republic of Somalia,SOM,1997,"Self-employed, male (% of male employment) (modeled ILO estimate)",SL.EMP.SELF.MA.ZS,48.4920296203119
Federal Republic of Somalia,SOM,1996,"Self-employed, male (% of male employment) (modeled ILO estimate)",SL.EMP.SELF.MA.ZS,48.0841367221735
Federal Republic of Somalia,SOM,1995,"Self-employed, male (% of male employment) (modeled ILO estimate)",SL.EMP.SELF.MA.ZS,47.7708165896231
Federal Republic of Somalia,SOM,1994,"Self-employed, male (% of male employment) (modeled ILO estimate)",SL.EMP.SELF.MA.ZS,47.4185836178671
Federal Republic of Somalia,SOM,1993,"Self-employed, male (% of male employment) (modeled ILO estimate)",SL.EMP.SELF.MA.ZS,46.9303055527417
Federal Republic of Somalia,SOM,1992,"Self-employed, male (% of male employment) (modeled ILO estimate)",SL.EMP.SELF.MA.ZS,46.8789179685022
Federal Republic of Somalia,SOM,1991,"Self-employed, male (% of male employment) (modeled ILO estimate)",SL.EMP.SELF.MA.ZS,46.9083320783943
Federal Republic of Somalia,SOM,2024,"Employment to population ratio, 15+, female (%) (modeled ILO estimate)",SL.EMP.TOTL.SP.FE.ZS,15.82
Federal Republic of Somalia,SOM,2023,"Employment to population ratio, 15+, female (%) (modeled ILO estimate)",SL.EMP.TOTL.SP.FE.ZS,15.798
Federal Republic of Somalia,SOM,2022,"Employment to population ratio, 15+, female (%) (modeled ILO estimate)",SL.EMP.TOTL.SP.FE.ZS,15.774
Federal Republic of Somalia,SOM,2021,"Employment to population ratio, 15+, female (%) (modeled ILO estimate)",SL.EMP.TOTL.SP.FE.ZS,15.655
Federal Republic of Somalia,SOM,2020,"Employment to population ratio, 15+, female (%) (modeled ILO estimate)",SL.EMP.TOTL.SP.FE.ZS,15.691
Federal Republic of Somalia,SOM,2019,"Employment to population ratio, 15+, female (%) (modeled ILO estimate)",SL.EMP.TOTL.SP.FE.ZS,15.952
Federal Republic of Somalia,SOM,2018,"Employment to population ratio, 15+, female (%) (modeled ILO estimate)",SL.EMP.TOTL.SP.FE.ZS,15.952
Federal Republic of Somalia,SOM,2017,"Employment to population ratio, 15+, female (%) (modeled ILO estimate)",SL.EMP.TOTL.SP.FE.ZS,15.978
Federal Republic of Somalia,SOM,2016,"Employment to population ratio, 15+, female (%) (modeled ILO estimate)",SL.EMP.TOTL.SP.FE.ZS,15.938
Federal Republic of Somalia,SOM,2015,"Employment to population ratio, 15+, female (%) (modeled ILO estimate)",SL.EMP.TOTL.SP.FE.ZS,15.917
Federal Republic of Somalia,SOM,2014,"Employment to population ratio, 15+, female (%) (modeled ILO estimate)",SL.EMP.TOTL.SP.FE.ZS,15.832
Federal Republic of Somalia,SOM,2013,"Employment to population ratio, 15+, female (%) (modeled ILO estimate)",SL.EMP.TOTL.SP.FE.ZS,15.777
Federal Republic of Somalia,SOM,2012,"Employment to population ratio, 15+, female (%) (modeled ILO estimate)",SL.EMP.TOTL.SP.FE.ZS,15.73
Federal Republic of Somalia,SOM,2011,"Employment to population ratio, 15+, female (%) (modeled ILO estimate)",SL.EMP.TOTL.SP.FE.ZS,15.665
Federal Republic of Somalia,SOM,2010,"Employment to population ratio, 15+, female (%) (modeled ILO estimate)",SL.EMP.TOTL.SP.FE.ZS,15.595
Federal Republic of Somalia,SOM,2009,"Employment to population ratio, 15+, female (%) (modeled ILO estimate)",SL.EMP.TOTL.SP.FE.ZS,15.576
Federal Republic of Somalia,SOM,2008,"Employment to population ratio, 15+, female (%) (modeled ILO estimate)",SL.EMP.TOTL.SP.FE.ZS,15.567
Federal Republic of Somalia,SOM,2007,"Employment to population ratio, 15+, female (%) (modeled ILO estimate)",SL.EMP.TOTL.SP.FE.ZS,15.582
Federal Republic of Somalia,SOM,2006,"Employment to population ratio, 15+, female (%) (modeled ILO estimate)",SL.EMP.TOTL.SP.FE.ZS,15.637
Federal Republic of Somalia,SOM,2005,"Employment to population ratio, 15+, female (%) (modeled ILO estimate)",SL.EMP.TOTL.SP.FE.ZS,15.72
Federal Republic of Somalia,SOM,2004,"Employment to population ratio, 15+, female (%) (modeled ILO estimate)",SL.EMP.TOTL.SP.FE.ZS,15.786
Federal Republic of Somalia,SOM,2003,"Employment to population ratio, 15+, female (%) (modeled ILO estimate)",SL.EMP.TOTL.SP.FE.ZS,15.805
Federal Republic of Somalia,SOM,2002,"Employment to population ratio, 15+, female (%) (modeled ILO estimate)",SL.EMP.TOTL.SP.FE.ZS,15.837
Federal Republic of Somalia,SOM,2001,"Employment to population ratio, 15+, female (%) (modeled ILO estimate)",SL.EMP.TOTL.SP.FE.ZS,15.865
Federal Republic of Somalia,SOM,2000,"Employment to population ratio, 15+, female (%) (modeled ILO estimate)",SL.EMP.TOTL.SP.FE.ZS,15.917
Federal Republic of Somalia,SOM,1999,"Employment to population ratio, 15+, female (%) (modeled ILO estimate)",SL.EMP.TOTL.SP.FE.ZS,15.895
Federal Republic of Somalia,SOM,1998,"Employment to population ratio, 15+, female (%) (modeled ILO estimate)",SL.EMP.TOTL.SP.FE.ZS,15.923
Federal Republic of Somalia,SOM,1997,"Employment to population ratio, 15+, female (%) (modeled ILO estimate)",SL.EMP.TOTL.SP.FE.ZS,15.928
Federal Republic of Somalia,SOM,1996,"Employment to population ratio, 15+, female (%) (modeled ILO estimate)",SL.EMP.TOTL.SP.FE.ZS,15.859
Federal Republic of Somalia,SOM,1995,"Employment to population ratio, 15+, female (%) (modeled ILO estimate)",SL.EMP.TOTL.SP.FE.ZS,15.869
Federal Republic of Somalia,SOM,1994,"Employment to population ratio, 15+, female (%) (modeled ILO estimate)",SL.EMP.TOTL.SP.FE.ZS,15.849
Federal Republic of Somalia,SOM,1993,"Employment to population ratio, 15+, female (%) (modeled ILO estimate)",SL.EMP.TOTL.SP.FE.ZS,16.022
Federal Republic of Somalia,SOM,1992,"Employment to population ratio, 15+, female (%) (modeled ILO estimate)",SL.EMP.TOTL.SP.FE.ZS,15.981
Federal Republic of Somalia,SOM,1991,"Employment to population ratio, 15+, female (%) (modeled ILO estimate)",SL.EMP.TOTL.SP.FE.ZS,15.928
Federal Republic of Somalia,SOM,2024,"Employment to population ratio, 15+, male (%) (modeled ILO estimate)",SL.EMP.TOTL.SP.MA.ZS,39.372
Federal Republic of Somalia,SOM,2023,"Employment to population ratio, 15+, male (%) (modeled ILO estimate)",SL.EMP.TOTL.SP.MA.ZS,39.373
Federal Republic of Somalia,SOM,2022,"Employment to population ratio, 15+, male (%) (modeled ILO estimate)",SL.EMP.TOTL.SP.MA.ZS,39.331
Federal Republic of Somalia,SOM,2021,"Employment to population ratio, 15+, male (%) (modeled ILO estimate)",SL.EMP.TOTL.SP.MA.ZS,38.749
Federal Republic of Somalia,SOM,2020,"Employment to population ratio, 15+, male (%) (modeled ILO estimate)",SL.EMP.TOTL.SP.MA.ZS,38.85
Federal Republic of Somalia,SOM,2019,"Employment to population ratio, 15+, male (%) (modeled ILO estimate)",SL.EMP.TOTL.SP.MA.ZS,39.516
Federal Republic of Somalia,SOM,2018,"Employment to population ratio, 15+, male (%) (modeled ILO estimate)",SL.EMP.TOTL.SP.MA.ZS,39.65
Federal Republic of Somalia,SOM,2017,"Employment to population ratio, 15+, male (%) (modeled ILO estimate)",SL.EMP.TOTL.SP.MA.ZS,39.856
Federal Republic of Somalia,SOM,2016,"Employment to population ratio, 15+, male (%) (modeled ILO estimate)",SL.EMP.TOTL.SP.MA.ZS,39.929
Federal Republic of Somalia,SOM,2015,"Employment to population ratio, 15+, male (%) (modeled ILO estimate)",SL.EMP.TOTL.SP.MA.ZS,39.984
Federal Republic of Somalia,SOM,2014,"Employment to population ratio, 15+, male (%) (modeled ILO estimate)",SL.EMP.TOTL.SP.MA.ZS,39.939
Federal Republic of Somalia,SOM,2013,"Employment to population ratio, 15+, male (%) (modeled ILO estimate)",SL.EMP.TOTL.SP.MA.ZS,39.942
Federal Republic of Somalia,SOM,2012,"Employment to population ratio, 15+, male (%) (modeled ILO estimate)",SL.EMP.TOTL.SP.MA.ZS,40
Federal Republic of Somalia,SOM,2011,"Employment to population ratio, 15+, male (%) (modeled ILO estimate)",SL.EMP.TOTL.SP.MA.ZS,40.318
Federal Republic of Somalia,SOM,2010,"Employment to population ratio, 15+, male (%) (modeled ILO estimate)",SL.EMP.TOTL.SP.MA.ZS,40.617
Federal Republic of Somalia,SOM,2009,"Employment to population ratio, 15+, male (%) (modeled ILO estimate)",SL.EMP.TOTL.SP.MA.ZS,40.73
Federal Republic of Somalia,SOM,2008,"Employment to population ratio, 15+, male (%) (modeled ILO estimate)",SL.EMP.TOTL.SP.MA.ZS,40.816
Federal Republic of Somalia,SOM,2007,"Employment to population ratio, 15+, male (%) (modeled ILO estimate)",SL.EMP.TOTL.SP.MA.ZS,40.797
Federal Republic of Somalia,SOM,2006,"Employment to population ratio, 15+, male (%) (modeled ILO estimate)",SL.EMP.TOTL.SP.MA.ZS,40.572
Federal Republic of Somalia,SOM,2005,"Employment to population ratio, 15+, male (%) (modeled ILO estimate)",SL.EMP.TOTL.SP.MA.ZS,40.284
Federal Republic of Somalia,SOM,2004,"Employment to population ratio, 15+, male (%) (modeled ILO estimate)",SL.EMP.TOTL.SP.MA.ZS,40.071
Federal Republic of Somalia,SOM,2003,"Employment to population ratio, 15+, male (%) (modeled ILO estimate)",SL.EMP.TOTL.SP.MA.ZS,39.908
Federal Republic of Somalia,SOM,2002,"Employment to population ratio, 15+, male (%) (modeled ILO estimate)",SL.EMP.TOTL.SP.MA.ZS,39.829
Federal Republic of Somalia,SOM,2001,"Employment to population ratio, 15+, male (%) (modeled ILO estimate)",SL.EMP.TOTL.SP.MA.ZS,39.761
Federal Republic of Somalia,SOM,2000,"Employment to population ratio, 15+, male (%) (modeled ILO estimate)",SL.EMP.TOTL.SP.MA.ZS,39.735
Federal Republic of Somalia,SOM,1999,"Employment to population ratio, 15+, male (%) (modeled ILO estimate)",SL.EMP.TOTL.SP.MA.ZS,39.587
Federal Republic of Somalia,SOM,1998,"Employment to population ratio, 15+, male (%) (modeled ILO estimate)",SL.EMP.TOTL.SP.MA.ZS,39.507
Federal Republic of Somalia,SOM,1997,"Employment to population ratio, 15+, male (%) (modeled ILO estimate)",SL.EMP.TOTL.SP.MA.ZS,39.384
Federal Republic of Somalia,SOM,1996,"Employment to population ratio, 15+, male (%) (modeled ILO estimate)",SL.EMP.TOTL.SP.MA.ZS,39.135
Federal Republic of Somalia,SOM,1995,"Employment to population ratio, 15+, male (%) (modeled ILO estimate)",SL.EMP.TOTL.SP.MA.ZS,38.993
Federal Republic of Somalia,SOM,1994,"Employment to population ratio, 15+, male (%) (modeled ILO estimate)",SL.EMP.TOTL.SP.MA.ZS,38.783
Federal Republic of Somalia,SOM,1993,"Employment to population ratio, 15+, male (%) (modeled ILO estimate)",SL.EMP.TOTL.SP.MA.ZS,38.853
Federal Republic of Somalia,SOM,1992,"Employment to population ratio, 15+, male (%) (modeled ILO estimate)",SL.EMP.TOTL.SP.MA.ZS,38.933
Federal Republic of Somalia,SOM,1991,"Employment to population ratio, 15+, male (%) (modeled ILO estimate)",SL.EMP.TOTL.SP.MA.ZS,39.34
Federal Republic of Somalia,SOM,2023,"Vulnerable employment, female (% of female employment) (modeled ILO estimate)",SL.EMP.VULN.FE.ZS,59.4995065557592
Federal Republic of Somalia,SOM,2022,"Vulnerable employment, female (% of female employment) (modeled ILO estimate)",SL.EMP.VULN.FE.ZS,59.654844678778
Federal Republic of Somalia,SOM,2021,"Vulnerable employment, female (% of female employment) (modeled ILO estimate)",SL.EMP.VULN.FE.ZS,59.9078041723034
Federal Republic of Somalia,SOM,2020,"Vulnerable employment, female (% of female employment) (modeled ILO estimate)",SL.EMP.VULN.FE.ZS,60.2643904799953
Federal Republic of Somalia,SOM,2019,"Vulnerable employment, female (% of female employment) (modeled ILO estimate)",SL.EMP.VULN.FE.ZS,60.5725290412219
Federal Republic of Somalia,SOM,2018,"Vulnerable employment, female (% of female employment) (modeled ILO estimate)",SL.EMP.VULN.FE.ZS,60.97094154632
Federal Republic of Somalia,SOM,2017,"Vulnerable employment, female (% of female employment) (modeled ILO estimate)",SL.EMP.VULN.FE.ZS,61.4502598272876
Federal Republic of Somalia,SOM,2016,"Vulnerable employment, female (% of female employment) (modeled ILO estimate)",SL.EMP.VULN.FE.ZS,61.5340800274727
Federal Republic of Somalia,SOM,2015,"Vulnerable employment, female (% of female employment) (modeled ILO estimate)",SL.EMP.VULN.FE.ZS,61.7435842732972
Federal Republic of Somalia,SOM,2014,"Vulnerable employment, female (% of female employment) (modeled ILO estimate)",SL.EMP.VULN.FE.ZS,61.6159913947652
Federal Republic of Somalia,SOM,2013,"Vulnerable employment, female (% of female employment) (modeled ILO estimate)",SL.EMP.VULN.FE.ZS,61.5550933377148
Federal Republic of Somalia,SOM,2012,"Vulnerable employment, female (% of female employment) (modeled ILO estimate)",SL.EMP.VULN.FE.ZS,61.5497475555039
Federal Republic of Somalia,SOM,2011,"Vulnerable employment, female (% of female employment) (modeled ILO estimate)",SL.EMP.VULN.FE.ZS,61.7919478890268
Federal Republic of Somalia,SOM,2010,"Vulnerable employment, female (% of female employment) (modeled ILO estimate)",SL.EMP.VULN.FE.ZS,61.9392313665379
Federal Republic of Somalia,SOM,2009,"Vulnerable employment, female (% of female employment) (modeled ILO estimate)",SL.EMP.VULN.FE.ZS,62.1441300518855
Federal Republic of Somalia,SOM,2008,"Vulnerable employment, female (% of female employment) (modeled ILO estimate)",SL.EMP.VULN.FE.ZS,62.3530515190982
Federal Republic of Somalia,SOM,2007,"Vulnerable employment, female (% of female employment) (modeled ILO estimate)",SL.EMP.VULN.FE.ZS,62.6117362498685
Federal Republic of Somalia,SOM,2006,"Vulnerable employment, female (% of female employment) (modeled ILO estimate)",SL.EMP.VULN.FE.ZS,62.9117902522453
Federal Republic of Somalia,SOM,2005,"Vulnerable employment, female (% of female employment) (modeled ILO estimate)",SL.EMP.VULN.FE.ZS,63.1325564606671
Federal Republic of Somalia,SOM,2004,"Vulnerable employment, female (% of female employment) (modeled ILO estimate)",SL.EMP.VULN.FE.ZS,63.4673391452027
Federal Republic of Somalia,SOM,2003,"Vulnerable employment, female (% of female employment) (modeled ILO estimate)",SL.EMP.VULN.FE.ZS,63.8028243609559
Federal Republic of Somalia,SOM,2002,"Vulnerable employment, female (% of female employment) (modeled ILO estimate)",SL.EMP.VULN.FE.ZS,64.0749677570059
Federal Republic of Somalia,SOM,2001,"Vulnerable employment, female (% of female employment) (modeled ILO estimate)",SL.EMP.VULN.FE.ZS,64.3620627664492
Federal Republic of Somalia,SOM,2000,"Vulnerable employment, female (% of female employment) (modeled ILO estimate)",SL.EMP.VULN.FE.ZS,64.8766478392782
Federal Republic of Somalia,SOM,1999,"Vulnerable employment, female (% of female employment) (modeled ILO estimate)",SL.EMP.VULN.FE.ZS,65.0635078418379
Federal Republic of Somalia,SOM,1998,"Vulnerable employment, female (% of female employment) (modeled ILO estimate)",SL.EMP.VULN.FE.ZS,65.1500062955714
Federal Republic of Somalia,SOM,1997,"Vulnerable employment, female (% of female employment) (modeled ILO estimate)",SL.EMP.VULN.FE.ZS,65.1680984512946
Federal Republic of Somalia,SOM,1996,"Vulnerable employment, female (% of female employment) (modeled ILO estimate)",SL.EMP.VULN.FE.ZS,65.3782729976729
Federal Republic of Somalia,SOM,1995,"Vulnerable employment, female (% of female employment) (modeled ILO estimate)",SL.EMP.VULN.FE.ZS,65.3027380429454
Federal Republic of Somalia,SOM,1994,"Vulnerable employment, female (% of female employment) (modeled ILO estimate)",SL.EMP.VULN.FE.ZS,65.31162368182
Federal Republic of Somalia,SOM,1993,"Vulnerable employment, female (% of female employment) (modeled ILO estimate)",SL.EMP.VULN.FE.ZS,65.5906169556249
Federal Republic of Somalia,SOM,1992,"Vulnerable employment, female (% of female employment) (modeled ILO estimate)",SL.EMP.VULN.FE.ZS,65.750512141545
Federal Republic of Somalia,SOM,1991,"Vulnerable employment, female (% of female employment) (modeled ILO estimate)",SL.EMP.VULN.FE.ZS,65.968290113756
Federal Republic of Somalia,SOM,2023,"Vulnerable employment, male (% of male employment) (modeled ILO estimate)",SL.EMP.VULN.MA.ZS,39.3107406286425
Federal Republic of Somalia,SOM,2022,"Vulnerable employment, male (% of male employment) (modeled ILO estimate)",SL.EMP.VULN.MA.ZS,39.212792354593
Federal Republic of Somalia,SOM,2021,"Vulnerable employment, male (% of male employment) (modeled ILO estimate)",SL.EMP.VULN.MA.ZS,39.3564025761179
Federal Republic of Somalia,SOM,2020,"Vulnerable employment, male (% of male employment) (modeled ILO estimate)",SL.EMP.VULN.MA.ZS,39.8175750991542
Federal Republic of Somalia,SOM,2019,"Vulnerable employment, male (% of male employment) (modeled ILO estimate)",SL.EMP.VULN.MA.ZS,39.3620857023991
Federal Republic of Somalia,SOM,2018,"Vulnerable employment, male (% of male employment) (modeled ILO estimate)",SL.EMP.VULN.MA.ZS,39.5184847700794
Federal Republic of Somalia,SOM,2017,"Vulnerable employment, male (% of male employment) (modeled ILO estimate)",SL.EMP.VULN.MA.ZS,39.7483236650689
Federal Republic of Somalia,SOM,2016,"Vulnerable employment, male (% of male employment) (modeled ILO estimate)",SL.EMP.VULN.MA.ZS,40.3031150127541
Federal Republic of Somalia,SOM,2015,"Vulnerable employment, male (% of male employment) (modeled ILO estimate)",SL.EMP.VULN.MA.ZS,40.7359439813011
Federal Republic of Somalia,SOM,2014,"Vulnerable employment, male (% of male employment) (modeled ILO estimate)",SL.EMP.VULN.MA.ZS,41.3442677397062
Federal Republic of Somalia,SOM,2013,"Vulnerable employment, male (% of male employment) (modeled ILO estimate)",SL.EMP.VULN.MA.ZS,41.7836363211955
Federal Republic of Somalia,SOM,2012,"Vulnerable employment, male (% of male employment) (modeled ILO estimate)",SL.EMP.VULN.MA.ZS,42.1296617104221
Federal Republic of Somalia,SOM,2011,"Vulnerable employment, male (% of male employment) (modeled ILO estimate)",SL.EMP.VULN.MA.ZS,42.3709936111421
Federal Republic of Somalia,SOM,2010,"Vulnerable employment, male (% of male employment) (modeled ILO estimate)",SL.EMP.VULN.MA.ZS,42.6788378801329
Federal Republic of Somalia,SOM,2009,"Vulnerable employment, male (% of male employment) (modeled ILO estimate)",SL.EMP.VULN.MA.ZS,42.8791724565344
Federal Republic of Somalia,SOM,2008,"Vulnerable employment, male (% of male employment) (modeled ILO estimate)",SL.EMP.VULN.MA.ZS,43.0398179976917
Federal Republic of Somalia,SOM,2007,"Vulnerable employment, male (% of male employment) (modeled ILO estimate)",SL.EMP.VULN.MA.ZS,43.1420734581923
Federal Republic of Somalia,SOM,2006,"Vulnerable employment, male (% of male employment) (modeled ILO estimate)",SL.EMP.VULN.MA.ZS,43.2229207326725
Federal Republic of Somalia,SOM,2005,"Vulnerable employment, male (% of male employment) (modeled ILO estimate)",SL.EMP.VULN.MA.ZS,43.1921124418317
Federal Republic of Somalia,SOM,2004,"Vulnerable employment, male (% of male employment) (modeled ILO estimate)",SL.EMP.VULN.MA.ZS,43.1678930245819
Federal Republic of Somalia,SOM,2003,"Vulnerable employment, male (% of male employment) (modeled ILO estimate)",SL.EMP.VULN.MA.ZS,43.0931179806964
Federal Republic of Somalia,SOM,2002,"Vulnerable employment, male (% of male employment) (modeled ILO estimate)",SL.EMP.VULN.MA.ZS,42.9405069502558
Federal Republic of Somalia,SOM,2001,"Vulnerable employment, male (% of male employment) (modeled ILO estimate)",SL.EMP.VULN.MA.ZS,42.770040922501
Federal Republic of Somalia,SOM,2000,"Vulnerable employment, male (% of male employment) (modeled ILO estimate)",SL.EMP.VULN.MA.ZS,42.4620636786876
Federal Republic of Somalia,SOM,1999,"Vulnerable employment, male (% of male employment) (modeled ILO estimate)",SL.EMP.VULN.MA.ZS,42.2540253731617
Federal Republic of Somalia,SOM,1998,"Vulnerable employment, male (% of male employment) (modeled ILO estimate)",SL.EMP.VULN.MA.ZS,41.9878756869388
Federal Republic of Somalia,SOM,1997,"Vulnerable employment, male (% of male employment) (modeled ILO estimate)",SL.EMP.VULN.MA.ZS,41.6797072910193
Federal Republic of Somalia,SOM,1996,"Vulnerable employment, male (% of male employment) (modeled ILO estimate)",SL.EMP.VULN.MA.ZS,41.2192034277924
Federal Republic of Somalia,SOM,1995,"Vulnerable employment, male (% of male employment) (modeled ILO estimate)",SL.EMP.VULN.MA.ZS,40.9254934112939
Federal Republic of Somalia,SOM,1994,"Vulnerable employment, male (% of male employment) (modeled ILO estimate)",SL.EMP.VULN.MA.ZS,40.56467387875
Federal Republic of Somalia,SOM,1993,"Vulnerable employment, male (% of male employment) (modeled ILO estimate)",SL.EMP.VULN.MA.ZS,39.9883140353427
Federal Republic of Somalia,SOM,1992,"Vulnerable employment, male (% of male employment) (modeled ILO estimate)",SL.EMP.VULN.MA.ZS,39.9780065074153
Federal Republic of Somalia,SOM,1991,"Vulnerable employment, male (% of male employment) (modeled ILO estimate)",SL.EMP.VULN.MA.ZS,40.066547626731
Federal Republic of Somalia,SOM,2023,"Wage and salaried workers, female (% of female employment) (modeled ILO estimate)",SL.EMP.WORK.FE.ZS,34.4513797213642
Federal Republic of Somalia,SOM,2022,"Wage and salaried workers, female (% of female employment) (modeled ILO estimate)",SL.EMP.WORK.FE.ZS,34.4401347595116
Federal Republic of Somalia,SOM,2021,"Wage and salaried workers, female (% of female employment) (modeled ILO estimate)",SL.EMP.WORK.FE.ZS,34.1796132805105
Federal Republic of Somalia,SOM,2020,"Wage and salaried workers, female (% of female employment) (modeled ILO estimate)",SL.EMP.WORK.FE.ZS,33.8574175820242
Federal Republic of Somalia,SOM,2019,"Wage and salaried workers, female (% of female employment) (modeled ILO estimate)",SL.EMP.WORK.FE.ZS,34.0694644338464
Federal Republic of Somalia,SOM,2018,"Wage and salaried workers, female (% of female employment) (modeled ILO estimate)",SL.EMP.WORK.FE.ZS,33.7475180158146
Federal Republic of Somalia,SOM,2017,"Wage and salaried workers, female (% of female employment) (modeled ILO estimate)",SL.EMP.WORK.FE.ZS,33.3855938096623
Federal Republic of Somalia,SOM,2016,"Wage and salaried workers, female (% of female employment) (modeled ILO estimate)",SL.EMP.WORK.FE.ZS,32.954042648739
Federal Republic of Somalia,SOM,2015,"Wage and salaried workers, female (% of female employment) (modeled ILO estimate)",SL.EMP.WORK.FE.ZS,32.6916459633741
Federal Republic of Somalia,SOM,2014,"Wage and salaried workers, female (% of female employment) (modeled ILO estimate)",SL.EMP.WORK.FE.ZS,32.4967730369308
Federal Republic of Somalia,SOM,2013,"Wage and salaried workers, female (% of female employment) (modeled ILO estimate)",SL.EMP.WORK.FE.ZS,32.5255516428857
Federal Republic of Somalia,SOM,2012,"Wage and salaried workers, female (% of female employment) (modeled ILO estimate)",SL.EMP.WORK.FE.ZS,32.6683528602301
Federal Republic of Somalia,SOM,2011,"Wage and salaried workers, female (% of female employment) (modeled ILO estimate)",SL.EMP.WORK.FE.ZS,32.7969084832691
Federal Republic of Somalia,SOM,2010,"Wage and salaried workers, female (% of female employment) (modeled ILO estimate)",SL.EMP.WORK.FE.ZS,32.8318021842824
Federal Republic of Somalia,SOM,2009,"Wage and salaried workers, female (% of female employment) (modeled ILO estimate)",SL.EMP.WORK.FE.ZS,32.8594278696245
Federal Republic of Somalia,SOM,2008,"Wage and salaried workers, female (% of female employment) (modeled ILO estimate)",SL.EMP.WORK.FE.ZS,32.8495268871755
Federal Republic of Somalia,SOM,2007,"Wage and salaried workers, female (% of female employment) (modeled ILO estimate)",SL.EMP.WORK.FE.ZS,32.8009429663126
Federal Republic of Somalia,SOM,2006,"Wage and salaried workers, female (% of female employment) (modeled ILO estimate)",SL.EMP.WORK.FE.ZS,32.7265238142142
Federal Republic of Somalia,SOM,2005,"Wage and salaried workers, female (% of female employment) (modeled ILO estimate)",SL.EMP.WORK.FE.ZS,32.6844465294652
Federal Republic of Somalia,SOM,2004,"Wage and salaried workers, female (% of female employment) (modeled ILO estimate)",SL.EMP.WORK.FE.ZS,32.5505117073319
Federal Republic of Somalia,SOM,2003,"Wage and salaried workers, female (% of female employment) (modeled ILO estimate)",SL.EMP.WORK.FE.ZS,32.420206747459
Federal Republic of Somalia,SOM,2002,"Wage and salaried workers, female (% of female employment) (modeled ILO estimate)",SL.EMP.WORK.FE.ZS,32.3441340115752
Federal Republic of Somalia,SOM,2001,"Wage and salaried workers, female (% of female employment) (modeled ILO estimate)",SL.EMP.WORK.FE.ZS,32.2592326262263
Federal Republic of Somalia,SOM,2000,"Wage and salaried workers, female (% of female employment) (modeled ILO estimate)",SL.EMP.WORK.FE.ZS,32.1196486734927
Federal Republic of Somalia,SOM,1999,"Wage and salaried workers, female (% of female employment) (modeled ILO estimate)",SL.EMP.WORK.FE.ZS,32.0932736911862
Federal Republic of Somalia,SOM,1998,"Wage and salaried workers, female (% of female employment) (modeled ILO estimate)",SL.EMP.WORK.FE.ZS,32.1623570619141
Federal Republic of Somalia,SOM,1997,"Wage and salaried workers, female (% of female employment) (modeled ILO estimate)",SL.EMP.WORK.FE.ZS,32.2998721797806
Federal Republic of Somalia,SOM,1996,"Wage and salaried workers, female (% of female employment) (modeled ILO estimate)",SL.EMP.WORK.FE.ZS,32.3855317706166
Federal Republic of Somalia,SOM,1995,"Wage and salaried workers, female (% of female employment) (modeled ILO estimate)",SL.EMP.WORK.FE.ZS,32.5617667093193
Federal Republic of Somalia,SOM,1994,"Wage and salaried workers, female (% of female employment) (modeled ILO estimate)",SL.EMP.WORK.FE.ZS,32.7152204536777
Federal Republic of Somalia,SOM,1993,"Wage and salaried workers, female (% of female employment) (modeled ILO estimate)",SL.EMP.WORK.FE.ZS,32.7414378015309
Federal Republic of Somalia,SOM,1992,"Wage and salaried workers, female (% of female employment) (modeled ILO estimate)",SL.EMP.WORK.FE.ZS,32.6289697580858
Federal Republic of Somalia,SOM,1991,"Wage and salaried workers, female (% of female employment) (modeled ILO estimate)",SL.EMP.WORK.FE.ZS,32.456783263507
Federal Republic of Somalia,SOM,2023,"Wage and salaried workers, male (% of male employment) (modeled ILO estimate)",SL.EMP.WORK.MA.ZS,54.4534697036501
Federal Republic of Somalia,SOM,2022,"Wage and salaried workers, male (% of male employment) (modeled ILO estimate)",SL.EMP.WORK.MA.ZS,54.4622507489253
Federal Republic of Somalia,SOM,2021,"Wage and salaried workers, male (% of male employment) (modeled ILO estimate)",SL.EMP.WORK.MA.ZS,54.2950552021197
Federal Republic of Somalia,SOM,2020,"Wage and salaried workers, male (% of male employment) (modeled ILO estimate)",SL.EMP.WORK.MA.ZS,53.8192341500545
Federal Republic of Somalia,SOM,2019,"Wage and salaried workers, male (% of male employment) (modeled ILO estimate)",SL.EMP.WORK.MA.ZS,54.0519013825496
Federal Republic of Somalia,SOM,2018,"Wage and salaried workers, male (% of male employment) (modeled ILO estimate)",SL.EMP.WORK.MA.ZS,53.8398224082136
Federal Republic of Somalia,SOM,2017,"Wage and salaried workers, male (% of male employment) (modeled ILO estimate)",SL.EMP.WORK.MA.ZS,53.544269453883
Federal Republic of Somalia,SOM,2016,"Wage and salaried workers, male (% of male employment) (modeled ILO estimate)",SL.EMP.WORK.MA.ZS,53.1197165873287
Federal Republic of Somalia,SOM,2015,"Wage and salaried workers, male (% of male employment) (modeled ILO estimate)",SL.EMP.WORK.MA.ZS,52.706350304082
Federal Republic of Somalia,SOM,2014,"Wage and salaried workers, male (% of male employment) (modeled ILO estimate)",SL.EMP.WORK.MA.ZS,52.2335934956284
Federal Republic of Somalia,SOM,2013,"Wage and salaried workers, male (% of male employment) (modeled ILO estimate)",SL.EMP.WORK.MA.ZS,51.8212779479101
Federal Republic of Somalia,SOM,2012,"Wage and salaried workers, male (% of male employment) (modeled ILO estimate)",SL.EMP.WORK.MA.ZS,51.4418319288867
Federal Republic of Somalia,SOM,2011,"Wage and salaried workers, male (% of male employment) (modeled ILO estimate)",SL.EMP.WORK.MA.ZS,51.0832939298781
Federal Republic of Somalia,SOM,2010,"Wage and salaried workers, male (% of male employment) (modeled ILO estimate)",SL.EMP.WORK.MA.ZS,50.7248612700025
Federal Republic of Somalia,SOM,2009,"Wage and salaried workers, male (% of male employment) (modeled ILO estimate)",SL.EMP.WORK.MA.ZS,50.4591740302428
Federal Republic of Somalia,SOM,2008,"Wage and salaried workers, male (% of male employment) (modeled ILO estimate)",SL.EMP.WORK.MA.ZS,50.2517593195883
Federal Republic of Somalia,SOM,2007,"Wage and salaried workers, male (% of male employment) (modeled ILO estimate)",SL.EMP.WORK.MA.ZS,50.1039729138988
Federal Republic of Somalia,SOM,2006,"Wage and salaried workers, male (% of male employment) (modeled ILO estimate)",SL.EMP.WORK.MA.ZS,50.0356821029714
Federal Republic of Somalia,SOM,2005,"Wage and salaried workers, male (% of male employment) (modeled ILO estimate)",SL.EMP.WORK.MA.ZS,50.0454953246488
Federal Republic of Somalia,SOM,2004,"Wage and salaried workers, male (% of male employment) (modeled ILO estimate)",SL.EMP.WORK.MA.ZS,50.052585170038
Federal Republic of Somalia,SOM,2003,"Wage and salaried workers, male (% of male employment) (modeled ILO estimate)",SL.EMP.WORK.MA.ZS,50.1147019563574
Federal Republic of Somalia,SOM,2002,"Wage and salaried workers, male (% of male employment) (modeled ILO estimate)",SL.EMP.WORK.MA.ZS,50.2600110357072
Federal Republic of Somalia,SOM,2001,"Wage and salaried workers, male (% of male employment) (modeled ILO estimate)",SL.EMP.WORK.MA.ZS,50.4354492486967
Federal Republic of Somalia,SOM,2000,"Wage and salaried workers, male (% of male employment) (modeled ILO estimate)",SL.EMP.WORK.MA.ZS,50.6841570971194
Federal Republic of Somalia,SOM,1999,"Wage and salaried workers, male (% of male employment) (modeled ILO estimate)",SL.EMP.WORK.MA.ZS,50.9106431417189
Federal Republic of Somalia,SOM,1998,"Wage and salaried workers, male (% of male employment) (modeled ILO estimate)",SL.EMP.WORK.MA.ZS,51.1901360548284
Federal Republic of Somalia,SOM,1997,"Wage and salaried workers, male (% of male employment) (modeled ILO estimate)",SL.EMP.WORK.MA.ZS,51.5079703796881
Federal Republic of Somalia,SOM,1996,"Wage and salaried workers, male (% of male employment) (modeled ILO estimate)",SL.EMP.WORK.MA.ZS,51.9157334372058
Federal Republic of Somalia,SOM,1995,"Wage and salaried workers, male (% of male employment) (modeled ILO estimate)",SL.EMP.WORK.MA.ZS,52.2291834103769
Federal Republic of Somalia,SOM,1994,"Wage and salaried workers, male (% of male employment) (modeled ILO estimate)",SL.EMP.WORK.MA.ZS,52.5812761601615
Federal Republic of Somalia,SOM,1993,"Wage and salaried workers, male (% of male employment) (modeled ILO estimate)",SL.EMP.WORK.MA.ZS,53.0696944472583
Federal Republic of Somalia,SOM,1992,"Wage and salaried workers, male (% of male employment) (modeled ILO estimate)",SL.EMP.WORK.MA.ZS,53.1210820314978
Federal Republic of Somalia,SOM,1991,"Wage and salaried workers, male (% of male employment) (modeled ILO estimate)",SL.EMP.WORK.MA.ZS,53.0916679216057
Federal Republic of Somalia,SOM,2023,"Contributing family workers, female (% of female employment) (modeled ILO estimate)",SL.FAM.WORK.FE.ZS,12.2425438652705
Federal Republic of Somalia,SOM,2022,"Contributing family workers, female (% of female employment) (modeled ILO estimate)",SL.FAM.WORK.FE.ZS,12.5701208747156
Federal Republic of Somalia,SOM,2021,"Contributing family workers, female (% of female employment) (modeled ILO estimate)",SL.FAM.WORK.FE.ZS,13.0891267789359
Federal Republic of Somalia,SOM,2020,"Contributing family workers, female (% of female employment) (modeled ILO estimate)",SL.FAM.WORK.FE.ZS,13.9755799650897
Federal Republic of Somalia,SOM,2019,"Contributing family workers, female (% of female employment) (modeled ILO estimate)",SL.FAM.WORK.FE.ZS,14.4808927372762
Federal Republic of Somalia,SOM,2018,"Contributing family workers, female (% of female employment) (modeled ILO estimate)",SL.FAM.WORK.FE.ZS,15.0173186494349
Federal Republic of Somalia,SOM,2017,"Contributing family workers, female (% of female employment) (modeled ILO estimate)",SL.FAM.WORK.FE.ZS,15.6330998470117
Federal Republic of Somalia,SOM,2016,"Contributing family workers, female (% of female employment) (modeled ILO estimate)",SL.FAM.WORK.FE.ZS,15.8086948482067
Federal Republic of Somalia,SOM,2015,"Contributing family workers, female (% of female employment) (modeled ILO estimate)",SL.FAM.WORK.FE.ZS,16.2266786871933
Federal Republic of Somalia,SOM,2014,"Contributing family workers, female (% of female employment) (modeled ILO estimate)",SL.FAM.WORK.FE.ZS,16.3418788096092
Federal Republic of Somalia,SOM,2013,"Contributing family workers, female (% of female employment) (modeled ILO estimate)",SL.FAM.WORK.FE.ZS,16.6646750637624
Federal Republic of Somalia,SOM,2012,"Contributing family workers, female (% of female employment) (modeled ILO estimate)",SL.FAM.WORK.FE.ZS,17.1166090065994
Federal Republic of Somalia,SOM,2011,"Contributing family workers, female (% of female employment) (modeled ILO estimate)",SL.FAM.WORK.FE.ZS,17.8322183373798
Federal Republic of Somalia,SOM,2010,"Contributing family workers, female (% of female employment) (modeled ILO estimate)",SL.FAM.WORK.FE.ZS,18.311466978611
Federal Republic of Somalia,SOM,2009,"Contributing family workers, female (% of female employment) (modeled ILO estimate)",SL.FAM.WORK.FE.ZS,18.8634152312234
Federal Republic of Somalia,SOM,2008,"Contributing family workers, female (% of female employment) (modeled ILO estimate)",SL.FAM.WORK.FE.ZS,19.4075378309072
Federal Republic of Somalia,SOM,2007,"Contributing family workers, female (% of female employment) (modeled ILO estimate)",SL.FAM.WORK.FE.ZS,19.9856714691345
Federal Republic of Somalia,SOM,2006,"Contributing family workers, female (% of female employment) (modeled ILO estimate)",SL.FAM.WORK.FE.ZS,20.9132140010924
Federal Republic of Somalia,SOM,2005,"Contributing family workers, female (% of female employment) (modeled ILO estimate)",SL.FAM.WORK.FE.ZS,21.5567362238705
Federal Republic of Somalia,SOM,2004,"Contributing family workers, female (% of female employment) (modeled ILO estimate)",SL.FAM.WORK.FE.ZS,22.2300501792784
Federal Republic of Somalia,SOM,2003,"Contributing family workers, female (% of female employment) (modeled ILO estimate)",SL.FAM.WORK.FE.ZS,22.9331272599462
Federal Republic of Somalia,SOM,2002,"Contributing family workers, female (% of female employment) (modeled ILO estimate)",SL.FAM.WORK.FE.ZS,23.6438683640936
Federal Republic of Somalia,SOM,2001,"Contributing family workers, female (% of female employment) (modeled ILO estimate)",SL.FAM.WORK.FE.ZS,24.3728491447943
Federal Republic of Somalia,SOM,2000,"Contributing family workers, female (% of female employment) (modeled ILO estimate)",SL.FAM.WORK.FE.ZS,25.4108639167698
Federal Republic of Somalia,SOM,1999,"Contributing family workers, female (% of female employment) (modeled ILO estimate)",SL.FAM.WORK.FE.ZS,26.0517450850453
Federal Republic of Somalia,SOM,1998,"Contributing family workers, female (% of female employment) (modeled ILO estimate)",SL.FAM.WORK.FE.ZS,26.6016505843435
Federal Republic of Somalia,SOM,1997,"Contributing family workers, female (% of female employment) (modeled ILO estimate)",SL.FAM.WORK.FE.ZS,27.0749977705776
Federal Republic of Somalia,SOM,1996,"Contributing family workers, female (% of female employment) (modeled ILO estimate)",SL.FAM.WORK.FE.ZS,27.8567355556583
Federal Republic of Somalia,SOM,1995,"Contributing family workers, female (% of female employment) (modeled ILO estimate)",SL.FAM.WORK.FE.ZS,28.1698210500181
Federal Republic of Somalia,SOM,1994,"Contributing family workers, female (% of female employment) (modeled ILO estimate)",SL.FAM.WORK.FE.ZS,28.5990757928828
Federal Republic of Somalia,SOM,1993,"Contributing family workers, female (% of female employment) (modeled ILO estimate)",SL.FAM.WORK.FE.ZS,29.5388601919569
Federal Republic of Somalia,SOM,1992,"Contributing family workers, female (% of female employment) (modeled ILO estimate)",SL.FAM.WORK.FE.ZS,29.9111817864484
Federal Republic of Somalia,SOM,1991,"Contributing family workers, female (% of female employment) (modeled ILO estimate)",SL.FAM.WORK.FE.ZS,30.3176783808936
Federal Republic of Somalia,SOM,2023,"Contributing family workers, male (% of male employment) (modeled ILO estimate)",SL.FAM.WORK.MA.ZS,8.95605701832013
Federal Republic of Somalia,SOM,2022,"Contributing family workers, male (% of male employment) (modeled ILO estimate)",SL.FAM.WORK.MA.ZS,9.02417753717255
Federal Republic of Somalia,SOM,2021,"Contributing family workers, male (% of male employment) (modeled ILO estimate)",SL.FAM.WORK.MA.ZS,9.24761281601018
Federal Republic of Somalia,SOM,2020,"Contributing family workers, male (% of male employment) (modeled ILO estimate)",SL.FAM.WORK.MA.ZS,9.72418278781823
Federal Republic of Somalia,SOM,2019,"Contributing family workers, male (% of male employment) (modeled ILO estimate)",SL.FAM.WORK.MA.ZS,9.42684184187202
Federal Republic of Somalia,SOM,2018,"Contributing family workers, male (% of male employment) (modeled ILO estimate)",SL.FAM.WORK.MA.ZS,9.65699086417253
Federal Republic of Somalia,SOM,2017,"Contributing family workers, male (% of male employment) (modeled ILO estimate)",SL.FAM.WORK.MA.ZS,9.90148706089069
Federal Republic of Somalia,SOM,2016,"Contributing family workers, male (% of male employment) (modeled ILO estimate)",SL.FAM.WORK.MA.ZS,10.3905659920922
Federal Republic of Somalia,SOM,2015,"Contributing family workers, male (% of male employment) (modeled ILO estimate)",SL.FAM.WORK.MA.ZS,10.7659539986113
Federal Republic of Somalia,SOM,2014,"Contributing family workers, male (% of male employment) (modeled ILO estimate)",SL.FAM.WORK.MA.ZS,11.2880172819506
Federal Republic of Somalia,SOM,2013,"Contributing family workers, male (% of male employment) (modeled ILO estimate)",SL.FAM.WORK.MA.ZS,11.6853193137914
Federal Republic of Somalia,SOM,2012,"Contributing family workers, male (% of male employment) (modeled ILO estimate)",SL.FAM.WORK.MA.ZS,12.0109189464431
Federal Republic of Somalia,SOM,2011,"Contributing family workers, male (% of male employment) (modeled ILO estimate)",SL.FAM.WORK.MA.ZS,12.2329270457462
Federal Republic of Somalia,SOM,2010,"Contributing family workers, male (% of male employment) (modeled ILO estimate)",SL.FAM.WORK.MA.ZS,12.473357669431
Federal Republic of Somalia,SOM,2009,"Contributing family workers, male (% of male employment) (modeled ILO estimate)",SL.FAM.WORK.MA.ZS,12.6626739900889
Federal Republic of Somalia,SOM,2008,"Contributing family workers, male (% of male employment) (modeled ILO estimate)",SL.FAM.WORK.MA.ZS,12.8544122994684
Federal Republic of Somalia,SOM,2007,"Contributing family workers, male (% of male employment) (modeled ILO estimate)",SL.FAM.WORK.MA.ZS,13.0178716838812
Federal Republic of Somalia,SOM,2006,"Contributing family workers, male (% of male employment) (modeled ILO estimate)",SL.FAM.WORK.MA.ZS,13.4126681635169
Federal Republic of Somalia,SOM,2005,"Contributing family workers, male (% of male employment) (modeled ILO estimate)",SL.FAM.WORK.MA.ZS,13.597814036265
Federal Republic of Somalia,SOM,2004,"Contributing family workers, male (% of male employment) (modeled ILO estimate)",SL.FAM.WORK.MA.ZS,13.745404698112
Federal Republic of Somalia,SOM,2003,"Contributing family workers, male (% of male employment) (modeled ILO estimate)",SL.FAM.WORK.MA.ZS,13.8804569247322
Federal Republic of Somalia,SOM,2002,"Contributing family workers, male (% of male employment) (modeled ILO estimate)",SL.FAM.WORK.MA.ZS,14.0091380542541
Federal Republic of Somalia,SOM,2001,"Contributing family workers, male (% of male employment) (modeled ILO estimate)",SL.FAM.WORK.MA.ZS,14.1295773456418
Federal Republic of Somalia,SOM,2000,"Contributing family workers, male (% of male employment) (modeled ILO estimate)",SL.FAM.WORK.MA.ZS,14.0710564318246
Federal Republic of Somalia,SOM,1999,"Contributing family workers, male (% of male employment) (modeled ILO estimate)",SL.FAM.WORK.MA.ZS,14.1640810031762
Federal Republic of Somalia,SOM,1998,"Contributing family workers, male (% of male employment) (modeled ILO estimate)",SL.FAM.WORK.MA.ZS,14.2064384860269
Federal Republic of Somalia,SOM,1997,"Contributing family workers, male (% of male employment) (modeled ILO estimate)",SL.FAM.WORK.MA.ZS,14.1981825487744
Federal Republic of Somalia,SOM,1996,"Contributing family workers, male (% of male employment) (modeled ILO estimate)",SL.FAM.WORK.MA.ZS,13.9939624111403
Federal Republic of Somalia,SOM,1995,"Contributing family workers, male (% of male employment) (modeled ILO estimate)",SL.FAM.WORK.MA.ZS,13.9743679642705
Federal Republic of Somalia,SOM,1994,"Contributing family workers, male (% of male employment) (modeled ILO estimate)",SL.FAM.WORK.MA.ZS,13.8417314609026
Federal Republic of Somalia,SOM,1993,"Contributing family workers, male (% of male employment) (modeled ILO estimate)",SL.FAM.WORK.MA.ZS,13.4767359750073
Federal Republic of Somalia,SOM,1992,"Contributing family workers, male (% of male employment) (modeled ILO estimate)",SL.FAM.WORK.MA.ZS,13.5643657082781
Federal Republic of Somalia,SOM,1991,"Contributing family workers, male (% of male employment) (modeled ILO estimate)",SL.FAM.WORK.MA.ZS,13.7004926532281
Federal Republic of Somalia,SOM,2023,"Employment in industry, female (% of female employment) (modeled ILO estimate)",SL.IND.EMPL.FE.ZS,13.5891980569832
Federal Republic of Somalia,SOM,2022,"Employment in industry, female (% of female employment) (modeled ILO estimate)",SL.IND.EMPL.FE.ZS,13.5140480684735
Federal Republic of Somalia,SOM,2021,"Employment in industry, female (% of female employment) (modeled ILO estimate)",SL.IND.EMPL.FE.ZS,13.5886590288209
Federal Republic of Somalia,SOM,2020,"Employment in industry, female (% of female employment) (modeled ILO estimate)",SL.IND.EMPL.FE.ZS,13.5036177564326
Federal Republic of Somalia,SOM,2019,"Employment in industry, female (% of female employment) (modeled ILO estimate)",SL.IND.EMPL.FE.ZS,13.3932575706501
Federal Republic of Somalia,SOM,2018,"Employment in industry, female (% of female employment) (modeled ILO estimate)",SL.IND.EMPL.FE.ZS,13.3941048018298
Federal Republic of Somalia,SOM,2017,"Employment in industry, female (% of female employment) (modeled ILO estimate)",SL.IND.EMPL.FE.ZS,13.380947263279
Federal Republic of Somalia,SOM,2016,"Employment in industry, female (% of female employment) (modeled ILO estimate)",SL.IND.EMPL.FE.ZS,13.3196410056596
Federal Republic of Somalia,SOM,2015,"Employment in industry, female (% of female employment) (modeled ILO estimate)",SL.IND.EMPL.FE.ZS,13.2299201002016
Federal Republic of Somalia,SOM,2014,"Employment in industry, female (% of female employment) (modeled ILO estimate)",SL.IND.EMPL.FE.ZS,12.9659376120473
Federal Republic of Somalia,SOM,2013,"Employment in industry, female (% of female employment) (modeled ILO estimate)",SL.IND.EMPL.FE.ZS,12.7496816547233
Federal Republic of Somalia,SOM,2012,"Employment in industry, female (% of female employment) (modeled ILO estimate)",SL.IND.EMPL.FE.ZS,12.499927319243
Federal Republic of Somalia,SOM,2011,"Employment in industry, female (% of female employment) (modeled ILO estimate)",SL.IND.EMPL.FE.ZS,12.116553188374
Federal Republic of Somalia,SOM,2010,"Employment in industry, female (% of female employment) (modeled ILO estimate)",SL.IND.EMPL.FE.ZS,11.3776307695411
Federal Republic of Somalia,SOM,2009,"Employment in industry, female (% of female employment) (modeled ILO estimate)",SL.IND.EMPL.FE.ZS,10.8154590133666
Federal Republic of Somalia,SOM,2008,"Employment in industry, female (% of female employment) (modeled ILO estimate)",SL.IND.EMPL.FE.ZS,10.2460527746218
Federal Republic of Somalia,SOM,2007,"Employment in industry, female (% of female employment) (modeled ILO estimate)",SL.IND.EMPL.FE.ZS,9.767281873313
Federal Republic of Somalia,SOM,2006,"Employment in industry, female (% of female employment) (modeled ILO estimate)",SL.IND.EMPL.FE.ZS,10.180699696446
Federal Republic of Somalia,SOM,2005,"Employment in industry, female (% of female employment) (modeled ILO estimate)",SL.IND.EMPL.FE.ZS,9.84170289516774
Federal Republic of Somalia,SOM,2004,"Employment in industry, female (% of female employment) (modeled ILO estimate)",SL.IND.EMPL.FE.ZS,9.60871360485976
Federal Republic of Somalia,SOM,2003,"Employment in industry, female (% of female employment) (modeled ILO estimate)",SL.IND.EMPL.FE.ZS,9.3664687784374
Federal Republic of Somalia,SOM,2002,"Employment in industry, female (% of female employment) (modeled ILO estimate)",SL.IND.EMPL.FE.ZS,9.08718157713593
Federal Republic of Somalia,SOM,2001,"Employment in industry, female (% of female employment) (modeled ILO estimate)",SL.IND.EMPL.FE.ZS,8.90133031999589
Federal Republic of Somalia,SOM,2000,"Employment in industry, female (% of female employment) (modeled ILO estimate)",SL.IND.EMPL.FE.ZS,8.87455433286752
Federal Republic of Somalia,SOM,1999,"Employment in industry, female (% of female employment) (modeled ILO estimate)",SL.IND.EMPL.FE.ZS,8.70388778440468
Federal Republic of Somalia,SOM,1998,"Employment in industry, female (% of female employment) (modeled ILO estimate)",SL.IND.EMPL.FE.ZS,8.55453681764591
Federal Republic of Somalia,SOM,1997,"Employment in industry, female (% of female employment) (modeled ILO estimate)",SL.IND.EMPL.FE.ZS,8.43018935227847
Federal Republic of Somalia,SOM,1996,"Employment in industry, female (% of female employment) (modeled ILO estimate)",SL.IND.EMPL.FE.ZS,8.42110129918165
Federal Republic of Somalia,SOM,1995,"Employment in industry, female (% of female employment) (modeled ILO estimate)",SL.IND.EMPL.FE.ZS,8.30261708778162
Federal Republic of Somalia,SOM,1994,"Employment in industry, female (% of female employment) (modeled ILO estimate)",SL.IND.EMPL.FE.ZS,8.27013968429506
Federal Republic of Somalia,SOM,1993,"Employment in industry, female (% of female employment) (modeled ILO estimate)",SL.IND.EMPL.FE.ZS,8.44780852043165
Federal Republic of Somalia,SOM,1992,"Employment in industry, female (% of female employment) (modeled ILO estimate)",SL.IND.EMPL.FE.ZS,8.35822053290928
Federal Republic of Somalia,SOM,1991,"Employment in industry, female (% of female employment) (modeled ILO estimate)",SL.IND.EMPL.FE.ZS,8.06962402888047
Federal Republic of Somalia,SOM,2023,"Employment in industry, male (% of male employment) (modeled ILO estimate)",SL.IND.EMPL.MA.ZS,19.6123793136311
Federal Republic of Somalia,SOM,2022,"Employment in industry, male (% of male employment) (modeled ILO estimate)",SL.IND.EMPL.MA.ZS,19.5652845536828
Federal Republic of Somalia,SOM,2021,"Employment in industry, male (% of male employment) (modeled ILO estimate)",SL.IND.EMPL.MA.ZS,19.5002390452742
Federal Republic of Somalia,SOM,2020,"Employment in industry, male (% of male employment) (modeled ILO estimate)",SL.IND.EMPL.MA.ZS,19.1277492759327
Federal Republic of Somalia,SOM,2019,"Employment in industry, male (% of male employment) (modeled ILO estimate)",SL.IND.EMPL.MA.ZS,18.6362622322177
Federal Republic of Somalia,SOM,2018,"Employment in industry, male (% of male employment) (modeled ILO estimate)",SL.IND.EMPL.MA.ZS,18.5069565532594
Federal Republic of Somalia,SOM,2017,"Employment in industry, male (% of male employment) (modeled ILO estimate)",SL.IND.EMPL.MA.ZS,18.4057699512926
Federal Republic of Somalia,SOM,2016,"Employment in industry, male (% of male employment) (modeled ILO estimate)",SL.IND.EMPL.MA.ZS,17.9555393683962
Federal Republic of Somalia,SOM,2015,"Employment in industry, male (% of male employment) (modeled ILO estimate)",SL.IND.EMPL.MA.ZS,17.6456945824095
Federal Republic of Somalia,SOM,2014,"Employment in industry, male (% of male employment) (modeled ILO estimate)",SL.IND.EMPL.MA.ZS,17.157005999227
Federal Republic of Somalia,SOM,2013,"Employment in industry, male (% of male employment) (modeled ILO estimate)",SL.IND.EMPL.MA.ZS,16.7919003110573
Federal Republic of Somalia,SOM,2012,"Employment in industry, male (% of male employment) (modeled ILO estimate)",SL.IND.EMPL.MA.ZS,16.5030719269247
Federal Republic of Somalia,SOM,2011,"Employment in industry, male (% of male employment) (modeled ILO estimate)",SL.IND.EMPL.MA.ZS,16.4838660523393
Federal Republic of Somalia,SOM,2010,"Employment in industry, male (% of male employment) (modeled ILO estimate)",SL.IND.EMPL.MA.ZS,16.3403920675081
Federal Republic of Somalia,SOM,2009,"Employment in industry, male (% of male employment) (modeled ILO estimate)",SL.IND.EMPL.MA.ZS,16.1831569400944
Federal Republic of Somalia,SOM,2008,"Employment in industry, male (% of male employment) (modeled ILO estimate)",SL.IND.EMPL.MA.ZS,16.0143225298587
Federal Republic of Somalia,SOM,2007,"Employment in industry, male (% of male employment) (modeled ILO estimate)",SL.IND.EMPL.MA.ZS,15.8354262203746
Federal Republic of Somalia,SOM,2006,"Employment in industry, male (% of male employment) (modeled ILO estimate)",SL.IND.EMPL.MA.ZS,15.8230450673362
Federal Republic of Somalia,SOM,2005,"Employment in industry, male (% of male employment) (modeled ILO estimate)",SL.IND.EMPL.MA.ZS,15.6956134848507
Federal Republic of Somalia,SOM,2004,"Employment in industry, male (% of male employment) (modeled ILO estimate)",SL.IND.EMPL.MA.ZS,15.5480281033275
Federal Republic of Somalia,SOM,2003,"Employment in industry, male (% of male employment) (modeled ILO estimate)",SL.IND.EMPL.MA.ZS,15.3945815953135
Federal Republic of Somalia,SOM,2002,"Employment in industry, male (% of male employment) (modeled ILO estimate)",SL.IND.EMPL.MA.ZS,15.2481099824284
Federal Republic of Somalia,SOM,2001,"Employment in industry, male (% of male employment) (modeled ILO estimate)",SL.IND.EMPL.MA.ZS,15.1094967695545
Federal Republic of Somalia,SOM,2000,"Employment in industry, male (% of male employment) (modeled ILO estimate)",SL.IND.EMPL.MA.ZS,15.1616603664016
Federal Republic of Somalia,SOM,1999,"Employment in industry, male (% of male employment) (modeled ILO estimate)",SL.IND.EMPL.MA.ZS,15.0478730240329
Federal Republic of Somalia,SOM,1998,"Employment in industry, male (% of male employment) (modeled ILO estimate)",SL.IND.EMPL.MA.ZS,14.9556306567476
Federal Republic of Somalia,SOM,1997,"Employment in industry, male (% of male employment) (modeled ILO estimate)",SL.IND.EMPL.MA.ZS,14.8751718991392
Federal Republic of Somalia,SOM,1996,"Employment in industry, male (% of male employment) (modeled ILO estimate)",SL.IND.EMPL.MA.ZS,15.0646281689226
Federal Republic of Somalia,SOM,1995,"Employment in industry, male (% of male employment) (modeled ILO estimate)",SL.IND.EMPL.MA.ZS,15.0224118494226
Federal Republic of Somalia,SOM,1994,"Employment in industry, male (% of male employment) (modeled ILO estimate)",SL.IND.EMPL.MA.ZS,15.0916701137901
Federal Republic of Somalia,SOM,1993,"Employment in industry, male (% of male employment) (modeled ILO estimate)",SL.IND.EMPL.MA.ZS,15.5098882933353
Federal Republic of Somalia,SOM,1992,"Employment in industry, male (% of male employment) (modeled ILO estimate)",SL.IND.EMPL.MA.ZS,15.542571607247
Federal Republic of Somalia,SOM,1991,"Employment in industry, male (% of male employment) (modeled ILO estimate)",SL.IND.EMPL.MA.ZS,15.6530344426995
Federal Republic of Somalia,SOM,2023,"Employment in services, female (% of female employment) (modeled ILO estimate)",SL.SRV.EMPL.FE.ZS,58.1718211296669
Federal Republic of Somalia,SOM,2022,"Employment in services, female (% of female employment) (modeled ILO estimate)",SL.SRV.EMPL.FE.ZS,57.6917256704126
Federal Republic of Somalia,SOM,2021,"Employment in services, female (% of female employment) (modeled ILO estimate)",SL.SRV.EMPL.FE.ZS,56.7342889161878
Federal Republic of Somalia,SOM,2020,"Employment in services, female (% of female employment) (modeled ILO estimate)",SL.SRV.EMPL.FE.ZS,56.9265752239887
Federal Republic of Somalia,SOM,2019,"Employment in services, female (% of female employment) (modeled ILO estimate)",SL.SRV.EMPL.FE.ZS,56.7519558673088
Federal Republic of Somalia,SOM,2018,"Employment in services, female (% of female employment) (modeled ILO estimate)",SL.SRV.EMPL.FE.ZS,55.6217418004995
Federal Republic of Somalia,SOM,2017,"Employment in services, female (% of female employment) (modeled ILO estimate)",SL.SRV.EMPL.FE.ZS,54.5864889810472
Federal Republic of Somalia,SOM,2016,"Employment in services, female (% of female employment) (modeled ILO estimate)",SL.SRV.EMPL.FE.ZS,52.9318531530877
Federal Republic of Somalia,SOM,2015,"Employment in services, female (% of female employment) (modeled ILO estimate)",SL.SRV.EMPL.FE.ZS,51.5979959671592
Federal Republic of Somalia,SOM,2014,"Employment in services, female (% of female employment) (modeled ILO estimate)",SL.SRV.EMPL.FE.ZS,50.1765865901757
Federal Republic of Somalia,SOM,2013,"Employment in services, female (% of female employment) (modeled ILO estimate)",SL.SRV.EMPL.FE.ZS,48.8771093875448
Federal Republic of Somalia,SOM,2012,"Employment in services, female (% of female employment) (modeled ILO estimate)",SL.SRV.EMPL.FE.ZS,47.5491079648419
Federal Republic of Somalia,SOM,2011,"Employment in services, female (% of female employment) (modeled ILO estimate)",SL.SRV.EMPL.FE.ZS,47.4893298745704
Federal Republic of Somalia,SOM,2010,"Employment in services, female (% of female employment) (modeled ILO estimate)",SL.SRV.EMPL.FE.ZS,48.128435000958
Federal Republic of Somalia,SOM,2009,"Employment in services, female (% of female employment) (modeled ILO estimate)",SL.SRV.EMPL.FE.ZS,48.317818859266
Federal Republic of Somalia,SOM,2008,"Employment in services, female (% of female employment) (modeled ILO estimate)",SL.SRV.EMPL.FE.ZS,48.5501793757341
Federal Republic of Somalia,SOM,2007,"Employment in services, female (% of female employment) (modeled ILO estimate)",SL.SRV.EMPL.FE.ZS,48.5156606022365
Federal Republic of Somalia,SOM,2006,"Employment in services, female (% of female employment) (modeled ILO estimate)",SL.SRV.EMPL.FE.ZS,45.7842707092776
Federal Republic of Somalia,SOM,2005,"Employment in services, female (% of female employment) (modeled ILO estimate)",SL.SRV.EMPL.FE.ZS,45.3197483096529
Federal Republic of Somalia,SOM,2004,"Employment in services, female (% of female employment) (modeled ILO estimate)",SL.SRV.EMPL.FE.ZS,44.4223084334314
Federal Republic of Somalia,SOM,2003,"Employment in services, female (% of female employment) (modeled ILO estimate)",SL.SRV.EMPL.FE.ZS,43.5228919607305
Federal Republic of Somalia,SOM,2002,"Employment in services, female (% of female employment) (modeled ILO estimate)",SL.SRV.EMPL.FE.ZS,42.7607955011394
Federal Republic of Somalia,SOM,2001,"Employment in services, female (% of female employment) (modeled ILO estimate)",SL.SRV.EMPL.FE.ZS,41.7348091838307
Federal Republic of Somalia,SOM,2000,"Employment in services, female (% of female employment) (modeled ILO estimate)",SL.SRV.EMPL.FE.ZS,40.6575948055536
Federal Republic of Somalia,SOM,1999,"Employment in services, female (% of female employment) (modeled ILO estimate)",SL.SRV.EMPL.FE.ZS,39.6545725646123
Federal Republic of Somalia,SOM,1998,"Employment in services, female (% of female employment) (modeled ILO estimate)",SL.SRV.EMPL.FE.ZS,38.750100156817
Federal Republic of Somalia,SOM,1997,"Employment in services, female (% of female employment) (modeled ILO estimate)",SL.SRV.EMPL.FE.ZS,37.8841294848548
Federal Republic of Somalia,SOM,1996,"Employment in services, female (% of female employment) (modeled ILO estimate)",SL.SRV.EMPL.FE.ZS,37.5588330482223
Federal Republic of Somalia,SOM,1995,"Employment in services, female (% of female employment) (modeled ILO estimate)",SL.SRV.EMPL.FE.ZS,36.9753569768848
Federal Republic of Somalia,SOM,1994,"Employment in services, female (% of female employment) (modeled ILO estimate)",SL.SRV.EMPL.FE.ZS,36.4897244493595
Federal Republic of Somalia,SOM,1993,"Employment in services, female (% of female employment) (modeled ILO estimate)",SL.SRV.EMPL.FE.ZS,36.3606607681686
Federal Republic of Somalia,SOM,1992,"Employment in services, female (% of female employment) (modeled ILO estimate)",SL.SRV.EMPL.FE.ZS,36.1534908484449
Federal Republic of Somalia,SOM,1991,"Employment in services, female (% of female employment) (modeled ILO estimate)",SL.SRV.EMPL.FE.ZS,37.0642958680334
Federal Republic of Somalia,SOM,2023,"Employment in services, male (% of male employment) (modeled ILO estimate)",SL.SRV.EMPL.MA.ZS,55.3230294569519
Federal Republic of Somalia,SOM,2022,"Employment in services, male (% of male employment) (modeled ILO estimate)",SL.SRV.EMPL.MA.ZS,55.1786282430621
Federal Republic of Somalia,SOM,2021,"Employment in services, male (% of male employment) (modeled ILO estimate)",SL.SRV.EMPL.MA.ZS,54.8014559875299
Federal Republic of Somalia,SOM,2020,"Employment in services, male (% of male employment) (modeled ILO estimate)",SL.SRV.EMPL.MA.ZS,55.041016734262
Federal Republic of Somalia,SOM,2019,"Employment in services, male (% of male employment) (modeled ILO estimate)",SL.SRV.EMPL.MA.ZS,55.6989020397581
Federal Republic of Somalia,SOM,2018,"Employment in services, male (% of male employment) (modeled ILO estimate)",SL.SRV.EMPL.MA.ZS,55.5924913472752
Federal Republic of Somalia,SOM,2017,"Employment in services, male (% of male employment) (modeled ILO estimate)",SL.SRV.EMPL.MA.ZS,55.5018023022958
Federal Republic of Somalia,SOM,2016,"Employment in services, male (% of male employment) (modeled ILO estimate)",SL.SRV.EMPL.MA.ZS,55.2636565717926
Federal Republic of Somalia,SOM,2015,"Employment in services, male (% of male employment) (modeled ILO estimate)",SL.SRV.EMPL.MA.ZS,55.1217515343809
Federal Republic of Somalia,SOM,2014,"Employment in services, male (% of male employment) (modeled ILO estimate)",SL.SRV.EMPL.MA.ZS,54.7615646285635
Federal Republic of Somalia,SOM,2013,"Employment in services, male (% of male employment) (modeled ILO estimate)",SL.SRV.EMPL.MA.ZS,54.5048345281921
Federal Republic of Somalia,SOM,2012,"Employment in services, male (% of male employment) (modeled ILO estimate)",SL.SRV.EMPL.MA.ZS,54.3723669058755
Federal Republic of Somalia,SOM,2011,"Employment in services, male (% of male employment) (modeled ILO estimate)",SL.SRV.EMPL.MA.ZS,53.9244270528153
Federal Republic of Somalia,SOM,2010,"Employment in services, male (% of male employment) (modeled ILO estimate)",SL.SRV.EMPL.MA.ZS,53.1173306876926
Federal Republic of Somalia,SOM,2009,"Employment in services, male (% of male employment) (modeled ILO estimate)",SL.SRV.EMPL.MA.ZS,52.5725670184797
Federal Republic of Somalia,SOM,2008,"Employment in services, male (% of male employment) (modeled ILO estimate)",SL.SRV.EMPL.MA.ZS,52.0246841462775
Federal Republic of Somalia,SOM,2007,"Employment in services, male (% of male employment) (modeled ILO estimate)",SL.SRV.EMPL.MA.ZS,51.6179659709424
Federal Republic of Somalia,SOM,2006,"Employment in services, male (% of male employment) (modeled ILO estimate)",SL.SRV.EMPL.MA.ZS,52.2900658726109
Federal Republic of Somalia,SOM,2005,"Employment in services, male (% of male employment) (modeled ILO estimate)",SL.SRV.EMPL.MA.ZS,52.0712681069569
Federal Republic of Somalia,SOM,2004,"Employment in services, male (% of male employment) (modeled ILO estimate)",SL.SRV.EMPL.MA.ZS,52.0416640704509
Federal Republic of Somalia,SOM,2003,"Employment in services, male (% of male employment) (modeled ILO estimate)",SL.SRV.EMPL.MA.ZS,52.0345743767893
Federal Republic of Somalia,SOM,2002,"Employment in services, male (% of male employment) (modeled ILO estimate)",SL.SRV.EMPL.MA.ZS,51.9711564891791
Federal Republic of Somalia,SOM,2001,"Employment in services, male (% of male employment) (modeled ILO estimate)",SL.SRV.EMPL.MA.ZS,52.0257166724825
Federal Republic of Somalia,SOM,2000,"Employment in services, male (% of male employment) (modeled ILO estimate)",SL.SRV.EMPL.MA.ZS,52.3027954699682
Federal Republic of Somalia,SOM,1999,"Employment in services, male (% of male employment) (modeled ILO estimate)",SL.SRV.EMPL.MA.ZS,52.4013393430885
Federal Republic of Somalia,SOM,1998,"Employment in services, male (% of male employment) (modeled ILO estimate)",SL.SRV.EMPL.MA.ZS,52.4866079060276
Federal Republic of Somalia,SOM,1997,"Employment in services, male (% of male employment) (modeled ILO estimate)",SL.SRV.EMPL.MA.ZS,52.5852881790796
Federal Republic of Somalia,SOM,1996,"Employment in services, male (% of male employment) (modeled ILO estimate)",SL.SRV.EMPL.MA.ZS,52.6762099522836
Federal Republic of Somalia,SOM,1995,"Employment in services, male (% of male employment) (modeled ILO estimate)",SL.SRV.EMPL.MA.ZS,52.6681158404039
Federal Republic of Somalia,SOM,1994,"Employment in services, male (% of male employment) (modeled ILO estimate)",SL.SRV.EMPL.MA.ZS,52.7207970216853
Federal Republic of Somalia,SOM,1993,"Employment in services, male (% of male employment) (modeled ILO estimate)",SL.SRV.EMPL.MA.ZS,52.9629645941696
Federal Republic of Somalia,SOM,1992,"Employment in services, male (% of male employment) (modeled ILO estimate)",SL.SRV.EMPL.MA.ZS,52.8730510230901
Federal Republic of Somalia,SOM,1991,"Employment in services, male (% of male employment) (modeled ILO estimate)",SL.SRV.EMPL.MA.ZS,52.2413211998652
Federal Republic of Somalia,SOM,2006,"Children in employment, female (% of female children ages 7-14)",SL.TLF.0714.FE.ZS,41.5
Federal Republic of Somalia,SOM,2006,"Children in employment, male (% of male children ages 7-14)",SL.TLF.0714.MA.ZS,45.5
Federal Republic of Somalia,SOM,2006,"Children in employment, study and work, female (% of female children in employment, ages 7-14)",SL.TLF.0714.SW.FE.ZS,38
Federal Republic of Somalia,SOM,2006,"Children in employment, study and work, male (% of male children in employment, ages 7-14)",SL.TLF.0714.SW.MA.ZS,53.9
Federal Republic of Somalia,SOM,2006,"Children in employment, work only, female (% of female children in employment, ages 7-14)",SL.TLF.0714.WK.FE.ZS,62
Federal Republic of Somalia,SOM,2006,"Children in employment, work only, male (% of male children in employment, ages 7-14)",SL.TLF.0714.WK.MA.ZS,46.1
Federal Republic of Somalia,SOM,2024,"Labor force participation rate, female (% of female population ages 15+) (modeled ILO estimate)",SL.TLF.CACT.FE.ZS,20.941
Federal Republic of Somalia,SOM,2023,"Labor force participation rate, female (% of female population ages 15+) (modeled ILO estimate)",SL.TLF.CACT.FE.ZS,20.942
Federal Republic of Somalia,SOM,2022,"Labor force participation rate, female (% of female population ages 15+) (modeled ILO estimate)",SL.TLF.CACT.FE.ZS,20.948
Federal Republic of Somalia,SOM,2021,"Labor force participation rate, female (% of female population ages 15+) (modeled ILO estimate)",SL.TLF.CACT.FE.ZS,20.937
Federal Republic of Somalia,SOM,2020,"Labor force participation rate, female (% of female population ages 15+) (modeled ILO estimate)",SL.TLF.CACT.FE.ZS,20.892
Federal Republic of Somalia,SOM,2019,"Labor force participation rate, female (% of female population ages 15+) (modeled ILO estimate)",SL.TLF.CACT.FE.ZS,21.094
Federal Republic of Somalia,SOM,2018,"Labor force participation rate, female (% of female population ages 15+) (modeled ILO estimate)",SL.TLF.CACT.FE.ZS,21.064
Federal Republic of Somalia,SOM,2017,"Labor force participation rate, female (% of female population ages 15+) (modeled ILO estimate)",SL.TLF.CACT.FE.ZS,21.026
Federal Republic of Somalia,SOM,2016,"Labor force participation rate, female (% of female population ages 15+) (modeled ILO estimate)",SL.TLF.CACT.FE.ZS,20.995
Federal Republic of Somalia,SOM,2015,"Labor force participation rate, female (% of female population ages 15+) (modeled ILO estimate)",SL.TLF.CACT.FE.ZS,20.976
Federal Republic of Somalia,SOM,2014,"Labor force participation rate, female (% of female population ages 15+) (modeled ILO estimate)",SL.TLF.CACT.FE.ZS,20.957
Federal Republic of Somalia,SOM,2013,"Labor force participation rate, female (% of female population ages 15+) (modeled ILO estimate)",SL.TLF.CACT.FE.ZS,20.939
Federal Republic of Somalia,SOM,2012,"Labor force participation rate, female (% of female population ages 15+) (modeled ILO estimate)",SL.TLF.CACT.FE.ZS,20.91
Federal Republic of Somalia,SOM,2011,"Labor force participation rate, female (% of female population ages 15+) (modeled ILO estimate)",SL.TLF.CACT.FE.ZS,20.814
Federal Republic of Somalia,SOM,2010,"Labor force participation rate, female (% of female population ages 15+) (modeled ILO estimate)",SL.TLF.CACT.FE.ZS,20.72
Federal Republic of Somalia,SOM,2009,"Labor force participation rate, female (% of female population ages 15+) (modeled ILO estimate)",SL.TLF.CACT.FE.ZS,20.691
Federal Republic of Somalia,SOM,2008,"Labor force participation rate, female (% of female population ages 15+) (modeled ILO estimate)",SL.TLF.CACT.FE.ZS,20.673
Federal Republic of Somalia,SOM,2007,"Labor force participation rate, female (% of female population ages 15+) (modeled ILO estimate)",SL.TLF.CACT.FE.ZS,20.687
Federal Republic of Somalia,SOM,2006,"Labor force participation rate, female (% of female population ages 15+) (modeled ILO estimate)",SL.TLF.CACT.FE.ZS,20.761
Federal Republic of Somalia,SOM,2005,"Labor force participation rate, female (% of female population ages 15+) (modeled ILO estimate)",SL.TLF.CACT.FE.ZS,20.862
Federal Republic of Somalia,SOM,2004,"Labor force participation rate, female (% of female population ages 15+) (modeled ILO estimate)",SL.TLF.CACT.FE.ZS,20.942
Federal Republic of Somalia,SOM,2003,"Labor force participation rate, female (% of female population ages 15+) (modeled ILO estimate)",SL.TLF.CACT.FE.ZS,20.993
Federal Republic of Somalia,SOM,2002,"Labor force participation rate, female (% of female population ages 15+) (modeled ILO estimate)",SL.TLF.CACT.FE.ZS,21.03
Federal Republic of Somalia,SOM,2001,"Labor force participation rate, female (% of female population ages 15+) (modeled ILO estimate)",SL.TLF.CACT.FE.ZS,21.064
Federal Republic of Somalia,SOM,2000,"Labor force participation rate, female (% of female population ages 15+) (modeled ILO estimate)",SL.TLF.CACT.FE.ZS,21.096
Federal Republic of Somalia,SOM,1999,"Labor force participation rate, female (% of female population ages 15+) (modeled ILO estimate)",SL.TLF.CACT.FE.ZS,21.13
Federal Republic of Somalia,SOM,1998,"Labor force participation rate, female (% of female population ages 15+) (modeled ILO estimate)",SL.TLF.CACT.FE.ZS,21.165
Federal Republic of Somalia,SOM,1997,"Labor force participation rate, female (% of female population ages 15+) (modeled ILO estimate)",SL.TLF.CACT.FE.ZS,21.203
Federal Republic of Somalia,SOM,1996,"Labor force participation rate, female (% of female population ages 15+) (modeled ILO estimate)",SL.TLF.CACT.FE.ZS,21.243
Federal Republic of Somalia,SOM,1995,"Labor force participation rate, female (% of female population ages 15+) (modeled ILO estimate)",SL.TLF.CACT.FE.ZS,21.287
Federal Republic of Somalia,SOM,1994,"Labor force participation rate, female (% of female population ages 15+) (modeled ILO estimate)",SL.TLF.CACT.FE.ZS,21.336
Federal Republic of Somalia,SOM,1993,"Labor force participation rate, female (% of female population ages 15+) (modeled ILO estimate)",SL.TLF.CACT.FE.ZS,21.39
Federal Republic of Somalia,SOM,1992,"Labor force participation rate, female (% of female population ages 15+) (modeled ILO estimate)",SL.TLF.CACT.FE.ZS,21.354
Federal Republic of Somalia,SOM,1991,"Labor force participation rate, female (% of female population ages 15+) (modeled ILO estimate)",SL.TLF.CACT.FE.ZS,21.218
Federal Republic of Somalia,SOM,1990,"Labor force participation rate, female (% of female population ages 15+) (modeled ILO estimate)",SL.TLF.CACT.FE.ZS,21.183
Federal Republic of Somalia,SOM,2024,"Labor force participation rate, male (% of male population ages 15+) (modeled ILO estimate)",SL.TLF.CACT.MA.ZS,47.053
Federal Republic of Somalia,SOM,2023,"Labor force participation rate, male (% of male population ages 15+) (modeled ILO estimate)",SL.TLF.CACT.MA.ZS,47.094
Federal Republic of Somalia,SOM,2022,"Labor force participation rate, male (% of male population ages 15+) (modeled ILO estimate)",SL.TLF.CACT.MA.ZS,47.098
Federal Republic of Somalia,SOM,2021,"Labor force participation rate, male (% of male population ages 15+) (modeled ILO estimate)",SL.TLF.CACT.MA.ZS,46.754
Federal Republic of Somalia,SOM,2020,"Labor force participation rate, male (% of male population ages 15+) (modeled ILO estimate)",SL.TLF.CACT.MA.ZS,46.761
Federal Republic of Somalia,SOM,2019,"Labor force participation rate, male (% of male population ages 15+) (modeled ILO estimate)",SL.TLF.CACT.MA.ZS,47.213
Federal Republic of Somalia,SOM,2018,"Labor force participation rate, male (% of male population ages 15+) (modeled ILO estimate)",SL.TLF.CACT.MA.ZS,47.33
Federal Republic of Somalia,SOM,2017,"Labor force participation rate, male (% of male population ages 15+) (modeled ILO estimate)",SL.TLF.CACT.MA.ZS,47.473
Federal Republic of Somalia,SOM,2016,"Labor force participation rate, male (% of male population ages 15+) (modeled ILO estimate)",SL.TLF.CACT.MA.ZS,47.59
Federal Republic of Somalia,SOM,2015,"Labor force participation rate, male (% of male population ages 15+) (modeled ILO estimate)",SL.TLF.CACT.MA.ZS,47.669
Federal Republic of Somalia,SOM,2014,"Labor force participation rate, male (% of male population ages 15+) (modeled ILO estimate)",SL.TLF.CACT.MA.ZS,47.748
Federal Republic of Somalia,SOM,2013,"Labor force participation rate, male (% of male population ages 15+) (modeled ILO estimate)",SL.TLF.CACT.MA.ZS,47.831
Federal Republic of Somalia,SOM,2012,"Labor force participation rate, male (% of male population ages 15+) (modeled ILO estimate)",SL.TLF.CACT.MA.ZS,47.95
Federal Republic of Somalia,SOM,2011,"Labor force participation rate, male (% of male population ages 15+) (modeled ILO estimate)",SL.TLF.CACT.MA.ZS,48.314
Federal Republic of Somalia,SOM,2010,"Labor force participation rate, male (% of male population ages 15+) (modeled ILO estimate)",SL.TLF.CACT.MA.ZS,48.672
Federal Republic of Somalia,SOM,2009,"Labor force participation rate, male (% of male population ages 15+) (modeled ILO estimate)",SL.TLF.CACT.MA.ZS,48.802
Federal Republic of Somalia,SOM,2008,"Labor force participation rate, male (% of male population ages 15+) (modeled ILO estimate)",SL.TLF.CACT.MA.ZS,48.897
Federal Republic of Somalia,SOM,2007,"Labor force participation rate, male (% of male population ages 15+) (modeled ILO estimate)",SL.TLF.CACT.MA.ZS,48.865
Federal Republic of Somalia,SOM,2006,"Labor force participation rate, male (% of male population ages 15+) (modeled ILO estimate)",SL.TLF.CACT.MA.ZS,48.598
Federal Republic of Somalia,SOM,2005,"Labor force participation rate, male (% of male population ages 15+) (modeled ILO estimate)",SL.TLF.CACT.MA.ZS,48.238
Federal Republic of Somalia,SOM,2004,"Labor force participation rate, male (% of male population ages 15+) (modeled ILO estimate)",SL.TLF.CACT.MA.ZS,47.971
Federal Republic of Somalia,SOM,2003,"Labor force participation rate, male (% of male population ages 15+) (modeled ILO estimate)",SL.TLF.CACT.MA.ZS,47.815
Federal Republic of Somalia,SOM,2002,"Labor force participation rate, male (% of male population ages 15+) (modeled ILO estimate)",SL.TLF.CACT.MA.ZS,47.713
Federal Republic of Somalia,SOM,2001,"Labor force participation rate, male (% of male population ages 15+) (modeled ILO estimate)",SL.TLF.CACT.MA.ZS,47.627
Federal Republic of Somalia,SOM,2000,"Labor force participation rate, male (% of male population ages 15+) (modeled ILO estimate)",SL.TLF.CACT.MA.ZS,47.544
Federal Republic of Somalia,SOM,1999,"Labor force participation rate, male (% of male population ages 15+) (modeled ILO estimate)",SL.TLF.CACT.MA.ZS,47.455
Federal Republic of Somalia,SOM,1998,"Labor force participation rate, male (% of male population ages 15+) (modeled ILO estimate)",SL.TLF.CACT.MA.ZS,47.357
Federal Republic of Somalia,SOM,1997,"Labor force participation rate, male (% of male population ages 15+) (modeled ILO estimate)",SL.TLF.CACT.MA.ZS,47.254
Federal Republic of Somalia,SOM,1996,"Labor force participation rate, male (% of male population ages 15+) (modeled ILO estimate)",SL.TLF.CACT.MA.ZS,47.141
Federal Republic of Somalia,SOM,1995,"Labor force participation rate, male (% of male population ages 15+) (modeled ILO estimate)",SL.TLF.CACT.MA.ZS,47.013
Federal Republic of Somalia,SOM,1994,"Labor force participation rate, male (% of male population ages 15+) (modeled ILO estimate)",SL.TLF.CACT.MA.ZS,46.866
Federal Republic of Somalia,SOM,1993,"Labor force participation rate, male (% of male population ages 15+) (modeled ILO estimate)",SL.TLF.CACT.MA.ZS,46.704
Federal Republic of Somalia,SOM,1992,"Labor force participation rate, male (% of male population ages 15+) (modeled ILO estimate)",SL.TLF.CACT.MA.ZS,46.826
Federal Republic of Somalia,SOM,1991,"Labor force participation rate, male (% of male population ages 15+) (modeled ILO estimate)",SL.TLF.CACT.MA.ZS,47.223
Federal Republic of Somalia,SOM,1990,"Labor force participation rate, male (% of male population ages 15+) (modeled ILO estimate)",SL.TLF.CACT.MA.ZS,47.222
Federal Republic of Somalia,SOM,2019,"Part time employment, female (% of total female employment)",SL.TLF.PART.FE.ZS,28.73
Federal Republic of Somalia,SOM,2019,"Part time employment, male (% of total male employment)",SL.TLF.PART.MA.ZS,28.86
Federal Republic of Somalia,SOM,2024,"Labor force, female (% of total labor force)",SL.TLF.TOTL.FE.ZS,31.1885113275666
Federal Republic of Somalia,SOM,2023,"Labor force, female (% of total labor force)",SL.TLF.TOTL.FE.ZS,31.1672364040491
Federal Republic of Somalia,SOM,2022,"Labor force, female (% of total labor force)",SL.TLF.TOTL.FE.ZS,31.1687607677713
Federal Republic of Somalia,SOM,2021,"Labor force, female (% of total labor force)",SL.TLF.TOTL.FE.ZS,31.3183570239633
Federal Republic of Somalia,SOM,2020,"Labor force, female (% of total labor force)",SL.TLF.TOTL.FE.ZS,31.2773768541922
Federal Republic of Somalia,SOM,2019,"Labor force, female (% of total labor force)",SL.TLF.TOTL.FE.ZS,31.2863106223113
Federal Republic of Somalia,SOM,2018,"Labor force, female (% of total labor force)",SL.TLF.TOTL.FE.ZS,31.2090548739421
Federal Republic of Somalia,SOM,2017,"Labor force, female (% of total labor force)",SL.TLF.TOTL.FE.ZS,31.1093882812281
Federal Republic of Somalia,SOM,2016,"Labor force, female (% of total labor force)",SL.TLF.TOTL.FE.ZS,31.0270822250635
Federal Republic of Somalia,SOM,2015,"Labor force, female (% of total labor force)",SL.TLF.TOTL.FE.ZS,30.9787820218048
Federal Republic of Somalia,SOM,2014,"Labor force, female (% of total labor force)",SL.TLF.TOTL.FE.ZS,30.9329024441538
Federal Republic of Somalia,SOM,2013,"Labor force, female (% of total labor force)",SL.TLF.TOTL.FE.ZS,30.8896830866868
Federal Republic of Somalia,SOM,2012,"Labor force, female (% of total labor force)",SL.TLF.TOTL.FE.ZS,30.8185714754309
Federal Republic of Somalia,SOM,2011,"Labor force, female (% of total labor force)",SL.TLF.TOTL.FE.ZS,30.5614925557906
Federal Republic of Somalia,SOM,2010,"Labor force, female (% of total labor force)",SL.TLF.TOTL.FE.ZS,30.3106988112125
Federal Republic of Somalia,SOM,2009,"Labor force, female (% of total labor force)",SL.TLF.TOTL.FE.ZS,30.2411274497071
Federal Republic of Somalia,SOM,2008,"Labor force, female (% of total labor force)",SL.TLF.TOTL.FE.ZS,30.2037555321452
Federal Republic of Somalia,SOM,2007,"Labor force, female (% of total labor force)",SL.TLF.TOTL.FE.ZS,30.2489380075974
Federal Republic of Somalia,SOM,2006,"Labor force, female (% of total labor force)",SL.TLF.TOTL.FE.ZS,30.4526996185615
Federal Republic of Somalia,SOM,2005,"Labor force, female (% of total labor force)",SL.TLF.TOTL.FE.ZS,30.7331657302941
Federal Republic of Somalia,SOM,2004,"Labor force, female (% of total labor force)",SL.TLF.TOTL.FE.ZS,30.9603933497283
Federal Republic of Somalia,SOM,2003,"Labor force, female (% of total labor force)",SL.TLF.TOTL.FE.ZS,31.1131612217807
Federal Republic of Somalia,SOM,2002,"Labor force, female (% of total labor force)",SL.TLF.TOTL.FE.ZS,31.2294286782926
Federal Republic of Somalia,SOM,2001,"Labor force, female (% of total labor force)",SL.TLF.TOTL.FE.ZS,31.3368820592147
Federal Republic of Somalia,SOM,2000,"Labor force, female (% of total labor force)",SL.TLF.TOTL.FE.ZS,31.4399764049872
Federal Republic of Somalia,SOM,1999,"Labor force, female (% of total labor force)",SL.TLF.TOTL.FE.ZS,31.5464462004103
Federal Republic of Somalia,SOM,1998,"Labor force, female (% of total labor force)",SL.TLF.TOTL.FE.ZS,31.657571191095
Federal Republic of Somalia,SOM,1997,"Labor force, female (% of total labor force)",SL.TLF.TOTL.FE.ZS,31.7766837488451
Federal Republic of Somalia,SOM,1996,"Labor force, female (% of total labor force)",SL.TLF.TOTL.FE.ZS,31.9005453241519
Federal Republic of Somalia,SOM,1995,"Labor force, female (% of total labor force)",SL.TLF.TOTL.FE.ZS,32.0357949997377
Federal Republic of Somalia,SOM,1994,"Labor force, female (% of total labor force)",SL.TLF.TOTL.FE.ZS,32.1862407116108
Federal Republic of Somalia,SOM,1993,"Labor force, female (% of total labor force)",SL.TLF.TOTL.FE.ZS,32.3502196019075
Federal Republic of Somalia,SOM,1992,"Labor force, female (% of total labor force)",SL.TLF.TOTL.FE.ZS,32.247153724409
Federal Republic of Somalia,SOM,1991,"Labor force, female (% of total labor force)",SL.TLF.TOTL.FE.ZS,31.8287038922492
Federal Republic of Somalia,SOM,1990,"Labor force, female (% of total labor force)",SL.TLF.TOTL.FE.ZS,31.6750027438499
Federal Republic of Somalia,SOM,2024,"Unemployment, youth female (% of female labor force ages 15-24) (modeled ILO estimate)",SL.UEM.1524.FE.ZS,37.02
Federal Republic of Somalia,SOM,2023,"Unemployment, youth female (% of female labor force ages 15-24) (modeled ILO estimate)",SL.UEM.1524.FE.ZS,36.94
Federal Republic of Somalia,SOM,2022,"Unemployment, youth female (% of female labor force ages 15-24) (modeled ILO estimate)",SL.UEM.1524.FE.ZS,37.096
Federal Republic of Somalia,SOM,2021,"Unemployment, youth female (% of female labor force ages 15-24) (modeled ILO estimate)",SL.UEM.1524.FE.ZS,38.769
Federal Republic of Somalia,SOM,2020,"Unemployment, youth female (% of female labor force ages 15-24) (modeled ILO estimate)",SL.UEM.1524.FE.ZS,39.876
Federal Republic of Somalia,SOM,2019,"Unemployment, youth female (% of female labor force ages 15-24) (modeled ILO estimate)",SL.UEM.1524.FE.ZS,36.907
Federal Republic of Somalia,SOM,2018,"Unemployment, youth female (% of female labor force ages 15-24) (modeled ILO estimate)",SL.UEM.1524.FE.ZS,36.723
Federal Republic of Somalia,SOM,2017,"Unemployment, youth female (% of female labor force ages 15-24) (modeled ILO estimate)",SL.UEM.1524.FE.ZS,36.351
Federal Republic of Somalia,SOM,2016,"Unemployment, youth female (% of female labor force ages 15-24) (modeled ILO estimate)",SL.UEM.1524.FE.ZS,36.458
Federal Republic of Somalia,SOM,2015,"Unemployment, youth female (% of female labor force ages 15-24) (modeled ILO estimate)",SL.UEM.1524.FE.ZS,36.544
Federal Republic of Somalia,SOM,2014,"Unemployment, youth female (% of female labor force ages 15-24) (modeled ILO estimate)",SL.UEM.1524.FE.ZS,37.005
Federal Republic of Somalia,SOM,2013,"Unemployment, youth female (% of female labor force ages 15-24) (modeled ILO estimate)",SL.UEM.1524.FE.ZS,37.264
Federal Republic of Somalia,SOM,2012,"Unemployment, youth female (% of female labor force ages 15-24) (modeled ILO estimate)",SL.UEM.1524.FE.ZS,37.408
Federal Republic of Somalia,SOM,2011,"Unemployment, youth female (% of female labor force ages 15-24) (modeled ILO estimate)",SL.UEM.1524.FE.ZS,37.259
Federal Republic of Somalia,SOM,2010,"Unemployment, youth female (% of female labor force ages 15-24) (modeled ILO estimate)",SL.UEM.1524.FE.ZS,37.157
Federal Republic of Somalia,SOM,2009,"Unemployment, youth female (% of female labor force ages 15-24) (modeled ILO estimate)",SL.UEM.1524.FE.ZS,37.118
Federal Republic of Somalia,SOM,2008,"Unemployment, youth female (% of female labor force ages 15-24) (modeled ILO estimate)",SL.UEM.1524.FE.ZS,37.089
Federal Republic of Somalia,SOM,2007,"Unemployment, youth female (% of female labor force ages 15-24) (modeled ILO estimate)",SL.UEM.1524.FE.ZS,37.077
Federal Republic of Somalia,SOM,2006,"Unemployment, youth female (% of female labor force ages 15-24) (modeled ILO estimate)",SL.UEM.1524.FE.ZS,37.146
Federal Republic of Somalia,SOM,2005,"Unemployment, youth female (% of female labor force ages 15-24) (modeled ILO estimate)",SL.UEM.1524.FE.ZS,37.184
Federal Republic of Somalia,SOM,2004,"Unemployment, youth female (% of female labor force ages 15-24) (modeled ILO estimate)",SL.UEM.1524.FE.ZS,37.217
Federal Republic of Somalia,SOM,2003,"Unemployment, youth female (% of female labor force ages 15-24) (modeled ILO estimate)",SL.UEM.1524.FE.ZS,37.398
Federal Republic of Somalia,SOM,2002,"Unemployment, youth female (% of female labor force ages 15-24) (modeled ILO estimate)",SL.UEM.1524.FE.ZS,37.431
Federal Republic of Somalia,SOM,2001,"Unemployment, youth female (% of female labor force ages 15-24) (modeled ILO estimate)",SL.UEM.1524.FE.ZS,37.474
Federal Republic of Somalia,SOM,2000,"Unemployment, youth female (% of female labor force ages 15-24) (modeled ILO estimate)",SL.UEM.1524.FE.ZS,37.371
Federal Republic of Somalia,SOM,1999,"Unemployment, youth female (% of female labor force ages 15-24) (modeled ILO estimate)",SL.UEM.1524.FE.ZS,37.724
Federal Republic of Somalia,SOM,1998,"Unemployment, youth female (% of female labor force ages 15-24) (modeled ILO estimate)",SL.UEM.1524.FE.ZS,37.786
Federal Republic of Somalia,SOM,1997,"Unemployment, youth female (% of female labor force ages 15-24) (modeled ILO estimate)",SL.UEM.1524.FE.ZS,37.998
Federal Republic of Somalia,SOM,1996,"Unemployment, youth female (% of female labor force ages 15-24) (modeled ILO estimate)",SL.UEM.1524.FE.ZS,38.676
Federal Republic of Somalia,SOM,1995,"Unemployment, youth female (% of female labor force ages 15-24) (modeled ILO estimate)",SL.UEM.1524.FE.ZS,38.881
Federal Republic of Somalia,SOM,1994,"Unemployment, youth female (% of female labor force ages 15-24) (modeled ILO estimate)",SL.UEM.1524.FE.ZS,39.301
Federal Republic of Somalia,SOM,1993,"Unemployment, youth female (% of female labor force ages 15-24) (modeled ILO estimate)",SL.UEM.1524.FE.ZS,38.607
Federal Republic of Somalia,SOM,1992,"Unemployment, youth female (% of female labor force ages 15-24) (modeled ILO estimate)",SL.UEM.1524.FE.ZS,38.665
Federal Republic of Somalia,SOM,1991,"Unemployment, youth female (% of female labor force ages 15-24) (modeled ILO estimate)",SL.UEM.1524.FE.ZS,38.223
Federal Republic of Somalia,SOM,2024,"Unemployment, youth male (% of male labor force ages 15-24) (modeled ILO estimate)",SL.UEM.1524.MA.ZS,32.112
Federal Republic of Somalia,SOM,2023,"Unemployment, youth male (% of male labor force ages 15-24) (modeled ILO estimate)",SL.UEM.1524.MA.ZS,32.043
Federal Republic of Somalia,SOM,2022,"Unemployment, youth male (% of male labor force ages 15-24) (modeled ILO estimate)",SL.UEM.1524.MA.ZS,32.172
Federal Republic of Somalia,SOM,2021,"Unemployment, youth male (% of male labor force ages 15-24) (modeled ILO estimate)",SL.UEM.1524.MA.ZS,33.333
Federal Republic of Somalia,SOM,2020,"Unemployment, youth male (% of male labor force ages 15-24) (modeled ILO estimate)",SL.UEM.1524.MA.ZS,33.704
Federal Republic of Somalia,SOM,2019,"Unemployment, youth male (% of male labor force ages 15-24) (modeled ILO estimate)",SL.UEM.1524.MA.ZS,32.053
Federal Republic of Somalia,SOM,2018,"Unemployment, youth male (% of male labor force ages 15-24) (modeled ILO estimate)",SL.UEM.1524.MA.ZS,31.873
Federal Republic of Somalia,SOM,2017,"Unemployment, youth male (% of male labor force ages 15-24) (modeled ILO estimate)",SL.UEM.1524.MA.ZS,31.533
Federal Republic of Somalia,SOM,2016,"Unemployment, youth male (% of male labor force ages 15-24) (modeled ILO estimate)",SL.UEM.1524.MA.ZS,31.651
Federal Republic of Somalia,SOM,2015,"Unemployment, youth male (% of male labor force ages 15-24) (modeled ILO estimate)",SL.UEM.1524.MA.ZS,31.751
Federal Republic of Somalia,SOM,2014,"Unemployment, youth male (% of male labor force ages 15-24) (modeled ILO estimate)",SL.UEM.1524.MA.ZS,32.187
Federal Republic of Somalia,SOM,2013,"Unemployment, youth male (% of male labor force ages 15-24) (modeled ILO estimate)",SL.UEM.1524.MA.ZS,32.43
Federal Republic of Somalia,SOM,2012,"Unemployment, youth male (% of male labor force ages 15-24) (modeled ILO estimate)",SL.UEM.1524.MA.ZS,32.564
Federal Republic of Somalia,SOM,2011,"Unemployment, youth male (% of male labor force ages 15-24) (modeled ILO estimate)",SL.UEM.1524.MA.ZS,32.431
Federal Republic of Somalia,SOM,2010,"Unemployment, youth male (% of male labor force ages 15-24) (modeled ILO estimate)",SL.UEM.1524.MA.ZS,32.344
Federal Republic of Somalia,SOM,2009,"Unemployment, youth male (% of male labor force ages 15-24) (modeled ILO estimate)",SL.UEM.1524.MA.ZS,32.312
Federal Republic of Somalia,SOM,2008,"Unemployment, youth male (% of male labor force ages 15-24) (modeled ILO estimate)",SL.UEM.1524.MA.ZS,32.289
Federal Republic of Somalia,SOM,2007,"Unemployment, youth male (% of male labor force ages 15-24) (modeled ILO estimate)",SL.UEM.1524.MA.ZS,32.275
Federal Republic of Somalia,SOM,2006,"Unemployment, youth male (% of male labor force ages 15-24) (modeled ILO estimate)",SL.UEM.1524.MA.ZS,32.323
Federal Republic of Somalia,SOM,2005,"Unemployment, youth male (% of male labor force ages 15-24) (modeled ILO estimate)",SL.UEM.1524.MA.ZS,32.344
Federal Republic of Somalia,SOM,2004,"Unemployment, youth male (% of male labor force ages 15-24) (modeled ILO estimate)",SL.UEM.1524.MA.ZS,32.367
Federal Republic of Somalia,SOM,2003,"Unemployment, youth male (% of male labor force ages 15-24) (modeled ILO estimate)",SL.UEM.1524.MA.ZS,32.529
Federal Republic of Somalia,SOM,2002,"Unemployment, youth male (% of male labor force ages 15-24) (modeled ILO estimate)",SL.UEM.1524.MA.ZS,32.561
Federal Republic of Somalia,SOM,2001,"Unemployment, youth male (% of male labor force ages 15-24) (modeled ILO estimate)",SL.UEM.1524.MA.ZS,32.604
Federal Republic of Somalia,SOM,2000,"Unemployment, youth male (% of male labor force ages 15-24) (modeled ILO estimate)",SL.UEM.1524.MA.ZS,32.512
Federal Republic of Somalia,SOM,1999,"Unemployment, youth male (% of male labor force ages 15-24) (modeled ILO estimate)",SL.UEM.1524.MA.ZS,32.838
Federal Republic of Somalia,SOM,1998,"Unemployment, youth male (% of male labor force ages 15-24) (modeled ILO estimate)",SL.UEM.1524.MA.ZS,32.905
Federal Republic of Somalia,SOM,1997,"Unemployment, youth male (% of male labor force ages 15-24) (modeled ILO estimate)",SL.UEM.1524.MA.ZS,33.108
Federal Republic of Somalia,SOM,1996,"Unemployment, youth male (% of male labor force ages 15-24) (modeled ILO estimate)",SL.UEM.1524.MA.ZS,33.729
Federal Republic of Somalia,SOM,1995,"Unemployment, youth male (% of male labor force ages 15-24) (modeled ILO estimate)",SL.UEM.1524.MA.ZS,33.932
Federal Republic of Somalia,SOM,1994,"Unemployment, youth male (% of male labor force ages 15-24) (modeled ILO estimate)",SL.UEM.1524.MA.ZS,34.329
Federal Republic of Somalia,SOM,1993,"Unemployment, youth male (% of male labor force ages 15-24) (modeled ILO estimate)",SL.UEM.1524.MA.ZS,33.683
Federal Republic of Somalia,SOM,1992,"Unemployment, youth male (% of male labor force ages 15-24) (modeled ILO estimate)",SL.UEM.1524.MA.ZS,33.759
Federal Republic of Somalia,SOM,1991,"Unemployment, youth male (% of male labor force ages 15-24) (modeled ILO estimate)",SL.UEM.1524.MA.ZS,33.388
Federal Republic of Somalia,SOM,2024,"Unemployment, female (% of female labor force) (modeled ILO estimate)",SL.UEM.TOTL.FE.ZS,24.455
Federal Republic of Somalia,SOM,2023,"Unemployment, female (% of female labor force) (modeled ILO estimate)",SL.UEM.TOTL.FE.ZS,24.564
Federal Republic of Somalia,SOM,2022,"Unemployment, female (% of female labor force) (modeled ILO estimate)",SL.UEM.TOTL.FE.ZS,24.701
Federal Republic of Somalia,SOM,2021,"Unemployment, female (% of female labor force) (modeled ILO estimate)",SL.UEM.TOTL.FE.ZS,25.23
Federal Republic of Somalia,SOM,2020,"Unemployment, female (% of female labor force) (modeled ILO estimate)",SL.UEM.TOTL.FE.ZS,24.894
Federal Republic of Somalia,SOM,2019,"Unemployment, female (% of female labor force) (modeled ILO estimate)",SL.UEM.TOTL.FE.ZS,24.376
Federal Republic of Somalia,SOM,2018,"Unemployment, female (% of female labor force) (modeled ILO estimate)",SL.UEM.TOTL.FE.ZS,24.271
Federal Republic of Somalia,SOM,2017,"Unemployment, female (% of female labor force) (modeled ILO estimate)",SL.UEM.TOTL.FE.ZS,24.01
Federal Republic of Somalia,SOM,2016,"Unemployment, female (% of female labor force) (modeled ILO estimate)",SL.UEM.TOTL.FE.ZS,24.088
Federal Republic of Somalia,SOM,2015,"Unemployment, female (% of female labor force) (modeled ILO estimate)",SL.UEM.TOTL.FE.ZS,24.118
Federal Republic of Somalia,SOM,2014,"Unemployment, female (% of female labor force) (modeled ILO estimate)",SL.UEM.TOTL.FE.ZS,24.455
Federal Republic of Somalia,SOM,2013,"Unemployment, female (% of female labor force) (modeled ILO estimate)",SL.UEM.TOTL.FE.ZS,24.651
Federal Republic of Somalia,SOM,2012,"Unemployment, female (% of female labor force) (modeled ILO estimate)",SL.UEM.TOTL.FE.ZS,24.774
Federal Republic of Somalia,SOM,2011,"Unemployment, female (% of female labor force) (modeled ILO estimate)",SL.UEM.TOTL.FE.ZS,24.735
Federal Republic of Somalia,SOM,2010,"Unemployment, female (% of female labor force) (modeled ILO estimate)",SL.UEM.TOTL.FE.ZS,24.735
Federal Republic of Somalia,SOM,2009,"Unemployment, female (% of female labor force) (modeled ILO estimate)",SL.UEM.TOTL.FE.ZS,24.72
Federal Republic of Somalia,SOM,2008,"Unemployment, female (% of female labor force) (modeled ILO estimate)",SL.UEM.TOTL.FE.ZS,24.703
Federal Republic of Somalia,SOM,2007,"Unemployment, female (% of female labor force) (modeled ILO estimate)",SL.UEM.TOTL.FE.ZS,24.679
Federal Republic of Somalia,SOM,2006,"Unemployment, female (% of female labor force) (modeled ILO estimate)",SL.UEM.TOTL.FE.ZS,24.683
Federal Republic of Somalia,SOM,2005,"Unemployment, female (% of female labor force) (modeled ILO estimate)",SL.UEM.TOTL.FE.ZS,24.648
Federal Republic of Somalia,SOM,2004,"Unemployment, female (% of female labor force) (modeled ILO estimate)",SL.UEM.TOTL.FE.ZS,24.617
Federal Republic of Somalia,SOM,2003,"Unemployment, female (% of female labor force) (modeled ILO estimate)",SL.UEM.TOTL.FE.ZS,24.713
Federal Republic of Somalia,SOM,2002,"Unemployment, female (% of female labor force) (modeled ILO estimate)",SL.UEM.TOTL.FE.ZS,24.696
Federal Republic of Somalia,SOM,2001,"Unemployment, female (% of female labor force) (modeled ILO estimate)",SL.UEM.TOTL.FE.ZS,24.683
Federal Republic of Somalia,SOM,2000,"Unemployment, female (% of female labor force) (modeled ILO estimate)",SL.UEM.TOTL.FE.ZS,24.551
Federal Republic of Somalia,SOM,1999,"Unemployment, female (% of female labor force) (modeled ILO estimate)",SL.UEM.TOTL.FE.ZS,24.772
Federal Republic of Somalia,SOM,1998,"Unemployment, female (% of female labor force) (modeled ILO estimate)",SL.UEM.TOTL.FE.ZS,24.767
Federal Republic of Somalia,SOM,1997,"Unemployment, female (% of female labor force) (modeled ILO estimate)",SL.UEM.TOTL.FE.ZS,24.878
Federal Republic of Somalia,SOM,1996,"Unemployment, female (% of female labor force) (modeled ILO estimate)",SL.UEM.TOTL.FE.ZS,25.345
Federal Republic of Somalia,SOM,1995,"Unemployment, female (% of female labor force) (modeled ILO estimate)",SL.UEM.TOTL.FE.ZS,25.451
Federal Republic of Somalia,SOM,1994,"Unemployment, female (% of female labor force) (modeled ILO estimate)",SL.UEM.TOTL.FE.ZS,25.72
Federal Republic of Somalia,SOM,1993,"Unemployment, female (% of female labor force) (modeled ILO estimate)",SL.UEM.TOTL.FE.ZS,25.097
Federal Republic of Somalia,SOM,1992,"Unemployment, female (% of female labor force) (modeled ILO estimate)",SL.UEM.TOTL.FE.ZS,25.164
Federal Republic of Somalia,SOM,1991,"Unemployment, female (% of female labor force) (modeled ILO estimate)",SL.UEM.TOTL.FE.ZS,24.931
Federal Republic of Somalia,SOM,2024,"Unemployment, male (% of male labor force) (modeled ILO estimate)",SL.UEM.TOTL.MA.ZS,16.326
Federal Republic of Somalia,SOM,2023,"Unemployment, male (% of male labor force) (modeled ILO estimate)",SL.UEM.TOTL.MA.ZS,16.395
Federal Republic of Somalia,SOM,2022,"Unemployment, male (% of male labor force) (modeled ILO estimate)",SL.UEM.TOTL.MA.ZS,16.49
Federal Republic of Somalia,SOM,2021,"Unemployment, male (% of male labor force) (modeled ILO estimate)",SL.UEM.TOTL.MA.ZS,17.122
Federal Republic of Somalia,SOM,2020,"Unemployment, male (% of male labor force) (modeled ILO estimate)",SL.UEM.TOTL.MA.ZS,16.918
Federal Republic of Somalia,SOM,2019,"Unemployment, male (% of male labor force) (modeled ILO estimate)",SL.UEM.TOTL.MA.ZS,16.302
Federal Republic of Somalia,SOM,2018,"Unemployment, male (% of male labor force) (modeled ILO estimate)",SL.UEM.TOTL.MA.ZS,16.228
Federal Republic of Somalia,SOM,2017,"Unemployment, male (% of male labor force) (modeled ILO estimate)",SL.UEM.TOTL.MA.ZS,16.045
Federal Republic of Somalia,SOM,2016,"Unemployment, male (% of male labor force) (modeled ILO estimate)",SL.UEM.TOTL.MA.ZS,16.099
Federal Republic of Somalia,SOM,2015,"Unemployment, male (% of male labor force) (modeled ILO estimate)",SL.UEM.TOTL.MA.ZS,16.12
Federal Republic of Somalia,SOM,2014,"Unemployment, male (% of male labor force) (modeled ILO estimate)",SL.UEM.TOTL.MA.ZS,16.356
Federal Republic of Somalia,SOM,2013,"Unemployment, male (% of male labor force) (modeled ILO estimate)",SL.UEM.TOTL.MA.ZS,16.493
Federal Republic of Somalia,SOM,2012,"Unemployment, male (% of male labor force) (modeled ILO estimate)",SL.UEM.TOTL.MA.ZS,16.579
Federal Republic of Somalia,SOM,2011,"Unemployment, male (% of male labor force) (modeled ILO estimate)",SL.UEM.TOTL.MA.ZS,16.551
Federal Republic of Somalia,SOM,2010,"Unemployment, male (% of male labor force) (modeled ILO estimate)",SL.UEM.TOTL.MA.ZS,16.55
Federal Republic of Somalia,SOM,2009,"Unemployment, male (% of male labor force) (modeled ILO estimate)",SL.UEM.TOTL.MA.ZS,16.539
Federal Republic of Somalia,SOM,2008,"Unemployment, male (% of male labor force) (modeled ILO estimate)",SL.UEM.TOTL.MA.ZS,16.527
Federal Republic of Somalia,SOM,2007,"Unemployment, male (% of male labor force) (modeled ILO estimate)",SL.UEM.TOTL.MA.ZS,16.51
Federal Republic of Somalia,SOM,2006,"Unemployment, male (% of male labor force) (modeled ILO estimate)",SL.UEM.TOTL.MA.ZS,16.514
Federal Republic of Somalia,SOM,2005,"Unemployment, male (% of male labor force) (modeled ILO estimate)",SL.UEM.TOTL.MA.ZS,16.49
Federal Republic of Somalia,SOM,2004,"Unemployment, male (% of male labor force) (modeled ILO estimate)",SL.UEM.TOTL.MA.ZS,16.469
Federal Republic of Somalia,SOM,2003,"Unemployment, male (% of male labor force) (modeled ILO estimate)",SL.UEM.TOTL.MA.ZS,16.537
Federal Republic of Somalia,SOM,2002,"Unemployment, male (% of male labor force) (modeled ILO estimate)",SL.UEM.TOTL.MA.ZS,16.525
Federal Republic of Somalia,SOM,2001,"Unemployment, male (% of male labor force) (modeled ILO estimate)",SL.UEM.TOTL.MA.ZS,16.517
Federal Republic of Somalia,SOM,2000,"Unemployment, male (% of male labor force) (modeled ILO estimate)",SL.UEM.TOTL.MA.ZS,16.425
Federal Republic of Somalia,SOM,1999,"Unemployment, male (% of male labor force) (modeled ILO estimate)",SL.UEM.TOTL.MA.ZS,16.58
Federal Republic of Somalia,SOM,1998,"Unemployment, male (% of male labor force) (modeled ILO estimate)",SL.UEM.TOTL.MA.ZS,16.576
Federal Republic of Somalia,SOM,1997,"Unemployment, male (% of male labor force) (modeled ILO estimate)",SL.UEM.TOTL.MA.ZS,16.654
Federal Republic of Somalia,SOM,1996,"Unemployment, male (% of male labor force) (modeled ILO estimate)",SL.UEM.TOTL.MA.ZS,16.983
Federal Republic of Somalia,SOM,1995,"Unemployment, male (% of male labor force) (modeled ILO estimate)",SL.UEM.TOTL.MA.ZS,17.058
Federal Republic of Somalia,SOM,1994,"Unemployment, male (% of male labor force) (modeled ILO estimate)",SL.UEM.TOTL.MA.ZS,17.247
Federal Republic of Somalia,SOM,1993,"Unemployment, male (% of male labor force) (modeled ILO estimate)",SL.UEM.TOTL.MA.ZS,16.81
Federal Republic of Somalia,SOM,1992,"Unemployment, male (% of male labor force) (modeled ILO estimate)",SL.UEM.TOTL.MA.ZS,16.857
Federal Republic of Somalia,SOM,1991,"Unemployment, male (% of male labor force) (modeled ILO estimate)",SL.UEM.TOTL.MA.ZS,16.692
Federal Republic of Somalia,SOM,2023,"Adolescent fertility rate (births per 1,000 women ages 15-19)",SP.ADO.TFRT,117.1
Federal Republic of Somalia,SOM,2022,"Adolescent fertility rate (births per 1,000 women ages 15-19)",SP.ADO.TFRT,119.277
Federal Republic of Somalia,SOM,2021,"Adolescent fertility rate (births per 1,000 women ages 15-19)",SP.ADO.TFRT,120.995
Federal Republic of Somalia,SOM,2020,"Adolescent fertility rate (births per 1,000 women ages 15-19)",SP.ADO.TFRT,122.735
Federal Republic of Somalia,SOM,2019,"Adolescent fertility rate (births per 1,000 women ages 15-19)",SP.ADO.TFRT,124.669
Federal Republic of Somalia,SOM,2018,"Adolescent fertility rate (births per 1,000 women ages 15-19)",SP.ADO.TFRT,126.568
Federal Republic of Somalia,SOM,2017,"Adolescent fertility rate (births per 1,000 women ages 15-19)",SP.ADO.TFRT,128.549
Federal Republic of Somalia,SOM,2016,"Adolescent fertility rate (births per 1,000 women ages 15-19)",SP.ADO.TFRT,130.624
Federal Republic of Somalia,SOM,2015,"Adolescent fertility rate (births per 1,000 women ages 15-19)",SP.ADO.TFRT,132.239
Federal Republic of Somalia,SOM,2014,"Adolescent fertility rate (births per 1,000 women ages 15-19)",SP.ADO.TFRT,133.685
Federal Republic of Somalia,SOM,2013,"Adolescent fertility rate (births per 1,000 women ages 15-19)",SP.ADO.TFRT,134.919
Federal Republic of Somalia,SOM,2012,"Adolescent fertility rate (births per 1,000 women ages 15-19)",SP.ADO.TFRT,135.094
Federal Republic of Somalia,SOM,2011,"Adolescent fertility rate (births per 1,000 women ages 15-19)",SP.ADO.TFRT,133.263
Federal Republic of Somalia,SOM,2010,"Adolescent fertility rate (births per 1,000 women ages 15-19)",SP.ADO.TFRT,131.148
Federal Republic of Somalia,SOM,2009,"Adolescent fertility rate (births per 1,000 women ages 15-19)",SP.ADO.TFRT,132.036
Federal Republic of Somalia,SOM,2008,"Adolescent fertility rate (births per 1,000 women ages 15-19)",SP.ADO.TFRT,135.461
Federal Republic of Somalia,SOM,2007,"Adolescent fertility rate (births per 1,000 women ages 15-19)",SP.ADO.TFRT,138.52
Federal Republic of Somalia,SOM,2006,"Adolescent fertility rate (births per 1,000 women ages 15-19)",SP.ADO.TFRT,138.244
Federal Republic of Somalia,SOM,2005,"Adolescent fertility rate (births per 1,000 women ages 15-19)",SP.ADO.TFRT,135.929
Federal Republic of Somalia,SOM,2004,"Adolescent fertility rate (births per 1,000 women ages 15-19)",SP.ADO.TFRT,134.104
Federal Republic of Somalia,SOM,2003,"Adolescent fertility rate (births per 1,000 women ages 15-19)",SP.ADO.TFRT,133.105
Federal Republic of Somalia,SOM,2002,"Adolescent fertility rate (births per 1,000 women ages 15-19)",SP.ADO.TFRT,132.316
Federal Republic of Somalia,SOM,2001,"Adolescent fertility rate (births per 1,000 women ages 15-19)",SP.ADO.TFRT,130.563
Federal Republic of Somalia,SOM,2000,"Adolescent fertility rate (births per 1,000 women ages 15-19)",SP.ADO.TFRT,129.071
Federal Republic of Somalia,SOM,1999,"Adolescent fertility rate (births per 1,000 women ages 15-19)",SP.ADO.TFRT,127.655
Federal Republic of Somalia,SOM,1998,"Adolescent fertility rate (births per 1,000 women ages 15-19)",SP.ADO.TFRT,126.613
Federal Republic of Somalia,SOM,1997,"Adolescent fertility rate (births per 1,000 women ages 15-19)",SP.ADO.TFRT,125.593
Federal Republic of Somalia,SOM,1996,"Adolescent fertility rate (births per 1,000 women ages 15-19)",SP.ADO.TFRT,121.818
Federal Republic of Somalia,SOM,1995,"Adolescent fertility rate (births per 1,000 women ages 15-19)",SP.ADO.TFRT,121.562
Federal Republic of Somalia,SOM,1994,"Adolescent fertility rate (births per 1,000 women ages 15-19)",SP.ADO.TFRT,121.385
Federal Republic of Somalia,SOM,1993,"Adolescent fertility rate (births per 1,000 women ages 15-19)",SP.ADO.TFRT,120.731
Federal Republic of Somalia,SOM,1992,"Adolescent fertility rate (births per 1,000 women ages 15-19)",SP.ADO.TFRT,121.149
Federal Republic of Somalia,SOM,1991,"Adolescent fertility rate (births per 1,000 women ages 15-19)",SP.ADO.TFRT,121.423
Federal Republic of Somalia,SOM,1990,"Adolescent fertility rate (births per 1,000 women ages 15-19)",SP.ADO.TFRT,124.013
Federal Republic of Somalia,SOM,1989,"Adolescent fertility rate (births per 1,000 women ages 15-19)",SP.ADO.TFRT,125.793
Federal Republic of Somalia,SOM,1988,"Adolescent fertility rate (births per 1,000 women ages 15-19)",SP.ADO.TFRT,124.405
Federal Republic of Somalia,SOM,1987,"Adolescent fertility rate (births per 1,000 women ages 15-19)",SP.ADO.TFRT,122.999
Federal Republic of Somalia,SOM,1986,"Adolescent fertility rate (births per 1,000 women ages 15-19)",SP.ADO.TFRT,118.677
Federal Republic of Somalia,SOM,1985,"Adolescent fertility rate (births per 1,000 women ages 15-19)",SP.ADO.TFRT,114.449
Federal Republic of Somalia,SOM,1984,"Adolescent fertility rate (births per 1,000 women ages 15-19)",SP.ADO.TFRT,110.226
Federal Republic of Somalia,SOM,1983,"Adolescent fertility rate (births per 1,000 women ages 15-19)",SP.ADO.TFRT,104.191
Federal Republic of Somalia,SOM,1982,"Adolescent fertility rate (births per 1,000 women ages 15-19)",SP.ADO.TFRT,98.353
Federal Republic of Somalia,SOM,1981,"Adolescent fertility rate (births per 1,000 women ages 15-19)",SP.ADO.TFRT,92.769
Federal Republic of Somalia,SOM,1980,"Adolescent fertility rate (births per 1,000 women ages 15-19)",SP.ADO.TFRT,88.348
Federal Republic of Somalia,SOM,1979,"Adolescent fertility rate (births per 1,000 women ages 15-19)",SP.ADO.TFRT,84.485
Federal Republic of Somalia,SOM,1978,"Adolescent fertility rate (births per 1,000 women ages 15-19)",SP.ADO.TFRT,81.742
Federal Republic of Somalia,SOM,1977,"Adolescent fertility rate (births per 1,000 women ages 15-19)",SP.ADO.TFRT,79.846
Federal Republic of Somalia,SOM,1976,"Adolescent fertility rate (births per 1,000 women ages 15-19)",SP.ADO.TFRT,79.511
Federal Republic of Somalia,SOM,1975,"Adolescent fertility rate (births per 1,000 women ages 15-19)",SP.ADO.TFRT,79.239
Federal Republic of Somalia,SOM,1974,"Adolescent fertility rate (births per 1,000 women ages 15-19)",SP.ADO.TFRT,79.016
Federal Republic of Somalia,SOM,1973,"Adolescent fertility rate (births per 1,000 women ages 15-19)",SP.ADO.TFRT,79.656
Federal Republic of Somalia,SOM,1972,"Adolescent fertility rate (births per 1,000 women ages 15-19)",SP.ADO.TFRT,80.308
Federal Republic of Somalia,SOM,1971,"Adolescent fertility rate (births per 1,000 women ages 15-19)",SP.ADO.TFRT,80.947
Federal Republic of Somalia,SOM,1970,"Adolescent fertility rate (births per 1,000 women ages 15-19)",SP.ADO.TFRT,81.543
Federal Republic of Somalia,SOM,1969,"Adolescent fertility rate (births per 1,000 women ages 15-19)",SP.ADO.TFRT,81.544
Federal Republic of Somalia,SOM,1968,"Adolescent fertility rate (births per 1,000 women ages 15-19)",SP.ADO.TFRT,80.954
Federal Republic of Somalia,SOM,1967,"Adolescent fertility rate (births per 1,000 women ages 15-19)",SP.ADO.TFRT,80.611
Federal Republic of Somalia,SOM,1966,"Adolescent fertility rate (births per 1,000 women ages 15-19)",SP.ADO.TFRT,80.734
Federal Republic of Somalia,SOM,1965,"Adolescent fertility rate (births per 1,000 women ages 15-19)",SP.ADO.TFRT,81.386
Federal Republic of Somalia,SOM,1964,"Adolescent fertility rate (births per 1,000 women ages 15-19)",SP.ADO.TFRT,82.012
Federal Republic of Somalia,SOM,1963,"Adolescent fertility rate (births per 1,000 women ages 15-19)",SP.ADO.TFRT,82.203
Federal Republic of Somalia,SOM,1962,"Adolescent fertility rate (births per 1,000 women ages 15-19)",SP.ADO.TFRT,82.432
Federal Republic of Somalia,SOM,1961,"Adolescent fertility rate (births per 1,000 women ages 15-19)",SP.ADO.TFRT,82.768
Federal Republic of Somalia,SOM,1960,"Adolescent fertility rate (births per 1,000 women ages 15-19)",SP.ADO.TFRT,83.061
Federal Republic of Somalia,SOM,2023,"Mortality rate, adult, female (per 1,000 female adults)",SP.DYN.AMRT.FE,232.382
Federal Republic of Somalia,SOM,2022,"Mortality rate, adult, female (per 1,000 female adults)",SP.DYN.AMRT.FE,270.922
Federal Republic of Somalia,SOM,2021,"Mortality rate, adult, female (per 1,000 female adults)",SP.DYN.AMRT.FE,300.415
Federal Republic of Somalia,SOM,2020,"Mortality rate, adult, female (per 1,000 female adults)",SP.DYN.AMRT.FE,258.461
Federal Republic of Somalia,SOM,2019,"Mortality rate, adult, female (per 1,000 female adults)",SP.DYN.AMRT.FE,250.972
Federal Republic of Somalia,SOM,2018,"Mortality rate, adult, female (per 1,000 female adults)",SP.DYN.AMRT.FE,269.977
Federal Republic of Somalia,SOM,2017,"Mortality rate, adult, female (per 1,000 female adults)",SP.DYN.AMRT.FE,291.37
Federal Republic of Somalia,SOM,2016,"Mortality rate, adult, female (per 1,000 female adults)",SP.DYN.AMRT.FE,268.432
Federal Republic of Somalia,SOM,2015,"Mortality rate, adult, female (per 1,000 female adults)",SP.DYN.AMRT.FE,271.574
Federal Republic of Somalia,SOM,2014,"Mortality rate, adult, female (per 1,000 female adults)",SP.DYN.AMRT.FE,277.053
Federal Republic of Somalia,SOM,2013,"Mortality rate, adult, female (per 1,000 female adults)",SP.DYN.AMRT.FE,282.411
Federal Republic of Somalia,SOM,2012,"Mortality rate, adult, female (per 1,000 female adults)",SP.DYN.AMRT.FE,321.376
Federal Republic of Somalia,SOM,2011,"Mortality rate, adult, female (per 1,000 female adults)",SP.DYN.AMRT.FE,478.754
Federal Republic of Somalia,SOM,2010,"Mortality rate, adult, female (per 1,000 female adults)",SP.DYN.AMRT.FE,325.334
Federal Republic of Somalia,SOM,2009,"Mortality rate, adult, female (per 1,000 female adults)",SP.DYN.AMRT.FE,302.406
Federal Republic of Somalia,SOM,2008,"Mortality rate, adult, female (per 1,000 female adults)",SP.DYN.AMRT.FE,307.832
Federal Republic of Somalia,SOM,2007,"Mortality rate, adult, female (per 1,000 female adults)",SP.DYN.AMRT.FE,314.486
Federal Republic of Somalia,SOM,2006,"Mortality rate, adult, female (per 1,000 female adults)",SP.DYN.AMRT.FE,313.606
Federal Republic of Somalia,SOM,2005,"Mortality rate, adult, female (per 1,000 female adults)",SP.DYN.AMRT.FE,314.523
Federal Republic of Somalia,SOM,2004,"Mortality rate, adult, female (per 1,000 female adults)",SP.DYN.AMRT.FE,316.774
Federal Republic of Somalia,SOM,2003,"Mortality rate, adult, female (per 1,000 female adults)",SP.DYN.AMRT.FE,316.362
Federal Republic of Somalia,SOM,2002,"Mortality rate, adult, female (per 1,000 female adults)",SP.DYN.AMRT.FE,315.984
Federal Republic of Somalia,SOM,2001,"Mortality rate, adult, female (per 1,000 female adults)",SP.DYN.AMRT.FE,315.801
Federal Republic of Somalia,SOM,2000,"Mortality rate, adult, female (per 1,000 female adults)",SP.DYN.AMRT.FE,317.18
Federal Republic of Somalia,SOM,1999,"Mortality rate, adult, female (per 1,000 female adults)",SP.DYN.AMRT.FE,318.401
Federal Republic of Somalia,SOM,1998,"Mortality rate, adult, female (per 1,000 female adults)",SP.DYN.AMRT.FE,316.495
Federal Republic of Somalia,SOM,1997,"Mortality rate, adult, female (per 1,000 female adults)",SP.DYN.AMRT.FE,319.393
Federal Republic of Somalia,SOM,1996,"Mortality rate, adult, female (per 1,000 female adults)",SP.DYN.AMRT.FE,318.383
Federal Republic of Somalia,SOM,1995,"Mortality rate, adult, female (per 1,000 female adults)",SP.DYN.AMRT.FE,316.599
Federal Republic of Somalia,SOM,1994,"Mortality rate, adult, female (per 1,000 female adults)",SP.DYN.AMRT.FE,322.071
Federal Republic of Somalia,SOM,1993,"Mortality rate, adult, female (per 1,000 female adults)",SP.DYN.AMRT.FE,317.799
Federal Republic of Somalia,SOM,1992,"Mortality rate, adult, female (per 1,000 female adults)",SP.DYN.AMRT.FE,563.921
Federal Republic of Somalia,SOM,1991,"Mortality rate, adult, female (per 1,000 female adults)",SP.DYN.AMRT.FE,554.212
Federal Republic of Somalia,SOM,1990,"Mortality rate, adult, female (per 1,000 female adults)",SP.DYN.AMRT.FE,333.38
Federal Republic of Somalia,SOM,1989,"Mortality rate, adult, female (per 1,000 female adults)",SP.DYN.AMRT.FE,336.01
Federal Republic of Somalia,SOM,1988,"Mortality rate, adult, female (per 1,000 female adults)",SP.DYN.AMRT.FE,361.584
Federal Republic of Somalia,SOM,1987,"Mortality rate, adult, female (per 1,000 female adults)",SP.DYN.AMRT.FE,331.787
Federal Republic of Somalia,SOM,1986,"Mortality rate, adult, female (per 1,000 female adults)",SP.DYN.AMRT.FE,340.483
Federal Republic of Somalia,SOM,1985,"Mortality rate, adult, female (per 1,000 female adults)",SP.DYN.AMRT.FE,341.545
Federal Republic of Somalia,SOM,1984,"Mortality rate, adult, female (per 1,000 female adults)",SP.DYN.AMRT.FE,337.284
Federal Republic of Somalia,SOM,1983,"Mortality rate, adult, female (per 1,000 female adults)",SP.DYN.AMRT.FE,339.168
Federal Republic of Somalia,SOM,1982,"Mortality rate, adult, female (per 1,000 female adults)",SP.DYN.AMRT.FE,341.062
Federal Republic of Somalia,SOM,1981,"Mortality rate, adult, female (per 1,000 female adults)",SP.DYN.AMRT.FE,342.931
Federal Republic of Somalia,SOM,1980,"Mortality rate, adult, female (per 1,000 female adults)",SP.DYN.AMRT.FE,344.795
Federal Republic of Somalia,SOM,1979,"Mortality rate, adult, female (per 1,000 female adults)",SP.DYN.AMRT.FE,346.673
Federal Republic of Somalia,SOM,1978,"Mortality rate, adult, female (per 1,000 female adults)",SP.DYN.AMRT.FE,349.166
Federal Republic of Somalia,SOM,1977,"Mortality rate, adult, female (per 1,000 female adults)",SP.DYN.AMRT.FE,350.335
Federal Republic of Somalia,SOM,1976,"Mortality rate, adult, female (per 1,000 female adults)",SP.DYN.AMRT.FE,369.54
Federal Republic of Somalia,SOM,1975,"Mortality rate, adult, female (per 1,000 female adults)",SP.DYN.AMRT.FE,371.722
Federal Republic of Somalia,SOM,1974,"Mortality rate, adult, female (per 1,000 female adults)",SP.DYN.AMRT.FE,373.87
Federal Republic of Somalia,SOM,1973,"Mortality rate, adult, female (per 1,000 female adults)",SP.DYN.AMRT.FE,357.503
Federal Republic of Somalia,SOM,1972,"Mortality rate, adult, female (per 1,000 female adults)",SP.DYN.AMRT.FE,359.341
Federal Republic of Somalia,SOM,1971,"Mortality rate, adult, female (per 1,000 female adults)",SP.DYN.AMRT.FE,361.416
Federal Republic of Somalia,SOM,1970,"Mortality rate, adult, female (per 1,000 female adults)",SP.DYN.AMRT.FE,363.443
Federal Republic of Somalia,SOM,1969,"Mortality rate, adult, female (per 1,000 female adults)",SP.DYN.AMRT.FE,365.43
Federal Republic of Somalia,SOM,1968,"Mortality rate, adult, female (per 1,000 female adults)",SP.DYN.AMRT.FE,367.525
Federal Republic of Somalia,SOM,1967,"Mortality rate, adult, female (per 1,000 female adults)",SP.DYN.AMRT.FE,369.672
Federal Republic of Somalia,SOM,1966,"Mortality rate, adult, female (per 1,000 female adults)",SP.DYN.AMRT.FE,371.873
Federal Republic of Somalia,SOM,1965,"Mortality rate, adult, female (per 1,000 female adults)",SP.DYN.AMRT.FE,374.126
Federal Republic of Somalia,SOM,1964,"Mortality rate, adult, female (per 1,000 female adults)",SP.DYN.AMRT.FE,376.606
Federal Republic of Somalia,SOM,1963,"Mortality rate, adult, female (per 1,000 female adults)",SP.DYN.AMRT.FE,378.761
Federal Republic of Somalia,SOM,1962,"Mortality rate, adult, female (per 1,000 female adults)",SP.DYN.AMRT.FE,381.124
Federal Republic of Somalia,SOM,1961,"Mortality rate, adult, female (per 1,000 female adults)",SP.DYN.AMRT.FE,384.106
Federal Republic of Somalia,SOM,1960,"Mortality rate, adult, female (per 1,000 female adults)",SP.DYN.AMRT.FE,385.909
Federal Republic of Somalia,SOM,2023,"Mortality rate, adult, male (per 1,000 male adults)",SP.DYN.AMRT.MA,325.45
Federal Republic of Somalia,SOM,2022,"Mortality rate, adult, male (per 1,000 male adults)",SP.DYN.AMRT.MA,359.766
Federal Republic of Somalia,SOM,2021,"Mortality rate, adult, male (per 1,000 male adults)",SP.DYN.AMRT.MA,378.546
Federal Republic of Somalia,SOM,2020,"Mortality rate, adult, male (per 1,000 male adults)",SP.DYN.AMRT.MA,330.805
Federal Republic of Somalia,SOM,2019,"Mortality rate, adult, male (per 1,000 male adults)",SP.DYN.AMRT.MA,324.429
Federal Republic of Somalia,SOM,2018,"Mortality rate, adult, male (per 1,000 male adults)",SP.DYN.AMRT.MA,351.945
Federal Republic of Somalia,SOM,2017,"Mortality rate, adult, male (per 1,000 male adults)",SP.DYN.AMRT.MA,376.1
Federal Republic of Somalia,SOM,2016,"Mortality rate, adult, male (per 1,000 male adults)",SP.DYN.AMRT.MA,354.039
Federal Republic of Somalia,SOM,2015,"Mortality rate, adult, male (per 1,000 male adults)",SP.DYN.AMRT.MA,349.066
Federal Republic of Somalia,SOM,2014,"Mortality rate, adult, male (per 1,000 male adults)",SP.DYN.AMRT.MA,356.871
Federal Republic of Somalia,SOM,2013,"Mortality rate, adult, male (per 1,000 male adults)",SP.DYN.AMRT.MA,354.941
Federal Republic of Somalia,SOM,2012,"Mortality rate, adult, male (per 1,000 male adults)",SP.DYN.AMRT.MA,402.052
Federal Republic of Somalia,SOM,2011,"Mortality rate, adult, male (per 1,000 male adults)",SP.DYN.AMRT.MA,568.469
Federal Republic of Somalia,SOM,2010,"Mortality rate, adult, male (per 1,000 male adults)",SP.DYN.AMRT.MA,406.816
Federal Republic of Somalia,SOM,2009,"Mortality rate, adult, male (per 1,000 male adults)",SP.DYN.AMRT.MA,362.82
Federal Republic of Somalia,SOM,2008,"Mortality rate, adult, male (per 1,000 male adults)",SP.DYN.AMRT.MA,374.259
Federal Republic of Somalia,SOM,2007,"Mortality rate, adult, male (per 1,000 male adults)",SP.DYN.AMRT.MA,381.033
Federal Republic of Somalia,SOM,2006,"Mortality rate, adult, male (per 1,000 male adults)",SP.DYN.AMRT.MA,376.615
Federal Republic of Somalia,SOM,2005,"Mortality rate, adult, male (per 1,000 male adults)",SP.DYN.AMRT.MA,372.144
Federal Republic of Somalia,SOM,2004,"Mortality rate, adult, male (per 1,000 male adults)",SP.DYN.AMRT.MA,375.86
Federal Republic of Somalia,SOM,2003,"Mortality rate, adult, male (per 1,000 male adults)",SP.DYN.AMRT.MA,373.576
Federal Republic of Somalia,SOM,2002,"Mortality rate, adult, male (per 1,000 male adults)",SP.DYN.AMRT.MA,369.171
Federal Republic of Somalia,SOM,2001,"Mortality rate, adult, male (per 1,000 male adults)",SP.DYN.AMRT.MA,369.02
Federal Republic of Somalia,SOM,2000,"Mortality rate, adult, male (per 1,000 male adults)",SP.DYN.AMRT.MA,370.289
Federal Republic of Somalia,SOM,1999,"Mortality rate, adult, male (per 1,000 male adults)",SP.DYN.AMRT.MA,374.159
Federal Republic of Somalia,SOM,1998,"Mortality rate, adult, male (per 1,000 male adults)",SP.DYN.AMRT.MA,370.988
Federal Republic of Somalia,SOM,1997,"Mortality rate, adult, male (per 1,000 male adults)",SP.DYN.AMRT.MA,376.5
Federal Republic of Somalia,SOM,1996,"Mortality rate, adult, male (per 1,000 male adults)",SP.DYN.AMRT.MA,378.475
Federal Republic of Somalia,SOM,1995,"Mortality rate, adult, male (per 1,000 male adults)",SP.DYN.AMRT.MA,376.482
Federal Republic of Somalia,SOM,1994,"Mortality rate, adult, male (per 1,000 male adults)",SP.DYN.AMRT.MA,379.03
Federal Republic of Somalia,SOM,1993,"Mortality rate, adult, male (per 1,000 male adults)",SP.DYN.AMRT.MA,374.038
Federal Republic of Somalia,SOM,1992,"Mortality rate, adult, male (per 1,000 male adults)",SP.DYN.AMRT.MA,676.208
Federal Republic of Somalia,SOM,1991,"Mortality rate, adult, male (per 1,000 male adults)",SP.DYN.AMRT.MA,709.238
Federal Republic of Somalia,SOM,1990,"Mortality rate, adult, male (per 1,000 male adults)",SP.DYN.AMRT.MA,522.242
Federal Republic of Somalia,SOM,1989,"Mortality rate, adult, male (per 1,000 male adults)",SP.DYN.AMRT.MA,522.556
Federal Republic of Somalia,SOM,1988,"Mortality rate, adult, male (per 1,000 male adults)",SP.DYN.AMRT.MA,581.47
Federal Republic of Somalia,SOM,1987,"Mortality rate, adult, male (per 1,000 male adults)",SP.DYN.AMRT.MA,385.817
Federal Republic of Somalia,SOM,1986,"Mortality rate, adult, male (per 1,000 male adults)",SP.DYN.AMRT.MA,394.55
Federal Republic of Somalia,SOM,1985,"Mortality rate, adult, male (per 1,000 male adults)",SP.DYN.AMRT.MA,395.175
Federal Republic of Somalia,SOM,1984,"Mortality rate, adult, male (per 1,000 male adults)",SP.DYN.AMRT.MA,391.134
Federal Republic of Somalia,SOM,1983,"Mortality rate, adult, male (per 1,000 male adults)",SP.DYN.AMRT.MA,393.2
Federal Republic of Somalia,SOM,1982,"Mortality rate, adult, male (per 1,000 male adults)",SP.DYN.AMRT.MA,395.279
Federal Republic of Somalia,SOM,1981,"Mortality rate, adult, male (per 1,000 male adults)",SP.DYN.AMRT.MA,396.976
Federal Republic of Somalia,SOM,1980,"Mortality rate, adult, male (per 1,000 male adults)",SP.DYN.AMRT.MA,399.025
Federal Republic of Somalia,SOM,1979,"Mortality rate, adult, male (per 1,000 male adults)",SP.DYN.AMRT.MA,401.04
Federal Republic of Somalia,SOM,1978,"Mortality rate, adult, male (per 1,000 male adults)",SP.DYN.AMRT.MA,412.813
Federal Republic of Somalia,SOM,1977,"Mortality rate, adult, male (per 1,000 male adults)",SP.DYN.AMRT.MA,404.966
Federal Republic of Somalia,SOM,1976,"Mortality rate, adult, male (per 1,000 male adults)",SP.DYN.AMRT.MA,427.509
Federal Republic of Somalia,SOM,1975,"Mortality rate, adult, male (per 1,000 male adults)",SP.DYN.AMRT.MA,429.877
Federal Republic of Somalia,SOM,1974,"Mortality rate, adult, male (per 1,000 male adults)",SP.DYN.AMRT.MA,432.313
Federal Republic of Somalia,SOM,1973,"Mortality rate, adult, male (per 1,000 male adults)",SP.DYN.AMRT.MA,412.99
Federal Republic of Somalia,SOM,1972,"Mortality rate, adult, male (per 1,000 male adults)",SP.DYN.AMRT.MA,415.13
Federal Republic of Somalia,SOM,1971,"Mortality rate, adult, male (per 1,000 male adults)",SP.DYN.AMRT.MA,417.341
Federal Republic of Somalia,SOM,1970,"Mortality rate, adult, male (per 1,000 male adults)",SP.DYN.AMRT.MA,419.499
Federal Republic of Somalia,SOM,1969,"Mortality rate, adult, male (per 1,000 male adults)",SP.DYN.AMRT.MA,421.616
Federal Republic of Somalia,SOM,1968,"Mortality rate, adult, male (per 1,000 male adults)",SP.DYN.AMRT.MA,423.845
Federal Republic of Somalia,SOM,1967,"Mortality rate, adult, male (per 1,000 male adults)",SP.DYN.AMRT.MA,426.126
Federal Republic of Somalia,SOM,1966,"Mortality rate, adult, male (per 1,000 male adults)",SP.DYN.AMRT.MA,428.462
Federal Republic of Somalia,SOM,1965,"Mortality rate, adult, male (per 1,000 male adults)",SP.DYN.AMRT.MA,430.852
Federal Republic of Somalia,SOM,1964,"Mortality rate, adult, male (per 1,000 male adults)",SP.DYN.AMRT.MA,433.502
Federal Republic of Somalia,SOM,1963,"Mortality rate, adult, male (per 1,000 male adults)",SP.DYN.AMRT.MA,435.762
Federal Republic of Somalia,SOM,1962,"Mortality rate, adult, male (per 1,000 male adults)",SP.DYN.AMRT.MA,438.261
Federal Republic of Somalia,SOM,1961,"Mortality rate, adult, male (per 1,000 male adults)",SP.DYN.AMRT.MA,441.643
Federal Republic of Somalia,SOM,1960,"Mortality rate, adult, male (per 1,000 male adults)",SP.DYN.AMRT.MA,442.848
Federal Republic of Somalia,SOM,2019,"Contraceptive prevalence, any method (% of married women ages 15-49)",SP.DYN.CONU.ZS,6.9
Federal Republic of Somalia,SOM,2006,"Contraceptive prevalence, any method (% of married women ages 15-49)",SP.DYN.CONU.ZS,14.59527888
Federal Republic of Somalia,SOM,2000,"Contraceptive prevalence, any method (% of married women ages 15-49)",SP.DYN.CONU.ZS,7.9
Federal Republic of Somalia,SOM,2023,"Life expectancy at birth, female (years)",SP.DYN.LE00.FE.IN,61.388
Federal Republic of Somalia,SOM,2022,"Life expectancy at birth, female (years)",SP.DYN.LE00.FE.IN,56.159
Federal Republic of Somalia,SOM,2021,"Life expectancy at birth, female (years)",SP.DYN.LE00.FE.IN,57.752
Federal Republic of Somalia,SOM,2020,"Life expectancy at birth, female (years)",SP.DYN.LE00.FE.IN,59.176
Federal Republic of Somalia,SOM,2019,"Life expectancy at birth, female (years)",SP.DYN.LE00.FE.IN,59.31
Federal Republic of Somalia,SOM,2018,"Life expectancy at birth, female (years)",SP.DYN.LE00.FE.IN,56.911
Federal Republic of Somalia,SOM,2017,"Life expectancy at birth, female (years)",SP.DYN.LE00.FE.IN,54.275
Federal Republic of Somalia,SOM,2016,"Life expectancy at birth, female (years)",SP.DYN.LE00.FE.IN,57.554
Federal Republic of Somalia,SOM,2015,"Life expectancy at birth, female (years)",SP.DYN.LE00.FE.IN,57.135
Federal Republic of Somalia,SOM,2014,"Life expectancy at birth, female (years)",SP.DYN.LE00.FE.IN,56.557
Federal Republic of Somalia,SOM,2013,"Life expectancy at birth, female (years)",SP.DYN.LE00.FE.IN,55.964
Federal Republic of Somalia,SOM,2012,"Life expectancy at birth, female (years)",SP.DYN.LE00.FE.IN,51.019
Federal Republic of Somalia,SOM,2011,"Life expectancy at birth, female (years)",SP.DYN.LE00.FE.IN,33.651
Federal Republic of Somalia,SOM,2010,"Life expectancy at birth, female (years)",SP.DYN.LE00.FE.IN,50.797
Federal Republic of Somalia,SOM,2009,"Life expectancy at birth, female (years)",SP.DYN.LE00.FE.IN,53.734
Federal Republic of Somalia,SOM,2008,"Life expectancy at birth, female (years)",SP.DYN.LE00.FE.IN,53.194
Federal Republic of Somalia,SOM,2007,"Life expectancy at birth, female (years)",SP.DYN.LE00.FE.IN,52.601
Federal Republic of Somalia,SOM,2006,"Life expectancy at birth, female (years)",SP.DYN.LE00.FE.IN,52.555
Federal Republic of Somalia,SOM,2005,"Life expectancy at birth, female (years)",SP.DYN.LE00.FE.IN,52.42
Federal Republic of Somalia,SOM,2004,"Life expectancy at birth, female (years)",SP.DYN.LE00.FE.IN,52.233
Federal Republic of Somalia,SOM,2003,"Life expectancy at birth, female (years)",SP.DYN.LE00.FE.IN,52.232
Federal Republic of Somalia,SOM,2002,"Life expectancy at birth, female (years)",SP.DYN.LE00.FE.IN,52.255
Federal Republic of Somalia,SOM,2001,"Life expectancy at birth, female (years)",SP.DYN.LE00.FE.IN,52.267
Federal Republic of Somalia,SOM,2000,"Life expectancy at birth, female (years)",SP.DYN.LE00.FE.IN,52.179
Federal Republic of Somalia,SOM,1999,"Life expectancy at birth, female (years)",SP.DYN.LE00.FE.IN,52.092
Federal Republic of Somalia,SOM,1998,"Life expectancy at birth, female (years)",SP.DYN.LE00.FE.IN,52.221
Federal Republic of Somalia,SOM,1997,"Life expectancy at birth, female (years)",SP.DYN.LE00.FE.IN,51.767
Federal Republic of Somalia,SOM,1996,"Life expectancy at birth, female (years)",SP.DYN.LE00.FE.IN,52.099
Federal Republic of Somalia,SOM,1995,"Life expectancy at birth, female (years)",SP.DYN.LE00.FE.IN,52.231
Federal Republic of Somalia,SOM,1994,"Life expectancy at birth, female (years)",SP.DYN.LE00.FE.IN,51.807
Federal Republic of Somalia,SOM,1993,"Life expectancy at birth, female (years)",SP.DYN.LE00.FE.IN,52.063
Federal Republic of Somalia,SOM,1992,"Life expectancy at birth, female (years)",SP.DYN.LE00.FE.IN,26.254
Federal Republic of Somalia,SOM,1991,"Life expectancy at birth, female (years)",SP.DYN.LE00.FE.IN,27.335
Federal Republic of Somalia,SOM,1990,"Life expectancy at birth, female (years)",SP.DYN.LE00.FE.IN,51.185
Federal Republic of Somalia,SOM,1989,"Life expectancy at birth, female (years)",SP.DYN.LE00.FE.IN,50.881
Federal Republic of Somalia,SOM,1988,"Life expectancy at birth, female (years)",SP.DYN.LE00.FE.IN,48.776
Federal Republic of Somalia,SOM,1987,"Life expectancy at birth, female (years)",SP.DYN.LE00.FE.IN,50.486
Federal Republic of Somalia,SOM,1986,"Life expectancy at birth, female (years)",SP.DYN.LE00.FE.IN,49.888
Federal Republic of Somalia,SOM,1985,"Life expectancy at birth, female (years)",SP.DYN.LE00.FE.IN,49.72
Federal Republic of Somalia,SOM,1984,"Life expectancy at birth, female (years)",SP.DYN.LE00.FE.IN,49.905
Federal Republic of Somalia,SOM,1983,"Life expectancy at birth, female (years)",SP.DYN.LE00.FE.IN,49.701
Federal Republic of Somalia,SOM,1982,"Life expectancy at birth, female (years)",SP.DYN.LE00.FE.IN,49.496
Federal Republic of Somalia,SOM,1981,"Life expectancy at birth, female (years)",SP.DYN.LE00.FE.IN,49.292
Federal Republic of Somalia,SOM,1980,"Life expectancy at birth, female (years)",SP.DYN.LE00.FE.IN,49.091
Federal Republic of Somalia,SOM,1979,"Life expectancy at birth, female (years)",SP.DYN.LE00.FE.IN,48.888
Federal Republic of Somalia,SOM,1978,"Life expectancy at birth, female (years)",SP.DYN.LE00.FE.IN,48.67
Federal Republic of Somalia,SOM,1977,"Life expectancy at birth, female (years)",SP.DYN.LE00.FE.IN,48.492
Federal Republic of Somalia,SOM,1976,"Life expectancy at birth, female (years)",SP.DYN.LE00.FE.IN,46.178
Federal Republic of Somalia,SOM,1975,"Life expectancy at birth, female (years)",SP.DYN.LE00.FE.IN,45.943
Federal Republic of Somalia,SOM,1974,"Life expectancy at birth, female (years)",SP.DYN.LE00.FE.IN,45.711
Federal Republic of Somalia,SOM,1973,"Life expectancy at birth, female (years)",SP.DYN.LE00.FE.IN,47.717
Federal Republic of Somalia,SOM,1972,"Life expectancy at birth, female (years)",SP.DYN.LE00.FE.IN,47.525
Federal Republic of Somalia,SOM,1971,"Life expectancy at birth, female (years)",SP.DYN.LE00.FE.IN,47.33
Federal Republic of Somalia,SOM,1970,"Life expectancy at birth, female (years)",SP.DYN.LE00.FE.IN,47.137
Federal Republic of Somalia,SOM,1969,"Life expectancy at birth, female (years)",SP.DYN.LE00.FE.IN,46.946
Federal Republic of Somalia,SOM,1968,"Life expectancy at birth, female (years)",SP.DYN.LE00.FE.IN,46.747
Federal Republic of Somalia,SOM,1967,"Life expectancy at birth, female (years)",SP.DYN.LE00.FE.IN,46.543
Federal Republic of Somalia,SOM,1966,"Life expectancy at birth, female (years)",SP.DYN.LE00.FE.IN,46.335
Federal Republic of Somalia,SOM,1965,"Life expectancy at birth, female (years)",SP.DYN.LE00.FE.IN,46.122
Federal Republic of Somalia,SOM,1964,"Life expectancy at birth, female (years)",SP.DYN.LE00.FE.IN,45.884
Federal Republic of Somalia,SOM,1963,"Life expectancy at birth, female (years)",SP.DYN.LE00.FE.IN,45.686
Federal Republic of Somalia,SOM,1962,"Life expectancy at birth, female (years)",SP.DYN.LE00.FE.IN,45.464
Federal Republic of Somalia,SOM,1961,"Life expectancy at birth, female (years)",SP.DYN.LE00.FE.IN,45.151
Federal Republic of Somalia,SOM,1960,"Life expectancy at birth, female (years)",SP.DYN.LE00.FE.IN,45.015
Federal Republic of Somalia,SOM,2023,"Life expectancy at birth, male (years)",SP.DYN.LE00.MA.IN,56.35
Federal Republic of Somalia,SOM,2022,"Life expectancy at birth, male (years)",SP.DYN.LE00.MA.IN,51.791
Federal Republic of Somalia,SOM,2021,"Life expectancy at birth, male (years)",SP.DYN.LE00.MA.IN,53.724
Federal Republic of Somalia,SOM,2020,"Life expectancy at birth, male (years)",SP.DYN.LE00.MA.IN,55.076
Federal Republic of Somalia,SOM,2019,"Life expectancy at birth, male (years)",SP.DYN.LE00.MA.IN,55.241
Federal Republic of Somalia,SOM,2018,"Life expectancy at birth, male (years)",SP.DYN.LE00.MA.IN,52.694
Federal Republic of Somalia,SOM,2017,"Life expectancy at birth, male (years)",SP.DYN.LE00.MA.IN,50.18
Federal Republic of Somalia,SOM,2016,"Life expectancy at birth, male (years)",SP.DYN.LE00.MA.IN,53.095
Federal Republic of Somalia,SOM,2015,"Life expectancy at birth, male (years)",SP.DYN.LE00.MA.IN,53.037
Federal Republic of Somalia,SOM,2014,"Life expectancy at birth, male (years)",SP.DYN.LE00.MA.IN,52.394
Federal Republic of Somalia,SOM,2013,"Life expectancy at birth, male (years)",SP.DYN.LE00.MA.IN,52.118
Federal Republic of Somalia,SOM,2012,"Life expectancy at birth, male (years)",SP.DYN.LE00.MA.IN,47.319
Federal Republic of Somalia,SOM,2011,"Life expectancy at birth, male (years)",SP.DYN.LE00.MA.IN,31.294
Federal Republic of Somalia,SOM,2010,"Life expectancy at birth, male (years)",SP.DYN.LE00.MA.IN,47.07
Federal Republic of Somalia,SOM,2009,"Life expectancy at birth, male (years)",SP.DYN.LE00.MA.IN,50.502
Federal Republic of Somalia,SOM,2008,"Life expectancy at birth, male (years)",SP.DYN.LE00.MA.IN,49.766
Federal Republic of Somalia,SOM,2007,"Life expectancy at birth, male (years)",SP.DYN.LE00.MA.IN,49.215
Federal Republic of Somalia,SOM,2006,"Life expectancy at birth, male (years)",SP.DYN.LE00.MA.IN,49.313
Federal Republic of Somalia,SOM,2005,"Life expectancy at birth, male (years)",SP.DYN.LE00.MA.IN,49.393
Federal Republic of Somalia,SOM,2004,"Life expectancy at birth, male (years)",SP.DYN.LE00.MA.IN,49.164
Federal Republic of Somalia,SOM,2003,"Life expectancy at birth, male (years)",SP.DYN.LE00.MA.IN,49.233
Federal Republic of Somalia,SOM,2002,"Life expectancy at birth, male (years)",SP.DYN.LE00.MA.IN,49.402
Federal Republic of Somalia,SOM,2001,"Life expectancy at birth, male (years)",SP.DYN.LE00.MA.IN,49.407
Federal Republic of Somalia,SOM,2000,"Life expectancy at birth, male (years)",SP.DYN.LE00.MA.IN,49.329
Federal Republic of Somalia,SOM,1999,"Life expectancy at birth, male (years)",SP.DYN.LE00.MA.IN,49.148
Federal Republic of Somalia,SOM,1998,"Life expectancy at birth, male (years)",SP.DYN.LE00.MA.IN,49.305
Federal Republic of Somalia,SOM,1997,"Life expectancy at birth, male (years)",SP.DYN.LE00.MA.IN,48.803
Federal Republic of Somalia,SOM,1996,"Life expectancy at birth, male (years)",SP.DYN.LE00.MA.IN,48.972
Federal Republic of Somalia,SOM,1995,"Life expectancy at birth, male (years)",SP.DYN.LE00.MA.IN,49.09
Federal Republic of Somalia,SOM,1994,"Life expectancy at birth, male (years)",SP.DYN.LE00.MA.IN,48.812
Federal Republic of Somalia,SOM,1993,"Life expectancy at birth, male (years)",SP.DYN.LE00.MA.IN,49.052
Federal Republic of Somalia,SOM,1992,"Life expectancy at birth, male (years)",SP.DYN.LE00.MA.IN,23.875
Federal Republic of Somalia,SOM,1991,"Life expectancy at birth, male (years)",SP.DYN.LE00.MA.IN,23.715
Federal Republic of Somalia,SOM,1990,"Life expectancy at birth, male (years)",SP.DYN.LE00.MA.IN,43.126
Federal Republic of Somalia,SOM,1989,"Life expectancy at birth, male (years)",SP.DYN.LE00.MA.IN,42.94
Federal Republic of Somalia,SOM,1988,"Life expectancy at birth, male (years)",SP.DYN.LE00.MA.IN,39.863
Federal Republic of Somalia,SOM,1987,"Life expectancy at birth, male (years)",SP.DYN.LE00.MA.IN,47.56
Federal Republic of Somalia,SOM,1986,"Life expectancy at birth, male (years)",SP.DYN.LE00.MA.IN,47.018
Federal Republic of Somalia,SOM,1985,"Life expectancy at birth, male (years)",SP.DYN.LE00.MA.IN,46.878
Federal Republic of Somalia,SOM,1984,"Life expectancy at birth, male (years)",SP.DYN.LE00.MA.IN,47.013
Federal Republic of Somalia,SOM,1983,"Life expectancy at birth, male (years)",SP.DYN.LE00.MA.IN,46.801
Federal Republic of Somalia,SOM,1982,"Life expectancy at birth, male (years)",SP.DYN.LE00.MA.IN,46.588
Federal Republic of Somalia,SOM,1981,"Life expectancy at birth, male (years)",SP.DYN.LE00.MA.IN,46.387
Federal Republic of Somalia,SOM,1980,"Life expectancy at birth, male (years)",SP.DYN.LE00.MA.IN,46.175
Federal Republic of Somalia,SOM,1979,"Life expectancy at birth, male (years)",SP.DYN.LE00.MA.IN,45.967
Federal Republic of Somalia,SOM,1978,"Life expectancy at birth, male (years)",SP.DYN.LE00.MA.IN,45.418
Federal Republic of Somalia,SOM,1977,"Life expectancy at birth, male (years)",SP.DYN.LE00.MA.IN,45.561
Federal Republic of Somalia,SOM,1976,"Life expectancy at birth, male (years)",SP.DYN.LE00.MA.IN,43.321
Federal Republic of Somalia,SOM,1975,"Life expectancy at birth, male (years)",SP.DYN.LE00.MA.IN,43.084
Federal Republic of Somalia,SOM,1974,"Life expectancy at birth, male (years)",SP.DYN.LE00.MA.IN,42.852
Federal Republic of Somalia,SOM,1973,"Life expectancy at birth, male (years)",SP.DYN.LE00.MA.IN,44.774
Federal Republic of Somalia,SOM,1972,"Life expectancy at birth, male (years)",SP.DYN.LE00.MA.IN,44.581
Federal Republic of Somalia,SOM,1971,"Life expectancy at birth, male (years)",SP.DYN.LE00.MA.IN,44.385
Federal Republic of Somalia,SOM,1970,"Life expectancy at birth, male (years)",SP.DYN.LE00.MA.IN,44.191
Federal Republic of Somalia,SOM,1969,"Life expectancy at birth, male (years)",SP.DYN.LE00.MA.IN,43.999
Federal Republic of Somalia,SOM,1968,"Life expectancy at birth, male (years)",SP.DYN.LE00.MA.IN,43.8
Federal Republic of Somalia,SOM,1967,"Life expectancy at birth, male (years)",SP.DYN.LE00.MA.IN,43.596
Federal Republic of Somalia,SOM,1966,"Life expectancy at birth, male (years)",SP.DYN.LE00.MA.IN,43.387
Federal Republic of Somalia,SOM,1965,"Life expectancy at birth, male (years)",SP.DYN.LE00.MA.IN,43.173
Federal Republic of Somalia,SOM,1964,"Life expectancy at birth, male (years)",SP.DYN.LE00.MA.IN,42.935
Federal Republic of Somalia,SOM,1963,"Life expectancy at birth, male (years)",SP.DYN.LE00.MA.IN,42.736
Federal Republic of Somalia,SOM,1962,"Life expectancy at birth, male (years)",SP.DYN.LE00.MA.IN,42.513
Federal Republic of Somalia,SOM,1961,"Life expectancy at birth, male (years)",SP.DYN.LE00.MA.IN,42.214
Federal Republic of Somalia,SOM,1960,"Life expectancy at birth, male (years)",SP.DYN.LE00.MA.IN,42.102
Federal Republic of Somalia,SOM,2023,"Fertility rate, total (births per woman)",SP.DYN.TFRT.IN,6.132
Federal Republic of Somalia,SOM,2022,"Fertility rate, total (births per woman)",SP.DYN.TFRT.IN,6.255
Federal Republic of Somalia,SOM,2021,"Fertility rate, total (births per woman)",SP.DYN.TFRT.IN,6.353
Federal Republic of Somalia,SOM,2020,"Fertility rate, total (births per woman)",SP.DYN.TFRT.IN,6.453
Federal Republic of Somalia,SOM,2019,"Fertility rate, total (births per woman)",SP.DYN.TFRT.IN,6.56
Federal Republic of Somalia,SOM,2018,"Fertility rate, total (births per woman)",SP.DYN.TFRT.IN,6.662
Federal Republic of Somalia,SOM,2017,"Fertility rate, total (births per woman)",SP.DYN.TFRT.IN,6.766
Federal Republic of Somalia,SOM,2016,"Fertility rate, total (births per woman)",SP.DYN.TFRT.IN,6.878
Federal Republic of Somalia,SOM,2015,"Fertility rate, total (births per woman)",SP.DYN.TFRT.IN,6.975
Federal Republic of Somalia,SOM,2014,"Fertility rate, total (births per woman)",SP.DYN.TFRT.IN,7.061
Federal Republic of Somalia,SOM,2013,"Fertility rate, total (births per woman)",SP.DYN.TFRT.IN,7.14
Federal Republic of Somalia,SOM,2012,"Fertility rate, total (births per woman)",SP.DYN.TFRT.IN,7.211
Federal Republic of Somalia,SOM,2011,"Fertility rate, total (births per woman)",SP.DYN.TFRT.IN,7.268
Federal Republic of Somalia,SOM,2010,"Fertility rate, total (births per woman)",SP.DYN.TFRT.IN,7.322
Federal Republic of Somalia,SOM,2009,"Fertility rate, total (births per woman)",SP.DYN.TFRT.IN,7.376
Federal Republic of Somalia,SOM,2008,"Fertility rate, total (births per woman)",SP.DYN.TFRT.IN,7.415
Federal Republic of Somalia,SOM,2007,"Fertility rate, total (births per woman)",SP.DYN.TFRT.IN,7.457
Federal Republic of Somalia,SOM,2006,"Fertility rate, total (births per woman)",SP.DYN.TFRT.IN,7.49
Federal Republic of Somalia,SOM,2005,"Fertility rate, total (births per woman)",SP.DYN.TFRT.IN,7.527
Federal Republic of Somalia,SOM,2004,"Fertility rate, total (births per woman)",SP.DYN.TFRT.IN,7.568
Federal Republic of Somalia,SOM,2003,"Fertility rate, total (births per woman)",SP.DYN.TFRT.IN,7.603
Federal Republic of Somalia,SOM,2002,"Fertility rate, total (births per woman)",SP.DYN.TFRT.IN,7.626
Federal Republic of Somalia,SOM,2001,"Fertility rate, total (births per woman)",SP.DYN.TFRT.IN,7.636
Federal Republic of Somalia,SOM,2000,"Fertility rate, total (births per woman)",SP.DYN.TFRT.IN,7.645
Federal Republic of Somalia,SOM,1999,"Fertility rate, total (births per woman)",SP.DYN.TFRT.IN,7.657
Federal Republic of Somalia,SOM,1998,"Fertility rate, total (births per woman)",SP.DYN.TFRT.IN,7.656
Federal Republic of Somalia,SOM,1997,"Fertility rate, total (births per woman)",SP.DYN.TFRT.IN,7.662
Federal Republic of Somalia,SOM,1996,"Fertility rate, total (births per woman)",SP.DYN.TFRT.IN,7.621
Federal Republic of Somalia,SOM,1995,"Fertility rate, total (births per woman)",SP.DYN.TFRT.IN,7.581
Federal Republic of Somalia,SOM,1994,"Fertility rate, total (births per woman)",SP.DYN.TFRT.IN,7.544
Federal Republic of Somalia,SOM,1993,"Fertility rate, total (births per woman)",SP.DYN.TFRT.IN,7.526
Federal Republic of Somalia,SOM,1992,"Fertility rate, total (births per woman)",SP.DYN.TFRT.IN,7.5
Federal Republic of Somalia,SOM,1991,"Fertility rate, total (births per woman)",SP.DYN.TFRT.IN,7.47
Federal Republic of Somalia,SOM,1990,"Fertility rate, total (births per woman)",SP.DYN.TFRT.IN,7.44
Federal Republic of Somalia,SOM,1989,"Fertility rate, total (births per woman)",SP.DYN.TFRT.IN,7.424
Federal Republic of Somalia,SOM,1988,"Fertility rate, total (births per woman)",SP.DYN.TFRT.IN,7.398
Federal Republic of Somalia,SOM,1987,"Fertility rate, total (births per woman)",SP.DYN.TFRT.IN,7.373
Federal Republic of Somalia,SOM,1986,"Fertility rate, total (births per woman)",SP.DYN.TFRT.IN,7.349
Federal Republic of Somalia,SOM,1985,"Fertility rate, total (births per woman)",SP.DYN.TFRT.IN,7.327
Federal Republic of Somalia,SOM,1984,"Fertility rate, total (births per woman)",SP.DYN.TFRT.IN,7.3
Federal Republic of Somalia,SOM,1983,"Fertility rate, total (births per woman)",SP.DYN.TFRT.IN,7.277
Federal Republic of Somalia,SOM,1982,"Fertility rate, total (births per woman)",SP.DYN.TFRT.IN,7.252
Federal Republic of Somalia,SOM,1981,"Fertility rate, total (births per woman)",SP.DYN.TFRT.IN,7.227
Federal Republic of Somalia,SOM,1980,"Fertility rate, total (births per woman)",SP.DYN.TFRT.IN,7.178
Federal Republic of Somalia,SOM,1979,"Fertility rate, total (births per woman)",SP.DYN.TFRT.IN,7.161
Federal Republic of Somalia,SOM,1978,"Fertility rate, total (births per woman)",SP.DYN.TFRT.IN,7.13
Federal Republic of Somalia,SOM,1977,"Fertility rate, total (births per woman)",SP.DYN.TFRT.IN,7.004
Federal Republic of Somalia,SOM,1976,"Fertility rate, total (births per woman)",SP.DYN.TFRT.IN,7.016
Federal Republic of Somalia,SOM,1975,"Fertility rate, total (births per woman)",SP.DYN.TFRT.IN,7.033
Federal Republic of Somalia,SOM,1974,"Fertility rate, total (births per woman)",SP.DYN.TFRT.IN,7.057
Federal Republic of Somalia,SOM,1973,"Fertility rate, total (births per woman)",SP.DYN.TFRT.IN,7.086
Federal Republic of Somalia,SOM,1972,"Fertility rate, total (births per woman)",SP.DYN.TFRT.IN,7.118
Federal Republic of Somalia,SOM,1971,"Fertility rate, total (births per woman)",SP.DYN.TFRT.IN,7.151
Federal Republic of Somalia,SOM,1970,"Fertility rate, total (births per woman)",SP.DYN.TFRT.IN,7.182
Federal Republic of Somalia,SOM,1969,"Fertility rate, total (births per woman)",SP.DYN.TFRT.IN,7.209
Federal Republic of Somalia,SOM,1968,"Fertility rate, total (births per woman)",SP.DYN.TFRT.IN,7.231
Federal Republic of Somalia,SOM,1967,"Fertility rate, total (births per woman)",SP.DYN.TFRT.IN,7.248
Federal Republic of Somalia,SOM,1966,"Fertility rate, total (births per woman)",SP.DYN.TFRT.IN,7.257
Federal Republic of Somalia,SOM,1965,"Fertility rate, total (births per woman)",SP.DYN.TFRT.IN,7.261
Federal Republic of Somalia,SOM,1964,"Fertility rate, total (births per woman)",SP.DYN.TFRT.IN,7.261
Federal Republic of Somalia,SOM,1963,"Fertility rate, total (births per woman)",SP.DYN.TFRT.IN,7.258
Federal Republic of Somalia,SOM,1962,"Fertility rate, total (births per woman)",SP.DYN.TFRT.IN,7.255
Federal Republic of Somalia,SOM,1961,"Fertility rate, total (births per woman)",SP.DYN.TFRT.IN,7.252
Federal Republic of Somalia,SOM,1960,"Fertility rate, total (births per woman)",SP.DYN.TFRT.IN,7.25
Federal Republic of Somalia,SOM,2023,"Survival to age 65, female (% of cohort)",SP.DYN.TO65.FE.ZS,61.283566
Federal Republic of Somalia,SOM,2022,"Survival to age 65, female (% of cohort)",SP.DYN.TO65.FE.ZS,53.74913
Federal Republic of Somalia,SOM,2021,"Survival to age 65, female (% of cohort)",SP.DYN.TO65.FE.ZS,53.361104
Federal Republic of Somalia,SOM,2020,"Survival to age 65, female (% of cohort)",SP.DYN.TO65.FE.ZS,57.296869
Federal Republic of Somalia,SOM,2019,"Survival to age 65, female (% of cohort)",SP.DYN.TO65.FE.ZS,58.182362
Federal Republic of Somalia,SOM,2018,"Survival to age 65, female (% of cohort)",SP.DYN.TO65.FE.ZS,54.68832
Federal Republic of Somalia,SOM,2017,"Survival to age 65, female (% of cohort)",SP.DYN.TO65.FE.ZS,50.887407
Federal Republic of Somalia,SOM,2016,"Survival to age 65, female (% of cohort)",SP.DYN.TO65.FE.ZS,55.517587
Federal Republic of Somalia,SOM,2015,"Survival to age 65, female (% of cohort)",SP.DYN.TO65.FE.ZS,54.939909
Federal Republic of Somalia,SOM,2014,"Survival to age 65, female (% of cohort)",SP.DYN.TO65.FE.ZS,54.083465
Federal Republic of Somalia,SOM,2013,"Survival to age 65, female (% of cohort)",SP.DYN.TO65.FE.ZS,53.224469
Federal Republic of Somalia,SOM,2012,"Survival to age 65, female (% of cohort)",SP.DYN.TO65.FE.ZS,46.244982
Federal Republic of Somalia,SOM,2011,"Survival to age 65, female (% of cohort)",SP.DYN.TO65.FE.ZS,23.56382
Federal Republic of Somalia,SOM,2010,"Survival to age 65, female (% of cohort)",SP.DYN.TO65.FE.ZS,45.895304
Federal Republic of Somalia,SOM,2009,"Survival to age 65, female (% of cohort)",SP.DYN.TO65.FE.ZS,50.039578
Federal Republic of Somalia,SOM,2008,"Survival to age 65, female (% of cohort)",SP.DYN.TO65.FE.ZS,49.245904
Federal Republic of Somalia,SOM,2007,"Survival to age 65, female (% of cohort)",SP.DYN.TO65.FE.ZS,48.351471
Federal Republic of Somalia,SOM,2006,"Survival to age 65, female (% of cohort)",SP.DYN.TO65.FE.ZS,48.351685
Federal Republic of Somalia,SOM,2005,"Survival to age 65, female (% of cohort)",SP.DYN.TO65.FE.ZS,48.176632
Federal Republic of Somalia,SOM,2004,"Survival to age 65, female (% of cohort)",SP.DYN.TO65.FE.ZS,47.883198
Federal Republic of Somalia,SOM,2003,"Survival to age 65, female (% of cohort)",SP.DYN.TO65.FE.ZS,47.902159
Federal Republic of Somalia,SOM,2002,"Survival to age 65, female (% of cohort)",SP.DYN.TO65.FE.ZS,47.946891
Federal Republic of Somalia,SOM,2001,"Survival to age 65, female (% of cohort)",SP.DYN.TO65.FE.ZS,47.966458
Federal Republic of Somalia,SOM,2000,"Survival to age 65, female (% of cohort)",SP.DYN.TO65.FE.ZS,47.817361
Federal Republic of Somalia,SOM,1999,"Survival to age 65, female (% of cohort)",SP.DYN.TO65.FE.ZS,47.670858
Federal Republic of Somalia,SOM,1998,"Survival to age 65, female (% of cohort)",SP.DYN.TO65.FE.ZS,47.886091
Federal Republic of Somalia,SOM,1997,"Survival to age 65, female (% of cohort)",SP.DYN.TO65.FE.ZS,47.298145
Federal Republic of Somalia,SOM,1996,"Survival to age 65, female (% of cohort)",SP.DYN.TO65.FE.ZS,47.675023
Federal Republic of Somalia,SOM,1995,"Survival to age 65, female (% of cohort)",SP.DYN.TO65.FE.ZS,47.895599
Federal Republic of Somalia,SOM,1994,"Survival to age 65, female (% of cohort)",SP.DYN.TO65.FE.ZS,47.219923
Federal Republic of Somalia,SOM,1993,"Survival to age 65, female (% of cohort)",SP.DYN.TO65.FE.ZS,47.667248
Federal Republic of Somalia,SOM,1992,"Survival to age 65, female (% of cohort)",SP.DYN.TO65.FE.ZS,15.225676
Federal Republic of Somalia,SOM,1991,"Survival to age 65, female (% of cohort)",SP.DYN.TO65.FE.ZS,16.307736
Federal Republic of Somalia,SOM,1990,"Survival to age 65, female (% of cohort)",SP.DYN.TO65.FE.ZS,46.109713
Federal Republic of Somalia,SOM,1989,"Survival to age 65, female (% of cohort)",SP.DYN.TO65.FE.ZS,45.69603
Federal Republic of Somalia,SOM,1988,"Survival to age 65, female (% of cohort)",SP.DYN.TO65.FE.ZS,42.352254
Federal Republic of Somalia,SOM,1987,"Survival to age 65, female (% of cohort)",SP.DYN.TO65.FE.ZS,45.492816
Federal Republic of Somalia,SOM,1986,"Survival to age 65, female (% of cohort)",SP.DYN.TO65.FE.ZS,44.533874
Federal Republic of Somalia,SOM,1985,"Survival to age 65, female (% of cohort)",SP.DYN.TO65.FE.ZS,44.32563
Federal Republic of Somalia,SOM,1984,"Survival to age 65, female (% of cohort)",SP.DYN.TO65.FE.ZS,44.68918
Federal Republic of Somalia,SOM,1983,"Survival to age 65, female (% of cohort)",SP.DYN.TO65.FE.ZS,44.404695
Federal Republic of Somalia,SOM,1982,"Survival to age 65, female (% of cohort)",SP.DYN.TO65.FE.ZS,44.119118
Federal Republic of Somalia,SOM,1981,"Survival to age 65, female (% of cohort)",SP.DYN.TO65.FE.ZS,43.835618
Federal Republic of Somalia,SOM,1980,"Survival to age 65, female (% of cohort)",SP.DYN.TO65.FE.ZS,43.556153
Federal Republic of Somalia,SOM,1979,"Survival to age 65, female (% of cohort)",SP.DYN.TO65.FE.ZS,43.274841
Federal Republic of Somalia,SOM,1978,"Survival to age 65, female (% of cohort)",SP.DYN.TO65.FE.ZS,42.953199
Federal Republic of Somalia,SOM,1977,"Survival to age 65, female (% of cohort)",SP.DYN.TO65.FE.ZS,42.727853
Federal Republic of Somalia,SOM,1976,"Survival to age 65, female (% of cohort)",SP.DYN.TO65.FE.ZS,39.580525
Federal Republic of Somalia,SOM,1975,"Survival to age 65, female (% of cohort)",SP.DYN.TO65.FE.ZS,39.261867
Federal Republic of Somalia,SOM,1974,"Survival to age 65, female (% of cohort)",SP.DYN.TO65.FE.ZS,38.949638
Federal Republic of Somalia,SOM,1973,"Survival to age 65, female (% of cohort)",SP.DYN.TO65.FE.ZS,41.664203
Federal Republic of Somalia,SOM,1972,"Survival to age 65, female (% of cohort)",SP.DYN.TO65.FE.ZS,41.39928
Federal Republic of Somalia,SOM,1971,"Survival to age 65, female (% of cohort)",SP.DYN.TO65.FE.ZS,41.120682
Federal Republic of Somalia,SOM,1970,"Survival to age 65, female (% of cohort)",SP.DYN.TO65.FE.ZS,40.847345
Federal Republic of Somalia,SOM,1969,"Survival to age 65, female (% of cohort)",SP.DYN.TO65.FE.ZS,40.577825
Federal Republic of Somalia,SOM,1968,"Survival to age 65, female (% of cohort)",SP.DYN.TO65.FE.ZS,40.296788
Federal Republic of Somalia,SOM,1967,"Survival to age 65, female (% of cohort)",SP.DYN.TO65.FE.ZS,40.009856
Federal Republic of Somalia,SOM,1966,"Survival to age 65, female (% of cohort)",SP.DYN.TO65.FE.ZS,39.716612
Federal Republic of Somalia,SOM,1965,"Survival to age 65, female (% of cohort)",SP.DYN.TO65.FE.ZS,39.417397
Federal Republic of Somalia,SOM,1964,"Survival to age 65, female (% of cohort)",SP.DYN.TO65.FE.ZS,39.083934
Federal Republic of Somalia,SOM,1963,"Survival to age 65, female (% of cohort)",SP.DYN.TO65.FE.ZS,38.805125
Federal Republic of Somalia,SOM,1962,"Survival to age 65, female (% of cohort)",SP.DYN.TO65.FE.ZS,38.494597
Federal Republic of Somalia,SOM,1961,"Survival to age 65, female (% of cohort)",SP.DYN.TO65.FE.ZS,38.073499
Federal Republic of Somalia,SOM,1960,"Survival to age 65, female (% of cohort)",SP.DYN.TO65.FE.ZS,37.869434
Federal Republic of Somalia,SOM,2023,"Survival to age 65, male (% of cohort)",SP.DYN.TO65.MA.ZS,51.460547
Federal Republic of Somalia,SOM,2022,"Survival to age 65, male (% of cohort)",SP.DYN.TO65.MA.ZS,45.029416
Federal Republic of Somalia,SOM,2021,"Survival to age 65, male (% of cohort)",SP.DYN.TO65.MA.ZS,45.120419
Federal Republic of Somalia,SOM,2020,"Survival to age 65, male (% of cohort)",SP.DYN.TO65.MA.ZS,48.983029
Federal Republic of Somalia,SOM,2019,"Survival to age 65, male (% of cohort)",SP.DYN.TO65.MA.ZS,50.224352
Federal Republic of Somalia,SOM,2018,"Survival to age 65, male (% of cohort)",SP.DYN.TO65.MA.ZS,46.354219
Federal Republic of Somalia,SOM,2017,"Survival to age 65, male (% of cohort)",SP.DYN.TO65.MA.ZS,42.700155
Federal Republic of Somalia,SOM,2016,"Survival to age 65, male (% of cohort)",SP.DYN.TO65.MA.ZS,46.773078
Federal Republic of Somalia,SOM,2015,"Survival to age 65, male (% of cohort)",SP.DYN.TO65.MA.ZS,46.903853
Federal Republic of Somalia,SOM,2014,"Survival to age 65, male (% of cohort)",SP.DYN.TO65.MA.ZS,45.922824
Federal Republic of Somalia,SOM,2013,"Survival to age 65, male (% of cohort)",SP.DYN.TO65.MA.ZS,45.690718
Federal Republic of Somalia,SOM,2012,"Survival to age 65, male (% of cohort)",SP.DYN.TO65.MA.ZS,38.800676
Federal Republic of Somalia,SOM,2011,"Survival to age 65, male (% of cohort)",SP.DYN.TO65.MA.ZS,18.398516
Federal Republic of Somalia,SOM,2010,"Survival to age 65, male (% of cohort)",SP.DYN.TO65.MA.ZS,38.426413
Federal Republic of Somalia,SOM,2009,"Survival to age 65, male (% of cohort)",SP.DYN.TO65.MA.ZS,43.686324
Federal Republic of Somalia,SOM,2008,"Survival to age 65, male (% of cohort)",SP.DYN.TO65.MA.ZS,42.504413
Federal Republic of Somalia,SOM,2007,"Survival to age 65, male (% of cohort)",SP.DYN.TO65.MA.ZS,41.664069
Federal Republic of Somalia,SOM,2006,"Survival to age 65, male (% of cohort)",SP.DYN.TO65.MA.ZS,41.959346
Federal Republic of Somalia,SOM,2005,"Survival to age 65, male (% of cohort)",SP.DYN.TO65.MA.ZS,42.202132
Federal Republic of Somalia,SOM,2004,"Survival to age 65, male (% of cohort)",SP.DYN.TO65.MA.ZS,41.826563
Federal Republic of Somalia,SOM,2003,"Survival to age 65, male (% of cohort)",SP.DYN.TO65.MA.ZS,41.976946
Federal Republic of Somalia,SOM,2002,"Survival to age 65, male (% of cohort)",SP.DYN.TO65.MA.ZS,42.309981
Federal Republic of Somalia,SOM,2001,"Survival to age 65, male (% of cohort)",SP.DYN.TO65.MA.ZS,42.323327
Federal Republic of Somalia,SOM,2000,"Survival to age 65, male (% of cohort)",SP.DYN.TO65.MA.ZS,42.183889
Federal Republic of Somalia,SOM,1999,"Survival to age 65, male (% of cohort)",SP.DYN.TO65.MA.ZS,41.846668
Federal Republic of Somalia,SOM,1998,"Survival to age 65, male (% of cohort)",SP.DYN.TO65.MA.ZS,42.138438
Federal Republic of Somalia,SOM,1997,"Survival to age 65, male (% of cohort)",SP.DYN.TO65.MA.ZS,41.403394
Federal Republic of Somalia,SOM,1996,"Survival to age 65, male (% of cohort)",SP.DYN.TO65.MA.ZS,41.515118
Federal Republic of Somalia,SOM,1995,"Survival to age 65, male (% of cohort)",SP.DYN.TO65.MA.ZS,41.732188
Federal Republic of Somalia,SOM,1994,"Survival to age 65, male (% of cohort)",SP.DYN.TO65.MA.ZS,41.300058
Federal Republic of Somalia,SOM,1993,"Survival to age 65, male (% of cohort)",SP.DYN.TO65.MA.ZS,41.772222
Federal Republic of Somalia,SOM,1992,"Survival to age 65, male (% of cohort)",SP.DYN.TO65.MA.ZS,10.513131
Federal Republic of Somalia,SOM,1991,"Survival to age 65, male (% of cohort)",SP.DYN.TO65.MA.ZS,9.775802
Federal Republic of Somalia,SOM,1990,"Survival to age 65, male (% of cohort)",SP.DYN.TO65.MA.ZS,30.808394
Federal Republic of Somalia,SOM,1989,"Survival to age 65, male (% of cohort)",SP.DYN.TO65.MA.ZS,30.634143
Federal Republic of Somalia,SOM,1988,"Survival to age 65, male (% of cohort)",SP.DYN.TO65.MA.ZS,25.628598
Federal Republic of Somalia,SOM,1987,"Survival to age 65, male (% of cohort)",SP.DYN.TO65.MA.ZS,39.851964
Federal Republic of Somalia,SOM,1986,"Survival to age 65, male (% of cohort)",SP.DYN.TO65.MA.ZS,38.939169
Federal Republic of Somalia,SOM,1985,"Survival to age 65, male (% of cohort)",SP.DYN.TO65.MA.ZS,38.784795
Federal Republic of Somalia,SOM,1984,"Survival to age 65, male (% of cohort)",SP.DYN.TO65.MA.ZS,39.117079
Federal Republic of Somalia,SOM,1983,"Survival to age 65, male (% of cohort)",SP.DYN.TO65.MA.ZS,38.830333
Federal Republic of Somalia,SOM,1982,"Survival to age 65, male (% of cohort)",SP.DYN.TO65.MA.ZS,38.542343
Federal Republic of Somalia,SOM,1981,"Survival to age 65, male (% of cohort)",SP.DYN.TO65.MA.ZS,38.280599
Federal Republic of Somalia,SOM,1980,"Survival to age 65, male (% of cohort)",SP.DYN.TO65.MA.ZS,37.997105
Federal Republic of Somalia,SOM,1979,"Survival to age 65, male (% of cohort)",SP.DYN.TO65.MA.ZS,37.719215
Federal Republic of Somalia,SOM,1978,"Survival to age 65, male (% of cohort)",SP.DYN.TO65.MA.ZS,36.777418
Federal Republic of Somalia,SOM,1977,"Survival to age 65, male (% of cohort)",SP.DYN.TO65.MA.ZS,37.179541
Federal Republic of Somalia,SOM,1976,"Survival to age 65, male (% of cohort)",SP.DYN.TO65.MA.ZS,34.092472
Federal Republic of Somalia,SOM,1975,"Survival to age 65, male (% of cohort)",SP.DYN.TO65.MA.ZS,33.781676
Federal Republic of Somalia,SOM,1974,"Survival to age 65, male (% of cohort)",SP.DYN.TO65.MA.ZS,33.472019
Federal Republic of Somalia,SOM,1973,"Survival to age 65, male (% of cohort)",SP.DYN.TO65.MA.ZS,36.114324
Federal Republic of Somalia,SOM,1972,"Survival to age 65, male (% of cohort)",SP.DYN.TO65.MA.ZS,35.844494
Federal Republic of Somalia,SOM,1971,"Survival to age 65, male (% of cohort)",SP.DYN.TO65.MA.ZS,35.568785
Federal Republic of Somalia,SOM,1970,"Survival to age 65, male (% of cohort)",SP.DYN.TO65.MA.ZS,35.298461
Federal Republic of Somalia,SOM,1969,"Survival to age 65, male (% of cohort)",SP.DYN.TO65.MA.ZS,35.03208
Federal Republic of Somalia,SOM,1968,"Survival to age 65, male (% of cohort)",SP.DYN.TO65.MA.ZS,34.754749
Federal Republic of Somalia,SOM,1967,"Survival to age 65, male (% of cohort)",SP.DYN.TO65.MA.ZS,34.471925
Federal Republic of Somalia,SOM,1966,"Survival to age 65, male (% of cohort)",SP.DYN.TO65.MA.ZS,34.18322
Federal Republic of Somalia,SOM,1965,"Survival to age 65, male (% of cohort)",SP.DYN.TO65.MA.ZS,33.888991
Federal Republic of Somalia,SOM,1964,"Survival to age 65, male (% of cohort)",SP.DYN.TO65.MA.ZS,33.561764
Federal Republic of Somalia,SOM,1963,"Survival to age 65, male (% of cohort)",SP.DYN.TO65.MA.ZS,33.288049
Federal Republic of Somalia,SOM,1962,"Survival to age 65, male (% of cohort)",SP.DYN.TO65.MA.ZS,32.983849
Federal Republic of Somalia,SOM,1961,"Survival to age 65, male (% of cohort)",SP.DYN.TO65.MA.ZS,32.577078
Federal Republic of Somalia,SOM,1960,"Survival to age 65, male (% of cohort)",SP.DYN.TO65.MA.ZS,32.429503
Federal Republic of Somalia,SOM,2006,Women who were first married by age 15 (% of women ages 20-24),SP.M15.2024.FE.ZS,8.4
Federal Republic of Somalia,SOM,2006,Women who were first married by age 18 (% of women ages 20-24),SP.M18.2024.FE.ZS,45.3
Federal Republic of Somalia,SOM,1976,"School life expectancy, primary to tertiary, female (years)",SE.SCH.LIFE.FE,1.62002
Federal Republic of Somalia,SOM,1972,"School life expectancy, primary to tertiary, female (years)",SE.SCH.LIFE.FE,0.36103
Federal Republic of Somalia,SOM,1976,"School life expectancy, primary to tertiary, male (years)",SE.SCH.LIFE.MA,3.3126
Federal Republic of Somalia,SOM,1972,"School life expectancy, primary to tertiary, male (years)",SE.SCH.LIFE.MA,1.2374
Federal Republic of Somalia,SOM,2023,There are periods of absence due to childcare accounted for in pension benefits (1=yes; 0=no),SG.ABS.PENB,0
Federal Republic of Somalia,SOM,2022,There are periods of absence due to childcare accounted for in pension benefits (1=yes; 0=no),SG.ABS.PENB,0
Federal Republic of Somalia,SOM,2021,There are periods of absence due to childcare accounted for in pension benefits (1=yes; 0=no),SG.ABS.PENB,0
Federal Republic of Somalia,SOM,2020,There are periods of absence due to childcare accounted for in pension benefits (1=yes; 0=no),SG.ABS.PENB,0
Federal Republic of Somalia,SOM,2019,There are periods of absence due to childcare accounted for in pension benefits (1=yes; 0=no),SG.ABS.PENB,0
Federal Republic of Somalia,SOM,2018,There are periods of absence due to childcare accounted for in pension benefits (1=yes; 0=no),SG.ABS.PENB,0
Federal Republic of Somalia,SOM,2017,There are periods of absence due to childcare accounted for in pension benefits (1=yes; 0=no),SG.ABS.PENB,0
Federal Republic of Somalia,SOM,2016,There are periods of absence due to childcare accounted for in pension benefits (1=yes; 0=no),SG.ABS.PENB,0
Federal Republic of Somalia,SOM,2015,There are periods of absence due to childcare accounted for in pension benefits (1=yes; 0=no),SG.ABS.PENB,0
Federal Republic of Somalia,SOM,2014,There are periods of absence due to childcare accounted for in pension benefits (1=yes; 0=no),SG.ABS.PENB,0
Federal Republic of Somalia,SOM,2013,There are periods of absence due to childcare accounted for in pension benefits (1=yes; 0=no),SG.ABS.PENB,0
Federal Republic of Somalia,SOM,2012,There are periods of absence due to childcare accounted for in pension benefits (1=yes; 0=no),SG.ABS.PENB,0
Federal Republic of Somalia,SOM,2011,There are periods of absence due to childcare accounted for in pension benefits (1=yes; 0=no),SG.ABS.PENB,0
Federal Republic of Somalia,SOM,2010,There are periods of absence due to childcare accounted for in pension benefits (1=yes; 0=no),SG.ABS.PENB,0
Federal Republic of Somalia,SOM,2009,There are periods of absence due to childcare accounted for in pension benefits (1=yes; 0=no),SG.ABS.PENB,0
Federal Republic of Somalia,SOM,2008,There are periods of absence due to childcare accounted for in pension benefits (1=yes; 0=no),SG.ABS.PENB,0
Federal Republic of Somalia,SOM,2007,There are periods of absence due to childcare accounted for in pension benefits (1=yes; 0=no),SG.ABS.PENB,0
Federal Republic of Somalia,SOM,2006,There are periods of absence due to childcare accounted for in pension benefits (1=yes; 0=no),SG.ABS.PENB,0
Federal Republic of Somalia,SOM,2005,There are periods of absence due to childcare accounted for in pension benefits (1=yes; 0=no),SG.ABS.PENB,0
Federal Republic of Somalia,SOM,2004,There are periods of absence due to childcare accounted for in pension benefits (1=yes; 0=no),SG.ABS.PENB,0
Federal Republic of Somalia,SOM,2003,There are periods of absence due to childcare accounted for in pension benefits (1=yes; 0=no),SG.ABS.PENB,0
Federal Republic of Somalia,SOM,2002,There are periods of absence due to childcare accounted for in pension benefits (1=yes; 0=no),SG.ABS.PENB,0
Federal Republic of Somalia,SOM,2001,There are periods of absence due to childcare accounted for in pension benefits (1=yes; 0=no),SG.ABS.PENB,0
Federal Republic of Somalia,SOM,2000,There are periods of absence due to childcare accounted for in pension benefits (1=yes; 0=no),SG.ABS.PENB,0
Federal Republic of Somalia,SOM,1999,There are periods of absence due to childcare accounted for in pension benefits (1=yes; 0=no),SG.ABS.PENB,0
Federal Republic of Somalia,SOM,1998,There are periods of absence due to childcare accounted for in pension benefits (1=yes; 0=no),SG.ABS.PENB,0
Federal Republic of Somalia,SOM,1997,There are periods of absence due to childcare accounted for in pension benefits (1=yes; 0=no),SG.ABS.PENB,0
Federal Republic of Somalia,SOM,1996,There are periods of absence due to childcare accounted for in pension benefits (1=yes; 0=no),SG.ABS.PENB,0
Federal Republic of Somalia,SOM,1995,There are periods of absence due to childcare accounted for in pension benefits (1=yes; 0=no),SG.ABS.PENB,0
Federal Republic of Somalia,SOM,1994,There are periods of absence due to childcare accounted for in pension benefits (1=yes; 0=no),SG.ABS.PENB,0
Federal Republic of Somalia,SOM,1993,There are periods of absence due to childcare accounted for in pension benefits (1=yes; 0=no),SG.ABS.PENB,0
Federal Republic of Somalia,SOM,1992,There are periods of absence due to childcare accounted for in pension benefits (1=yes; 0=no),SG.ABS.PENB,0
Federal Republic of Somalia,SOM,1991,There are periods of absence due to childcare accounted for in pension benefits (1=yes; 0=no),SG.ABS.PENB,0
Federal Republic of Somalia,SOM,1990,There are periods of absence due to childcare accounted for in pension benefits (1=yes; 0=no),SG.ABS.PENB,0
Federal Republic of Somalia,SOM,1989,There are periods of absence due to childcare accounted for in pension benefits (1=yes; 0=no),SG.ABS.PENB,0
Federal Republic of Somalia,SOM,1988,There are periods of absence due to childcare accounted for in pension benefits (1=yes; 0=no),SG.ABS.PENB,0
Federal Republic of Somalia,SOM,1987,There are periods of absence due to childcare accounted for in pension benefits (1=yes; 0=no),SG.ABS.PENB,0
Federal Republic of Somalia,SOM,1986,There are periods of absence due to childcare accounted for in pension benefits (1=yes; 0=no),SG.ABS.PENB,0
Federal Republic of Somalia,SOM,1985,There are periods of absence due to childcare accounted for in pension benefits (1=yes; 0=no),SG.ABS.PENB,0
Federal Republic of Somalia,SOM,1984,There are periods of absence due to childcare accounted for in pension benefits (1=yes; 0=no),SG.ABS.PENB,0
Federal Republic of Somalia,SOM,1983,There are periods of absence due to childcare accounted for in pension benefits (1=yes; 0=no),SG.ABS.PENB,0
Federal Republic of Somalia,SOM,1982,There are periods of absence due to childcare accounted for in pension benefits (1=yes; 0=no),SG.ABS.PENB,0
Federal Republic of Somalia,SOM,1981,There are periods of absence due to childcare accounted for in pension benefits (1=yes; 0=no),SG.ABS.PENB,0
Federal Republic of Somalia,SOM,1980,There are periods of absence due to childcare accounted for in pension benefits (1=yes; 0=no),SG.ABS.PENB,0
Federal Republic of Somalia,SOM,1979,There are periods of absence due to childcare accounted for in pension benefits (1=yes; 0=no),SG.ABS.PENB,0
Federal Republic of Somalia,SOM,1978,There are periods of absence due to childcare accounted for in pension benefits (1=yes; 0=no),SG.ABS.PENB,0
Federal Republic of Somalia,SOM,1977,There are periods of absence due to childcare accounted for in pension benefits (1=yes; 0=no),SG.ABS.PENB,0
Federal Republic of Somalia,SOM,1976,There are periods of absence due to childcare accounted for in pension benefits (1=yes; 0=no),SG.ABS.PENB,0
Federal Republic of Somalia,SOM,1975,There are periods of absence due to childcare accounted for in pension benefits (1=yes; 0=no),SG.ABS.PENB,0
Federal Republic of Somalia,SOM,1974,There are periods of absence due to childcare accounted for in pension benefits (1=yes; 0=no),SG.ABS.PENB,0
Federal Republic of Somalia,SOM,1973,There are periods of absence due to childcare accounted for in pension benefits (1=yes; 0=no),SG.ABS.PENB,0
Federal Republic of Somalia,SOM,1972,There are periods of absence due to childcare accounted for in pension benefits (1=yes; 0=no),SG.ABS.PENB,0
Federal Republic of Somalia,SOM,1971,There are periods of absence due to childcare accounted for in pension benefits (1=yes; 0=no),SG.ABS.PENB,0
Federal Republic of Somalia,SOM,1970,There are periods of absence due to childcare accounted for in pension benefits (1=yes; 0=no),SG.ABS.PENB,0
Federal Republic of Somalia,SOM,2023,The age at which women and men can retire with full pension benefits is the same (1=yes; 0=no),SG.AGE.FUPN.EQ,0
Federal Republic of Somalia,SOM,2022,The age at which women and men can retire with full pension benefits is the same (1=yes; 0=no),SG.AGE.FUPN.EQ,0
Federal Republic of Somalia,SOM,2021,The age at which women and men can retire with full pension benefits is the same (1=yes; 0=no),SG.AGE.FUPN.EQ,0
Federal Republic of Somalia,SOM,2020,The age at which women and men can retire with full pension benefits is the same (1=yes; 0=no),SG.AGE.FUPN.EQ,0
Federal Republic of Somalia,SOM,2019,The age at which women and men can retire with full pension benefits is the same (1=yes; 0=no),SG.AGE.FUPN.EQ,0
Federal Republic of Somalia,SOM,2018,The age at which women and men can retire with full pension benefits is the same (1=yes; 0=no),SG.AGE.FUPN.EQ,0
Federal Republic of Somalia,SOM,2017,The age at which women and men can retire with full pension benefits is the same (1=yes; 0=no),SG.AGE.FUPN.EQ,0
Federal Republic of Somalia,SOM,2016,The age at which women and men can retire with full pension benefits is the same (1=yes; 0=no),SG.AGE.FUPN.EQ,0
Federal Republic of Somalia,SOM,2015,The age at which women and men can retire with full pension benefits is the same (1=yes; 0=no),SG.AGE.FUPN.EQ,0
Federal Republic of Somalia,SOM,2014,The age at which women and men can retire with full pension benefits is the same (1=yes; 0=no),SG.AGE.FUPN.EQ,0
Federal Republic of Somalia,SOM,2013,The age at which women and men can retire with full pension benefits is the same (1=yes; 0=no),SG.AGE.FUPN.EQ,0
Federal Republic of Somalia,SOM,2012,The age at which women and men can retire with full pension benefits is the same (1=yes; 0=no),SG.AGE.FUPN.EQ,0
Federal Republic of Somalia,SOM,2011,The age at which women and men can retire with full pension benefits is the same (1=yes; 0=no),SG.AGE.FUPN.EQ,0
Federal Republic of Somalia,SOM,2010,The age at which women and men can retire with full pension benefits is the same (1=yes; 0=no),SG.AGE.FUPN.EQ,0
Federal Republic of Somalia,SOM,2009,The age at which women and men can retire with full pension benefits is the same (1=yes; 0=no),SG.AGE.FUPN.EQ,0
Federal Republic of Somalia,SOM,2008,The age at which women and men can retire with full pension benefits is the same (1=yes; 0=no),SG.AGE.FUPN.EQ,0
Federal Republic of Somalia,SOM,2007,The age at which women and men can retire with full pension benefits is the same (1=yes; 0=no),SG.AGE.FUPN.EQ,0
Federal Republic of Somalia,SOM,2006,The age at which women and men can retire with full pension benefits is the same (1=yes; 0=no),SG.AGE.FUPN.EQ,0
Federal Republic of Somalia,SOM,2005,The age at which women and men can retire with full pension benefits is the same (1=yes; 0=no),SG.AGE.FUPN.EQ,0
Federal Republic of Somalia,SOM,2004,The age at which women and men can retire with full pension benefits is the same (1=yes; 0=no),SG.AGE.FUPN.EQ,0
Federal Republic of Somalia,SOM,2003,The age at which women and men can retire with full pension benefits is the same (1=yes; 0=no),SG.AGE.FUPN.EQ,0
Federal Republic of Somalia,SOM,2002,The age at which women and men can retire with full pension benefits is the same (1=yes; 0=no),SG.AGE.FUPN.EQ,0
Federal Republic of Somalia,SOM,2001,The age at which women and men can retire with full pension benefits is the same (1=yes; 0=no),SG.AGE.FUPN.EQ,0
Federal Republic of Somalia,SOM,2000,The age at which women and men can retire with full pension benefits is the same (1=yes; 0=no),SG.AGE.FUPN.EQ,0
Federal Republic of Somalia,SOM,1999,The age at which women and men can retire with full pension benefits is the same (1=yes; 0=no),SG.AGE.FUPN.EQ,0
Federal Republic of Somalia,SOM,1998,The age at which women and men can retire with full pension benefits is the same (1=yes; 0=no),SG.AGE.FUPN.EQ,0
Federal Republic of Somalia,SOM,1997,The age at which women and men can retire with full pension benefits is the same (1=yes; 0=no),SG.AGE.FUPN.EQ,0
Federal Republic of Somalia,SOM,1996,The age at which women and men can retire with full pension benefits is the same (1=yes; 0=no),SG.AGE.FUPN.EQ,0
Federal Republic of Somalia,SOM,1995,The age at which women and men can retire with full pension benefits is the same (1=yes; 0=no),SG.AGE.FUPN.EQ,0
Federal Republic of Somalia,SOM,1994,The age at which women and men can retire with full pension benefits is the same (1=yes; 0=no),SG.AGE.FUPN.EQ,0
Federal Republic of Somalia,SOM,1993,The age at which women and men can retire with full pension benefits is the same (1=yes; 0=no),SG.AGE.FUPN.EQ,0
Federal Republic of Somalia,SOM,1992,The age at which women and men can retire with full pension benefits is the same (1=yes; 0=no),SG.AGE.FUPN.EQ,0
Federal Republic of Somalia,SOM,1991,The age at which women and men can retire with full pension benefits is the same (1=yes; 0=no),SG.AGE.FUPN.EQ,0
Federal Republic of Somalia,SOM,1990,The age at which women and men can retire with full pension benefits is the same (1=yes; 0=no),SG.AGE.FUPN.EQ,0
Federal Republic of Somalia,SOM,1989,The age at which women and men can retire with full pension benefits is the same (1=yes; 0=no),SG.AGE.FUPN.EQ,0
Federal Republic of Somalia,SOM,1988,The age at which women and men can retire with full pension benefits is the same (1=yes; 0=no),SG.AGE.FUPN.EQ,0
Federal Republic of Somalia,SOM,1987,The age at which women and men can retire with full pension benefits is the same (1=yes; 0=no),SG.AGE.FUPN.EQ,0
Federal Republic of Somalia,SOM,1986,The age at which women and men can retire with full pension benefits is the same (1=yes; 0=no),SG.AGE.FUPN.EQ,0
Federal Republic of Somalia,SOM,1985,The age at which women and men can retire with full pension benefits is the same (1=yes; 0=no),SG.AGE.FUPN.EQ,0
Federal Republic of Somalia,SOM,1984,The age at which women and men can retire with full pension benefits is the same (1=yes; 0=no),SG.AGE.FUPN.EQ,0
Federal Republic of Somalia,SOM,1983,The age at which women and men can retire with full pension benefits is the same (1=yes; 0=no),SG.AGE.FUPN.EQ,0
Federal Republic of Somalia,SOM,1982,The age at which women and men can retire with full pension benefits is the same (1=yes; 0=no),SG.AGE.FUPN.EQ,0
Federal Republic of Somalia,SOM,1981,The age at which women and men can retire with full pension benefits is the same (1=yes; 0=no),SG.AGE.FUPN.EQ,0
Federal Republic of Somalia,SOM,1980,The age at which women and men can retire with full pension benefits is the same (1=yes; 0=no),SG.AGE.FUPN.EQ,0
Federal Republic of Somalia,SOM,1979,The age at which women and men can retire with full pension benefits is the same (1=yes; 0=no),SG.AGE.FUPN.EQ,0
Federal Republic of Somalia,SOM,1978,The age at which women and men can retire with full pension benefits is the same (1=yes; 0=no),SG.AGE.FUPN.EQ,0
Federal Republic of Somalia,SOM,1977,The age at which women and men can retire with full pension benefits is the same (1=yes; 0=no),SG.AGE.FUPN.EQ,0
Federal Republic of Somalia,SOM,1976,The age at which women and men can retire with full pension benefits is the same (1=yes; 0=no),SG.AGE.FUPN.EQ,0
Federal Republic of Somalia,SOM,1975,The age at which women and men can retire with full pension benefits is the same (1=yes; 0=no),SG.AGE.FUPN.EQ,0
Federal Republic of Somalia,SOM,1974,The age at which women and men can retire with full pension benefits is the same (1=yes; 0=no),SG.AGE.FUPN.EQ,0
Federal Republic of Somalia,SOM,1973,The age at which women and men can retire with full pension benefits is the same (1=yes; 0=no),SG.AGE.FUPN.EQ,0
Federal Republic of Somalia,SOM,1972,The age at which women and men can retire with full pension benefits is the same (1=yes; 0=no),SG.AGE.FUPN.EQ,0
Federal Republic of Somalia,SOM,1971,The age at which women and men can retire with full pension benefits is the same (1=yes; 0=no),SG.AGE.FUPN.EQ,0
Federal Republic of Somalia,SOM,1970,The age at which women and men can retire with full pension benefits is the same (1=yes; 0=no),SG.AGE.FUPN.EQ,0
Federal Republic of Somalia,SOM,2023,The mandatory retirement age for women and men is the same (1=yes; 0=no),SG.AGE.MRET.EQ,1
Federal Republic of Somalia,SOM,2022,The mandatory retirement age for women and men is the same (1=yes; 0=no),SG.AGE.MRET.EQ,1
Federal Republic of Somalia,SOM,2021,The mandatory retirement age for women and men is the same (1=yes; 0=no),SG.AGE.MRET.EQ,1
Federal Republic of Somalia,SOM,2020,The mandatory retirement age for women and men is the same (1=yes; 0=no),SG.AGE.MRET.EQ,1
Federal Republic of Somalia,SOM,2019,The mandatory retirement age for women and men is the same (1=yes; 0=no),SG.AGE.MRET.EQ,1
Federal Republic of Somalia,SOM,2018,The mandatory retirement age for women and men is the same (1=yes; 0=no),SG.AGE.MRET.EQ,1
Federal Republic of Somalia,SOM,2017,The mandatory retirement age for women and men is the same (1=yes; 0=no),SG.AGE.MRET.EQ,1
Federal Republic of Somalia,SOM,2016,The mandatory retirement age for women and men is the same (1=yes; 0=no),SG.AGE.MRET.EQ,1
Federal Republic of Somalia,SOM,2015,The mandatory retirement age for women and men is the same (1=yes; 0=no),SG.AGE.MRET.EQ,1
Federal Republic of Somalia,SOM,2014,The mandatory retirement age for women and men is the same (1=yes; 0=no),SG.AGE.MRET.EQ,1
Federal Republic of Somalia,SOM,2013,The mandatory retirement age for women and men is the same (1=yes; 0=no),SG.AGE.MRET.EQ,1
Federal Republic of Somalia,SOM,2012,The mandatory retirement age for women and men is the same (1=yes; 0=no),SG.AGE.MRET.EQ,1
Federal Republic of Somalia,SOM,2011,The mandatory retirement age for women and men is the same (1=yes; 0=no),SG.AGE.MRET.EQ,1
Federal Republic of Somalia,SOM,2010,The mandatory retirement age for women and men is the same (1=yes; 0=no),SG.AGE.MRET.EQ,1
Federal Republic of Somalia,SOM,2009,The mandatory retirement age for women and men is the same (1=yes; 0=no),SG.AGE.MRET.EQ,1
Federal Republic of Somalia,SOM,2008,The mandatory retirement age for women and men is the same (1=yes; 0=no),SG.AGE.MRET.EQ,1
Federal Republic of Somalia,SOM,2007,The mandatory retirement age for women and men is the same (1=yes; 0=no),SG.AGE.MRET.EQ,1
Federal Republic of Somalia,SOM,2006,The mandatory retirement age for women and men is the same (1=yes; 0=no),SG.AGE.MRET.EQ,1
Federal Republic of Somalia,SOM,2005,The mandatory retirement age for women and men is the same (1=yes; 0=no),SG.AGE.MRET.EQ,1
Federal Republic of Somalia,SOM,2004,The mandatory retirement age for women and men is the same (1=yes; 0=no),SG.AGE.MRET.EQ,1
Federal Republic of Somalia,SOM,2003,The mandatory retirement age for women and men is the same (1=yes; 0=no),SG.AGE.MRET.EQ,1
Federal Republic of Somalia,SOM,2002,The mandatory retirement age for women and men is the same (1=yes; 0=no),SG.AGE.MRET.EQ,1
Federal Republic of Somalia,SOM,2001,The mandatory retirement age for women and men is the same (1=yes; 0=no),SG.AGE.MRET.EQ,1
Federal Republic of Somalia,SOM,2000,The mandatory retirement age for women and men is the same (1=yes; 0=no),SG.AGE.MRET.EQ,1
Federal Republic of Somalia,SOM,1999,The mandatory retirement age for women and men is the same (1=yes; 0=no),SG.AGE.MRET.EQ,1
Federal Republic of Somalia,SOM,1998,The mandatory retirement age for women and men is the same (1=yes; 0=no),SG.AGE.MRET.EQ,1
Federal Republic of Somalia,SOM,1997,The mandatory retirement age for women and men is the same (1=yes; 0=no),SG.AGE.MRET.EQ,1
Federal Republic of Somalia,SOM,1996,The mandatory retirement age for women and men is the same (1=yes; 0=no),SG.AGE.MRET.EQ,1
Federal Republic of Somalia,SOM,1995,The mandatory retirement age for women and men is the same (1=yes; 0=no),SG.AGE.MRET.EQ,1
Federal Republic of Somalia,SOM,1994,The mandatory retirement age for women and men is the same (1=yes; 0=no),SG.AGE.MRET.EQ,1
Federal Republic of Somalia,SOM,1993,The mandatory retirement age for women and men is the same (1=yes; 0=no),SG.AGE.MRET.EQ,1
Federal Republic of Somalia,SOM,1992,The mandatory retirement age for women and men is the same (1=yes; 0=no),SG.AGE.MRET.EQ,1
Federal Republic of Somalia,SOM,1991,The mandatory retirement age for women and men is the same (1=yes; 0=no),SG.AGE.MRET.EQ,1
Federal Republic of Somalia,SOM,1990,The mandatory retirement age for women and men is the same (1=yes; 0=no),SG.AGE.MRET.EQ,1
Federal Republic of Somalia,SOM,1989,The mandatory retirement age for women and men is the same (1=yes; 0=no),SG.AGE.MRET.EQ,1
Federal Republic of Somalia,SOM,1988,The mandatory retirement age for women and men is the same (1=yes; 0=no),SG.AGE.MRET.EQ,1
Federal Republic of Somalia,SOM,1987,The mandatory retirement age for women and men is the same (1=yes; 0=no),SG.AGE.MRET.EQ,1
Federal Republic of Somalia,SOM,1986,The mandatory retirement age for women and men is the same (1=yes; 0=no),SG.AGE.MRET.EQ,1
Federal Republic of Somalia,SOM,1985,The mandatory retirement age for women and men is the same (1=yes; 0=no),SG.AGE.MRET.EQ,1
Federal Republic of Somalia,SOM,1984,The mandatory retirement age for women and men is the same (1=yes; 0=no),SG.AGE.MRET.EQ,1
Federal Republic of Somalia,SOM,1983,The mandatory retirement age for women and men is the same (1=yes; 0=no),SG.AGE.MRET.EQ,1
Federal Republic of Somalia,SOM,1982,The mandatory retirement age for women and men is the same (1=yes; 0=no),SG.AGE.MRET.EQ,1
Federal Republic of Somalia,SOM,1981,The mandatory retirement age for women and men is the same (1=yes; 0=no),SG.AGE.MRET.EQ,1
Federal Republic of Somalia,SOM,1980,The mandatory retirement age for women and men is the same (1=yes; 0=no),SG.AGE.MRET.EQ,1
Federal Republic of Somalia,SOM,1979,The mandatory retirement age for women and men is the same (1=yes; 0=no),SG.AGE.MRET.EQ,1
Federal Republic of Somalia,SOM,1978,The mandatory retirement age for women and men is the same (1=yes; 0=no),SG.AGE.MRET.EQ,1
Federal Republic of Somalia,SOM,1977,The mandatory retirement age for women and men is the same (1=yes; 0=no),SG.AGE.MRET.EQ,1
Federal Republic of Somalia,SOM,1976,The mandatory retirement age for women and men is the same (1=yes; 0=no),SG.AGE.MRET.EQ,1
Federal Republic of Somalia,SOM,1975,The mandatory retirement age for women and men is the same (1=yes; 0=no),SG.AGE.MRET.EQ,1
Federal Republic of Somalia,SOM,1974,The mandatory retirement age for women and men is the same (1=yes; 0=no),SG.AGE.MRET.EQ,1
Federal Republic of Somalia,SOM,1973,The mandatory retirement age for women and men is the same (1=yes; 0=no),SG.AGE.MRET.EQ,1
Federal Republic of Somalia,SOM,1972,The mandatory retirement age for women and men is the same (1=yes; 0=no),SG.AGE.MRET.EQ,1
Federal Republic of Somalia,SOM,1971,The mandatory retirement age for women and men is the same (1=yes; 0=no),SG.AGE.MRET.EQ,1
Federal Republic of Somalia,SOM,1970,The mandatory retirement age for women and men is the same (1=yes; 0=no),SG.AGE.MRET.EQ,1
Federal Republic of Somalia,SOM,2023,The age at which women and men can retire with partial pension benefits is the same (1=yes; 0=no),SG.AGE.PAPN.EQ,0
Federal Republic of Somalia,SOM,2022,The age at which women and men can retire with partial pension benefits is the same (1=yes; 0=no),SG.AGE.PAPN.EQ,0
Federal Republic of Somalia,SOM,2021,The age at which women and men can retire with partial pension benefits is the same (1=yes; 0=no),SG.AGE.PAPN.EQ,0
Federal Republic of Somalia,SOM,2020,The age at which women and men can retire with partial pension benefits is the same (1=yes; 0=no),SG.AGE.PAPN.EQ,0
Federal Republic of Somalia,SOM,2019,The age at which women and men can retire with partial pension benefits is the same (1=yes; 0=no),SG.AGE.PAPN.EQ,0
Federal Republic of Somalia,SOM,2018,The age at which women and men can retire with partial pension benefits is the same (1=yes; 0=no),SG.AGE.PAPN.EQ,0
Federal Republic of Somalia,SOM,2017,The age at which women and men can retire with partial pension benefits is the same (1=yes; 0=no),SG.AGE.PAPN.EQ,0
Federal Republic of Somalia,SOM,2016,The age at which women and men can retire with partial pension benefits is the same (1=yes; 0=no),SG.AGE.PAPN.EQ,0
Federal Republic of Somalia,SOM,2015,The age at which women and men can retire with partial pension benefits is the same (1=yes; 0=no),SG.AGE.PAPN.EQ,0
Federal Republic of Somalia,SOM,2014,The age at which women and men can retire with partial pension benefits is the same (1=yes; 0=no),SG.AGE.PAPN.EQ,0
Federal Republic of Somalia,SOM,2013,The age at which women and men can retire with partial pension benefits is the same (1=yes; 0=no),SG.AGE.PAPN.EQ,0
Federal Republic of Somalia,SOM,2012,The age at which women and men can retire with partial pension benefits is the same (1=yes; 0=no),SG.AGE.PAPN.EQ,0
Federal Republic of Somalia,SOM,2011,The age at which women and men can retire with partial pension benefits is the same (1=yes; 0=no),SG.AGE.PAPN.EQ,0
Federal Republic of Somalia,SOM,2010,The age at which women and men can retire with partial pension benefits is the same (1=yes; 0=no),SG.AGE.PAPN.EQ,0
Federal Republic of Somalia,SOM,2009,The age at which women and men can retire with partial pension benefits is the same (1=yes; 0=no),SG.AGE.PAPN.EQ,0
Federal Republic of Somalia,SOM,2008,The age at which women and men can retire with partial pension benefits is the same (1=yes; 0=no),SG.AGE.PAPN.EQ,0
Federal Republic of Somalia,SOM,2007,The age at which women and men can retire with partial pension benefits is the same (1=yes; 0=no),SG.AGE.PAPN.EQ,0
Federal Republic of Somalia,SOM,2006,The age at which women and men can retire with partial pension benefits is the same (1=yes; 0=no),SG.AGE.PAPN.EQ,0
Federal Republic of Somalia,SOM,2005,The age at which women and men can retire with partial pension benefits is the same (1=yes; 0=no),SG.AGE.PAPN.EQ,0
Federal Republic of Somalia,SOM,2004,The age at which women and men can retire with partial pension benefits is the same (1=yes; 0=no),SG.AGE.PAPN.EQ,0
Federal Republic of Somalia,SOM,2003,The age at which women and men can retire with partial pension benefits is the same (1=yes; 0=no),SG.AGE.PAPN.EQ,0
Federal Republic of Somalia,SOM,2002,The age at which women and men can retire with partial pension benefits is the same (1=yes; 0=no),SG.AGE.PAPN.EQ,0
Federal Republic of Somalia,SOM,2001,The age at which women and men can retire with partial pension benefits is the same (1=yes; 0=no),SG.AGE.PAPN.EQ,0
Federal Republic of Somalia,SOM,2000,The age at which women and men can retire with partial pension benefits is the same (1=yes; 0=no),SG.AGE.PAPN.EQ,0
Federal Republic of Somalia,SOM,1999,The age at which women and men can retire with partial pension benefits is the same (1=yes; 0=no),SG.AGE.PAPN.EQ,0
Federal Republic of Somalia,SOM,1998,The age at which women and men can retire with partial pension benefits is the same (1=yes; 0=no),SG.AGE.PAPN.EQ,0
Federal Republic of Somalia,SOM,1997,The age at which women and men can retire with partial pension benefits is the same (1=yes; 0=no),SG.AGE.PAPN.EQ,0
Federal Republic of Somalia,SOM,1996,The age at which women and men can retire with partial pension benefits is the same (1=yes; 0=no),SG.AGE.PAPN.EQ,0
Federal Republic of Somalia,SOM,1995,The age at which women and men can retire with partial pension benefits is the same (1=yes; 0=no),SG.AGE.PAPN.EQ,0
Federal Republic of Somalia,SOM,1994,The age at which women and men can retire with partial pension benefits is the same (1=yes; 0=no),SG.AGE.PAPN.EQ,0
Federal Republic of Somalia,SOM,1993,The age at which women and men can retire with partial pension benefits is the same (1=yes; 0=no),SG.AGE.PAPN.EQ,0
Federal Republic of Somalia,SOM,1992,The age at which women and men can retire with partial pension benefits is the same (1=yes; 0=no),SG.AGE.PAPN.EQ,0
Federal Republic of Somalia,SOM,1991,The age at which women and men can retire with partial pension benefits is the same (1=yes; 0=no),SG.AGE.PAPN.EQ,0
Federal Republic of Somalia,SOM,1990,The age at which women and men can retire with partial pension benefits is the same (1=yes; 0=no),SG.AGE.PAPN.EQ,0
Federal Republic of Somalia,SOM,1989,The age at which women and men can retire with partial pension benefits is the same (1=yes; 0=no),SG.AGE.PAPN.EQ,0
Federal Republic of Somalia,SOM,1988,The age at which women and men can retire with partial pension benefits is the same (1=yes; 0=no),SG.AGE.PAPN.EQ,0
Federal Republic of Somalia,SOM,1987,The age at which women and men can retire with partial pension benefits is the same (1=yes; 0=no),SG.AGE.PAPN.EQ,0
Federal Republic of Somalia,SOM,1986,The age at which women and men can retire with partial pension benefits is the same (1=yes; 0=no),SG.AGE.PAPN.EQ,0
Federal Republic of Somalia,SOM,1985,The age at which women and men can retire with partial pension benefits is the same (1=yes; 0=no),SG.AGE.PAPN.EQ,0
Federal Republic of Somalia,SOM,1984,The age at which women and men can retire with partial pension benefits is the same (1=yes; 0=no),SG.AGE.PAPN.EQ,0
Federal Republic of Somalia,SOM,1983,The age at which women and men can retire with partial pension benefits is the same (1=yes; 0=no),SG.AGE.PAPN.EQ,0
Federal Republic of Somalia,SOM,1982,The age at which women and men can retire with partial pension benefits is the same (1=yes; 0=no),SG.AGE.PAPN.EQ,0
Federal Republic of Somalia,SOM,1981,The age at which women and men can retire with partial pension benefits is the same (1=yes; 0=no),SG.AGE.PAPN.EQ,0
Federal Republic of Somalia,SOM,1980,The age at which women and men can retire with partial pension benefits is the same (1=yes; 0=no),SG.AGE.PAPN.EQ,0
Federal Republic of Somalia,SOM,1979,The age at which women and men can retire with partial pension benefits is the same (1=yes; 0=no),SG.AGE.PAPN.EQ,0
Federal Republic of Somalia,SOM,1978,The age at which women and men can retire with partial pension benefits is the same (1=yes; 0=no),SG.AGE.PAPN.EQ,0
Federal Republic of Somalia,SOM,1977,The age at which women and men can retire with partial pension benefits is the same (1=yes; 0=no),SG.AGE.PAPN.EQ,0
Federal Republic of Somalia,SOM,1976,The age at which women and men can retire with partial pension benefits is the same (1=yes; 0=no),SG.AGE.PAPN.EQ,0
Federal Republic of Somalia,SOM,1975,The age at which women and men can retire with partial pension benefits is the same (1=yes; 0=no),SG.AGE.PAPN.EQ,0
Federal Republic of Somalia,SOM,1974,The age at which women and men can retire with partial pension benefits is the same (1=yes; 0=no),SG.AGE.PAPN.EQ,0
Federal Republic of Somalia,SOM,1973,The age at which women and men can retire with partial pension benefits is the same (1=yes; 0=no),SG.AGE.PAPN.EQ,0
Federal Republic of Somalia,SOM,1972,The age at which women and men can retire with partial pension benefits is the same (1=yes; 0=no),SG.AGE.PAPN.EQ,0
Federal Republic of Somalia,SOM,1971,The age at which women and men can retire with partial pension benefits is the same (1=yes; 0=no),SG.AGE.PAPN.EQ,0
Federal Republic of Somalia,SOM,1970,The age at which women and men can retire with partial pension benefits is the same (1=yes; 0=no),SG.AGE.PAPN.EQ,0
Federal Republic of Somalia,SOM,2023,A woman can apply for a passport in the same way as a man (1=yes; 0=no),SG.APL.PSPT.EQ,1
Federal Republic of Somalia,SOM,2022,A woman can apply for a passport in the same way as a man (1=yes; 0=no),SG.APL.PSPT.EQ,1
Federal Republic of Somalia,SOM,2021,A woman can apply for a passport in the same way as a man (1=yes; 0=no),SG.APL.PSPT.EQ,1
Federal Republic of Somalia,SOM,2020,A woman can apply for a passport in the same way as a man (1=yes; 0=no),SG.APL.PSPT.EQ,1
Federal Republic of Somalia,SOM,2019,A woman can apply for a passport in the same way as a man (1=yes; 0=no),SG.APL.PSPT.EQ,1
Federal Republic of Somalia,SOM,2018,A woman can apply for a passport in the same way as a man (1=yes; 0=no),SG.APL.PSPT.EQ,1
Federal Republic of Somalia,SOM,2017,A woman can apply for a passport in the same way as a man (1=yes; 0=no),SG.APL.PSPT.EQ,1
Federal Republic of Somalia,SOM,2016,A woman can apply for a passport in the same way as a man (1=yes; 0=no),SG.APL.PSPT.EQ,1
Federal Republic of Somalia,SOM,2015,A woman can apply for a passport in the same way as a man (1=yes; 0=no),SG.APL.PSPT.EQ,1
Federal Republic of Somalia,SOM,2014,A woman can apply for a passport in the same way as a man (1=yes; 0=no),SG.APL.PSPT.EQ,1
Federal Republic of Somalia,SOM,2013,A woman can apply for a passport in the same way as a man (1=yes; 0=no),SG.APL.PSPT.EQ,1
Federal Republic of Somalia,SOM,2012,A woman can apply for a passport in the same way as a man (1=yes; 0=no),SG.APL.PSPT.EQ,1
Federal Republic of Somalia,SOM,2011,A woman can apply for a passport in the same way as a man (1=yes; 0=no),SG.APL.PSPT.EQ,1
Federal Republic of Somalia,SOM,2010,A woman can apply for a passport in the same way as a man (1=yes; 0=no),SG.APL.PSPT.EQ,1
Federal Republic of Somalia,SOM,2009,A woman can apply for a passport in the same way as a man (1=yes; 0=no),SG.APL.PSPT.EQ,1
Federal Republic of Somalia,SOM,2008,A woman can apply for a passport in the same way as a man (1=yes; 0=no),SG.APL.PSPT.EQ,1
Federal Republic of Somalia,SOM,2007,A woman can apply for a passport in the same way as a man (1=yes; 0=no),SG.APL.PSPT.EQ,1
Federal Republic of Somalia,SOM,2006,A woman can apply for a passport in the same way as a man (1=yes; 0=no),SG.APL.PSPT.EQ,1
Federal Republic of Somalia,SOM,2005,A woman can apply for a passport in the same way as a man (1=yes; 0=no),SG.APL.PSPT.EQ,1
Federal Republic of Somalia,SOM,2004,A woman can apply for a passport in the same way as a man (1=yes; 0=no),SG.APL.PSPT.EQ,1
Federal Republic of Somalia,SOM,2003,A woman can apply for a passport in the same way as a man (1=yes; 0=no),SG.APL.PSPT.EQ,1
Federal Republic of Somalia,SOM,2002,A woman can apply for a passport in the same way as a man (1=yes; 0=no),SG.APL.PSPT.EQ,1
Federal Republic of Somalia,SOM,2001,A woman can apply for a passport in the same way as a man (1=yes; 0=no),SG.APL.PSPT.EQ,1
Federal Republic of Somalia,SOM,2000,A woman can apply for a passport in the same way as a man (1=yes; 0=no),SG.APL.PSPT.EQ,1
Federal Republic of Somalia,SOM,1999,A woman can apply for a passport in the same way as a man (1=yes; 0=no),SG.APL.PSPT.EQ,1
Federal Republic of Somalia,SOM,1998,A woman can apply for a passport in the same way as a man (1=yes; 0=no),SG.APL.PSPT.EQ,1
Federal Republic of Somalia,SOM,1997,A woman can apply for a passport in the same way as a man (1=yes; 0=no),SG.APL.PSPT.EQ,1
Federal Republic of Somalia,SOM,1996,A woman can apply for a passport in the same way as a man (1=yes; 0=no),SG.APL.PSPT.EQ,1
Federal Republic of Somalia,SOM,1995,A woman can apply for a passport in the same way as a man (1=yes; 0=no),SG.APL.PSPT.EQ,1
Federal Republic of Somalia,SOM,1994,A woman can apply for a passport in the same way as a man (1=yes; 0=no),SG.APL.PSPT.EQ,1
Federal Republic of Somalia,SOM,1993,A woman can apply for a passport in the same way as a man (1=yes; 0=no),SG.APL.PSPT.EQ,1
Federal Republic of Somalia,SOM,1992,A woman can apply for a passport in the same way as a man (1=yes; 0=no),SG.APL.PSPT.EQ,1
Federal Republic of Somalia,SOM,1991,A woman can apply for a passport in the same way as a man (1=yes; 0=no),SG.APL.PSPT.EQ,1
Federal Republic of Somalia,SOM,1990,A woman can apply for a passport in the same way as a man (1=yes; 0=no),SG.APL.PSPT.EQ,1
Federal Republic of Somalia,SOM,1989,A woman can apply for a passport in the same way as a man (1=yes; 0=no),SG.APL.PSPT.EQ,1
Federal Republic of Somalia,SOM,1988,A woman can apply for a passport in the same way as a man (1=yes; 0=no),SG.APL.PSPT.EQ,1
Federal Republic of Somalia,SOM,1987,A woman can apply for a passport in the same way as a man (1=yes; 0=no),SG.APL.PSPT.EQ,1
Federal Republic of Somalia,SOM,1986,A woman can apply for a passport in the same way as a man (1=yes; 0=no),SG.APL.PSPT.EQ,1
Federal Republic of Somalia,SOM,1985,A woman can apply for a passport in the same way as a man (1=yes; 0=no),SG.APL.PSPT.EQ,1
Federal Republic of Somalia,SOM,1984,A woman can apply for a passport in the same way as a man (1=yes; 0=no),SG.APL.PSPT.EQ,1
Federal Republic of Somalia,SOM,1983,A woman can apply for a passport in the same way as a man (1=yes; 0=no),SG.APL.PSPT.EQ,1
Federal Republic of Somalia,SOM,1982,A woman can apply for a passport in the same way as a man (1=yes; 0=no),SG.APL.PSPT.EQ,1
Federal Republic of Somalia,SOM,1981,A woman can apply for a passport in the same way as a man (1=yes; 0=no),SG.APL.PSPT.EQ,1
Federal Republic of Somalia,SOM,1980,A woman can apply for a passport in the same way as a man (1=yes; 0=no),SG.APL.PSPT.EQ,1
Federal Republic of Somalia,SOM,1979,A woman can apply for a passport in the same way as a man (1=yes; 0=no),SG.APL.PSPT.EQ,1
Federal Republic of Somalia,SOM,1978,A woman can apply for a passport in the same way as a man (1=yes; 0=no),SG.APL.PSPT.EQ,1
Federal Republic of Somalia,SOM,1977,A woman can apply for a passport in the same way as a man (1=yes; 0=no),SG.APL.PSPT.EQ,1
Federal Republic of Somalia,SOM,1976,A woman can apply for a passport in the same way as a man (1=yes; 0=no),SG.APL.PSPT.EQ,1
Federal Republic of Somalia,SOM,1975,A woman can apply for a passport in the same way as a man (1=yes; 0=no),SG.APL.PSPT.EQ,1
Federal Republic of Somalia,SOM,1974,A woman can apply for a passport in the same way as a man (1=yes; 0=no),SG.APL.PSPT.EQ,1
Federal Republic of Somalia,SOM,1973,A woman can apply for a passport in the same way as a man (1=yes; 0=no),SG.APL.PSPT.EQ,1
Federal Republic of Somalia,SOM,1972,A woman can apply for a passport in the same way as a man (1=yes; 0=no),SG.APL.PSPT.EQ,1
Federal Republic of Somalia,SOM,1971,A woman can apply for a passport in the same way as a man (1=yes; 0=no),SG.APL.PSPT.EQ,1
Federal Republic of Somalia,SOM,1970,A woman can apply for a passport in the same way as a man (1=yes; 0=no),SG.APL.PSPT.EQ,1
Federal Republic of Somalia,SOM,2023,A woman can register a business in the same way as a man (1=yes; 0=no),SG.BUS.REGT.EQ,1
Federal Republic of Somalia,SOM,2022,A woman can register a business in the same way as a man (1=yes; 0=no),SG.BUS.REGT.EQ,1
Federal Republic of Somalia,SOM,2021,A woman can register a business in the same way as a man (1=yes; 0=no),SG.BUS.REGT.EQ,1
Federal Republic of Somalia,SOM,2020,A woman can register a business in the same way as a man (1=yes; 0=no),SG.BUS.REGT.EQ,1
Federal Republic of Somalia,SOM,2019,A woman can register a business in the same way as a man (1=yes; 0=no),SG.BUS.REGT.EQ,1
Federal Republic of Somalia,SOM,2018,A woman can register a business in the same way as a man (1=yes; 0=no),SG.BUS.REGT.EQ,1
Federal Republic of Somalia,SOM,2017,A woman can register a business in the same way as a man (1=yes; 0=no),SG.BUS.REGT.EQ,1
Federal Republic of Somalia,SOM,2016,A woman can register a business in the same way as a man (1=yes; 0=no),SG.BUS.REGT.EQ,1
Federal Republic of Somalia,SOM,2015,A woman can register a business in the same way as a man (1=yes; 0=no),SG.BUS.REGT.EQ,1
Federal Republic of Somalia,SOM,2014,A woman can register a business in the same way as a man (1=yes; 0=no),SG.BUS.REGT.EQ,1
Federal Republic of Somalia,SOM,2013,A woman can register a business in the same way as a man (1=yes; 0=no),SG.BUS.REGT.EQ,1
Federal Republic of Somalia,SOM,2012,A woman can register a business in the same way as a man (1=yes; 0=no),SG.BUS.REGT.EQ,1
Federal Republic of Somalia,SOM,2011,A woman can register a business in the same way as a man (1=yes; 0=no),SG.BUS.REGT.EQ,1
Federal Republic of Somalia,SOM,2010,A woman can register a business in the same way as a man (1=yes; 0=no),SG.BUS.REGT.EQ,1
Federal Republic of Somalia,SOM,2009,A woman can register a business in the same way as a man (1=yes; 0=no),SG.BUS.REGT.EQ,1
Federal Republic of Somalia,SOM,2008,A woman can register a business in the same way as a man (1=yes; 0=no),SG.BUS.REGT.EQ,1
Federal Republic of Somalia,SOM,2007,A woman can register a business in the same way as a man (1=yes; 0=no),SG.BUS.REGT.EQ,1
Federal Republic of Somalia,SOM,2006,A woman can register a business in the same way as a man (1=yes; 0=no),SG.BUS.REGT.EQ,1
Federal Republic of Somalia,SOM,2005,A woman can register a business in the same way as a man (1=yes; 0=no),SG.BUS.REGT.EQ,1
Federal Republic of Somalia,SOM,2004,A woman can register a business in the same way as a man (1=yes; 0=no),SG.BUS.REGT.EQ,1
Federal Republic of Somalia,SOM,2003,A woman can register a business in the same way as a man (1=yes; 0=no),SG.BUS.REGT.EQ,1
Federal Republic of Somalia,SOM,2002,A woman can register a business in the same way as a man (1=yes; 0=no),SG.BUS.REGT.EQ,1
Federal Republic of Somalia,SOM,2001,A woman can register a business in the same way as a man (1=yes; 0=no),SG.BUS.REGT.EQ,1
Federal Republic of Somalia,SOM,2000,A woman can register a business in the same way as a man (1=yes; 0=no),SG.BUS.REGT.EQ,1
Federal Republic of Somalia,SOM,1999,A woman can register a business in the same way as a man (1=yes; 0=no),SG.BUS.REGT.EQ,1
Federal Republic of Somalia,SOM,1998,A woman can register a business in the same way as a man (1=yes; 0=no),SG.BUS.REGT.EQ,1
Federal Republic of Somalia,SOM,1997,A woman can register a business in the same way as a man (1=yes; 0=no),SG.BUS.REGT.EQ,1
Federal Republic of Somalia,SOM,1996,A woman can register a business in the same way as a man (1=yes; 0=no),SG.BUS.REGT.EQ,1
Federal Republic of Somalia,SOM,1995,A woman can register a business in the same way as a man (1=yes; 0=no),SG.BUS.REGT.EQ,1
Federal Republic of Somalia,SOM,1994,A woman can register a business in the same way as a man (1=yes; 0=no),SG.BUS.REGT.EQ,1
Federal Republic of Somalia,SOM,1993,A woman can register a business in the same way as a man (1=yes; 0=no),SG.BUS.REGT.EQ,1
Federal Republic of Somalia,SOM,1992,A woman can register a business in the same way as a man (1=yes; 0=no),SG.BUS.REGT.EQ,1
Federal Republic of Somalia,SOM,1991,A woman can register a business in the same way as a man (1=yes; 0=no),SG.BUS.REGT.EQ,1
Federal Republic of Somalia,SOM,1990,A woman can register a business in the same way as a man (1=yes; 0=no),SG.BUS.REGT.EQ,1
Federal Republic of Somalia,SOM,1989,A woman can register a business in the same way as a man (1=yes; 0=no),SG.BUS.REGT.EQ,1
Federal Republic of Somalia,SOM,1988,A woman can register a business in the same way as a man (1=yes; 0=no),SG.BUS.REGT.EQ,1
Federal Republic of Somalia,SOM,1987,A woman can register a business in the same way as a man (1=yes; 0=no),SG.BUS.REGT.EQ,1
Federal Republic of Somalia,SOM,1986,A woman can register a business in the same way as a man (1=yes; 0=no),SG.BUS.REGT.EQ,1
Federal Republic of Somalia,SOM,1985,A woman can register a business in the same way as a man (1=yes; 0=no),SG.BUS.REGT.EQ,1
Federal Republic of Somalia,SOM,1984,A woman can register a business in the same way as a man (1=yes; 0=no),SG.BUS.REGT.EQ,1
Federal Republic of Somalia,SOM,1983,A woman can register a business in the same way as a man (1=yes; 0=no),SG.BUS.REGT.EQ,1
Federal Republic of Somalia,SOM,1982,A woman can register a business in the same way as a man (1=yes; 0=no),SG.BUS.REGT.EQ,1
Federal Republic of Somalia,SOM,1981,A woman can register a business in the same way as a man (1=yes; 0=no),SG.BUS.REGT.EQ,1
Federal Republic of Somalia,SOM,1980,A woman can register a business in the same way as a man (1=yes; 0=no),SG.BUS.REGT.EQ,1
Federal Republic of Somalia,SOM,1979,A woman can register a business in the same way as a man (1=yes; 0=no),SG.BUS.REGT.EQ,1
Federal Republic of Somalia,SOM,1978,A woman can register a business in the same way as a man (1=yes; 0=no),SG.BUS.REGT.EQ,1
Federal Republic of Somalia,SOM,1977,A woman can register a business in the same way as a man (1=yes; 0=no),SG.BUS.REGT.EQ,1
Federal Republic of Somalia,SOM,1976,A woman can register a business in the same way as a man (1=yes; 0=no),SG.BUS.REGT.EQ,1
Federal Republic of Somalia,SOM,1975,A woman can register a business in the same way as a man (1=yes; 0=no),SG.BUS.REGT.EQ,1
Federal Republic of Somalia,SOM,1974,A woman can register a business in the same way as a man (1=yes; 0=no),SG.BUS.REGT.EQ,1
Federal Republic of Somalia,SOM,1973,A woman can register a business in the same way as a man (1=yes; 0=no),SG.BUS.REGT.EQ,1
Federal Republic of Somalia,SOM,1972,A woman can register a business in the same way as a man (1=yes; 0=no),SG.BUS.REGT.EQ,1
Federal Republic of Somalia,SOM,1971,A woman can register a business in the same way as a man (1=yes; 0=no),SG.BUS.REGT.EQ,1
Federal Republic of Somalia,SOM,1970,A woman can register a business in the same way as a man (1=yes; 0=no),SG.BUS.REGT.EQ,1
Federal Republic of Somalia,SOM,2023,A woman can sign a contract in the same way as a man (1=yes; 0=no),SG.CNT.SIGN.EQ,1
Federal Republic of Somalia,SOM,2022,A woman can sign a contract in the same way as a man (1=yes; 0=no),SG.CNT.SIGN.EQ,1
Federal Republic of Somalia,SOM,2021,A woman can sign a contract in the same way as a man (1=yes; 0=no),SG.CNT.SIGN.EQ,1
Federal Republic of Somalia,SOM,2020,A woman can sign a contract in the same way as a man (1=yes; 0=no),SG.CNT.SIGN.EQ,1
Federal Republic of Somalia,SOM,2019,A woman can sign a contract in the same way as a man (1=yes; 0=no),SG.CNT.SIGN.EQ,1
Federal Republic of Somalia,SOM,2018,A woman can sign a contract in the same way as a man (1=yes; 0=no),SG.CNT.SIGN.EQ,1
Federal Republic of Somalia,SOM,2017,A woman can sign a contract in the same way as a man (1=yes; 0=no),SG.CNT.SIGN.EQ,1
Federal Republic of Somalia,SOM,2016,A woman can sign a contract in the same way as a man (1=yes; 0=no),SG.CNT.SIGN.EQ,1
Federal Republic of Somalia,SOM,2015,A woman can sign a contract in the same way as a man (1=yes; 0=no),SG.CNT.SIGN.EQ,1
Federal Republic of Somalia,SOM,2014,A woman can sign a contract in the same way as a man (1=yes; 0=no),SG.CNT.SIGN.EQ,1
Federal Republic of Somalia,SOM,2013,A woman can sign a contract in the same way as a man (1=yes; 0=no),SG.CNT.SIGN.EQ,1
Federal Republic of Somalia,SOM,2012,A woman can sign a contract in the same way as a man (1=yes; 0=no),SG.CNT.SIGN.EQ,1
Federal Republic of Somalia,SOM,2011,A woman can sign a contract in the same way as a man (1=yes; 0=no),SG.CNT.SIGN.EQ,1
Federal Republic of Somalia,SOM,2010,A woman can sign a contract in the same way as a man (1=yes; 0=no),SG.CNT.SIGN.EQ,1
Federal Republic of Somalia,SOM,2009,A woman can sign a contract in the same way as a man (1=yes; 0=no),SG.CNT.SIGN.EQ,1
Federal Republic of Somalia,SOM,2008,A woman can sign a contract in the same way as a man (1=yes; 0=no),SG.CNT.SIGN.EQ,1
Federal Republic of Somalia,SOM,2007,A woman can sign a contract in the same way as a man (1=yes; 0=no),SG.CNT.SIGN.EQ,1
Federal Republic of Somalia,SOM,2006,A woman can sign a contract in the same way as a man (1=yes; 0=no),SG.CNT.SIGN.EQ,1
Federal Republic of Somalia,SOM,2005,A woman can sign a contract in the same way as a man (1=yes; 0=no),SG.CNT.SIGN.EQ,1
Federal Republic of Somalia,SOM,2004,A woman can sign a contract in the same way as a man (1=yes; 0=no),SG.CNT.SIGN.EQ,1
Federal Republic of Somalia,SOM,2003,A woman can sign a contract in the same way as a man (1=yes; 0=no),SG.CNT.SIGN.EQ,1
Federal Republic of Somalia,SOM,2002,A woman can sign a contract in the same way as a man (1=yes; 0=no),SG.CNT.SIGN.EQ,1
Federal Republic of Somalia,SOM,2001,A woman can sign a contract in the same way as a man (1=yes; 0=no),SG.CNT.SIGN.EQ,1
Federal Republic of Somalia,SOM,2000,A woman can sign a contract in the same way as a man (1=yes; 0=no),SG.CNT.SIGN.EQ,1
Federal Republic of Somalia,SOM,1999,A woman can sign a contract in the same way as a man (1=yes; 0=no),SG.CNT.SIGN.EQ,1
Federal Republic of Somalia,SOM,1998,A woman can sign a contract in the same way as a man (1=yes; 0=no),SG.CNT.SIGN.EQ,1
Federal Republic of Somalia,SOM,1997,A woman can sign a contract in the same way as a man (1=yes; 0=no),SG.CNT.SIGN.EQ,1
Federal Republic of Somalia,SOM,1996,A woman can sign a contract in the same way as a man (1=yes; 0=no),SG.CNT.SIGN.EQ,1
Federal Republic of Somalia,SOM,1995,A woman can sign a contract in the same way as a man (1=yes; 0=no),SG.CNT.SIGN.EQ,1
Federal Republic of Somalia,SOM,1994,A woman can sign a contract in the same way as a man (1=yes; 0=no),SG.CNT.SIGN.EQ,1
Federal Republic of Somalia,SOM,1993,A woman can sign a contract in the same way as a man (1=yes; 0=no),SG.CNT.SIGN.EQ,1
Federal Republic of Somalia,SOM,1992,A woman can sign a contract in the same way as a man (1=yes; 0=no),SG.CNT.SIGN.EQ,1
Federal Republic of Somalia,SOM,1991,A woman can sign a contract in the same way as a man (1=yes; 0=no),SG.CNT.SIGN.EQ,1
Federal Republic of Somalia,SOM,1990,A woman can sign a contract in the same way as a man (1=yes; 0=no),SG.CNT.SIGN.EQ,1
Federal Republic of Somalia,SOM,1989,A woman can sign a contract in the same way as a man (1=yes; 0=no),SG.CNT.SIGN.EQ,1
Federal Republic of Somalia,SOM,1988,A woman can sign a contract in the same way as a man (1=yes; 0=no),SG.CNT.SIGN.EQ,1
Federal Republic of Somalia,SOM,1987,A woman can sign a contract in the same way as a man (1=yes; 0=no),SG.CNT.SIGN.EQ,1
Federal Republic of Somalia,SOM,1986,A woman can sign a contract in the same way as a man (1=yes; 0=no),SG.CNT.SIGN.EQ,1
Federal Republic of Somalia,SOM,1985,A woman can sign a contract in the same way as a man (1=yes; 0=no),SG.CNT.SIGN.EQ,1
Federal Republic of Somalia,SOM,1984,A woman can sign a contract in the same way as a man (1=yes; 0=no),SG.CNT.SIGN.EQ,1
Federal Republic of Somalia,SOM,1983,A woman can sign a contract in the same way as a man (1=yes; 0=no),SG.CNT.SIGN.EQ,1
Federal Republic of Somalia,SOM,1982,A woman can sign a contract in the same way as a man (1=yes; 0=no),SG.CNT.SIGN.EQ,1
Federal Republic of Somalia,SOM,1981,A woman can sign a contract in the same way as a man (1=yes; 0=no),SG.CNT.SIGN.EQ,1
Federal Republic of Somalia,SOM,1980,A woman can sign a contract in the same way as a man (1=yes; 0=no),SG.CNT.SIGN.EQ,1
Federal Republic of Somalia,SOM,1979,A woman can sign a contract in the same way as a man (1=yes; 0=no),SG.CNT.SIGN.EQ,1
Federal Republic of Somalia,SOM,1978,A woman can sign a contract in the same way as a man (1=yes; 0=no),SG.CNT.SIGN.EQ,1
Federal Republic of Somalia,SOM,1977,A woman can sign a contract in the same way as a man (1=yes; 0=no),SG.CNT.SIGN.EQ,1
Federal Republic of Somalia,SOM,1976,A woman can sign a contract in the same way as a man (1=yes; 0=no),SG.CNT.SIGN.EQ,1
Federal Republic of Somalia,SOM,1975,A woman can sign a contract in the same way as a man (1=yes; 0=no),SG.CNT.SIGN.EQ,1
Federal Republic of Somalia,SOM,1974,A woman can sign a contract in the same way as a man (1=yes; 0=no),SG.CNT.SIGN.EQ,1
Federal Republic of Somalia,SOM,1973,A woman can sign a contract in the same way as a man (1=yes; 0=no),SG.CNT.SIGN.EQ,1
Federal Republic of Somalia,SOM,1972,A woman can sign a contract in the same way as a man (1=yes; 0=no),SG.CNT.SIGN.EQ,1
Federal Republic of Somalia,SOM,1971,A woman can sign a contract in the same way as a man (1=yes; 0=no),SG.CNT.SIGN.EQ,1
Federal Republic of Somalia,SOM,1970,A woman can sign a contract in the same way as a man (1=yes; 0=no),SG.CNT.SIGN.EQ,1
Federal Republic of Somalia,SOM,2023,A woman can travel outside the country in the same way as a man (1=yes; 0=no),SG.CTR.TRVL.EQ,1
Federal Republic of Somalia,SOM,2022,A woman can travel outside the country in the same way as a man (1=yes; 0=no),SG.CTR.TRVL.EQ,1
Federal Republic of Somalia,SOM,2021,A woman can travel outside the country in the same way as a man (1=yes; 0=no),SG.CTR.TRVL.EQ,1
Federal Republic of Somalia,SOM,2020,A woman can travel outside the country in the same way as a man (1=yes; 0=no),SG.CTR.TRVL.EQ,1
Federal Republic of Somalia,SOM,2019,A woman can travel outside the country in the same way as a man (1=yes; 0=no),SG.CTR.TRVL.EQ,1
Federal Republic of Somalia,SOM,2018,A woman can travel outside the country in the same way as a man (1=yes; 0=no),SG.CTR.TRVL.EQ,1
Federal Republic of Somalia,SOM,2017,A woman can travel outside the country in the same way as a man (1=yes; 0=no),SG.CTR.TRVL.EQ,1
Federal Republic of Somalia,SOM,2016,A woman can travel outside the country in the same way as a man (1=yes; 0=no),SG.CTR.TRVL.EQ,1
Federal Republic of Somalia,SOM,2015,A woman can travel outside the country in the same way as a man (1=yes; 0=no),SG.CTR.TRVL.EQ,1
Federal Republic of Somalia,SOM,2014,A woman can travel outside the country in the same way as a man (1=yes; 0=no),SG.CTR.TRVL.EQ,1
Federal Republic of Somalia,SOM,2013,A woman can travel outside the country in the same way as a man (1=yes; 0=no),SG.CTR.TRVL.EQ,1
Federal Republic of Somalia,SOM,2012,A woman can travel outside the country in the same way as a man (1=yes; 0=no),SG.CTR.TRVL.EQ,1
Federal Republic of Somalia,SOM,2011,A woman can travel outside the country in the same way as a man (1=yes; 0=no),SG.CTR.TRVL.EQ,1
Federal Republic of Somalia,SOM,2010,A woman can travel outside the country in the same way as a man (1=yes; 0=no),SG.CTR.TRVL.EQ,1
Federal Republic of Somalia,SOM,2009,A woman can travel outside the country in the same way as a man (1=yes; 0=no),SG.CTR.TRVL.EQ,1
Federal Republic of Somalia,SOM,2008,A woman can travel outside the country in the same way as a man (1=yes; 0=no),SG.CTR.TRVL.EQ,1
Federal Republic of Somalia,SOM,2007,A woman can travel outside the country in the same way as a man (1=yes; 0=no),SG.CTR.TRVL.EQ,1
Federal Republic of Somalia,SOM,2006,A woman can travel outside the country in the same way as a man (1=yes; 0=no),SG.CTR.TRVL.EQ,1
Federal Republic of Somalia,SOM,2005,A woman can travel outside the country in the same way as a man (1=yes; 0=no),SG.CTR.TRVL.EQ,1
Federal Republic of Somalia,SOM,2004,A woman can travel outside the country in the same way as a man (1=yes; 0=no),SG.CTR.TRVL.EQ,1
Federal Republic of Somalia,SOM,2003,A woman can travel outside the country in the same way as a man (1=yes; 0=no),SG.CTR.TRVL.EQ,1
Federal Republic of Somalia,SOM,2002,A woman can travel outside the country in the same way as a man (1=yes; 0=no),SG.CTR.TRVL.EQ,1
Federal Republic of Somalia,SOM,2001,A woman can travel outside the country in the same way as a man (1=yes; 0=no),SG.CTR.TRVL.EQ,1
Federal Republic of Somalia,SOM,2000,A woman can travel outside the country in the same way as a man (1=yes; 0=no),SG.CTR.TRVL.EQ,1
Federal Republic of Somalia,SOM,1999,A woman can travel outside the country in the same way as a man (1=yes; 0=no),SG.CTR.TRVL.EQ,1
Federal Republic of Somalia,SOM,1998,A woman can travel outside the country in the same way as a man (1=yes; 0=no),SG.CTR.TRVL.EQ,1
Federal Republic of Somalia,SOM,1997,A woman can travel outside the country in the same way as a man (1=yes; 0=no),SG.CTR.TRVL.EQ,1
Federal Republic of Somalia,SOM,1996,A woman can travel outside the country in the same way as a man (1=yes; 0=no),SG.CTR.TRVL.EQ,1
Federal Republic of Somalia,SOM,1995,A woman can travel outside the country in the same way as a man (1=yes; 0=no),SG.CTR.TRVL.EQ,1
Federal Republic of Somalia,SOM,1994,A woman can travel outside the country in the same way as a man (1=yes; 0=no),SG.CTR.TRVL.EQ,1
Federal Republic of Somalia,SOM,1993,A woman can travel outside the country in the same way as a man (1=yes; 0=no),SG.CTR.TRVL.EQ,1
Federal Republic of Somalia,SOM,1992,A woman can travel outside the country in the same way as a man (1=yes; 0=no),SG.CTR.TRVL.EQ,1
Federal Republic of Somalia,SOM,1991,A woman can travel outside the country in the same way as a man (1=yes; 0=no),SG.CTR.TRVL.EQ,1
Federal Republic of Somalia,SOM,1990,A woman can travel outside the country in the same way as a man (1=yes; 0=no),SG.CTR.TRVL.EQ,1
Federal Republic of Somalia,SOM,1989,A woman can travel outside the country in the same way as a man (1=yes; 0=no),SG.CTR.TRVL.EQ,1
Federal Republic of Somalia,SOM,1988,A woman can travel outside the country in the same way as a man (1=yes; 0=no),SG.CTR.TRVL.EQ,1
Federal Republic of Somalia,SOM,1987,A woman can travel outside the country in the same way as a man (1=yes; 0=no),SG.CTR.TRVL.EQ,1
Federal Republic of Somalia,SOM,1986,A woman can travel outside the country in the same way as a man (1=yes; 0=no),SG.CTR.TRVL.EQ,1
Federal Republic of Somalia,SOM,1985,A woman can travel outside the country in the same way as a man (1=yes; 0=no),SG.CTR.TRVL.EQ,1
Federal Republic of Somalia,SOM,1984,A woman can travel outside the country in the same way as a man (1=yes; 0=no),SG.CTR.TRVL.EQ,1
Federal Republic of Somalia,SOM,1983,A woman can travel outside the country in the same way as a man (1=yes; 0=no),SG.CTR.TRVL.EQ,1
Federal Republic of Somalia,SOM,1982,A woman can travel outside the country in the same way as a man (1=yes; 0=no),SG.CTR.TRVL.EQ,1
Federal Republic of Somalia,SOM,1981,A woman can travel outside the country in the same way as a man (1=yes; 0=no),SG.CTR.TRVL.EQ,1
Federal Republic of Somalia,SOM,1980,A woman can travel outside the country in the same way as a man (1=yes; 0=no),SG.CTR.TRVL.EQ,1
Federal Republic of Somalia,SOM,1979,A woman can travel outside the country in the same way as a man (1=yes; 0=no),SG.CTR.TRVL.EQ,1
Federal Republic of Somalia,SOM,1978,A woman can travel outside the country in the same way as a man (1=yes; 0=no),SG.CTR.TRVL.EQ,1
Federal Republic of Somalia,SOM,1977,A woman can travel outside the country in the same way as a man (1=yes; 0=no),SG.CTR.TRVL.EQ,1
Federal Republic of Somalia,SOM,1976,A woman can travel outside the country in the same way as a man (1=yes; 0=no),SG.CTR.TRVL.EQ,1
Federal Republic of Somalia,SOM,1975,A woman can travel outside the country in the same way as a man (1=yes; 0=no),SG.CTR.TRVL.EQ,1
Federal Republic of Somalia,SOM,1974,A woman can travel outside the country in the same way as a man (1=yes; 0=no),SG.CTR.TRVL.EQ,1
Federal Republic of Somalia,SOM,1973,A woman can travel outside the country in the same way as a man (1=yes; 0=no),SG.CTR.TRVL.EQ,1
Federal Republic of Somalia,SOM,1972,A woman can travel outside the country in the same way as a man (1=yes; 0=no),SG.CTR.TRVL.EQ,1
Federal Republic of Somalia,SOM,1971,A woman can travel outside the country in the same way as a man (1=yes; 0=no),SG.CTR.TRVL.EQ,1
Federal Republic of Somalia,SOM,1970,A woman can travel outside the country in the same way as a man (1=yes; 0=no),SG.CTR.TRVL.EQ,1
Federal Republic of Somalia,SOM,2023,Dismissal of pregnant workers is prohibited (1=yes; 0=no),SG.DML.PRGW,1
Federal Republic of Somalia,SOM,2022,Dismissal of pregnant workers is prohibited (1=yes; 0=no),SG.DML.PRGW,1
Federal Republic of Somalia,SOM,2021,Dismissal of pregnant workers is prohibited (1=yes; 0=no),SG.DML.PRGW,1
Federal Republic of Somalia,SOM,2020,Dismissal of pregnant workers is prohibited (1=yes; 0=no),SG.DML.PRGW,1
Federal Republic of Somalia,SOM,2019,Dismissal of pregnant workers is prohibited (1=yes; 0=no),SG.DML.PRGW,1
Federal Republic of Somalia,SOM,2018,Dismissal of pregnant workers is prohibited (1=yes; 0=no),SG.DML.PRGW,1
Federal Republic of Somalia,SOM,2017,Dismissal of pregnant workers is prohibited (1=yes; 0=no),SG.DML.PRGW,1
Federal Republic of Somalia,SOM,2016,Dismissal of pregnant workers is prohibited (1=yes; 0=no),SG.DML.PRGW,1
Federal Republic of Somalia,SOM,2015,Dismissal of pregnant workers is prohibited (1=yes; 0=no),SG.DML.PRGW,1
Federal Republic of Somalia,SOM,2014,Dismissal of pregnant workers is prohibited (1=yes; 0=no),SG.DML.PRGW,1
Federal Republic of Somalia,SOM,2013,Dismissal of pregnant workers is prohibited (1=yes; 0=no),SG.DML.PRGW,1
Federal Republic of Somalia,SOM,2012,Dismissal of pregnant workers is prohibited (1=yes; 0=no),SG.DML.PRGW,1
Federal Republic of Somalia,SOM,2011,Dismissal of pregnant workers is prohibited (1=yes; 0=no),SG.DML.PRGW,1
Federal Republic of Somalia,SOM,2010,Dismissal of pregnant workers is prohibited (1=yes; 0=no),SG.DML.PRGW,1
Federal Republic of Somalia,SOM,2009,Dismissal of pregnant workers is prohibited (1=yes; 0=no),SG.DML.PRGW,1
Federal Republic of Somalia,SOM,2008,Dismissal of pregnant workers is prohibited (1=yes; 0=no),SG.DML.PRGW,1
Federal Republic of Somalia,SOM,2007,Dismissal of pregnant workers is prohibited (1=yes; 0=no),SG.DML.PRGW,1
Federal Republic of Somalia,SOM,2006,Dismissal of pregnant workers is prohibited (1=yes; 0=no),SG.DML.PRGW,1
Federal Republic of Somalia,SOM,2005,Dismissal of pregnant workers is prohibited (1=yes; 0=no),SG.DML.PRGW,1
Federal Republic of Somalia,SOM,2004,Dismissal of pregnant workers is prohibited (1=yes; 0=no),SG.DML.PRGW,1
Federal Republic of Somalia,SOM,2003,Dismissal of pregnant workers is prohibited (1=yes; 0=no),SG.DML.PRGW,1
Federal Republic of Somalia,SOM,2002,Dismissal of pregnant workers is prohibited (1=yes; 0=no),SG.DML.PRGW,1
Federal Republic of Somalia,SOM,2001,Dismissal of pregnant workers is prohibited (1=yes; 0=no),SG.DML.PRGW,1
Federal Republic of Somalia,SOM,2000,Dismissal of pregnant workers is prohibited (1=yes; 0=no),SG.DML.PRGW,1
Federal Republic of Somalia,SOM,1999,Dismissal of pregnant workers is prohibited (1=yes; 0=no),SG.DML.PRGW,1
Federal Republic of Somalia,SOM,1998,Dismissal of pregnant workers is prohibited (1=yes; 0=no),SG.DML.PRGW,1
Federal Republic of Somalia,SOM,1997,Dismissal of pregnant workers is prohibited (1=yes; 0=no),SG.DML.PRGW,1
Federal Republic of Somalia,SOM,1996,Dismissal of pregnant workers is prohibited (1=yes; 0=no),SG.DML.PRGW,1
Federal Republic of Somalia,SOM,1995,Dismissal of pregnant workers is prohibited (1=yes; 0=no),SG.DML.PRGW,1
Federal Republic of Somalia,SOM,1994,Dismissal of pregnant workers is prohibited (1=yes; 0=no),SG.DML.PRGW,1
Federal Republic of Somalia,SOM,1993,Dismissal of pregnant workers is prohibited (1=yes; 0=no),SG.DML.PRGW,1
Federal Republic of Somalia,SOM,1992,Dismissal of pregnant workers is prohibited (1=yes; 0=no),SG.DML.PRGW,1
Federal Republic of Somalia,SOM,1991,Dismissal of pregnant workers is prohibited (1=yes; 0=no),SG.DML.PRGW,1
Federal Republic of Somalia,SOM,1990,Dismissal of pregnant workers is prohibited (1=yes; 0=no),SG.DML.PRGW,1
Federal Republic of Somalia,SOM,1989,Dismissal of pregnant workers is prohibited (1=yes; 0=no),SG.DML.PRGW,1
Federal Republic of Somalia,SOM,1988,Dismissal of pregnant workers is prohibited (1=yes; 0=no),SG.DML.PRGW,1
Federal Republic of Somalia,SOM,1987,Dismissal of pregnant workers is prohibited (1=yes; 0=no),SG.DML.PRGW,1
Federal Republic of Somalia,SOM,1986,Dismissal of pregnant workers is prohibited (1=yes; 0=no),SG.DML.PRGW,1
Federal Republic of Somalia,SOM,1985,Dismissal of pregnant workers is prohibited (1=yes; 0=no),SG.DML.PRGW,1
Federal Republic of Somalia,SOM,1984,Dismissal of pregnant workers is prohibited (1=yes; 0=no),SG.DML.PRGW,1
Federal Republic of Somalia,SOM,1983,Dismissal of pregnant workers is prohibited (1=yes; 0=no),SG.DML.PRGW,1
Federal Republic of Somalia,SOM,1982,Dismissal of pregnant workers is prohibited (1=yes; 0=no),SG.DML.PRGW,1
Federal Republic of Somalia,SOM,1981,Dismissal of pregnant workers is prohibited (1=yes; 0=no),SG.DML.PRGW,1
Federal Republic of Somalia,SOM,1980,Dismissal of pregnant workers is prohibited (1=yes; 0=no),SG.DML.PRGW,1
Federal Republic of Somalia,SOM,1979,Dismissal of pregnant workers is prohibited (1=yes; 0=no),SG.DML.PRGW,1
Federal Republic of Somalia,SOM,1978,Dismissal of pregnant workers is prohibited (1=yes; 0=no),SG.DML.PRGW,1
Federal Republic of Somalia,SOM,1977,Dismissal of pregnant workers is prohibited (1=yes; 0=no),SG.DML.PRGW,1
Federal Republic of Somalia,SOM,1976,Dismissal of pregnant workers is prohibited (1=yes; 0=no),SG.DML.PRGW,1
Federal Republic of Somalia,SOM,1975,Dismissal of pregnant workers is prohibited (1=yes; 0=no),SG.DML.PRGW,1
Federal Republic of Somalia,SOM,1974,Dismissal of pregnant workers is prohibited (1=yes; 0=no),SG.DML.PRGW,1
Federal Republic of Somalia,SOM,1973,Dismissal of pregnant workers is prohibited (1=yes; 0=no),SG.DML.PRGW,1
Federal Republic of Somalia,SOM,1972,Dismissal of pregnant workers is prohibited (1=yes; 0=no),SG.DML.PRGW,0
Federal Republic of Somalia,SOM,1971,Dismissal of pregnant workers is prohibited (1=yes; 0=no),SG.DML.PRGW,0
Federal Republic of Somalia,SOM,1970,Dismissal of pregnant workers is prohibited (1=yes; 0=no),SG.DML.PRGW,0
Federal Republic of Somalia,SOM,2023,A woman can work in a job deemed dangerous in the same way as a man (1=yes; 0=no),SG.DNG.WORK.DN.EQ,1
Federal Republic of Somalia,SOM,2022,A woman can work in a job deemed dangerous in the same way as a man (1=yes; 0=no),SG.DNG.WORK.DN.EQ,1
Federal Republic of Somalia,SOM,2021,A woman can work in a job deemed dangerous in the same way as a man (1=yes; 0=no),SG.DNG.WORK.DN.EQ,1
Federal Republic of Somalia,SOM,2020,A woman can work in a job deemed dangerous in the same way as a man (1=yes; 0=no),SG.DNG.WORK.DN.EQ,1
Federal Republic of Somalia,SOM,2019,A woman can work in a job deemed dangerous in the same way as a man (1=yes; 0=no),SG.DNG.WORK.DN.EQ,1
Federal Republic of Somalia,SOM,2018,A woman can work in a job deemed dangerous in the same way as a man (1=yes; 0=no),SG.DNG.WORK.DN.EQ,1
Federal Republic of Somalia,SOM,2017,A woman can work in a job deemed dangerous in the same way as a man (1=yes; 0=no),SG.DNG.WORK.DN.EQ,1
Federal Republic of Somalia,SOM,2016,A woman can work in a job deemed dangerous in the same way as a man (1=yes; 0=no),SG.DNG.WORK.DN.EQ,1
Federal Republic of Somalia,SOM,2015,A woman can work in a job deemed dangerous in the same way as a man (1=yes; 0=no),SG.DNG.WORK.DN.EQ,1
Federal Republic of Somalia,SOM,2014,A woman can work in a job deemed dangerous in the same way as a man (1=yes; 0=no),SG.DNG.WORK.DN.EQ,1
Federal Republic of Somalia,SOM,2013,A woman can work in a job deemed dangerous in the same way as a man (1=yes; 0=no),SG.DNG.WORK.DN.EQ,1
Federal Republic of Somalia,SOM,2012,A woman can work in a job deemed dangerous in the same way as a man (1=yes; 0=no),SG.DNG.WORK.DN.EQ,1
Federal Republic of Somalia,SOM,2011,A woman can work in a job deemed dangerous in the same way as a man (1=yes; 0=no),SG.DNG.WORK.DN.EQ,1
Federal Republic of Somalia,SOM,2010,A woman can work in a job deemed dangerous in the same way as a man (1=yes; 0=no),SG.DNG.WORK.DN.EQ,1
Federal Republic of Somalia,SOM,2009,A woman can work in a job deemed dangerous in the same way as a man (1=yes; 0=no),SG.DNG.WORK.DN.EQ,1
Federal Republic of Somalia,SOM,2008,A woman can work in a job deemed dangerous in the same way as a man (1=yes; 0=no),SG.DNG.WORK.DN.EQ,1
Federal Republic of Somalia,SOM,2007,A woman can work in a job deemed dangerous in the same way as a man (1=yes; 0=no),SG.DNG.WORK.DN.EQ,1
Federal Republic of Somalia,SOM,2006,A woman can work in a job deemed dangerous in the same way as a man (1=yes; 0=no),SG.DNG.WORK.DN.EQ,1
Federal Republic of Somalia,SOM,2005,A woman can work in a job deemed dangerous in the same way as a man (1=yes; 0=no),SG.DNG.WORK.DN.EQ,1
Federal Republic of Somalia,SOM,2004,A woman can work in a job deemed dangerous in the same way as a man (1=yes; 0=no),SG.DNG.WORK.DN.EQ,1
Federal Republic of Somalia,SOM,2003,A woman can work in a job deemed dangerous in the same way as a man (1=yes; 0=no),SG.DNG.WORK.DN.EQ,1
Federal Republic of Somalia,SOM,2002,A woman can work in a job deemed dangerous in the same way as a man (1=yes; 0=no),SG.DNG.WORK.DN.EQ,1
Federal Republic of Somalia,SOM,2001,A woman can work in a job deemed dangerous in the same way as a man (1=yes; 0=no),SG.DNG.WORK.DN.EQ,1
Federal Republic of Somalia,SOM,2000,A woman can work in a job deemed dangerous in the same way as a man (1=yes; 0=no),SG.DNG.WORK.DN.EQ,1
Federal Republic of Somalia,SOM,1999,A woman can work in a job deemed dangerous in the same way as a man (1=yes; 0=no),SG.DNG.WORK.DN.EQ,1
Federal Republic of Somalia,SOM,1998,A woman can work in a job deemed dangerous in the same way as a man (1=yes; 0=no),SG.DNG.WORK.DN.EQ,1
Federal Republic of Somalia,SOM,1997,A woman can work in a job deemed dangerous in the same way as a man (1=yes; 0=no),SG.DNG.WORK.DN.EQ,1
Federal Republic of Somalia,SOM,1996,A woman can work in a job deemed dangerous in the same way as a man (1=yes; 0=no),SG.DNG.WORK.DN.EQ,1
Federal Republic of Somalia,SOM,1995,A woman can work in a job deemed dangerous in the same way as a man (1=yes; 0=no),SG.DNG.WORK.DN.EQ,1
Federal Republic of Somalia,SOM,1994,A woman can work in a job deemed dangerous in the same way as a man (1=yes; 0=no),SG.DNG.WORK.DN.EQ,1
Federal Republic of Somalia,SOM,1993,A woman can work in a job deemed dangerous in the same way as a man (1=yes; 0=no),SG.DNG.WORK.DN.EQ,1
Federal Republic of Somalia,SOM,1992,A woman can work in a job deemed dangerous in the same way as a man (1=yes; 0=no),SG.DNG.WORK.DN.EQ,1
Federal Republic of Somalia,SOM,1991,A woman can work in a job deemed dangerous in the same way as a man (1=yes; 0=no),SG.DNG.WORK.DN.EQ,1
Federal Republic of Somalia,SOM,1990,A woman can work in a job deemed dangerous in the same way as a man (1=yes; 0=no),SG.DNG.WORK.DN.EQ,1
Federal Republic of Somalia,SOM,1989,A woman can work in a job deemed dangerous in the same way as a man (1=yes; 0=no),SG.DNG.WORK.DN.EQ,1
Federal Republic of Somalia,SOM,1988,A woman can work in a job deemed dangerous in the same way as a man (1=yes; 0=no),SG.DNG.WORK.DN.EQ,1
Federal Republic of Somalia,SOM,1987,A woman can work in a job deemed dangerous in the same way as a man (1=yes; 0=no),SG.DNG.WORK.DN.EQ,1
Federal Republic of Somalia,SOM,1986,A woman can work in a job deemed dangerous in the same way as a man (1=yes; 0=no),SG.DNG.WORK.DN.EQ,1
Federal Republic of Somalia,SOM,1985,A woman can work in a job deemed dangerous in the same way as a man (1=yes; 0=no),SG.DNG.WORK.DN.EQ,1
Federal Republic of Somalia,SOM,1984,A woman can work in a job deemed dangerous in the same way as a man (1=yes; 0=no),SG.DNG.WORK.DN.EQ,1
Federal Republic of Somalia,SOM,1983,A woman can work in a job deemed dangerous in the same way as a man (1=yes; 0=no),SG.DNG.WORK.DN.EQ,1
Federal Republic of Somalia,SOM,1982,A woman can work in a job deemed dangerous in the same way as a man (1=yes; 0=no),SG.DNG.WORK.DN.EQ,1
Federal Republic of Somalia,SOM,1981,A woman can work in a job deemed dangerous in the same way as a man (1=yes; 0=no),SG.DNG.WORK.DN.EQ,1
Federal Republic of Somalia,SOM,1980,A woman can work in a job deemed dangerous in the same way as a man (1=yes; 0=no),SG.DNG.WORK.DN.EQ,1
Federal Republic of Somalia,SOM,1979,A woman can work in a job deemed dangerous in the same way as a man (1=yes; 0=no),SG.DNG.WORK.DN.EQ,1
Federal Republic of Somalia,SOM,1978,A woman can work in a job deemed dangerous in the same way as a man (1=yes; 0=no),SG.DNG.WORK.DN.EQ,1
Federal Republic of Somalia,SOM,1977,A woman can work in a job deemed dangerous in the same way as a man (1=yes; 0=no),SG.DNG.WORK.DN.EQ,1
Federal Republic of Somalia,SOM,1976,A woman can work in a job deemed dangerous in the same way as a man (1=yes; 0=no),SG.DNG.WORK.DN.EQ,1
Federal Republic of Somalia,SOM,1975,A woman can work in a job deemed dangerous in the same way as a man (1=yes; 0=no),SG.DNG.WORK.DN.EQ,1
Federal Republic of Somalia,SOM,1974,A woman can work in a job deemed dangerous in the same way as a man (1=yes; 0=no),SG.DNG.WORK.DN.EQ,1
Federal Republic of Somalia,SOM,1973,A woman can work in a job deemed dangerous in the same way as a man (1=yes; 0=no),SG.DNG.WORK.DN.EQ,1
Federal Republic of Somalia,SOM,1972,A woman can work in a job deemed dangerous in the same way as a man (1=yes; 0=no),SG.DNG.WORK.DN.EQ,0
Federal Republic of Somalia,SOM,1971,A woman can work in a job deemed dangerous in the same way as a man (1=yes; 0=no),SG.DNG.WORK.DN.EQ,0
Federal Republic of Somalia,SOM,1970,A woman can work in a job deemed dangerous in the same way as a man (1=yes; 0=no),SG.DNG.WORK.DN.EQ,0
Federal Republic of Somalia,SOM,2024,Proportion of women in ministerial level positions (%),SG.GEN.MNST.ZS,8
Federal Republic of Somalia,SOM,2023,Proportion of women in ministerial level positions (%),SG.GEN.MNST.ZS,12
Federal Republic of Somalia,SOM,2022,Proportion of women in ministerial level positions (%),SG.GEN.MNST.ZS,12
Federal Republic of Somalia,SOM,2020,Proportion of women in ministerial level positions (%),SG.GEN.MNST.ZS,18.5185185185185
Federal Republic of Somalia,SOM,2019,Proportion of women in ministerial level positions (%),SG.GEN.MNST.ZS,18.5185185185185
Federal Republic of Somalia,SOM,2018,Proportion of women in ministerial level positions (%),SG.GEN.MNST.ZS,14.8
Federal Republic of Somalia,SOM,2016,Proportion of women in ministerial level positions (%),SG.GEN.MNST.ZS,6.7
Federal Republic of Somalia,SOM,2015,Proportion of women in ministerial level positions (%),SG.GEN.MNST.ZS,8
Federal Republic of Somalia,SOM,2014,Proportion of women in ministerial level positions (%),SG.GEN.MNST.ZS,8
Federal Republic of Somalia,SOM,2012,Proportion of women in ministerial level positions (%),SG.GEN.MNST.ZS,5.6
Federal Republic of Somalia,SOM,2023,A woman can get a job in the same way as a man (1=yes; 0=no),SG.GET.JOBS.EQ,1
Federal Republic of Somalia,SOM,2022,A woman can get a job in the same way as a man (1=yes; 0=no),SG.GET.JOBS.EQ,1
Federal Republic of Somalia,SOM,2021,A woman can get a job in the same way as a man (1=yes; 0=no),SG.GET.JOBS.EQ,1
Federal Republic of Somalia,SOM,2020,A woman can get a job in the same way as a man (1=yes; 0=no),SG.GET.JOBS.EQ,1
Federal Republic of Somalia,SOM,2019,A woman can get a job in the same way as a man (1=yes; 0=no),SG.GET.JOBS.EQ,1
Federal Republic of Somalia,SOM,2018,A woman can get a job in the same way as a man (1=yes; 0=no),SG.GET.JOBS.EQ,1
Federal Republic of Somalia,SOM,2017,A woman can get a job in the same way as a man (1=yes; 0=no),SG.GET.JOBS.EQ,1
Federal Republic of Somalia,SOM,2016,A woman can get a job in the same way as a man (1=yes; 0=no),SG.GET.JOBS.EQ,1
Federal Republic of Somalia,SOM,2015,A woman can get a job in the same way as a man (1=yes; 0=no),SG.GET.JOBS.EQ,1
Federal Republic of Somalia,SOM,2014,A woman can get a job in the same way as a man (1=yes; 0=no),SG.GET.JOBS.EQ,1
Federal Republic of Somalia,SOM,2013,A woman can get a job in the same way as a man (1=yes; 0=no),SG.GET.JOBS.EQ,1
Federal Republic of Somalia,SOM,2012,A woman can get a job in the same way as a man (1=yes; 0=no),SG.GET.JOBS.EQ,1
Federal Republic of Somalia,SOM,2011,A woman can get a job in the same way as a man (1=yes; 0=no),SG.GET.JOBS.EQ,1
Federal Republic of Somalia,SOM,2010,A woman can get a job in the same way as a man (1=yes; 0=no),SG.GET.JOBS.EQ,1
Federal Republic of Somalia,SOM,2009,A woman can get a job in the same way as a man (1=yes; 0=no),SG.GET.JOBS.EQ,1
Federal Republic of Somalia,SOM,2008,A woman can get a job in the same way as a man (1=yes; 0=no),SG.GET.JOBS.EQ,1
Federal Republic of Somalia,SOM,2007,A woman can get a job in the same way as a man (1=yes; 0=no),SG.GET.JOBS.EQ,1
Federal Republic of Somalia,SOM,2006,A woman can get a job in the same way as a man (1=yes; 0=no),SG.GET.JOBS.EQ,1
Federal Republic of Somalia,SOM,2005,A woman can get a job in the same way as a man (1=yes; 0=no),SG.GET.JOBS.EQ,1
Federal Republic of Somalia,SOM,2004,A woman can get a job in the same way as a man (1=yes; 0=no),SG.GET.JOBS.EQ,1
Federal Republic of Somalia,SOM,2003,A woman can get a job in the same way as a man (1=yes; 0=no),SG.GET.JOBS.EQ,1
Federal Republic of Somalia,SOM,2002,A woman can get a job in the same way as a man (1=yes; 0=no),SG.GET.JOBS.EQ,1
Federal Republic of Somalia,SOM,2001,A woman can get a job in the same way as a man (1=yes; 0=no),SG.GET.JOBS.EQ,1
Federal Republic of Somalia,SOM,2000,A woman can get a job in the same way as a man (1=yes; 0=no),SG.GET.JOBS.EQ,1
Federal Republic of Somalia,SOM,1999,A woman can get a job in the same way as a man (1=yes; 0=no),SG.GET.JOBS.EQ,1
Federal Republic of Somalia,SOM,1998,A woman can get a job in the same way as a man (1=yes; 0=no),SG.GET.JOBS.EQ,1
Federal Republic of Somalia,SOM,1997,A woman can get a job in the same way as a man (1=yes; 0=no),SG.GET.JOBS.EQ,1
Federal Republic of Somalia,SOM,1996,A woman can get a job in the same way as a man (1=yes; 0=no),SG.GET.JOBS.EQ,1
Federal Republic of Somalia,SOM,1995,A woman can get a job in the same way as a man (1=yes; 0=no),SG.GET.JOBS.EQ,1
Federal Republic of Somalia,SOM,1994,A woman can get a job in the same way as a man (1=yes; 0=no),SG.GET.JOBS.EQ,1
Federal Republic of Somalia,SOM,1993,A woman can get a job in the same way as a man (1=yes; 0=no),SG.GET.JOBS.EQ,1
Federal Republic of Somalia,SOM,1992,A woman can get a job in the same way as a man (1=yes; 0=no),SG.GET.JOBS.EQ,1
Federal Republic of Somalia,SOM,1991,A woman can get a job in the same way as a man (1=yes; 0=no),SG.GET.JOBS.EQ,1
Federal Republic of Somalia,SOM,1990,A woman can get a job in the same way as a man (1=yes; 0=no),SG.GET.JOBS.EQ,1
Federal Republic of Somalia,SOM,1989,A woman can get a job in the same way as a man (1=yes; 0=no),SG.GET.JOBS.EQ,1
Federal Republic of Somalia,SOM,1988,A woman can get a job in the same way as a man (1=yes; 0=no),SG.GET.JOBS.EQ,1
Federal Republic of Somalia,SOM,1987,A woman can get a job in the same way as a man (1=yes; 0=no),SG.GET.JOBS.EQ,1
Federal Republic of Somalia,SOM,1986,A woman can get a job in the same way as a man (1=yes; 0=no),SG.GET.JOBS.EQ,1
Federal Republic of Somalia,SOM,1985,A woman can get a job in the same way as a man (1=yes; 0=no),SG.GET.JOBS.EQ,1
Federal Republic of Somalia,SOM,1984,A woman can get a job in the same way as a man (1=yes; 0=no),SG.GET.JOBS.EQ,1
Federal Republic of Somalia,SOM,1983,A woman can get a job in the same way as a man (1=yes; 0=no),SG.GET.JOBS.EQ,1
Federal Republic of Somalia,SOM,1982,A woman can get a job in the same way as a man (1=yes; 0=no),SG.GET.JOBS.EQ,1
Federal Republic of Somalia,SOM,1981,A woman can get a job in the same way as a man (1=yes; 0=no),SG.GET.JOBS.EQ,1
Federal Republic of Somalia,SOM,1980,A woman can get a job in the same way as a man (1=yes; 0=no),SG.GET.JOBS.EQ,1
Federal Republic of Somalia,SOM,1979,A woman can get a job in the same way as a man (1=yes; 0=no),SG.GET.JOBS.EQ,1
Federal Republic of Somalia,SOM,1978,A woman can get a job in the same way as a man (1=yes; 0=no),SG.GET.JOBS.EQ,1
Federal Republic of Somalia,SOM,1977,A woman can get a job in the same way as a man (1=yes; 0=no),SG.GET.JOBS.EQ,1
Federal Republic of Somalia,SOM,1976,A woman can get a job in the same way as a man (1=yes; 0=no),SG.GET.JOBS.EQ,1
Federal Republic of Somalia,SOM,1975,A woman can get a job in the same way as a man (1=yes; 0=no),SG.GET.JOBS.EQ,1
Federal Republic of Somalia,SOM,1974,A woman can get a job in the same way as a man (1=yes; 0=no),SG.GET.JOBS.EQ,1
Federal Republic of Somalia,SOM,1973,A woman can get a job in the same way as a man (1=yes; 0=no),SG.GET.JOBS.EQ,1
Federal Republic of Somalia,SOM,1972,A woman can get a job in the same way as a man (1=yes; 0=no),SG.GET.JOBS.EQ,1
Federal Republic of Somalia,SOM,1971,A woman can get a job in the same way as a man (1=yes; 0=no),SG.GET.JOBS.EQ,1
Federal Republic of Somalia,SOM,1970,A woman can get a job in the same way as a man (1=yes; 0=no),SG.GET.JOBS.EQ,1
Federal Republic of Somalia,SOM,2023,"A woman can be ""head of household"" in the same way as a man (1=yes; 0=no)",SG.HLD.HEAD.EQ,0
Federal Republic of Somalia,SOM,2022,"A woman can be ""head of household"" in the same way as a man (1=yes; 0=no)",SG.HLD.HEAD.EQ,0
Federal Republic of Somalia,SOM,2021,"A woman can be ""head of household"" in the same way as a man (1=yes; 0=no)",SG.HLD.HEAD.EQ,0
Federal Republic of Somalia,SOM,2020,"A woman can be ""head of household"" in the same way as a man (1=yes; 0=no)",SG.HLD.HEAD.EQ,0
Federal Republic of Somalia,SOM,2019,"A woman can be ""head of household"" in the same way as a man (1=yes; 0=no)",SG.HLD.HEAD.EQ,0
Federal Republic of Somalia,SOM,2018,"A woman can be ""head of household"" in the same way as a man (1=yes; 0=no)",SG.HLD.HEAD.EQ,0
Federal Republic of Somalia,SOM,2017,"A woman can be ""head of household"" in the same way as a man (1=yes; 0=no)",SG.HLD.HEAD.EQ,0
Federal Republic of Somalia,SOM,2016,"A woman can be ""head of household"" in the same way as a man (1=yes; 0=no)",SG.HLD.HEAD.EQ,0
Federal Republic of Somalia,SOM,2015,"A woman can be ""head of household"" in the same way as a man (1=yes; 0=no)",SG.HLD.HEAD.EQ,0
Federal Republic of Somalia,SOM,2014,"A woman can be ""head of household"" in the same way as a man (1=yes; 0=no)",SG.HLD.HEAD.EQ,0
Federal Republic of Somalia,SOM,2013,"A woman can be ""head of household"" in the same way as a man (1=yes; 0=no)",SG.HLD.HEAD.EQ,0
Federal Republic of Somalia,SOM,2012,"A woman can be ""head of household"" in the same way as a man (1=yes; 0=no)",SG.HLD.HEAD.EQ,0
Federal Republic of Somalia,SOM,2011,"A woman can be ""head of household"" in the same way as a man (1=yes; 0=no)",SG.HLD.HEAD.EQ,0
Federal Republic of Somalia,SOM,2010,"A woman can be ""head of household"" in the same way as a man (1=yes; 0=no)",SG.HLD.HEAD.EQ,0
Federal Republic of Somalia,SOM,2009,"A woman can be ""head of household"" in the same way as a man (1=yes; 0=no)",SG.HLD.HEAD.EQ,0
Federal Republic of Somalia,SOM,2008,"A woman can be ""head of household"" in the same way as a man (1=yes; 0=no)",SG.HLD.HEAD.EQ,0
Federal Republic of Somalia,SOM,2007,"A woman can be ""head of household"" in the same way as a man (1=yes; 0=no)",SG.HLD.HEAD.EQ,0
Federal Republic of Somalia,SOM,2006,"A woman can be ""head of household"" in the same way as a man (1=yes; 0=no)",SG.HLD.HEAD.EQ,0
Federal Republic of Somalia,SOM,2005,"A woman can be ""head of household"" in the same way as a man (1=yes; 0=no)",SG.HLD.HEAD.EQ,0
Federal Republic of Somalia,SOM,2004,"A woman can be ""head of household"" in the same way as a man (1=yes; 0=no)",SG.HLD.HEAD.EQ,0
Federal Republic of Somalia,SOM,2003,"A woman can be ""head of household"" in the same way as a man (1=yes; 0=no)",SG.HLD.HEAD.EQ,0
Federal Republic of Somalia,SOM,2002,"A woman can be ""head of household"" in the same way as a man (1=yes; 0=no)",SG.HLD.HEAD.EQ,0
Federal Republic of Somalia,SOM,2001,"A woman can be ""head of household"" in the same way as a man (1=yes; 0=no)",SG.HLD.HEAD.EQ,0
Federal Republic of Somalia,SOM,2000,"A woman can be ""head of household"" in the same way as a man (1=yes; 0=no)",SG.HLD.HEAD.EQ,0
Federal Republic of Somalia,SOM,1999,"A woman can be ""head of household"" in the same way as a man (1=yes; 0=no)",SG.HLD.HEAD.EQ,0
Federal Republic of Somalia,SOM,1998,"A woman can be ""head of household"" in the same way as a man (1=yes; 0=no)",SG.HLD.HEAD.EQ,0
Federal Republic of Somalia,SOM,1997,"A woman can be ""head of household"" in the same way as a man (1=yes; 0=no)",SG.HLD.HEAD.EQ,0
Federal Republic of Somalia,SOM,1996,"A woman can be ""head of household"" in the same way as a man (1=yes; 0=no)",SG.HLD.HEAD.EQ,0
Federal Republic of Somalia,SOM,1995,"A woman can be ""head of household"" in the same way as a man (1=yes; 0=no)",SG.HLD.HEAD.EQ,0
Federal Republic of Somalia,SOM,1994,"A woman can be ""head of household"" in the same way as a man (1=yes; 0=no)",SG.HLD.HEAD.EQ,0
Federal Republic of Somalia,SOM,1993,"A woman can be ""head of household"" in the same way as a man (1=yes; 0=no)",SG.HLD.HEAD.EQ,0
Federal Republic of Somalia,SOM,1992,"A woman can be ""head of household"" in the same way as a man (1=yes; 0=no)",SG.HLD.HEAD.EQ,0
Federal Republic of Somalia,SOM,1991,"A woman can be ""head of household"" in the same way as a man (1=yes; 0=no)",SG.HLD.HEAD.EQ,0
Federal Republic of Somalia,SOM,1990,"A woman can be ""head of household"" in the same way as a man (1=yes; 0=no)",SG.HLD.HEAD.EQ,0
Federal Republic of Somalia,SOM,1989,"A woman can be ""head of household"" in the same way as a man (1=yes; 0=no)",SG.HLD.HEAD.EQ,0
Federal Republic of Somalia,SOM,1988,"A woman can be ""head of household"" in the same way as a man (1=yes; 0=no)",SG.HLD.HEAD.EQ,0
Federal Republic of Somalia,SOM,1987,"A woman can be ""head of household"" in the same way as a man (1=yes; 0=no)",SG.HLD.HEAD.EQ,0
Federal Republic of Somalia,SOM,1986,"A woman can be ""head of household"" in the same way as a man (1=yes; 0=no)",SG.HLD.HEAD.EQ,0
Federal Republic of Somalia,SOM,1985,"A woman can be ""head of household"" in the same way as a man (1=yes; 0=no)",SG.HLD.HEAD.EQ,0
Federal Republic of Somalia,SOM,1984,"A woman can be ""head of household"" in the same way as a man (1=yes; 0=no)",SG.HLD.HEAD.EQ,0
Federal Republic of Somalia,SOM,1983,"A woman can be ""head of household"" in the same way as a man (1=yes; 0=no)",SG.HLD.HEAD.EQ,0
Federal Republic of Somalia,SOM,1982,"A woman can be ""head of household"" in the same way as a man (1=yes; 0=no)",SG.HLD.HEAD.EQ,0
Federal Republic of Somalia,SOM,1981,"A woman can be ""head of household"" in the same way as a man (1=yes; 0=no)",SG.HLD.HEAD.EQ,0
Federal Republic of Somalia,SOM,1980,"A woman can be ""head of household"" in the same way as a man (1=yes; 0=no)",SG.HLD.HEAD.EQ,0
Federal Republic of Somalia,SOM,1979,"A woman can be ""head of household"" in the same way as a man (1=yes; 0=no)",SG.HLD.HEAD.EQ,0
Federal Republic of Somalia,SOM,1978,"A woman can be ""head of household"" in the same way as a man (1=yes; 0=no)",SG.HLD.HEAD.EQ,0
Federal Republic of Somalia,SOM,1977,"A woman can be ""head of household"" in the same way as a man (1=yes; 0=no)",SG.HLD.HEAD.EQ,0
Federal Republic of Somalia,SOM,1976,"A woman can be ""head of household"" in the same way as a man (1=yes; 0=no)",SG.HLD.HEAD.EQ,0
Federal Republic of Somalia,SOM,1975,"A woman can be ""head of household"" in the same way as a man (1=yes; 0=no)",SG.HLD.HEAD.EQ,0
Federal Republic of Somalia,SOM,1974,"A woman can be ""head of household"" in the same way as a man (1=yes; 0=no)",SG.HLD.HEAD.EQ,0
Federal Republic of Somalia,SOM,1973,"A woman can be ""head of household"" in the same way as a man (1=yes; 0=no)",SG.HLD.HEAD.EQ,0
Federal Republic of Somalia,SOM,1972,"A woman can be ""head of household"" in the same way as a man (1=yes; 0=no)",SG.HLD.HEAD.EQ,0
Federal Republic of Somalia,SOM,1971,"A woman can be ""head of household"" in the same way as a man (1=yes; 0=no)",SG.HLD.HEAD.EQ,0
Federal Republic of Somalia,SOM,1970,"A woman can be ""head of household"" in the same way as a man (1=yes; 0=no)",SG.HLD.HEAD.EQ,0
Federal Republic of Somalia,SOM,2023,A woman can travel outside her home in the same way as a man (1=yes; 0=no),SG.HME.TRVL.EQ,1
Federal Republic of Somalia,SOM,2022,A woman can travel outside her home in the same way as a man (1=yes; 0=no),SG.HME.TRVL.EQ,1
Federal Republic of Somalia,SOM,2021,A woman can travel outside her home in the same way as a man (1=yes; 0=no),SG.HME.TRVL.EQ,1
Federal Republic of Somalia,SOM,2020,A woman can travel outside her home in the same way as a man (1=yes; 0=no),SG.HME.TRVL.EQ,1
Federal Republic of Somalia,SOM,2019,A woman can travel outside her home in the same way as a man (1=yes; 0=no),SG.HME.TRVL.EQ,1
Federal Republic of Somalia,SOM,2018,A woman can travel outside her home in the same way as a man (1=yes; 0=no),SG.HME.TRVL.EQ,1
Federal Republic of Somalia,SOM,2017,A woman can travel outside her home in the same way as a man (1=yes; 0=no),SG.HME.TRVL.EQ,1
Federal Republic of Somalia,SOM,2016,A woman can travel outside her home in the same way as a man (1=yes; 0=no),SG.HME.TRVL.EQ,1
Federal Republic of Somalia,SOM,2015,A woman can travel outside her home in the same way as a man (1=yes; 0=no),SG.HME.TRVL.EQ,1
Federal Republic of Somalia,SOM,2014,A woman can travel outside her home in the same way as a man (1=yes; 0=no),SG.HME.TRVL.EQ,1
Federal Republic of Somalia,SOM,2013,A woman can travel outside her home in the same way as a man (1=yes; 0=no),SG.HME.TRVL.EQ,1
Federal Republic of Somalia,SOM,2012,A woman can travel outside her home in the same way as a man (1=yes; 0=no),SG.HME.TRVL.EQ,1
Federal Republic of Somalia,SOM,2011,A woman can travel outside her home in the same way as a man (1=yes; 0=no),SG.HME.TRVL.EQ,1
Federal Republic of Somalia,SOM,2010,A woman can travel outside her home in the same way as a man (1=yes; 0=no),SG.HME.TRVL.EQ,1
Federal Republic of Somalia,SOM,2009,A woman can travel outside her home in the same way as a man (1=yes; 0=no),SG.HME.TRVL.EQ,1
Federal Republic of Somalia,SOM,2008,A woman can travel outside her home in the same way as a man (1=yes; 0=no),SG.HME.TRVL.EQ,1
Federal Republic of Somalia,SOM,2007,A woman can travel outside her home in the same way as a man (1=yes; 0=no),SG.HME.TRVL.EQ,1
Federal Republic of Somalia,SOM,2006,A woman can travel outside her home in the same way as a man (1=yes; 0=no),SG.HME.TRVL.EQ,1
Federal Republic of Somalia,SOM,2005,A woman can travel outside her home in the same way as a man (1=yes; 0=no),SG.HME.TRVL.EQ,1
Federal Republic of Somalia,SOM,2004,A woman can travel outside her home in the same way as a man (1=yes; 0=no),SG.HME.TRVL.EQ,1
Federal Republic of Somalia,SOM,2003,A woman can travel outside her home in the same way as a man (1=yes; 0=no),SG.HME.TRVL.EQ,1
Federal Republic of Somalia,SOM,2002,A woman can travel outside her home in the same way as a man (1=yes; 0=no),SG.HME.TRVL.EQ,1
Federal Republic of Somalia,SOM,2001,A woman can travel outside her home in the same way as a man (1=yes; 0=no),SG.HME.TRVL.EQ,1
Federal Republic of Somalia,SOM,2000,A woman can travel outside her home in the same way as a man (1=yes; 0=no),SG.HME.TRVL.EQ,1
Federal Republic of Somalia,SOM,1999,A woman can travel outside her home in the same way as a man (1=yes; 0=no),SG.HME.TRVL.EQ,1
Federal Republic of Somalia,SOM,1998,A woman can travel outside her home in the same way as a man (1=yes; 0=no),SG.HME.TRVL.EQ,1
Federal Republic of Somalia,SOM,1997,A woman can travel outside her home in the same way as a man (1=yes; 0=no),SG.HME.TRVL.EQ,1
Federal Republic of Somalia,SOM,1996,A woman can travel outside her home in the same way as a man (1=yes; 0=no),SG.HME.TRVL.EQ,1
Federal Republic of Somalia,SOM,1995,A woman can travel outside her home in the same way as a man (1=yes; 0=no),SG.HME.TRVL.EQ,1
Federal Republic of Somalia,SOM,1994,A woman can travel outside her home in the same way as a man (1=yes; 0=no),SG.HME.TRVL.EQ,1
Federal Republic of Somalia,SOM,1993,A woman can travel outside her home in the same way as a man (1=yes; 0=no),SG.HME.TRVL.EQ,1
Federal Republic of Somalia,SOM,1992,A woman can travel outside her home in the same way as a man (1=yes; 0=no),SG.HME.TRVL.EQ,1
Federal Republic of Somalia,SOM,1991,A woman can travel outside her home in the same way as a man (1=yes; 0=no),SG.HME.TRVL.EQ,1
Federal Republic of Somalia,SOM,1990,A woman can travel outside her home in the same way as a man (1=yes; 0=no),SG.HME.TRVL.EQ,1
Federal Republic of Somalia,SOM,1989,A woman can travel outside her home in the same way as a man (1=yes; 0=no),SG.HME.TRVL.EQ,1
Federal Republic of Somalia,SOM,1988,A woman can travel outside her home in the same way as a man (1=yes; 0=no),SG.HME.TRVL.EQ,1
Federal Republic of Somalia,SOM,1987,A woman can travel outside her home in the same way as a man (1=yes; 0=no),SG.HME.TRVL.EQ,1
Federal Republic of Somalia,SOM,1986,A woman can travel outside her home in the same way as a man (1=yes; 0=no),SG.HME.TRVL.EQ,1
Federal Republic of Somalia,SOM,1985,A woman can travel outside her home in the same way as a man (1=yes; 0=no),SG.HME.TRVL.EQ,1
Federal Republic of Somalia,SOM,1984,A woman can travel outside her home in the same way as a man (1=yes; 0=no),SG.HME.TRVL.EQ,1
Federal Republic of Somalia,SOM,1983,A woman can travel outside her home in the same way as a man (1=yes; 0=no),SG.HME.TRVL.EQ,1
Federal Republic of Somalia,SOM,1982,A woman can travel outside her home in the same way as a man (1=yes; 0=no),SG.HME.TRVL.EQ,1
Federal Republic of Somalia,SOM,1981,A woman can travel outside her home in the same way as a man (1=yes; 0=no),SG.HME.TRVL.EQ,1
Federal Republic of Somalia,SOM,1980,A woman can travel outside her home in the same way as a man (1=yes; 0=no),SG.HME.TRVL.EQ,1
Federal Republic of Somalia,SOM,1979,A woman can travel outside her home in the same way as a man (1=yes; 0=no),SG.HME.TRVL.EQ,1
Federal Republic of Somalia,SOM,1978,A woman can travel outside her home in the same way as a man (1=yes; 0=no),SG.HME.TRVL.EQ,1
Federal Republic of Somalia,SOM,1977,A woman can travel outside her home in the same way as a man (1=yes; 0=no),SG.HME.TRVL.EQ,1
Federal Republic of Somalia,SOM,1976,A woman can travel outside her home in the same way as a man (1=yes; 0=no),SG.HME.TRVL.EQ,1
Federal Republic of Somalia,SOM,1975,A woman can travel outside her home in the same way as a man (1=yes; 0=no),SG.HME.TRVL.EQ,1
Federal Republic of Somalia,SOM,1974,A woman can travel outside her home in the same way as a man (1=yes; 0=no),SG.HME.TRVL.EQ,1
Federal Republic of Somalia,SOM,1973,A woman can travel outside her home in the same way as a man (1=yes; 0=no),SG.HME.TRVL.EQ,1
Federal Republic of Somalia,SOM,1972,A woman can travel outside her home in the same way as a man (1=yes; 0=no),SG.HME.TRVL.EQ,1
Federal Republic of Somalia,SOM,1971,A woman can travel outside her home in the same way as a man (1=yes; 0=no),SG.HME.TRVL.EQ,1
Federal Republic of Somalia,SOM,1970,A woman can travel outside her home in the same way as a man (1=yes; 0=no),SG.HME.TRVL.EQ,1
Federal Republic of Somalia,SOM,2023,Male and female surviving spouses have equal rights to inherit assets (1=yes; 0=no),SG.IHT.ASST.EQ,0
Federal Republic of Somalia,SOM,2022,Male and female surviving spouses have equal rights to inherit assets (1=yes; 0=no),SG.IHT.ASST.EQ,0
Federal Republic of Somalia,SOM,2021,Male and female surviving spouses have equal rights to inherit assets (1=yes; 0=no),SG.IHT.ASST.EQ,0
Federal Republic of Somalia,SOM,2020,Male and female surviving spouses have equal rights to inherit assets (1=yes; 0=no),SG.IHT.ASST.EQ,0
Federal Republic of Somalia,SOM,2019,Male and female surviving spouses have equal rights to inherit assets (1=yes; 0=no),SG.IHT.ASST.EQ,0
Federal Republic of Somalia,SOM,2018,Male and female surviving spouses have equal rights to inherit assets (1=yes; 0=no),SG.IHT.ASST.EQ,0
Federal Republic of Somalia,SOM,2017,Male and female surviving spouses have equal rights to inherit assets (1=yes; 0=no),SG.IHT.ASST.EQ,0
Federal Republic of Somalia,SOM,2016,Male and female surviving spouses have equal rights to inherit assets (1=yes; 0=no),SG.IHT.ASST.EQ,0
Federal Republic of Somalia,SOM,2015,Male and female surviving spouses have equal rights to inherit assets (1=yes; 0=no),SG.IHT.ASST.EQ,0
Federal Republic of Somalia,SOM,2014,Male and female surviving spouses have equal rights to inherit assets (1=yes; 0=no),SG.IHT.ASST.EQ,0
Federal Republic of Somalia,SOM,2013,Male and female surviving spouses have equal rights to inherit assets (1=yes; 0=no),SG.IHT.ASST.EQ,0
Federal Republic of Somalia,SOM,2012,Male and female surviving spouses have equal rights to inherit assets (1=yes; 0=no),SG.IHT.ASST.EQ,0
Federal Republic of Somalia,SOM,2011,Male and female surviving spouses have equal rights to inherit assets (1=yes; 0=no),SG.IHT.ASST.EQ,0
Federal Republic of Somalia,SOM,2010,Male and female surviving spouses have equal rights to inherit assets (1=yes; 0=no),SG.IHT.ASST.EQ,0
Federal Republic of Somalia,SOM,2009,Male and female surviving spouses have equal rights to inherit assets (1=yes; 0=no),SG.IHT.ASST.EQ,0
Federal Republic of Somalia,SOM,2008,Male and female surviving spouses have equal rights to inherit assets (1=yes; 0=no),SG.IHT.ASST.EQ,0
Federal Republic of Somalia,SOM,2007,Male and female surviving spouses have equal rights to inherit assets (1=yes; 0=no),SG.IHT.ASST.EQ,0
Federal Republic of Somalia,SOM,2006,Male and female surviving spouses have equal rights to inherit assets (1=yes; 0=no),SG.IHT.ASST.EQ,0
Federal Republic of Somalia,SOM,2005,Male and female surviving spouses have equal rights to inherit assets (1=yes; 0=no),SG.IHT.ASST.EQ,0
Federal Republic of Somalia,SOM,2004,Male and female surviving spouses have equal rights to inherit assets (1=yes; 0=no),SG.IHT.ASST.EQ,0
Federal Republic of Somalia,SOM,2003,Male and female surviving spouses have equal rights to inherit assets (1=yes; 0=no),SG.IHT.ASST.EQ,0
Federal Republic of Somalia,SOM,2002,Male and female surviving spouses have equal rights to inherit assets (1=yes; 0=no),SG.IHT.ASST.EQ,0
Federal Republic of Somalia,SOM,2001,Male and female surviving spouses have equal rights to inherit assets (1=yes; 0=no),SG.IHT.ASST.EQ,0
Federal Republic of Somalia,SOM,2000,Male and female surviving spouses have equal rights to inherit assets (1=yes; 0=no),SG.IHT.ASST.EQ,0
Federal Republic of Somalia,SOM,1999,Male and female surviving spouses have equal rights to inherit assets (1=yes; 0=no),SG.IHT.ASST.EQ,0
Federal Republic of Somalia,SOM,1998,Male and female surviving spouses have equal rights to inherit assets (1=yes; 0=no),SG.IHT.ASST.EQ,0
Federal Republic of Somalia,SOM,1997,Male and female surviving spouses have equal rights to inherit assets (1=yes; 0=no),SG.IHT.ASST.EQ,0
Federal Republic of Somalia,SOM,1996,Male and female surviving spouses have equal rights to inherit assets (1=yes; 0=no),SG.IHT.ASST.EQ,0
Federal Republic of Somalia,SOM,1995,Male and female surviving spouses have equal rights to inherit assets (1=yes; 0=no),SG.IHT.ASST.EQ,0
Federal Republic of Somalia,SOM,1994,Male and female surviving spouses have equal rights to inherit assets (1=yes; 0=no),SG.IHT.ASST.EQ,0
Federal Republic of Somalia,SOM,1993,Male and female surviving spouses have equal rights to inherit assets (1=yes; 0=no),SG.IHT.ASST.EQ,0
Federal Republic of Somalia,SOM,1992,Male and female surviving spouses have equal rights to inherit assets (1=yes; 0=no),SG.IHT.ASST.EQ,0
Federal Republic of Somalia,SOM,1991,Male and female surviving spouses have equal rights to inherit assets (1=yes; 0=no),SG.IHT.ASST.EQ,0
Federal Republic of Somalia,SOM,1990,Male and female surviving spouses have equal rights to inherit assets (1=yes; 0=no),SG.IHT.ASST.EQ,0
Federal Republic of Somalia,SOM,1989,Male and female surviving spouses have equal rights to inherit assets (1=yes; 0=no),SG.IHT.ASST.EQ,0
Federal Republic of Somalia,SOM,1988,Male and female surviving spouses have equal rights to inherit assets (1=yes; 0=no),SG.IHT.ASST.EQ,0
Federal Republic of Somalia,SOM,1987,Male and female surviving spouses have equal rights to inherit assets (1=yes; 0=no),SG.IHT.ASST.EQ,0
Federal Republic of Somalia,SOM,1986,Male and female surviving spouses have equal rights to inherit assets (1=yes; 0=no),SG.IHT.ASST.EQ,0
Federal Republic of Somalia,SOM,1985,Male and female surviving spouses have equal rights to inherit assets (1=yes; 0=no),SG.IHT.ASST.EQ,0
Federal Republic of Somalia,SOM,1984,Male and female surviving spouses have equal rights to inherit assets (1=yes; 0=no),SG.IHT.ASST.EQ,0
Federal Republic of Somalia,SOM,1983,Male and female surviving spouses have equal rights to inherit assets (1=yes; 0=no),SG.IHT.ASST.EQ,0
Federal Republic of Somalia,SOM,1982,Male and female surviving spouses have equal rights to inherit assets (1=yes; 0=no),SG.IHT.ASST.EQ,0
Federal Republic of Somalia,SOM,1981,Male and female surviving spouses have equal rights to inherit assets (1=yes; 0=no),SG.IHT.ASST.EQ,0
Federal Republic of Somalia,SOM,1980,Male and female surviving spouses have equal rights to inherit assets (1=yes; 0=no),SG.IHT.ASST.EQ,0
Federal Republic of Somalia,SOM,1979,Male and female surviving spouses have equal rights to inherit assets (1=yes; 0=no),SG.IHT.ASST.EQ,0
Federal Republic of Somalia,SOM,1978,Male and female surviving spouses have equal rights to inherit assets (1=yes; 0=no),SG.IHT.ASST.EQ,0
Federal Republic of Somalia,SOM,1977,Male and female surviving spouses have equal rights to inherit assets (1=yes; 0=no),SG.IHT.ASST.EQ,0
Federal Republic of Somalia,SOM,1976,Male and female surviving spouses have equal rights to inherit assets (1=yes; 0=no),SG.IHT.ASST.EQ,0
Federal Republic of Somalia,SOM,1975,Male and female surviving spouses have equal rights to inherit assets (1=yes; 0=no),SG.IHT.ASST.EQ,0
Federal Republic of Somalia,SOM,1974,Male and female surviving spouses have equal rights to inherit assets (1=yes; 0=no),SG.IHT.ASST.EQ,0
Federal Republic of Somalia,SOM,1973,Male and female surviving spouses have equal rights to inherit assets (1=yes; 0=no),SG.IHT.ASST.EQ,0
Federal Republic of Somalia,SOM,1972,Male and female surviving spouses have equal rights to inherit assets (1=yes; 0=no),SG.IHT.ASST.EQ,0
Federal Republic of Somalia,SOM,1971,Male and female surviving spouses have equal rights to inherit assets (1=yes; 0=no),SG.IHT.ASST.EQ,0
Federal Republic of Somalia,SOM,1970,Male and female surviving spouses have equal rights to inherit assets (1=yes; 0=no),SG.IHT.ASST.EQ,0
Federal Republic of Somalia,SOM,2023,Sons and daughters have equal rights to inherit assets from their parents (1=yes; 0=no),SG.IHT.ASST.PT.EQ,0
Federal Republic of Somalia,SOM,2022,Sons and daughters have equal rights to inherit assets from their parents (1=yes; 0=no),SG.IHT.ASST.PT.EQ,0
Federal Republic of Somalia,SOM,2021,Sons and daughters have equal rights to inherit assets from their parents (1=yes; 0=no),SG.IHT.ASST.PT.EQ,0
Federal Republic of Somalia,SOM,2020,Sons and daughters have equal rights to inherit assets from their parents (1=yes; 0=no),SG.IHT.ASST.PT.EQ,0
Federal Republic of Somalia,SOM,2019,Sons and daughters have equal rights to inherit assets from their parents (1=yes; 0=no),SG.IHT.ASST.PT.EQ,0
Federal Republic of Somalia,SOM,2018,Sons and daughters have equal rights to inherit assets from their parents (1=yes; 0=no),SG.IHT.ASST.PT.EQ,0
Federal Republic of Somalia,SOM,2017,Sons and daughters have equal rights to inherit assets from their parents (1=yes; 0=no),SG.IHT.ASST.PT.EQ,0
Federal Republic of Somalia,SOM,2016,Sons and daughters have equal rights to inherit assets from their parents (1=yes; 0=no),SG.IHT.ASST.PT.EQ,0
Federal Republic of Somalia,SOM,2015,Sons and daughters have equal rights to inherit assets from their parents (1=yes; 0=no),SG.IHT.ASST.PT.EQ,0
Federal Republic of Somalia,SOM,2014,Sons and daughters have equal rights to inherit assets from their parents (1=yes; 0=no),SG.IHT.ASST.PT.EQ,0
Federal Republic of Somalia,SOM,2013,Sons and daughters have equal rights to inherit assets from their parents (1=yes; 0=no),SG.IHT.ASST.PT.EQ,0
Federal Republic of Somalia,SOM,2012,Sons and daughters have equal rights to inherit assets from their parents (1=yes; 0=no),SG.IHT.ASST.PT.EQ,0
Federal Republic of Somalia,SOM,2011,Sons and daughters have equal rights to inherit assets from their parents (1=yes; 0=no),SG.IHT.ASST.PT.EQ,0
Federal Republic of Somalia,SOM,2010,Sons and daughters have equal rights to inherit assets from their parents (1=yes; 0=no),SG.IHT.ASST.PT.EQ,0
Federal Republic of Somalia,SOM,2009,Sons and daughters have equal rights to inherit assets from their parents (1=yes; 0=no),SG.IHT.ASST.PT.EQ,0
Federal Republic of Somalia,SOM,2008,Sons and daughters have equal rights to inherit assets from their parents (1=yes; 0=no),SG.IHT.ASST.PT.EQ,0
Federal Republic of Somalia,SOM,2007,Sons and daughters have equal rights to inherit assets from their parents (1=yes; 0=no),SG.IHT.ASST.PT.EQ,0
Federal Republic of Somalia,SOM,2006,Sons and daughters have equal rights to inherit assets from their parents (1=yes; 0=no),SG.IHT.ASST.PT.EQ,0
Federal Republic of Somalia,SOM,2005,Sons and daughters have equal rights to inherit assets from their parents (1=yes; 0=no),SG.IHT.ASST.PT.EQ,0
Federal Republic of Somalia,SOM,2004,Sons and daughters have equal rights to inherit assets from their parents (1=yes; 0=no),SG.IHT.ASST.PT.EQ,0
Federal Republic of Somalia,SOM,2003,Sons and daughters have equal rights to inherit assets from their parents (1=yes; 0=no),SG.IHT.ASST.PT.EQ,0
Federal Republic of Somalia,SOM,2002,Sons and daughters have equal rights to inherit assets from their parents (1=yes; 0=no),SG.IHT.ASST.PT.EQ,0
Federal Republic of Somalia,SOM,2001,Sons and daughters have equal rights to inherit assets from their parents (1=yes; 0=no),SG.IHT.ASST.PT.EQ,0
Federal Republic of Somalia,SOM,2000,Sons and daughters have equal rights to inherit assets from their parents (1=yes; 0=no),SG.IHT.ASST.PT.EQ,0
Federal Republic of Somalia,SOM,1999,Sons and daughters have equal rights to inherit assets from their parents (1=yes; 0=no),SG.IHT.ASST.PT.EQ,0
Federal Republic of Somalia,SOM,1998,Sons and daughters have equal rights to inherit assets from their parents (1=yes; 0=no),SG.IHT.ASST.PT.EQ,0
Federal Republic of Somalia,SOM,1997,Sons and daughters have equal rights to inherit assets from their parents (1=yes; 0=no),SG.IHT.ASST.PT.EQ,0
Federal Republic of Somalia,SOM,1996,Sons and daughters have equal rights to inherit assets from their parents (1=yes; 0=no),SG.IHT.ASST.PT.EQ,0
Federal Republic of Somalia,SOM,1995,Sons and daughters have equal rights to inherit assets from their parents (1=yes; 0=no),SG.IHT.ASST.PT.EQ,0
Federal Republic of Somalia,SOM,1994,Sons and daughters have equal rights to inherit assets from their parents (1=yes; 0=no),SG.IHT.ASST.PT.EQ,0
Federal Republic of Somalia,SOM,1993,Sons and daughters have equal rights to inherit assets from their parents (1=yes; 0=no),SG.IHT.ASST.PT.EQ,0
Federal Republic of Somalia,SOM,1992,Sons and daughters have equal rights to inherit assets from their parents (1=yes; 0=no),SG.IHT.ASST.PT.EQ,0
Federal Republic of Somalia,SOM,1991,Sons and daughters have equal rights to inherit assets from their parents (1=yes; 0=no),SG.IHT.ASST.PT.EQ,0
Federal Republic of Somalia,SOM,1990,Sons and daughters have equal rights to inherit assets from their parents (1=yes; 0=no),SG.IHT.ASST.PT.EQ,0
Federal Republic of Somalia,SOM,1989,Sons and daughters have equal rights to inherit assets from their parents (1=yes; 0=no),SG.IHT.ASST.PT.EQ,0
Federal Republic of Somalia,SOM,1988,Sons and daughters have equal rights to inherit assets from their parents (1=yes; 0=no),SG.IHT.ASST.PT.EQ,0
Federal Republic of Somalia,SOM,1987,Sons and daughters have equal rights to inherit assets from their parents (1=yes; 0=no),SG.IHT.ASST.PT.EQ,0
Federal Republic of Somalia,SOM,1986,Sons and daughters have equal rights to inherit assets from their parents (1=yes; 0=no),SG.IHT.ASST.PT.EQ,0
Federal Republic of Somalia,SOM,1985,Sons and daughters have equal rights to inherit assets from their parents (1=yes; 0=no),SG.IHT.ASST.PT.EQ,0
Federal Republic of Somalia,SOM,1984,Sons and daughters have equal rights to inherit assets from their parents (1=yes; 0=no),SG.IHT.ASST.PT.EQ,0
Federal Republic of Somalia,SOM,1983,Sons and daughters have equal rights to inherit assets from their parents (1=yes; 0=no),SG.IHT.ASST.PT.EQ,0
Federal Republic of Somalia,SOM,1982,Sons and daughters have equal rights to inherit assets from their parents (1=yes; 0=no),SG.IHT.ASST.PT.EQ,0
Federal Republic of Somalia,SOM,1981,Sons and daughters have equal rights to inherit assets from their parents (1=yes; 0=no),SG.IHT.ASST.PT.EQ,0
Federal Republic of Somalia,SOM,1980,Sons and daughters have equal rights to inherit assets from their parents (1=yes; 0=no),SG.IHT.ASST.PT.EQ,0
Federal Republic of Somalia,SOM,1979,Sons and daughters have equal rights to inherit assets from their parents (1=yes; 0=no),SG.IHT.ASST.PT.EQ,0
Federal Republic of Somalia,SOM,1978,Sons and daughters have equal rights to inherit assets from their parents (1=yes; 0=no),SG.IHT.ASST.PT.EQ,0
Federal Republic of Somalia,SOM,1977,Sons and daughters have equal rights to inherit assets from their parents (1=yes; 0=no),SG.IHT.ASST.PT.EQ,0
Federal Republic of Somalia,SOM,1976,Sons and daughters have equal rights to inherit assets from their parents (1=yes; 0=no),SG.IHT.ASST.PT.EQ,0
Federal Republic of Somalia,SOM,1975,Sons and daughters have equal rights to inherit assets from their parents (1=yes; 0=no),SG.IHT.ASST.PT.EQ,0
Federal Republic of Somalia,SOM,1974,Sons and daughters have equal rights to inherit assets from their parents (1=yes; 0=no),SG.IHT.ASST.PT.EQ,0
Federal Republic of Somalia,SOM,1973,Sons and daughters have equal rights to inherit assets from their parents (1=yes; 0=no),SG.IHT.ASST.PT.EQ,0
Federal Republic of Somalia,SOM,1972,Sons and daughters have equal rights to inherit assets from their parents (1=yes; 0=no),SG.IHT.ASST.PT.EQ,0
Federal Republic of Somalia,SOM,1971,Sons and daughters have equal rights to inherit assets from their parents (1=yes; 0=no),SG.IHT.ASST.PT.EQ,0
Federal Republic of Somalia,SOM,1970,Sons and daughters have equal rights to inherit assets from their parents (1=yes; 0=no),SG.IHT.ASST.PT.EQ,0
Federal Republic of Somalia,SOM,2023,A woman can work in an industrial job in the same way as a man (1=yes; 0=no),SG.IND.WORK.EQ,0
Federal Republic of Somalia,SOM,2022,A woman can work in an industrial job in the same way as a man (1=yes; 0=no),SG.IND.WORK.EQ,0
Federal Republic of Somalia,SOM,2021,A woman can work in an industrial job in the same way as a man (1=yes; 0=no),SG.IND.WORK.EQ,0
Federal Republic of Somalia,SOM,2020,A woman can work in an industrial job in the same way as a man (1=yes; 0=no),SG.IND.WORK.EQ,0
Federal Republic of Somalia,SOM,2019,A woman can work in an industrial job in the same way as a man (1=yes; 0=no),SG.IND.WORK.EQ,0
Federal Republic of Somalia,SOM,2018,A woman can work in an industrial job in the same way as a man (1=yes; 0=no),SG.IND.WORK.EQ,0
Federal Republic of Somalia,SOM,2017,A woman can work in an industrial job in the same way as a man (1=yes; 0=no),SG.IND.WORK.EQ,0
Federal Republic of Somalia,SOM,2016,A woman can work in an industrial job in the same way as a man (1=yes; 0=no),SG.IND.WORK.EQ,0
Federal Republic of Somalia,SOM,2015,A woman can work in an industrial job in the same way as a man (1=yes; 0=no),SG.IND.WORK.EQ,0
Federal Republic of Somalia,SOM,2014,A woman can work in an industrial job in the same way as a man (1=yes; 0=no),SG.IND.WORK.EQ,0
Federal Republic of Somalia,SOM,2013,A woman can work in an industrial job in the same way as a man (1=yes; 0=no),SG.IND.WORK.EQ,0
Federal Republic of Somalia,SOM,2012,A woman can work in an industrial job in the same way as a man (1=yes; 0=no),SG.IND.WORK.EQ,0
Federal Republic of Somalia,SOM,2011,A woman can work in an industrial job in the same way as a man (1=yes; 0=no),SG.IND.WORK.EQ,0
Federal Republic of Somalia,SOM,2010,A woman can work in an industrial job in the same way as a man (1=yes; 0=no),SG.IND.WORK.EQ,0
Federal Republic of Somalia,SOM,2009,A woman can work in an industrial job in the same way as a man (1=yes; 0=no),SG.IND.WORK.EQ,0
Federal Republic of Somalia,SOM,2008,A woman can work in an industrial job in the same way as a man (1=yes; 0=no),SG.IND.WORK.EQ,0
Federal Republic of Somalia,SOM,2007,A woman can work in an industrial job in the same way as a man (1=yes; 0=no),SG.IND.WORK.EQ,0
Federal Republic of Somalia,SOM,2006,A woman can work in an industrial job in the same way as a man (1=yes; 0=no),SG.IND.WORK.EQ,0
Federal Republic of Somalia,SOM,2005,A woman can work in an industrial job in the same way as a man (1=yes; 0=no),SG.IND.WORK.EQ,0
Federal Republic of Somalia,SOM,2004,A woman can work in an industrial job in the same way as a man (1=yes; 0=no),SG.IND.WORK.EQ,0
Federal Republic of Somalia,SOM,2003,A woman can work in an industrial job in the same way as a man (1=yes; 0=no),SG.IND.WORK.EQ,0
Federal Republic of Somalia,SOM,2002,A woman can work in an industrial job in the same way as a man (1=yes; 0=no),SG.IND.WORK.EQ,0
Federal Republic of Somalia,SOM,2001,A woman can work in an industrial job in the same way as a man (1=yes; 0=no),SG.IND.WORK.EQ,0
Federal Republic of Somalia,SOM,2000,A woman can work in an industrial job in the same way as a man (1=yes; 0=no),SG.IND.WORK.EQ,0
Federal Republic of Somalia,SOM,1999,A woman can work in an industrial job in the same way as a man (1=yes; 0=no),SG.IND.WORK.EQ,0
Federal Republic of Somalia,SOM,1998,A woman can work in an industrial job in the same way as a man (1=yes; 0=no),SG.IND.WORK.EQ,0
Federal Republic of Somalia,SOM,1997,A woman can work in an industrial job in the same way as a man (1=yes; 0=no),SG.IND.WORK.EQ,0
Federal Republic of Somalia,SOM,1996,A woman can work in an industrial job in the same way as a man (1=yes; 0=no),SG.IND.WORK.EQ,0
Federal Republic of Somalia,SOM,1995,A woman can work in an industrial job in the same way as a man (1=yes; 0=no),SG.IND.WORK.EQ,0
Federal Republic of Somalia,SOM,1994,A woman can work in an industrial job in the same way as a man (1=yes; 0=no),SG.IND.WORK.EQ,0
Federal Republic of Somalia,SOM,1993,A woman can work in an industrial job in the same way as a man (1=yes; 0=no),SG.IND.WORK.EQ,0
Federal Republic of Somalia,SOM,1992,A woman can work in an industrial job in the same way as a man (1=yes; 0=no),SG.IND.WORK.EQ,0
Federal Republic of Somalia,SOM,1991,A woman can work in an industrial job in the same way as a man (1=yes; 0=no),SG.IND.WORK.EQ,0
Federal Republic of Somalia,SOM,1990,A woman can work in an industrial job in the same way as a man (1=yes; 0=no),SG.IND.WORK.EQ,0
Federal Republic of Somalia,SOM,1989,A woman can work in an industrial job in the same way as a man (1=yes; 0=no),SG.IND.WORK.EQ,0
Federal Republic of Somalia,SOM,1988,A woman can work in an industrial job in the same way as a man (1=yes; 0=no),SG.IND.WORK.EQ,0
Federal Republic of Somalia,SOM,1987,A woman can work in an industrial job in the same way as a man (1=yes; 0=no),SG.IND.WORK.EQ,0
Federal Republic of Somalia,SOM,1986,A woman can work in an industrial job in the same way as a man (1=yes; 0=no),SG.IND.WORK.EQ,0
Federal Republic of Somalia,SOM,1985,A woman can work in an industrial job in the same way as a man (1=yes; 0=no),SG.IND.WORK.EQ,0
Federal Republic of Somalia,SOM,1984,A woman can work in an industrial job in the same way as a man (1=yes; 0=no),SG.IND.WORK.EQ,0
Federal Republic of Somalia,SOM,1983,A woman can work in an industrial job in the same way as a man (1=yes; 0=no),SG.IND.WORK.EQ,0
Federal Republic of Somalia,SOM,1982,A woman can work in an industrial job in the same way as a man (1=yes; 0=no),SG.IND.WORK.EQ,0
Federal Republic of Somalia,SOM,1981,A woman can work in an industrial job in the same way as a man (1=yes; 0=no),SG.IND.WORK.EQ,0
Federal Republic of Somalia,SOM,1980,A woman can work in an industrial job in the same way as a man (1=yes; 0=no),SG.IND.WORK.EQ,0
Federal Republic of Somalia,SOM,1979,A woman can work in an industrial job in the same way as a man (1=yes; 0=no),SG.IND.WORK.EQ,0
Federal Republic of Somalia,SOM,1978,A woman can work in an industrial job in the same way as a man (1=yes; 0=no),SG.IND.WORK.EQ,0
Federal Republic of Somalia,SOM,1977,A woman can work in an industrial job in the same way as a man (1=yes; 0=no),SG.IND.WORK.EQ,0
Federal Republic of Somalia,SOM,1976,A woman can work in an industrial job in the same way as a man (1=yes; 0=no),SG.IND.WORK.EQ,0
Federal Republic of Somalia,SOM,1975,A woman can work in an industrial job in the same way as a man (1=yes; 0=no),SG.IND.WORK.EQ,0
Federal Republic of Somalia,SOM,1974,A woman can work in an industrial job in the same way as a man (1=yes; 0=no),SG.IND.WORK.EQ,0
Federal Republic of Somalia,SOM,1973,A woman can work in an industrial job in the same way as a man (1=yes; 0=no),SG.IND.WORK.EQ,0
Federal Republic of Somalia,SOM,1972,A woman can work in an industrial job in the same way as a man (1=yes; 0=no),SG.IND.WORK.EQ,0
Federal Republic of Somalia,SOM,1971,A woman can work in an industrial job in the same way as a man (1=yes; 0=no),SG.IND.WORK.EQ,0
Federal Republic of Somalia,SOM,1970,A woman can work in an industrial job in the same way as a man (1=yes; 0=no),SG.IND.WORK.EQ,0
Federal Republic of Somalia,SOM,2023,The law grants spouses equal administrative authority over assets during marriage (1=yes; 0=no),SG.LAW.ASST.AR,1
Federal Republic of Somalia,SOM,2022,The law grants spouses equal administrative authority over assets during marriage (1=yes; 0=no),SG.LAW.ASST.AR,1
Federal Republic of Somalia,SOM,2021,The law grants spouses equal administrative authority over assets during marriage (1=yes; 0=no),SG.LAW.ASST.AR,1
Federal Republic of Somalia,SOM,2020,The law grants spouses equal administrative authority over assets during marriage (1=yes; 0=no),SG.LAW.ASST.AR,1
Federal Republic of Somalia,SOM,2019,The law grants spouses equal administrative authority over assets during marriage (1=yes; 0=no),SG.LAW.ASST.AR,1
Federal Republic of Somalia,SOM,2018,The law grants spouses equal administrative authority over assets during marriage (1=yes; 0=no),SG.LAW.ASST.AR,1
Federal Republic of Somalia,SOM,2017,The law grants spouses equal administrative authority over assets during marriage (1=yes; 0=no),SG.LAW.ASST.AR,1
Federal Republic of Somalia,SOM,2016,The law grants spouses equal administrative authority over assets during marriage (1=yes; 0=no),SG.LAW.ASST.AR,1
Federal Republic of Somalia,SOM,2015,The law grants spouses equal administrative authority over assets during marriage (1=yes; 0=no),SG.LAW.ASST.AR,1
Federal Republic of Somalia,SOM,2014,The law grants spouses equal administrative authority over assets during marriage (1=yes; 0=no),SG.LAW.ASST.AR,1
Federal Republic of Somalia,SOM,2013,The law grants spouses equal administrative authority over assets during marriage (1=yes; 0=no),SG.LAW.ASST.AR,1
Federal Republic of Somalia,SOM,2012,The law grants spouses equal administrative authority over assets during marriage (1=yes; 0=no),SG.LAW.ASST.AR,1
Federal Republic of Somalia,SOM,2011,The law grants spouses equal administrative authority over assets during marriage (1=yes; 0=no),SG.LAW.ASST.AR,1
Federal Republic of Somalia,SOM,2010,The law grants spouses equal administrative authority over assets during marriage (1=yes; 0=no),SG.LAW.ASST.AR,1
Federal Republic of Somalia,SOM,2009,The law grants spouses equal administrative authority over assets during marriage (1=yes; 0=no),SG.LAW.ASST.AR,1
Federal Republic of Somalia,SOM,2008,The law grants spouses equal administrative authority over assets during marriage (1=yes; 0=no),SG.LAW.ASST.AR,1
Federal Republic of Somalia,SOM,2007,The law grants spouses equal administrative authority over assets during marriage (1=yes; 0=no),SG.LAW.ASST.AR,1
Federal Republic of Somalia,SOM,2006,The law grants spouses equal administrative authority over assets during marriage (1=yes; 0=no),SG.LAW.ASST.AR,1
Federal Republic of Somalia,SOM,2005,The law grants spouses equal administrative authority over assets during marriage (1=yes; 0=no),SG.LAW.ASST.AR,1
Federal Republic of Somalia,SOM,2004,The law grants spouses equal administrative authority over assets during marriage (1=yes; 0=no),SG.LAW.ASST.AR,1
Federal Republic of Somalia,SOM,2003,The law grants spouses equal administrative authority over assets during marriage (1=yes; 0=no),SG.LAW.ASST.AR,1
Federal Republic of Somalia,SOM,2002,The law grants spouses equal administrative authority over assets during marriage (1=yes; 0=no),SG.LAW.ASST.AR,1
Federal Republic of Somalia,SOM,2001,The law grants spouses equal administrative authority over assets during marriage (1=yes; 0=no),SG.LAW.ASST.AR,1
Federal Republic of Somalia,SOM,2000,The law grants spouses equal administrative authority over assets during marriage (1=yes; 0=no),SG.LAW.ASST.AR,1
Federal Republic of Somalia,SOM,1999,The law grants spouses equal administrative authority over assets during marriage (1=yes; 0=no),SG.LAW.ASST.AR,1
Federal Republic of Somalia,SOM,1998,The law grants spouses equal administrative authority over assets during marriage (1=yes; 0=no),SG.LAW.ASST.AR,1
Federal Republic of Somalia,SOM,1997,The law grants spouses equal administrative authority over assets during marriage (1=yes; 0=no),SG.LAW.ASST.AR,1
Federal Republic of Somalia,SOM,1996,The law grants spouses equal administrative authority over assets during marriage (1=yes; 0=no),SG.LAW.ASST.AR,1
Federal Republic of Somalia,SOM,1995,The law grants spouses equal administrative authority over assets during marriage (1=yes; 0=no),SG.LAW.ASST.AR,1
Federal Republic of Somalia,SOM,1994,The law grants spouses equal administrative authority over assets during marriage (1=yes; 0=no),SG.LAW.ASST.AR,1
Federal Republic of Somalia,SOM,1993,The law grants spouses equal administrative authority over assets during marriage (1=yes; 0=no),SG.LAW.ASST.AR,1
Federal Republic of Somalia,SOM,1992,The law grants spouses equal administrative authority over assets during marriage (1=yes; 0=no),SG.LAW.ASST.AR,1
Federal Republic of Somalia,SOM,1991,The law grants spouses equal administrative authority over assets during marriage (1=yes; 0=no),SG.LAW.ASST.AR,1
Federal Republic of Somalia,SOM,1990,The law grants spouses equal administrative authority over assets during marriage (1=yes; 0=no),SG.LAW.ASST.AR,1
Federal Republic of Somalia,SOM,1989,The law grants spouses equal administrative authority over assets during marriage (1=yes; 0=no),SG.LAW.ASST.AR,1
Federal Republic of Somalia,SOM,1988,The law grants spouses equal administrative authority over assets during marriage (1=yes; 0=no),SG.LAW.ASST.AR,1
Federal Republic of Somalia,SOM,1987,The law grants spouses equal administrative authority over assets during marriage (1=yes; 0=no),SG.LAW.ASST.AR,1
Federal Republic of Somalia,SOM,1986,The law grants spouses equal administrative authority over assets during marriage (1=yes; 0=no),SG.LAW.ASST.AR,1
Federal Republic of Somalia,SOM,1985,The law grants spouses equal administrative authority over assets during marriage (1=yes; 0=no),SG.LAW.ASST.AR,1
Federal Republic of Somalia,SOM,1984,The law grants spouses equal administrative authority over assets during marriage (1=yes; 0=no),SG.LAW.ASST.AR,1
Federal Republic of Somalia,SOM,1983,The law grants spouses equal administrative authority over assets during marriage (1=yes; 0=no),SG.LAW.ASST.AR,1
Federal Republic of Somalia,SOM,1982,The law grants spouses equal administrative authority over assets during marriage (1=yes; 0=no),SG.LAW.ASST.AR,1
Federal Republic of Somalia,SOM,1981,The law grants spouses equal administrative authority over assets during marriage (1=yes; 0=no),SG.LAW.ASST.AR,1
Federal Republic of Somalia,SOM,1980,The law grants spouses equal administrative authority over assets during marriage (1=yes; 0=no),SG.LAW.ASST.AR,1
Federal Republic of Somalia,SOM,1979,The law grants spouses equal administrative authority over assets during marriage (1=yes; 0=no),SG.LAW.ASST.AR,1
Federal Republic of Somalia,SOM,1978,The law grants spouses equal administrative authority over assets during marriage (1=yes; 0=no),SG.LAW.ASST.AR,1
Federal Republic of Somalia,SOM,1977,The law grants spouses equal administrative authority over assets during marriage (1=yes; 0=no),SG.LAW.ASST.AR,1
Federal Republic of Somalia,SOM,1976,The law grants spouses equal administrative authority over assets during marriage (1=yes; 0=no),SG.LAW.ASST.AR,1
Federal Republic of Somalia,SOM,1975,The law grants spouses equal administrative authority over assets during marriage (1=yes; 0=no),SG.LAW.ASST.AR,1
Federal Republic of Somalia,SOM,1974,The law grants spouses equal administrative authority over assets during marriage (1=yes; 0=no),SG.LAW.ASST.AR,1
Federal Republic of Somalia,SOM,1973,The law grants spouses equal administrative authority over assets during marriage (1=yes; 0=no),SG.LAW.ASST.AR,1
Federal Republic of Somalia,SOM,1972,The law grants spouses equal administrative authority over assets during marriage (1=yes; 0=no),SG.LAW.ASST.AR,1
Federal Republic of Somalia,SOM,1971,The law grants spouses equal administrative authority over assets during marriage (1=yes; 0=no),SG.LAW.ASST.AR,1
Federal Republic of Somalia,SOM,1970,The law grants spouses equal administrative authority over assets during marriage (1=yes; 0=no),SG.LAW.ASST.AR,1
Federal Republic of Somalia,SOM,2023,The law prohibits discrimination in access to credit based on gender (1=yes; 0=no),SG.LAW.CRDD.GR,0
Federal Republic of Somalia,SOM,2022,The law prohibits discrimination in access to credit based on gender (1=yes; 0=no),SG.LAW.CRDD.GR,0
Federal Republic of Somalia,SOM,2021,The law prohibits discrimination in access to credit based on gender (1=yes; 0=no),SG.LAW.CRDD.GR,0
Federal Republic of Somalia,SOM,2020,The law prohibits discrimination in access to credit based on gender (1=yes; 0=no),SG.LAW.CRDD.GR,0
Federal Republic of Somalia,SOM,2019,The law prohibits discrimination in access to credit based on gender (1=yes; 0=no),SG.LAW.CRDD.GR,0
Federal Republic of Somalia,SOM,2018,The law prohibits discrimination in access to credit based on gender (1=yes; 0=no),SG.LAW.CRDD.GR,0
Federal Republic of Somalia,SOM,2017,The law prohibits discrimination in access to credit based on gender (1=yes; 0=no),SG.LAW.CRDD.GR,0
Federal Republic of Somalia,SOM,2016,The law prohibits discrimination in access to credit based on gender (1=yes; 0=no),SG.LAW.CRDD.GR,0
Federal Republic of Somalia,SOM,2015,The law prohibits discrimination in access to credit based on gender (1=yes; 0=no),SG.LAW.CRDD.GR,0
Federal Republic of Somalia,SOM,2014,The law prohibits discrimination in access to credit based on gender (1=yes; 0=no),SG.LAW.CRDD.GR,0
Federal Republic of Somalia,SOM,2013,The law prohibits discrimination in access to credit based on gender (1=yes; 0=no),SG.LAW.CRDD.GR,0
Federal Republic of Somalia,SOM,2012,The law prohibits discrimination in access to credit based on gender (1=yes; 0=no),SG.LAW.CRDD.GR,0
Federal Republic of Somalia,SOM,2011,The law prohibits discrimination in access to credit based on gender (1=yes; 0=no),SG.LAW.CRDD.GR,0
Federal Republic of Somalia,SOM,2010,The law prohibits discrimination in access to credit based on gender (1=yes; 0=no),SG.LAW.CRDD.GR,0
Federal Republic of Somalia,SOM,2009,The law prohibits discrimination in access to credit based on gender (1=yes; 0=no),SG.LAW.CRDD.GR,0
Federal Republic of Somalia,SOM,2008,The law prohibits discrimination in access to credit based on gender (1=yes; 0=no),SG.LAW.CRDD.GR,0
Federal Republic of Somalia,SOM,2007,The law prohibits discrimination in access to credit based on gender (1=yes; 0=no),SG.LAW.CRDD.GR,0
Federal Republic of Somalia,SOM,2006,The law prohibits discrimination in access to credit based on gender (1=yes; 0=no),SG.LAW.CRDD.GR,0
Federal Republic of Somalia,SOM,2005,The law prohibits discrimination in access to credit based on gender (1=yes; 0=no),SG.LAW.CRDD.GR,0
Federal Republic of Somalia,SOM,2004,The law prohibits discrimination in access to credit based on gender (1=yes; 0=no),SG.LAW.CRDD.GR,0
Federal Republic of Somalia,SOM,2003,The law prohibits discrimination in access to credit based on gender (1=yes; 0=no),SG.LAW.CRDD.GR,0
Federal Republic of Somalia,SOM,2002,The law prohibits discrimination in access to credit based on gender (1=yes; 0=no),SG.LAW.CRDD.GR,0
Federal Republic of Somalia,SOM,2001,The law prohibits discrimination in access to credit based on gender (1=yes; 0=no),SG.LAW.CRDD.GR,0
Federal Republic of Somalia,SOM,2000,The law prohibits discrimination in access to credit based on gender (1=yes; 0=no),SG.LAW.CRDD.GR,0
Federal Republic of Somalia,SOM,1999,The law prohibits discrimination in access to credit based on gender (1=yes; 0=no),SG.LAW.CRDD.GR,0
Federal Republic of Somalia,SOM,1998,The law prohibits discrimination in access to credit based on gender (1=yes; 0=no),SG.LAW.CRDD.GR,0
Federal Republic of Somalia,SOM,1997,The law prohibits discrimination in access to credit based on gender (1=yes; 0=no),SG.LAW.CRDD.GR,0
Federal Republic of Somalia,SOM,1996,The law prohibits discrimination in access to credit based on gender (1=yes; 0=no),SG.LAW.CRDD.GR,0
Federal Republic of Somalia,SOM,1995,The law prohibits discrimination in access to credit based on gender (1=yes; 0=no),SG.LAW.CRDD.GR,0
Federal Republic of Somalia,SOM,1994,The law prohibits discrimination in access to credit based on gender (1=yes; 0=no),SG.LAW.CRDD.GR,0
Federal Republic of Somalia,SOM,1993,The law prohibits discrimination in access to credit based on gender (1=yes; 0=no),SG.LAW.CRDD.GR,0
Federal Republic of Somalia,SOM,1992,The law prohibits discrimination in access to credit based on gender (1=yes; 0=no),SG.LAW.CRDD.GR,0
Federal Republic of Somalia,SOM,1991,The law prohibits discrimination in access to credit based on gender (1=yes; 0=no),SG.LAW.CRDD.GR,0
Federal Republic of Somalia,SOM,1990,The law prohibits discrimination in access to credit based on gender (1=yes; 0=no),SG.LAW.CRDD.GR,0
Federal Republic of Somalia,SOM,1989,The law prohibits discrimination in access to credit based on gender (1=yes; 0=no),SG.LAW.CRDD.GR,0
Federal Republic of Somalia,SOM,1988,The law prohibits discrimination in access to credit based on gender (1=yes; 0=no),SG.LAW.CRDD.GR,0
Federal Republic of Somalia,SOM,1987,The law prohibits discrimination in access to credit based on gender (1=yes; 0=no),SG.LAW.CRDD.GR,0
Federal Republic of Somalia,SOM,1986,The law prohibits discrimination in access to credit based on gender (1=yes; 0=no),SG.LAW.CRDD.GR,0
Federal Republic of Somalia,SOM,1985,The law prohibits discrimination in access to credit based on gender (1=yes; 0=no),SG.LAW.CRDD.GR,0
Federal Republic of Somalia,SOM,1984,The law prohibits discrimination in access to credit based on gender (1=yes; 0=no),SG.LAW.CRDD.GR,0
Federal Republic of Somalia,SOM,1983,The law prohibits discrimination in access to credit based on gender (1=yes; 0=no),SG.LAW.CRDD.GR,0
Federal Republic of Somalia,SOM,1982,The law prohibits discrimination in access to credit based on gender (1=yes; 0=no),SG.LAW.CRDD.GR,0
Federal Republic of Somalia,SOM,1981,The law prohibits discrimination in access to credit based on gender (1=yes; 0=no),SG.LAW.CRDD.GR,0
Federal Republic of Somalia,SOM,1980,The law prohibits discrimination in access to credit based on gender (1=yes; 0=no),SG.LAW.CRDD.GR,0
Federal Republic of Somalia,SOM,1979,The law prohibits discrimination in access to credit based on gender (1=yes; 0=no),SG.LAW.CRDD.GR,0
Federal Republic of Somalia,SOM,1978,The law prohibits discrimination in access to credit based on gender (1=yes; 0=no),SG.LAW.CRDD.GR,0
Federal Republic of Somalia,SOM,1977,The law prohibits discrimination in access to credit based on gender (1=yes; 0=no),SG.LAW.CRDD.GR,0
Federal Republic of Somalia,SOM,1976,The law prohibits discrimination in access to credit based on gender (1=yes; 0=no),SG.LAW.CRDD.GR,0
Federal Republic of Somalia,SOM,1975,The law prohibits discrimination in access to credit based on gender (1=yes; 0=no),SG.LAW.CRDD.GR,0
Federal Republic of Somalia,SOM,1974,The law prohibits discrimination in access to credit based on gender (1=yes; 0=no),SG.LAW.CRDD.GR,0
Federal Republic of Somalia,SOM,1973,The law prohibits discrimination in access to credit based on gender (1=yes; 0=no),SG.LAW.CRDD.GR,0
Federal Republic of Somalia,SOM,1972,The law prohibits discrimination in access to credit based on gender (1=yes; 0=no),SG.LAW.CRDD.GR,0
Federal Republic of Somalia,SOM,1971,The law prohibits discrimination in access to credit based on gender (1=yes; 0=no),SG.LAW.CRDD.GR,0
Federal Republic of Somalia,SOM,1970,The law prohibits discrimination in access to credit based on gender (1=yes; 0=no),SG.LAW.CRDD.GR,0
Federal Republic of Somalia,SOM,2023,Law mandates equal remuneration for females and males for work of equal value (1=yes; 0=no),SG.LAW.EQRM.WK,1
Federal Republic of Somalia,SOM,2022,Law mandates equal remuneration for females and males for work of equal value (1=yes; 0=no),SG.LAW.EQRM.WK,1
Federal Republic of Somalia,SOM,2021,Law mandates equal remuneration for females and males for work of equal value (1=yes; 0=no),SG.LAW.EQRM.WK,1
Federal Republic of Somalia,SOM,2020,Law mandates equal remuneration for females and males for work of equal value (1=yes; 0=no),SG.LAW.EQRM.WK,1
Federal Republic of Somalia,SOM,2019,Law mandates equal remuneration for females and males for work of equal value (1=yes; 0=no),SG.LAW.EQRM.WK,1
Federal Republic of Somalia,SOM,2018,Law mandates equal remuneration for females and males for work of equal value (1=yes; 0=no),SG.LAW.EQRM.WK,1
Federal Republic of Somalia,SOM,2017,Law mandates equal remuneration for females and males for work of equal value (1=yes; 0=no),SG.LAW.EQRM.WK,1
Federal Republic of Somalia,SOM,2016,Law mandates equal remuneration for females and males for work of equal value (1=yes; 0=no),SG.LAW.EQRM.WK,1
Federal Republic of Somalia,SOM,2015,Law mandates equal remuneration for females and males for work of equal value (1=yes; 0=no),SG.LAW.EQRM.WK,1
Federal Republic of Somalia,SOM,2014,Law mandates equal remuneration for females and males for work of equal value (1=yes; 0=no),SG.LAW.EQRM.WK,1
Federal Republic of Somalia,SOM,2013,Law mandates equal remuneration for females and males for work of equal value (1=yes; 0=no),SG.LAW.EQRM.WK,1
Federal Republic of Somalia,SOM,2012,Law mandates equal remuneration for females and males for work of equal value (1=yes; 0=no),SG.LAW.EQRM.WK,1
Federal Republic of Somalia,SOM,2011,Law mandates equal remuneration for females and males for work of equal value (1=yes; 0=no),SG.LAW.EQRM.WK,1
Federal Republic of Somalia,SOM,2010,Law mandates equal remuneration for females and males for work of equal value (1=yes; 0=no),SG.LAW.EQRM.WK,1
Federal Republic of Somalia,SOM,2009,Law mandates equal remuneration for females and males for work of equal value (1=yes; 0=no),SG.LAW.EQRM.WK,1
Federal Republic of Somalia,SOM,2008,Law mandates equal remuneration for females and males for work of equal value (1=yes; 0=no),SG.LAW.EQRM.WK,1
Federal Republic of Somalia,SOM,2007,Law mandates equal remuneration for females and males for work of equal value (1=yes; 0=no),SG.LAW.EQRM.WK,1
Federal Republic of Somalia,SOM,2006,Law mandates equal remuneration for females and males for work of equal value (1=yes; 0=no),SG.LAW.EQRM.WK,1
Federal Republic of Somalia,SOM,2005,Law mandates equal remuneration for females and males for work of equal value (1=yes; 0=no),SG.LAW.EQRM.WK,1
Federal Republic of Somalia,SOM,2004,Law mandates equal remuneration for females and males for work of equal value (1=yes; 0=no),SG.LAW.EQRM.WK,1
Federal Republic of Somalia,SOM,2003,Law mandates equal remuneration for females and males for work of equal value (1=yes; 0=no),SG.LAW.EQRM.WK,1
Federal Republic of Somalia,SOM,2002,Law mandates equal remuneration for females and males for work of equal value (1=yes; 0=no),SG.LAW.EQRM.WK,1
Federal Republic of Somalia,SOM,2001,Law mandates equal remuneration for females and males for work of equal value (1=yes; 0=no),SG.LAW.EQRM.WK,1
Federal Republic of Somalia,SOM,2000,Law mandates equal remuneration for females and males for work of equal value (1=yes; 0=no),SG.LAW.EQRM.WK,1
Federal Republic of Somalia,SOM,1999,Law mandates equal remuneration for females and males for work of equal value (1=yes; 0=no),SG.LAW.EQRM.WK,1
Federal Republic of Somalia,SOM,1998,Law mandates equal remuneration for females and males for work of equal value (1=yes; 0=no),SG.LAW.EQRM.WK,1
Federal Republic of Somalia,SOM,1997,Law mandates equal remuneration for females and males for work of equal value (1=yes; 0=no),SG.LAW.EQRM.WK,1
Federal Republic of Somalia,SOM,1996,Law mandates equal remuneration for females and males for work of equal value (1=yes; 0=no),SG.LAW.EQRM.WK,1
Federal Republic of Somalia,SOM,1995,Law mandates equal remuneration for females and males for work of equal value (1=yes; 0=no),SG.LAW.EQRM.WK,1
Federal Republic of Somalia,SOM,1994,Law mandates equal remuneration for females and males for work of equal value (1=yes; 0=no),SG.LAW.EQRM.WK,1
Federal Republic of Somalia,SOM,1993,Law mandates equal remuneration for females and males for work of equal value (1=yes; 0=no),SG.LAW.EQRM.WK,1
Federal Republic of Somalia,SOM,1992,Law mandates equal remuneration for females and males for work of equal value (1=yes; 0=no),SG.LAW.EQRM.WK,1
Federal Republic of Somalia,SOM,1991,Law mandates equal remuneration for females and males for work of equal value (1=yes; 0=no),SG.LAW.EQRM.WK,1
Federal Republic of Somalia,SOM,1990,Law mandates equal remuneration for females and males for work of equal value (1=yes; 0=no),SG.LAW.EQRM.WK,1
Federal Republic of Somalia,SOM,1989,Law mandates equal remuneration for females and males for work of equal value (1=yes; 0=no),SG.LAW.EQRM.WK,1
Federal Republic of Somalia,SOM,1988,Law mandates equal remuneration for females and males for work of equal value (1=yes; 0=no),SG.LAW.EQRM.WK,1
Federal Republic of Somalia,SOM,1987,Law mandates equal remuneration for females and males for work of equal value (1=yes; 0=no),SG.LAW.EQRM.WK,1
Federal Republic of Somalia,SOM,1986,Law mandates equal remuneration for females and males for work of equal value (1=yes; 0=no),SG.LAW.EQRM.WK,1
Federal Republic of Somalia,SOM,1985,Law mandates equal remuneration for females and males for work of equal value (1=yes; 0=no),SG.LAW.EQRM.WK,1
Federal Republic of Somalia,SOM,1984,Law mandates equal remuneration for females and males for work of equal value (1=yes; 0=no),SG.LAW.EQRM.WK,1
Federal Republic of Somalia,SOM,1983,Law mandates equal remuneration for females and males for work of equal value (1=yes; 0=no),SG.LAW.EQRM.WK,1
Federal Republic of Somalia,SOM,1982,Law mandates equal remuneration for females and males for work of equal value (1=yes; 0=no),SG.LAW.EQRM.WK,1
Federal Republic of Somalia,SOM,1981,Law mandates equal remuneration for females and males for work of equal value (1=yes; 0=no),SG.LAW.EQRM.WK,1
Federal Republic of Somalia,SOM,1980,Law mandates equal remuneration for females and males for work of equal value (1=yes; 0=no),SG.LAW.EQRM.WK,1
Federal Republic of Somalia,SOM,1979,Law mandates equal remuneration for females and males for work of equal value (1=yes; 0=no),SG.LAW.EQRM.WK,1
Federal Republic of Somalia,SOM,1978,Law mandates equal remuneration for females and males for work of equal value (1=yes; 0=no),SG.LAW.EQRM.WK,1
Federal Republic of Somalia,SOM,1977,Law mandates equal remuneration for females and males for work of equal value (1=yes; 0=no),SG.LAW.EQRM.WK,1
Federal Republic of Somalia,SOM,1976,Law mandates equal remuneration for females and males for work of equal value (1=yes; 0=no),SG.LAW.EQRM.WK,1
Federal Republic of Somalia,SOM,1975,Law mandates equal remuneration for females and males for work of equal value (1=yes; 0=no),SG.LAW.EQRM.WK,1
Federal Republic of Somalia,SOM,1974,Law mandates equal remuneration for females and males for work of equal value (1=yes; 0=no),SG.LAW.EQRM.WK,1
Federal Republic of Somalia,SOM,1973,Law mandates equal remuneration for females and males for work of equal value (1=yes; 0=no),SG.LAW.EQRM.WK,1
Federal Republic of Somalia,SOM,1972,Law mandates equal remuneration for females and males for work of equal value (1=yes; 0=no),SG.LAW.EQRM.WK,0
Federal Republic of Somalia,SOM,1971,Law mandates equal remuneration for females and males for work of equal value (1=yes; 0=no),SG.LAW.EQRM.WK,0
Federal Republic of Somalia,SOM,1970,Law mandates equal remuneration for females and males for work of equal value (1=yes; 0=no),SG.LAW.EQRM.WK,0
Federal Republic of Somalia,SOM,2023,The law provides for the valuation of nonmonetary contributions (1=yes; 0=no),SG.LAW.NMCN,0
Federal Republic of Somalia,SOM,2022,The law provides for the valuation of nonmonetary contributions (1=yes; 0=no),SG.LAW.NMCN,0
Federal Republic of Somalia,SOM,2021,The law provides for the valuation of nonmonetary contributions (1=yes; 0=no),SG.LAW.NMCN,0
Federal Republic of Somalia,SOM,2020,The law provides for the valuation of nonmonetary contributions (1=yes; 0=no),SG.LAW.NMCN,0
Federal Republic of Somalia,SOM,2019,The law provides for the valuation of nonmonetary contributions (1=yes; 0=no),SG.LAW.NMCN,0
Federal Republic of Somalia,SOM,2018,The law provides for the valuation of nonmonetary contributions (1=yes; 0=no),SG.LAW.NMCN,0
Federal Republic of Somalia,SOM,2017,The law provides for the valuation of nonmonetary contributions (1=yes; 0=no),SG.LAW.NMCN,0
Federal Republic of Somalia,SOM,2016,The law provides for the valuation of nonmonetary contributions (1=yes; 0=no),SG.LAW.NMCN,0
Federal Republic of Somalia,SOM,2015,The law provides for the valuation of nonmonetary contributions (1=yes; 0=no),SG.LAW.NMCN,0
Federal Republic of Somalia,SOM,2014,The law provides for the valuation of nonmonetary contributions (1=yes; 0=no),SG.LAW.NMCN,0
Federal Republic of Somalia,SOM,2013,The law provides for the valuation of nonmonetary contributions (1=yes; 0=no),SG.LAW.NMCN,0
Federal Republic of Somalia,SOM,2012,The law provides for the valuation of nonmonetary contributions (1=yes; 0=no),SG.LAW.NMCN,0
Federal Republic of Somalia,SOM,2011,The law provides for the valuation of nonmonetary contributions (1=yes; 0=no),SG.LAW.NMCN,0
Federal Republic of Somalia,SOM,2010,The law provides for the valuation of nonmonetary contributions (1=yes; 0=no),SG.LAW.NMCN,0
Federal Republic of Somalia,SOM,2009,The law provides for the valuation of nonmonetary contributions (1=yes; 0=no),SG.LAW.NMCN,0
Federal Republic of Somalia,SOM,2008,The law provides for the valuation of nonmonetary contributions (1=yes; 0=no),SG.LAW.NMCN,0
Federal Republic of Somalia,SOM,2007,The law provides for the valuation of nonmonetary contributions (1=yes; 0=no),SG.LAW.NMCN,0
Federal Republic of Somalia,SOM,2006,The law provides for the valuation of nonmonetary contributions (1=yes; 0=no),SG.LAW.NMCN,0
Federal Republic of Somalia,SOM,2005,The law provides for the valuation of nonmonetary contributions (1=yes; 0=no),SG.LAW.NMCN,0
Federal Republic of Somalia,SOM,2004,The law provides for the valuation of nonmonetary contributions (1=yes; 0=no),SG.LAW.NMCN,0
Federal Republic of Somalia,SOM,2003,The law provides for the valuation of nonmonetary contributions (1=yes; 0=no),SG.LAW.NMCN,0
Federal Republic of Somalia,SOM,2002,The law provides for the valuation of nonmonetary contributions (1=yes; 0=no),SG.LAW.NMCN,0
Federal Republic of Somalia,SOM,2001,The law provides for the valuation of nonmonetary contributions (1=yes; 0=no),SG.LAW.NMCN,0
Federal Republic of Somalia,SOM,2000,The law provides for the valuation of nonmonetary contributions (1=yes; 0=no),SG.LAW.NMCN,0
Federal Republic of Somalia,SOM,1999,The law provides for the valuation of nonmonetary contributions (1=yes; 0=no),SG.LAW.NMCN,0
Federal Republic of Somalia,SOM,1998,The law provides for the valuation of nonmonetary contributions (1=yes; 0=no),SG.LAW.NMCN,0
Federal Republic of Somalia,SOM,1997,The law provides for the valuation of nonmonetary contributions (1=yes; 0=no),SG.LAW.NMCN,0
Federal Republic of Somalia,SOM,1996,The law provides for the valuation of nonmonetary contributions (1=yes; 0=no),SG.LAW.NMCN,0
Federal Republic of Somalia,SOM,1995,The law provides for the valuation of nonmonetary contributions (1=yes; 0=no),SG.LAW.NMCN,0
Federal Republic of Somalia,SOM,1994,The law provides for the valuation of nonmonetary contributions (1=yes; 0=no),SG.LAW.NMCN,0
Federal Republic of Somalia,SOM,1993,The law provides for the valuation of nonmonetary contributions (1=yes; 0=no),SG.LAW.NMCN,0
Federal Republic of Somalia,SOM,1992,The law provides for the valuation of nonmonetary contributions (1=yes; 0=no),SG.LAW.NMCN,0
Federal Republic of Somalia,SOM,1991,The law provides for the valuation of nonmonetary contributions (1=yes; 0=no),SG.LAW.NMCN,0
Federal Republic of Somalia,SOM,1990,The law provides for the valuation of nonmonetary contributions (1=yes; 0=no),SG.LAW.NMCN,0
Federal Republic of Somalia,SOM,1989,The law provides for the valuation of nonmonetary contributions (1=yes; 0=no),SG.LAW.NMCN,0
Federal Republic of Somalia,SOM,1988,The law provides for the valuation of nonmonetary contributions (1=yes; 0=no),SG.LAW.NMCN,0
Federal Republic of Somalia,SOM,1987,The law provides for the valuation of nonmonetary contributions (1=yes; 0=no),SG.LAW.NMCN,0
Federal Republic of Somalia,SOM,1986,The law provides for the valuation of nonmonetary contributions (1=yes; 0=no),SG.LAW.NMCN,0
Federal Republic of Somalia,SOM,1985,The law provides for the valuation of nonmonetary contributions (1=yes; 0=no),SG.LAW.NMCN,0
Federal Republic of Somalia,SOM,1984,The law provides for the valuation of nonmonetary contributions (1=yes; 0=no),SG.LAW.NMCN,0
Federal Republic of Somalia,SOM,1983,The law provides for the valuation of nonmonetary contributions (1=yes; 0=no),SG.LAW.NMCN,0
Federal Republic of Somalia,SOM,1982,The law provides for the valuation of nonmonetary contributions (1=yes; 0=no),SG.LAW.NMCN,0
Federal Republic of Somalia,SOM,1981,The law provides for the valuation of nonmonetary contributions (1=yes; 0=no),SG.LAW.NMCN,0
Federal Republic of Somalia,SOM,1980,The law provides for the valuation of nonmonetary contributions (1=yes; 0=no),SG.LAW.NMCN,0
Federal Republic of Somalia,SOM,1979,The law provides for the valuation of nonmonetary contributions (1=yes; 0=no),SG.LAW.NMCN,0
Federal Republic of Somalia,SOM,1978,The law provides for the valuation of nonmonetary contributions (1=yes; 0=no),SG.LAW.NMCN,0
Federal Republic of Somalia,SOM,1977,The law provides for the valuation of nonmonetary contributions (1=yes; 0=no),SG.LAW.NMCN,0
Federal Republic of Somalia,SOM,1976,The law provides for the valuation of nonmonetary contributions (1=yes; 0=no),SG.LAW.NMCN,0
Federal Republic of Somalia,SOM,1975,The law provides for the valuation of nonmonetary contributions (1=yes; 0=no),SG.LAW.NMCN,0
Federal Republic of Somalia,SOM,1974,The law provides for the valuation of nonmonetary contributions (1=yes; 0=no),SG.LAW.NMCN,0
Federal Republic of Somalia,SOM,1973,The law provides for the valuation of nonmonetary contributions (1=yes; 0=no),SG.LAW.NMCN,0
Federal Republic of Somalia,SOM,1972,The law provides for the valuation of nonmonetary contributions (1=yes; 0=no),SG.LAW.NMCN,0
Federal Republic of Somalia,SOM,1971,The law provides for the valuation of nonmonetary contributions (1=yes; 0=no),SG.LAW.NMCN,0
Federal Republic of Somalia,SOM,1970,The law provides for the valuation of nonmonetary contributions (1=yes; 0=no),SG.LAW.NMCN,0
Federal Republic of Somalia,SOM,2023,The law prohibits discrimination in employment based on gender (1=yes; 0=no),SG.LAW.NODC.HR,1
Federal Republic of Somalia,SOM,2022,The law prohibits discrimination in employment based on gender (1=yes; 0=no),SG.LAW.NODC.HR,1
Federal Republic of Somalia,SOM,2021,The law prohibits discrimination in employment based on gender (1=yes; 0=no),SG.LAW.NODC.HR,1
Federal Republic of Somalia,SOM,2020,The law prohibits discrimination in employment based on gender (1=yes; 0=no),SG.LAW.NODC.HR,1
Federal Republic of Somalia,SOM,2019,The law prohibits discrimination in employment based on gender (1=yes; 0=no),SG.LAW.NODC.HR,1
Federal Republic of Somalia,SOM,2018,The law prohibits discrimination in employment based on gender (1=yes; 0=no),SG.LAW.NODC.HR,1
Federal Republic of Somalia,SOM,2017,The law prohibits discrimination in employment based on gender (1=yes; 0=no),SG.LAW.NODC.HR,1
Federal Republic of Somalia,SOM,2016,The law prohibits discrimination in employment based on gender (1=yes; 0=no),SG.LAW.NODC.HR,1
Federal Republic of Somalia,SOM,2015,The law prohibits discrimination in employment based on gender (1=yes; 0=no),SG.LAW.NODC.HR,1
Federal Republic of Somalia,SOM,2014,The law prohibits discrimination in employment based on gender (1=yes; 0=no),SG.LAW.NODC.HR,1
Federal Republic of Somalia,SOM,2013,The law prohibits discrimination in employment based on gender (1=yes; 0=no),SG.LAW.NODC.HR,1
Federal Republic of Somalia,SOM,2012,The law prohibits discrimination in employment based on gender (1=yes; 0=no),SG.LAW.NODC.HR,1
Federal Republic of Somalia,SOM,2011,The law prohibits discrimination in employment based on gender (1=yes; 0=no),SG.LAW.NODC.HR,1
Federal Republic of Somalia,SOM,2010,The law prohibits discrimination in employment based on gender (1=yes; 0=no),SG.LAW.NODC.HR,1
Federal Republic of Somalia,SOM,2009,The law prohibits discrimination in employment based on gender (1=yes; 0=no),SG.LAW.NODC.HR,1
Federal Republic of Somalia,SOM,2008,The law prohibits discrimination in employment based on gender (1=yes; 0=no),SG.LAW.NODC.HR,1
Federal Republic of Somalia,SOM,2007,The law prohibits discrimination in employment based on gender (1=yes; 0=no),SG.LAW.NODC.HR,1
Federal Republic of Somalia,SOM,2006,The law prohibits discrimination in employment based on gender (1=yes; 0=no),SG.LAW.NODC.HR,1
Federal Republic of Somalia,SOM,2005,The law prohibits discrimination in employment based on gender (1=yes; 0=no),SG.LAW.NODC.HR,1
Federal Republic of Somalia,SOM,2004,The law prohibits discrimination in employment based on gender (1=yes; 0=no),SG.LAW.NODC.HR,1
Federal Republic of Somalia,SOM,2003,The law prohibits discrimination in employment based on gender (1=yes; 0=no),SG.LAW.NODC.HR,1
Federal Republic of Somalia,SOM,2002,The law prohibits discrimination in employment based on gender (1=yes; 0=no),SG.LAW.NODC.HR,1
Federal Republic of Somalia,SOM,2001,The law prohibits discrimination in employment based on gender (1=yes; 0=no),SG.LAW.NODC.HR,1
Federal Republic of Somalia,SOM,2000,The law prohibits discrimination in employment based on gender (1=yes; 0=no),SG.LAW.NODC.HR,1
Federal Republic of Somalia,SOM,1999,The law prohibits discrimination in employment based on gender (1=yes; 0=no),SG.LAW.NODC.HR,1
Federal Republic of Somalia,SOM,1998,The law prohibits discrimination in employment based on gender (1=yes; 0=no),SG.LAW.NODC.HR,1
Federal Republic of Somalia,SOM,1997,The law prohibits discrimination in employment based on gender (1=yes; 0=no),SG.LAW.NODC.HR,1
Federal Republic of Somalia,SOM,1996,The law prohibits discrimination in employment based on gender (1=yes; 0=no),SG.LAW.NODC.HR,1
Federal Republic of Somalia,SOM,1995,The law prohibits discrimination in employment based on gender (1=yes; 0=no),SG.LAW.NODC.HR,1
Federal Republic of Somalia,SOM,1994,The law prohibits discrimination in employment based on gender (1=yes; 0=no),SG.LAW.NODC.HR,1
Federal Republic of Somalia,SOM,1993,The law prohibits discrimination in employment based on gender (1=yes; 0=no),SG.LAW.NODC.HR,1
Federal Republic of Somalia,SOM,1992,The law prohibits discrimination in employment based on gender (1=yes; 0=no),SG.LAW.NODC.HR,1
Federal Republic of Somalia,SOM,1991,The law prohibits discrimination in employment based on gender (1=yes; 0=no),SG.LAW.NODC.HR,1
Federal Republic of Somalia,SOM,1990,The law prohibits discrimination in employment based on gender (1=yes; 0=no),SG.LAW.NODC.HR,1
Federal Republic of Somalia,SOM,1989,The law prohibits discrimination in employment based on gender (1=yes; 0=no),SG.LAW.NODC.HR,1
Federal Republic of Somalia,SOM,1988,The law prohibits discrimination in employment based on gender (1=yes; 0=no),SG.LAW.NODC.HR,1
Federal Republic of Somalia,SOM,1987,The law prohibits discrimination in employment based on gender (1=yes; 0=no),SG.LAW.NODC.HR,1
Federal Republic of Somalia,SOM,1986,The law prohibits discrimination in employment based on gender (1=yes; 0=no),SG.LAW.NODC.HR,1
Federal Republic of Somalia,SOM,1985,The law prohibits discrimination in employment based on gender (1=yes; 0=no),SG.LAW.NODC.HR,1
Federal Republic of Somalia,SOM,1984,The law prohibits discrimination in employment based on gender (1=yes; 0=no),SG.LAW.NODC.HR,1
Federal Republic of Somalia,SOM,1983,The law prohibits discrimination in employment based on gender (1=yes; 0=no),SG.LAW.NODC.HR,1
Federal Republic of Somalia,SOM,1982,The law prohibits discrimination in employment based on gender (1=yes; 0=no),SG.LAW.NODC.HR,1
Federal Republic of Somalia,SOM,1981,The law prohibits discrimination in employment based on gender (1=yes; 0=no),SG.LAW.NODC.HR,1
Federal Republic of Somalia,SOM,1980,The law prohibits discrimination in employment based on gender (1=yes; 0=no),SG.LAW.NODC.HR,1
Federal Republic of Somalia,SOM,1979,The law prohibits discrimination in employment based on gender (1=yes; 0=no),SG.LAW.NODC.HR,1
Federal Republic of Somalia,SOM,1978,The law prohibits discrimination in employment based on gender (1=yes; 0=no),SG.LAW.NODC.HR,1
Federal Republic of Somalia,SOM,1977,The law prohibits discrimination in employment based on gender (1=yes; 0=no),SG.LAW.NODC.HR,1
Federal Republic of Somalia,SOM,1976,The law prohibits discrimination in employment based on gender (1=yes; 0=no),SG.LAW.NODC.HR,1
Federal Republic of Somalia,SOM,1975,The law prohibits discrimination in employment based on gender (1=yes; 0=no),SG.LAW.NODC.HR,1
Federal Republic of Somalia,SOM,1974,The law prohibits discrimination in employment based on gender (1=yes; 0=no),SG.LAW.NODC.HR,1
Federal Republic of Somalia,SOM,1973,The law prohibits discrimination in employment based on gender (1=yes; 0=no),SG.LAW.NODC.HR,1
Federal Republic of Somalia,SOM,1972,The law prohibits discrimination in employment based on gender (1=yes; 0=no),SG.LAW.NODC.HR,0
Federal Republic of Somalia,SOM,1971,The law prohibits discrimination in employment based on gender (1=yes; 0=no),SG.LAW.NODC.HR,0
Federal Republic of Somalia,SOM,1970,The law prohibits discrimination in employment based on gender (1=yes; 0=no),SG.LAW.NODC.HR,0
Federal Republic of Somalia,SOM,2023,The law is free of legal provisions that require a married woman to obey her husband (1=yes; 0=no),SG.LAW.OBHB.MR.NO,1
Federal Republic of Somalia,SOM,2022,The law is free of legal provisions that require a married woman to obey her husband (1=yes; 0=no),SG.LAW.OBHB.MR.NO,1
Federal Republic of Somalia,SOM,2021,The law is free of legal provisions that require a married woman to obey her husband (1=yes; 0=no),SG.LAW.OBHB.MR.NO,1
Federal Republic of Somalia,SOM,2020,The law is free of legal provisions that require a married woman to obey her husband (1=yes; 0=no),SG.LAW.OBHB.MR.NO,1
Federal Republic of Somalia,SOM,2019,The law is free of legal provisions that require a married woman to obey her husband (1=yes; 0=no),SG.LAW.OBHB.MR.NO,1
Federal Republic of Somalia,SOM,2018,The law is free of legal provisions that require a married woman to obey her husband (1=yes; 0=no),SG.LAW.OBHB.MR.NO,1
Federal Republic of Somalia,SOM,2017,The law is free of legal provisions that require a married woman to obey her husband (1=yes; 0=no),SG.LAW.OBHB.MR.NO,1
Federal Republic of Somalia,SOM,2016,The law is free of legal provisions that require a married woman to obey her husband (1=yes; 0=no),SG.LAW.OBHB.MR.NO,1
Federal Republic of Somalia,SOM,2015,The law is free of legal provisions that require a married woman to obey her husband (1=yes; 0=no),SG.LAW.OBHB.MR.NO,1
Federal Republic of Somalia,SOM,2014,The law is free of legal provisions that require a married woman to obey her husband (1=yes; 0=no),SG.LAW.OBHB.MR.NO,1
Federal Republic of Somalia,SOM,2013,The law is free of legal provisions that require a married woman to obey her husband (1=yes; 0=no),SG.LAW.OBHB.MR.NO,1
Federal Republic of Somalia,SOM,2012,The law is free of legal provisions that require a married woman to obey her husband (1=yes; 0=no),SG.LAW.OBHB.MR.NO,1
Federal Republic of Somalia,SOM,2011,The law is free of legal provisions that require a married woman to obey her husband (1=yes; 0=no),SG.LAW.OBHB.MR.NO,1
Federal Republic of Somalia,SOM,2010,The law is free of legal provisions that require a married woman to obey her husband (1=yes; 0=no),SG.LAW.OBHB.MR.NO,1
Federal Republic of Somalia,SOM,2009,The law is free of legal provisions that require a married woman to obey her husband (1=yes; 0=no),SG.LAW.OBHB.MR.NO,1
Federal Republic of Somalia,SOM,2008,The law is free of legal provisions that require a married woman to obey her husband (1=yes; 0=no),SG.LAW.OBHB.MR.NO,1
Federal Republic of Somalia,SOM,2007,The law is free of legal provisions that require a married woman to obey her husband (1=yes; 0=no),SG.LAW.OBHB.MR.NO,1
Federal Republic of Somalia,SOM,2006,The law is free of legal provisions that require a married woman to obey her husband (1=yes; 0=no),SG.LAW.OBHB.MR.NO,1
Federal Republic of Somalia,SOM,2005,The law is free of legal provisions that require a married woman to obey her husband (1=yes; 0=no),SG.LAW.OBHB.MR.NO,1
Federal Republic of Somalia,SOM,2004,The law is free of legal provisions that require a married woman to obey her husband (1=yes; 0=no),SG.LAW.OBHB.MR.NO,1
Federal Republic of Somalia,SOM,2003,The law is free of legal provisions that require a married woman to obey her husband (1=yes; 0=no),SG.LAW.OBHB.MR.NO,1
Federal Republic of Somalia,SOM,2002,The law is free of legal provisions that require a married woman to obey her husband (1=yes; 0=no),SG.LAW.OBHB.MR.NO,1
Federal Republic of Somalia,SOM,2001,The law is free of legal provisions that require a married woman to obey her husband (1=yes; 0=no),SG.LAW.OBHB.MR.NO,1
Federal Republic of Somalia,SOM,2000,The law is free of legal provisions that require a married woman to obey her husband (1=yes; 0=no),SG.LAW.OBHB.MR.NO,1
Federal Republic of Somalia,SOM,1999,The law is free of legal provisions that require a married woman to obey her husband (1=yes; 0=no),SG.LAW.OBHB.MR.NO,1
Federal Republic of Somalia,SOM,1998,The law is free of legal provisions that require a married woman to obey her husband (1=yes; 0=no),SG.LAW.OBHB.MR.NO,1
Federal Republic of Somalia,SOM,1997,The law is free of legal provisions that require a married woman to obey her husband (1=yes; 0=no),SG.LAW.OBHB.MR.NO,1
Federal Republic of Somalia,SOM,1996,The law is free of legal provisions that require a married woman to obey her husband (1=yes; 0=no),SG.LAW.OBHB.MR.NO,1
Federal Republic of Somalia,SOM,1995,The law is free of legal provisions that require a married woman to obey her husband (1=yes; 0=no),SG.LAW.OBHB.MR.NO,1
Federal Republic of Somalia,SOM,1994,The law is free of legal provisions that require a married woman to obey her husband (1=yes; 0=no),SG.LAW.OBHB.MR.NO,1
Federal Republic of Somalia,SOM,1993,The law is free of legal provisions that require a married woman to obey her husband (1=yes; 0=no),SG.LAW.OBHB.MR.NO,1
Federal Republic of Somalia,SOM,1992,The law is free of legal provisions that require a married woman to obey her husband (1=yes; 0=no),SG.LAW.OBHB.MR.NO,1
Federal Republic of Somalia,SOM,1991,The law is free of legal provisions that require a married woman to obey her husband (1=yes; 0=no),SG.LAW.OBHB.MR.NO,1
Federal Republic of Somalia,SOM,1990,The law is free of legal provisions that require a married woman to obey her husband (1=yes; 0=no),SG.LAW.OBHB.MR.NO,1
Federal Republic of Somalia,SOM,1989,The law is free of legal provisions that require a married woman to obey her husband (1=yes; 0=no),SG.LAW.OBHB.MR.NO,1
Federal Republic of Somalia,SOM,1988,The law is free of legal provisions that require a married woman to obey her husband (1=yes; 0=no),SG.LAW.OBHB.MR.NO,1
Federal Republic of Somalia,SOM,1987,The law is free of legal provisions that require a married woman to obey her husband (1=yes; 0=no),SG.LAW.OBHB.MR.NO,1
Federal Republic of Somalia,SOM,1986,The law is free of legal provisions that require a married woman to obey her husband (1=yes; 0=no),SG.LAW.OBHB.MR.NO,1
Federal Republic of Somalia,SOM,1985,The law is free of legal provisions that require a married woman to obey her husband (1=yes; 0=no),SG.LAW.OBHB.MR.NO,1
Federal Republic of Somalia,SOM,1984,The law is free of legal provisions that require a married woman to obey her husband (1=yes; 0=no),SG.LAW.OBHB.MR.NO,1
Federal Republic of Somalia,SOM,1983,The law is free of legal provisions that require a married woman to obey her husband (1=yes; 0=no),SG.LAW.OBHB.MR.NO,1
Federal Republic of Somalia,SOM,1982,The law is free of legal provisions that require a married woman to obey her husband (1=yes; 0=no),SG.LAW.OBHB.MR.NO,1
Federal Republic of Somalia,SOM,1981,The law is free of legal provisions that require a married woman to obey her husband (1=yes; 0=no),SG.LAW.OBHB.MR.NO,1
Federal Republic of Somalia,SOM,1980,The law is free of legal provisions that require a married woman to obey her husband (1=yes; 0=no),SG.LAW.OBHB.MR.NO,1
Federal Republic of Somalia,SOM,1979,The law is free of legal provisions that require a married woman to obey her husband (1=yes; 0=no),SG.LAW.OBHB.MR.NO,1
Federal Republic of Somalia,SOM,1978,The law is free of legal provisions that require a married woman to obey her husband (1=yes; 0=no),SG.LAW.OBHB.MR.NO,1
Federal Republic of Somalia,SOM,1977,The law is free of legal provisions that require a married woman to obey her husband (1=yes; 0=no),SG.LAW.OBHB.MR.NO,1
Federal Republic of Somalia,SOM,1976,The law is free of legal provisions that require a married woman to obey her husband (1=yes; 0=no),SG.LAW.OBHB.MR.NO,1
Federal Republic of Somalia,SOM,1975,The law is free of legal provisions that require a married woman to obey her husband (1=yes; 0=no),SG.LAW.OBHB.MR.NO,1
Federal Republic of Somalia,SOM,1974,The law is free of legal provisions that require a married woman to obey her husband (1=yes; 0=no),SG.LAW.OBHB.MR.NO,1
Federal Republic of Somalia,SOM,1973,The law is free of legal provisions that require a married woman to obey her husband (1=yes; 0=no),SG.LAW.OBHB.MR.NO,1
Federal Republic of Somalia,SOM,1972,The law is free of legal provisions that require a married woman to obey her husband (1=yes; 0=no),SG.LAW.OBHB.MR.NO,1
Federal Republic of Somalia,SOM,1971,The law is free of legal provisions that require a married woman to obey her husband (1=yes; 0=no),SG.LAW.OBHB.MR.NO,1
Federal Republic of Somalia,SOM,1970,The law is free of legal provisions that require a married woman to obey her husband (1=yes; 0=no),SG.LAW.OBHB.MR.NO,1
Federal Republic of Somalia,SOM,2023,There is legislation specifically addressing domestic violence (1=yes; 0=no),SG.LEG.DVAW,0
Federal Republic of Somalia,SOM,2022,There is legislation specifically addressing domestic violence (1=yes; 0=no),SG.LEG.DVAW,0
Federal Republic of Somalia,SOM,2021,There is legislation specifically addressing domestic violence (1=yes; 0=no),SG.LEG.DVAW,0
Federal Republic of Somalia,SOM,2020,There is legislation specifically addressing domestic violence (1=yes; 0=no),SG.LEG.DVAW,0
Federal Republic of Somalia,SOM,2019,There is legislation specifically addressing domestic violence (1=yes; 0=no),SG.LEG.DVAW,0
Federal Republic of Somalia,SOM,2018,There is legislation specifically addressing domestic violence (1=yes; 0=no),SG.LEG.DVAW,0
Federal Republic of Somalia,SOM,2017,There is legislation specifically addressing domestic violence (1=yes; 0=no),SG.LEG.DVAW,0
Federal Republic of Somalia,SOM,2016,There is legislation specifically addressing domestic violence (1=yes; 0=no),SG.LEG.DVAW,0
Federal Republic of Somalia,SOM,2015,There is legislation specifically addressing domestic violence (1=yes; 0=no),SG.LEG.DVAW,0
Federal Republic of Somalia,SOM,2014,There is legislation specifically addressing domestic violence (1=yes; 0=no),SG.LEG.DVAW,0
Federal Republic of Somalia,SOM,2013,There is legislation specifically addressing domestic violence (1=yes; 0=no),SG.LEG.DVAW,0
Federal Republic of Somalia,SOM,2012,There is legislation specifically addressing domestic violence (1=yes; 0=no),SG.LEG.DVAW,0
Federal Republic of Somalia,SOM,2011,There is legislation specifically addressing domestic violence (1=yes; 0=no),SG.LEG.DVAW,0
Federal Republic of Somalia,SOM,2010,There is legislation specifically addressing domestic violence (1=yes; 0=no),SG.LEG.DVAW,0
Federal Republic of Somalia,SOM,2009,There is legislation specifically addressing domestic violence (1=yes; 0=no),SG.LEG.DVAW,0
Federal Republic of Somalia,SOM,2008,There is legislation specifically addressing domestic violence (1=yes; 0=no),SG.LEG.DVAW,0
Federal Republic of Somalia,SOM,2007,There is legislation specifically addressing domestic violence (1=yes; 0=no),SG.LEG.DVAW,0
Federal Republic of Somalia,SOM,2006,There is legislation specifically addressing domestic violence (1=yes; 0=no),SG.LEG.DVAW,0
Federal Republic of Somalia,SOM,2005,There is legislation specifically addressing domestic violence (1=yes; 0=no),SG.LEG.DVAW,0
Federal Republic of Somalia,SOM,2004,There is legislation specifically addressing domestic violence (1=yes; 0=no),SG.LEG.DVAW,0
Federal Republic of Somalia,SOM,2003,There is legislation specifically addressing domestic violence (1=yes; 0=no),SG.LEG.DVAW,0
Federal Republic of Somalia,SOM,2002,There is legislation specifically addressing domestic violence (1=yes; 0=no),SG.LEG.DVAW,0
Federal Republic of Somalia,SOM,2001,There is legislation specifically addressing domestic violence (1=yes; 0=no),SG.LEG.DVAW,0
Federal Republic of Somalia,SOM,2000,There is legislation specifically addressing domestic violence (1=yes; 0=no),SG.LEG.DVAW,0
Federal Republic of Somalia,SOM,1999,There is legislation specifically addressing domestic violence (1=yes; 0=no),SG.LEG.DVAW,0
Federal Republic of Somalia,SOM,1998,There is legislation specifically addressing domestic violence (1=yes; 0=no),SG.LEG.DVAW,0
Federal Republic of Somalia,SOM,1997,There is legislation specifically addressing domestic violence (1=yes; 0=no),SG.LEG.DVAW,0
Federal Republic of Somalia,SOM,1996,There is legislation specifically addressing domestic violence (1=yes; 0=no),SG.LEG.DVAW,0
Federal Republic of Somalia,SOM,1995,There is legislation specifically addressing domestic violence (1=yes; 0=no),SG.LEG.DVAW,0
Federal Republic of Somalia,SOM,1994,There is legislation specifically addressing domestic violence (1=yes; 0=no),SG.LEG.DVAW,0
Federal Republic of Somalia,SOM,1993,There is legislation specifically addressing domestic violence (1=yes; 0=no),SG.LEG.DVAW,0
Federal Republic of Somalia,SOM,1992,There is legislation specifically addressing domestic violence (1=yes; 0=no),SG.LEG.DVAW,0
Federal Republic of Somalia,SOM,1991,There is legislation specifically addressing domestic violence (1=yes; 0=no),SG.LEG.DVAW,0
Federal Republic of Somalia,SOM,1990,There is legislation specifically addressing domestic violence (1=yes; 0=no),SG.LEG.DVAW,0
Federal Republic of Somalia,SOM,1989,There is legislation specifically addressing domestic violence (1=yes; 0=no),SG.LEG.DVAW,0
Federal Republic of Somalia,SOM,1988,There is legislation specifically addressing domestic violence (1=yes; 0=no),SG.LEG.DVAW,0
Federal Republic of Somalia,SOM,1987,There is legislation specifically addressing domestic violence (1=yes; 0=no),SG.LEG.DVAW,0
Federal Republic of Somalia,SOM,1986,There is legislation specifically addressing domestic violence (1=yes; 0=no),SG.LEG.DVAW,0
Federal Republic of Somalia,SOM,1985,There is legislation specifically addressing domestic violence (1=yes; 0=no),SG.LEG.DVAW,0
Federal Republic of Somalia,SOM,1984,There is legislation specifically addressing domestic violence (1=yes; 0=no),SG.LEG.DVAW,0
Federal Republic of Somalia,SOM,1983,There is legislation specifically addressing domestic violence (1=yes; 0=no),SG.LEG.DVAW,0
Federal Republic of Somalia,SOM,1982,There is legislation specifically addressing domestic violence (1=yes; 0=no),SG.LEG.DVAW,0
Federal Republic of Somalia,SOM,1981,There is legislation specifically addressing domestic violence (1=yes; 0=no),SG.LEG.DVAW,0
Federal Republic of Somalia,SOM,1980,There is legislation specifically addressing domestic violence (1=yes; 0=no),SG.LEG.DVAW,0
Federal Republic of Somalia,SOM,1979,There is legislation specifically addressing domestic violence (1=yes; 0=no),SG.LEG.DVAW,0
Federal Republic of Somalia,SOM,1978,There is legislation specifically addressing domestic violence (1=yes; 0=no),SG.LEG.DVAW,0
Federal Republic of Somalia,SOM,1977,There is legislation specifically addressing domestic violence (1=yes; 0=no),SG.LEG.DVAW,0
Federal Republic of Somalia,SOM,1976,There is legislation specifically addressing domestic violence (1=yes; 0=no),SG.LEG.DVAW,0
Federal Republic of Somalia,SOM,1975,There is legislation specifically addressing domestic violence (1=yes; 0=no),SG.LEG.DVAW,0
Federal Republic of Somalia,SOM,1974,There is legislation specifically addressing domestic violence (1=yes; 0=no),SG.LEG.DVAW,0
Federal Republic of Somalia,SOM,1973,There is legislation specifically addressing domestic violence (1=yes; 0=no),SG.LEG.DVAW,0
Federal Republic of Somalia,SOM,1972,There is legislation specifically addressing domestic violence (1=yes; 0=no),SG.LEG.DVAW,0
Federal Republic of Somalia,SOM,1971,There is legislation specifically addressing domestic violence (1=yes; 0=no),SG.LEG.DVAW,0
Federal Republic of Somalia,SOM,1970,There is legislation specifically addressing domestic violence (1=yes; 0=no),SG.LEG.DVAW,0
Federal Republic of Somalia,SOM,2023,There is legislation on sexual harassment in employment (1=yes; 0=no),SG.LEG.SXHR.EM,0
Federal Republic of Somalia,SOM,2022,There is legislation on sexual harassment in employment (1=yes; 0=no),SG.LEG.SXHR.EM,0
Federal Republic of Somalia,SOM,2021,There is legislation on sexual harassment in employment (1=yes; 0=no),SG.LEG.SXHR.EM,0
Federal Republic of Somalia,SOM,2020,There is legislation on sexual harassment in employment (1=yes; 0=no),SG.LEG.SXHR.EM,0
Federal Republic of Somalia,SOM,2019,There is legislation on sexual harassment in employment (1=yes; 0=no),SG.LEG.SXHR.EM,0
Federal Republic of Somalia,SOM,2018,There is legislation on sexual harassment in employment (1=yes; 0=no),SG.LEG.SXHR.EM,0
Federal Republic of Somalia,SOM,2017,There is legislation on sexual harassment in employment (1=yes; 0=no),SG.LEG.SXHR.EM,0
Federal Republic of Somalia,SOM,2016,There is legislation on sexual harassment in employment (1=yes; 0=no),SG.LEG.SXHR.EM,0
Federal Republic of Somalia,SOM,2015,There is legislation on sexual harassment in employment (1=yes; 0=no),SG.LEG.SXHR.EM,0
Federal Republic of Somalia,SOM,2014,There is legislation on sexual harassment in employment (1=yes; 0=no),SG.LEG.SXHR.EM,0
Federal Republic of Somalia,SOM,2013,There is legislation on sexual harassment in employment (1=yes; 0=no),SG.LEG.SXHR.EM,0
Federal Republic of Somalia,SOM,2012,There is legislation on sexual harassment in employment (1=yes; 0=no),SG.LEG.SXHR.EM,0
Federal Republic of Somalia,SOM,2011,There is legislation on sexual harassment in employment (1=yes; 0=no),SG.LEG.SXHR.EM,0
Federal Republic of Somalia,SOM,2010,There is legislation on sexual harassment in employment (1=yes; 0=no),SG.LEG.SXHR.EM,0
Federal Republic of Somalia,SOM,2009,There is legislation on sexual harassment in employment (1=yes; 0=no),SG.LEG.SXHR.EM,0
Federal Republic of Somalia,SOM,2008,There is legislation on sexual harassment in employment (1=yes; 0=no),SG.LEG.SXHR.EM,0
Federal Republic of Somalia,SOM,2007,There is legislation on sexual harassment in employment (1=yes; 0=no),SG.LEG.SXHR.EM,0
Federal Republic of Somalia,SOM,2006,There is legislation on sexual harassment in employment (1=yes; 0=no),SG.LEG.SXHR.EM,0
Federal Republic of Somalia,SOM,2005,There is legislation on sexual harassment in employment (1=yes; 0=no),SG.LEG.SXHR.EM,0
Federal Republic of Somalia,SOM,2004,There is legislation on sexual harassment in employment (1=yes; 0=no),SG.LEG.SXHR.EM,0
Federal Republic of Somalia,SOM,2003,There is legislation on sexual harassment in employment (1=yes; 0=no),SG.LEG.SXHR.EM,0
Federal Republic of Somalia,SOM,2002,There is legislation on sexual harassment in employment (1=yes; 0=no),SG.LEG.SXHR.EM,0
Federal Republic of Somalia,SOM,2001,There is legislation on sexual harassment in employment (1=yes; 0=no),SG.LEG.SXHR.EM,0
Federal Republic of Somalia,SOM,2000,There is legislation on sexual harassment in employment (1=yes; 0=no),SG.LEG.SXHR.EM,0
Federal Republic of Somalia,SOM,1999,There is legislation on sexual harassment in employment (1=yes; 0=no),SG.LEG.SXHR.EM,0
Federal Republic of Somalia,SOM,1998,There is legislation on sexual harassment in employment (1=yes; 0=no),SG.LEG.SXHR.EM,0
Federal Republic of Somalia,SOM,1997,There is legislation on sexual harassment in employment (1=yes; 0=no),SG.LEG.SXHR.EM,0
Federal Republic of Somalia,SOM,1996,There is legislation on sexual harassment in employment (1=yes; 0=no),SG.LEG.SXHR.EM,0
Federal Republic of Somalia,SOM,1995,There is legislation on sexual harassment in employment (1=yes; 0=no),SG.LEG.SXHR.EM,0
Federal Republic of Somalia,SOM,1994,There is legislation on sexual harassment in employment (1=yes; 0=no),SG.LEG.SXHR.EM,0
Federal Republic of Somalia,SOM,1993,There is legislation on sexual harassment in employment (1=yes; 0=no),SG.LEG.SXHR.EM,0
Federal Republic of Somalia,SOM,1992,There is legislation on sexual harassment in employment (1=yes; 0=no),SG.LEG.SXHR.EM,0
Federal Republic of Somalia,SOM,1991,There is legislation on sexual harassment in employment (1=yes; 0=no),SG.LEG.SXHR.EM,0
Federal Republic of Somalia,SOM,1990,There is legislation on sexual harassment in employment (1=yes; 0=no),SG.LEG.SXHR.EM,0
Federal Republic of Somalia,SOM,1989,There is legislation on sexual harassment in employment (1=yes; 0=no),SG.LEG.SXHR.EM,0
Federal Republic of Somalia,SOM,1988,There is legislation on sexual harassment in employment (1=yes; 0=no),SG.LEG.SXHR.EM,0
Federal Republic of Somalia,SOM,1987,There is legislation on sexual harassment in employment (1=yes; 0=no),SG.LEG.SXHR.EM,0
Federal Republic of Somalia,SOM,1986,There is legislation on sexual harassment in employment (1=yes; 0=no),SG.LEG.SXHR.EM,0
Federal Republic of Somalia,SOM,1985,There is legislation on sexual harassment in employment (1=yes; 0=no),SG.LEG.SXHR.EM,0
Federal Republic of Somalia,SOM,1984,There is legislation on sexual harassment in employment (1=yes; 0=no),SG.LEG.SXHR.EM,0
Federal Republic of Somalia,SOM,1983,There is legislation on sexual harassment in employment (1=yes; 0=no),SG.LEG.SXHR.EM,0
Federal Republic of Somalia,SOM,1982,There is legislation on sexual harassment in employment (1=yes; 0=no),SG.LEG.SXHR.EM,0
Federal Republic of Somalia,SOM,1981,There is legislation on sexual harassment in employment (1=yes; 0=no),SG.LEG.SXHR.EM,0
Federal Republic of Somalia,SOM,1980,There is legislation on sexual harassment in employment (1=yes; 0=no),SG.LEG.SXHR.EM,0
Federal Republic of Somalia,SOM,1979,There is legislation on sexual harassment in employment (1=yes; 0=no),SG.LEG.SXHR.EM,0
Federal Republic of Somalia,SOM,1978,There is legislation on sexual harassment in employment (1=yes; 0=no),SG.LEG.SXHR.EM,0
Federal Republic of Somalia,SOM,1977,There is legislation on sexual harassment in employment (1=yes; 0=no),SG.LEG.SXHR.EM,0
Federal Republic of Somalia,SOM,1976,There is legislation on sexual harassment in employment (1=yes; 0=no),SG.LEG.SXHR.EM,0
Federal Republic of Somalia,SOM,1975,There is legislation on sexual harassment in employment (1=yes; 0=no),SG.LEG.SXHR.EM,0
Federal Republic of Somalia,SOM,1974,There is legislation on sexual harassment in employment (1=yes; 0=no),SG.LEG.SXHR.EM,0
Federal Republic of Somalia,SOM,1973,There is legislation on sexual harassment in employment (1=yes; 0=no),SG.LEG.SXHR.EM,0
Federal Republic of Somalia,SOM,1972,There is legislation on sexual harassment in employment (1=yes; 0=no),SG.LEG.SXHR.EM,0
Federal Republic of Somalia,SOM,1971,There is legislation on sexual harassment in employment (1=yes; 0=no),SG.LEG.SXHR.EM,0
Federal Republic of Somalia,SOM,1970,There is legislation on sexual harassment in employment (1=yes; 0=no),SG.LEG.SXHR.EM,0
Federal Republic of Somalia,SOM,2023,A woman can choose where to live in the same way as a man (1=yes; 0=no),SG.LOC.LIVE.EQ,0
Federal Republic of Somalia,SOM,2022,A woman can choose where to live in the same way as a man (1=yes; 0=no),SG.LOC.LIVE.EQ,0
Federal Republic of Somalia,SOM,2021,A woman can choose where to live in the same way as a man (1=yes; 0=no),SG.LOC.LIVE.EQ,0
Federal Republic of Somalia,SOM,2020,A woman can choose where to live in the same way as a man (1=yes; 0=no),SG.LOC.LIVE.EQ,0
Federal Republic of Somalia,SOM,2019,A woman can choose where to live in the same way as a man (1=yes; 0=no),SG.LOC.LIVE.EQ,0
Federal Republic of Somalia,SOM,2018,A woman can choose where to live in the same way as a man (1=yes; 0=no),SG.LOC.LIVE.EQ,0
Federal Republic of Somalia,SOM,2017,A woman can choose where to live in the same way as a man (1=yes; 0=no),SG.LOC.LIVE.EQ,0
Federal Republic of Somalia,SOM,2016,A woman can choose where to live in the same way as a man (1=yes; 0=no),SG.LOC.LIVE.EQ,0
Federal Republic of Somalia,SOM,2015,A woman can choose where to live in the same way as a man (1=yes; 0=no),SG.LOC.LIVE.EQ,0
Federal Republic of Somalia,SOM,2014,A woman can choose where to live in the same way as a man (1=yes; 0=no),SG.LOC.LIVE.EQ,0
Federal Republic of Somalia,SOM,2013,A woman can choose where to live in the same way as a man (1=yes; 0=no),SG.LOC.LIVE.EQ,0
Federal Republic of Somalia,SOM,2012,A woman can choose where to live in the same way as a man (1=yes; 0=no),SG.LOC.LIVE.EQ,0
Federal Republic of Somalia,SOM,2011,A woman can choose where to live in the same way as a man (1=yes; 0=no),SG.LOC.LIVE.EQ,0
Federal Republic of Somalia,SOM,2010,A woman can choose where to live in the same way as a man (1=yes; 0=no),SG.LOC.LIVE.EQ,0
Federal Republic of Somalia,SOM,2009,A woman can choose where to live in the same way as a man (1=yes; 0=no),SG.LOC.LIVE.EQ,0
Federal Republic of Somalia,SOM,2008,A woman can choose where to live in the same way as a man (1=yes; 0=no),SG.LOC.LIVE.EQ,0
Federal Republic of Somalia,SOM,2007,A woman can choose where to live in the same way as a man (1=yes; 0=no),SG.LOC.LIVE.EQ,0
Federal Republic of Somalia,SOM,2006,A woman can choose where to live in the same way as a man (1=yes; 0=no),SG.LOC.LIVE.EQ,0
Federal Republic of Somalia,SOM,2005,A woman can choose where to live in the same way as a man (1=yes; 0=no),SG.LOC.LIVE.EQ,0
Federal Republic of Somalia,SOM,2004,A woman can choose where to live in the same way as a man (1=yes; 0=no),SG.LOC.LIVE.EQ,0
Federal Republic of Somalia,SOM,2003,A woman can choose where to live in the same way as a man (1=yes; 0=no),SG.LOC.LIVE.EQ,0
Federal Republic of Somalia,SOM,2002,A woman can choose where to live in the same way as a man (1=yes; 0=no),SG.LOC.LIVE.EQ,0
Federal Republic of Somalia,SOM,2001,A woman can choose where to live in the same way as a man (1=yes; 0=no),SG.LOC.LIVE.EQ,0
Federal Republic of Somalia,SOM,2000,A woman can choose where to live in the same way as a man (1=yes; 0=no),SG.LOC.LIVE.EQ,0
Federal Republic of Somalia,SOM,1999,A woman can choose where to live in the same way as a man (1=yes; 0=no),SG.LOC.LIVE.EQ,0
Federal Republic of Somalia,SOM,1998,A woman can choose where to live in the same way as a man (1=yes; 0=no),SG.LOC.LIVE.EQ,0
Federal Republic of Somalia,SOM,1997,A woman can choose where to live in the same way as a man (1=yes; 0=no),SG.LOC.LIVE.EQ,0
Federal Republic of Somalia,SOM,1996,A woman can choose where to live in the same way as a man (1=yes; 0=no),SG.LOC.LIVE.EQ,0
Federal Republic of Somalia,SOM,1995,A woman can choose where to live in the same way as a man (1=yes; 0=no),SG.LOC.LIVE.EQ,0
Federal Republic of Somalia,SOM,1994,A woman can choose where to live in the same way as a man (1=yes; 0=no),SG.LOC.LIVE.EQ,0
Federal Republic of Somalia,SOM,1993,A woman can choose where to live in the same way as a man (1=yes; 0=no),SG.LOC.LIVE.EQ,0
Federal Republic of Somalia,SOM,1992,A woman can choose where to live in the same way as a man (1=yes; 0=no),SG.LOC.LIVE.EQ,0
Federal Republic of Somalia,SOM,1991,A woman can choose where to live in the same way as a man (1=yes; 0=no),SG.LOC.LIVE.EQ,0
Federal Republic of Somalia,SOM,1990,A woman can choose where to live in the same way as a man (1=yes; 0=no),SG.LOC.LIVE.EQ,0
Federal Republic of Somalia,SOM,1989,A woman can choose where to live in the same way as a man (1=yes; 0=no),SG.LOC.LIVE.EQ,0
Federal Republic of Somalia,SOM,1988,A woman can choose where to live in the same way as a man (1=yes; 0=no),SG.LOC.LIVE.EQ,0
Federal Republic of Somalia,SOM,1987,A woman can choose where to live in the same way as a man (1=yes; 0=no),SG.LOC.LIVE.EQ,0
Federal Republic of Somalia,SOM,1986,A woman can choose where to live in the same way as a man (1=yes; 0=no),SG.LOC.LIVE.EQ,0
Federal Republic of Somalia,SOM,1985,A woman can choose where to live in the same way as a man (1=yes; 0=no),SG.LOC.LIVE.EQ,0
Federal Republic of Somalia,SOM,1984,A woman can choose where to live in the same way as a man (1=yes; 0=no),SG.LOC.LIVE.EQ,0
Federal Republic of Somalia,SOM,1983,A woman can choose where to live in the same way as a man (1=yes; 0=no),SG.LOC.LIVE.EQ,0
Federal Republic of Somalia,SOM,1982,A woman can choose where to live in the same way as a man (1=yes; 0=no),SG.LOC.LIVE.EQ,0
Federal Republic of Somalia,SOM,1981,A woman can choose where to live in the same way as a man (1=yes; 0=no),SG.LOC.LIVE.EQ,0
Federal Republic of Somalia,SOM,1980,A woman can choose where to live in the same way as a man (1=yes; 0=no),SG.LOC.LIVE.EQ,0
Federal Republic of Somalia,SOM,1979,A woman can choose where to live in the same way as a man (1=yes; 0=no),SG.LOC.LIVE.EQ,0
Federal Republic of Somalia,SOM,1978,A woman can choose where to live in the same way as a man (1=yes; 0=no),SG.LOC.LIVE.EQ,0
Federal Republic of Somalia,SOM,1977,A woman can choose where to live in the same way as a man (1=yes; 0=no),SG.LOC.LIVE.EQ,0
Federal Republic of Somalia,SOM,1976,A woman can choose where to live in the same way as a man (1=yes; 0=no),SG.LOC.LIVE.EQ,0
Federal Republic of Somalia,SOM,1975,A woman can choose where to live in the same way as a man (1=yes; 0=no),SG.LOC.LIVE.EQ,0
Federal Republic of Somalia,SOM,1974,A woman can choose where to live in the same way as a man (1=yes; 0=no),SG.LOC.LIVE.EQ,0
Federal Republic of Somalia,SOM,1973,A woman can choose where to live in the same way as a man (1=yes; 0=no),SG.LOC.LIVE.EQ,0
Federal Republic of Somalia,SOM,1972,A woman can choose where to live in the same way as a man (1=yes; 0=no),SG.LOC.LIVE.EQ,0
Federal Republic of Somalia,SOM,1971,A woman can choose where to live in the same way as a man (1=yes; 0=no),SG.LOC.LIVE.EQ,0
Federal Republic of Somalia,SOM,1970,A woman can choose where to live in the same way as a man (1=yes; 0=no),SG.LOC.LIVE.EQ,0
Federal Republic of Somalia,SOM,2023,A woman can work at night in the same way as a man (1=yes; 0=no),SG.NGT.WORK.EQ,0
Federal Republic of Somalia,SOM,2022,A woman can work at night in the same way as a man (1=yes; 0=no),SG.NGT.WORK.EQ,0
Federal Republic of Somalia,SOM,2021,A woman can work at night in the same way as a man (1=yes; 0=no),SG.NGT.WORK.EQ,0
Federal Republic of Somalia,SOM,2020,A woman can work at night in the same way as a man (1=yes; 0=no),SG.NGT.WORK.EQ,0
Federal Republic of Somalia,SOM,2019,A woman can work at night in the same way as a man (1=yes; 0=no),SG.NGT.WORK.EQ,0
Federal Republic of Somalia,SOM,2018,A woman can work at night in the same way as a man (1=yes; 0=no),SG.NGT.WORK.EQ,0
Federal Republic of Somalia,SOM,2017,A woman can work at night in the same way as a man (1=yes; 0=no),SG.NGT.WORK.EQ,0
Federal Republic of Somalia,SOM,2016,A woman can work at night in the same way as a man (1=yes; 0=no),SG.NGT.WORK.EQ,0
Federal Republic of Somalia,SOM,2015,A woman can work at night in the same way as a man (1=yes; 0=no),SG.NGT.WORK.EQ,0
Federal Republic of Somalia,SOM,2014,A woman can work at night in the same way as a man (1=yes; 0=no),SG.NGT.WORK.EQ,0
Federal Republic of Somalia,SOM,2013,A woman can work at night in the same way as a man (1=yes; 0=no),SG.NGT.WORK.EQ,0
Federal Republic of Somalia,SOM,2012,A woman can work at night in the same way as a man (1=yes; 0=no),SG.NGT.WORK.EQ,0
Federal Republic of Somalia,SOM,2011,A woman can work at night in the same way as a man (1=yes; 0=no),SG.NGT.WORK.EQ,0
Federal Republic of Somalia,SOM,2010,A woman can work at night in the same way as a man (1=yes; 0=no),SG.NGT.WORK.EQ,0
Federal Republic of Somalia,SOM,2009,A woman can work at night in the same way as a man (1=yes; 0=no),SG.NGT.WORK.EQ,0
Federal Republic of Somalia,SOM,2008,A woman can work at night in the same way as a man (1=yes; 0=no),SG.NGT.WORK.EQ,0
Federal Republic of Somalia,SOM,2007,A woman can work at night in the same way as a man (1=yes; 0=no),SG.NGT.WORK.EQ,0
Federal Republic of Somalia,SOM,2006,A woman can work at night in the same way as a man (1=yes; 0=no),SG.NGT.WORK.EQ,0
Federal Republic of Somalia,SOM,2005,A woman can work at night in the same way as a man (1=yes; 0=no),SG.NGT.WORK.EQ,0
Federal Republic of Somalia,SOM,2004,A woman can work at night in the same way as a man (1=yes; 0=no),SG.NGT.WORK.EQ,0
Federal Republic of Somalia,SOM,2003,A woman can work at night in the same way as a man (1=yes; 0=no),SG.NGT.WORK.EQ,0
Federal Republic of Somalia,SOM,2002,A woman can work at night in the same way as a man (1=yes; 0=no),SG.NGT.WORK.EQ,0
Federal Republic of Somalia,SOM,2001,A woman can work at night in the same way as a man (1=yes; 0=no),SG.NGT.WORK.EQ,0
Federal Republic of Somalia,SOM,2000,A woman can work at night in the same way as a man (1=yes; 0=no),SG.NGT.WORK.EQ,0
Federal Republic of Somalia,SOM,1999,A woman can work at night in the same way as a man (1=yes; 0=no),SG.NGT.WORK.EQ,0
Federal Republic of Somalia,SOM,1998,A woman can work at night in the same way as a man (1=yes; 0=no),SG.NGT.WORK.EQ,0
Federal Republic of Somalia,SOM,1997,A woman can work at night in the same way as a man (1=yes; 0=no),SG.NGT.WORK.EQ,0
Federal Republic of Somalia,SOM,1996,A woman can work at night in the same way as a man (1=yes; 0=no),SG.NGT.WORK.EQ,0
Federal Republic of Somalia,SOM,1995,A woman can work at night in the same way as a man (1=yes; 0=no),SG.NGT.WORK.EQ,0
Federal Republic of Somalia,SOM,1994,A woman can work at night in the same way as a man (1=yes; 0=no),SG.NGT.WORK.EQ,0
Federal Republic of Somalia,SOM,1993,A woman can work at night in the same way as a man (1=yes; 0=no),SG.NGT.WORK.EQ,0
Federal Republic of Somalia,SOM,1992,A woman can work at night in the same way as a man (1=yes; 0=no),SG.NGT.WORK.EQ,0
Federal Republic of Somalia,SOM,1991,A woman can work at night in the same way as a man (1=yes; 0=no),SG.NGT.WORK.EQ,0
Federal Republic of Somalia,SOM,1990,A woman can work at night in the same way as a man (1=yes; 0=no),SG.NGT.WORK.EQ,0
Federal Republic of Somalia,SOM,1989,A woman can work at night in the same way as a man (1=yes; 0=no),SG.NGT.WORK.EQ,0
Federal Republic of Somalia,SOM,1988,A woman can work at night in the same way as a man (1=yes; 0=no),SG.NGT.WORK.EQ,0
Federal Republic of Somalia,SOM,1987,A woman can work at night in the same way as a man (1=yes; 0=no),SG.NGT.WORK.EQ,0
Federal Republic of Somalia,SOM,1986,A woman can work at night in the same way as a man (1=yes; 0=no),SG.NGT.WORK.EQ,0
Federal Republic of Somalia,SOM,1985,A woman can work at night in the same way as a man (1=yes; 0=no),SG.NGT.WORK.EQ,0
Federal Republic of Somalia,SOM,1984,A woman can work at night in the same way as a man (1=yes; 0=no),SG.NGT.WORK.EQ,0
Federal Republic of Somalia,SOM,1983,A woman can work at night in the same way as a man (1=yes; 0=no),SG.NGT.WORK.EQ,0
Federal Republic of Somalia,SOM,1982,A woman can work at night in the same way as a man (1=yes; 0=no),SG.NGT.WORK.EQ,0
Federal Republic of Somalia,SOM,1981,A woman can work at night in the same way as a man (1=yes; 0=no),SG.NGT.WORK.EQ,0
Federal Republic of Somalia,SOM,1980,A woman can work at night in the same way as a man (1=yes; 0=no),SG.NGT.WORK.EQ,0
Federal Republic of Somalia,SOM,1979,A woman can work at night in the same way as a man (1=yes; 0=no),SG.NGT.WORK.EQ,0
Federal Republic of Somalia,SOM,1978,A woman can work at night in the same way as a man (1=yes; 0=no),SG.NGT.WORK.EQ,0
Federal Republic of Somalia,SOM,1977,A woman can work at night in the same way as a man (1=yes; 0=no),SG.NGT.WORK.EQ,0
Federal Republic of Somalia,SOM,1976,A woman can work at night in the same way as a man (1=yes; 0=no),SG.NGT.WORK.EQ,0
Federal Republic of Somalia,SOM,1975,A woman can work at night in the same way as a man (1=yes; 0=no),SG.NGT.WORK.EQ,0
Federal Republic of Somalia,SOM,1974,A woman can work at night in the same way as a man (1=yes; 0=no),SG.NGT.WORK.EQ,0
Federal Republic of Somalia,SOM,1973,A woman can work at night in the same way as a man (1=yes; 0=no),SG.NGT.WORK.EQ,0
Federal Republic of Somalia,SOM,1972,A woman can work at night in the same way as a man (1=yes; 0=no),SG.NGT.WORK.EQ,0
Federal Republic of Somalia,SOM,1971,A woman can work at night in the same way as a man (1=yes; 0=no),SG.NGT.WORK.EQ,0
Federal Republic of Somalia,SOM,1970,A woman can work at night in the same way as a man (1=yes; 0=no),SG.NGT.WORK.EQ,0
Federal Republic of Somalia,SOM,2023,A woman can obtain a judgment of divorce in the same way as a man (1=yes; 0=no),SG.OBT.DVRC.EQ,0
Federal Republic of Somalia,SOM,2022,A woman can obtain a judgment of divorce in the same way as a man (1=yes; 0=no),SG.OBT.DVRC.EQ,0
Federal Republic of Somalia,SOM,2021,A woman can obtain a judgment of divorce in the same way as a man (1=yes; 0=no),SG.OBT.DVRC.EQ,0
Federal Republic of Somalia,SOM,2020,A woman can obtain a judgment of divorce in the same way as a man (1=yes; 0=no),SG.OBT.DVRC.EQ,0
Federal Republic of Somalia,SOM,2019,A woman can obtain a judgment of divorce in the same way as a man (1=yes; 0=no),SG.OBT.DVRC.EQ,0
Federal Republic of Somalia,SOM,2018,A woman can obtain a judgment of divorce in the same way as a man (1=yes; 0=no),SG.OBT.DVRC.EQ,0
Federal Republic of Somalia,SOM,2017,A woman can obtain a judgment of divorce in the same way as a man (1=yes; 0=no),SG.OBT.DVRC.EQ,0
Federal Republic of Somalia,SOM,2016,A woman can obtain a judgment of divorce in the same way as a man (1=yes; 0=no),SG.OBT.DVRC.EQ,0
Federal Republic of Somalia,SOM,2015,A woman can obtain a judgment of divorce in the same way as a man (1=yes; 0=no),SG.OBT.DVRC.EQ,0
Federal Republic of Somalia,SOM,2014,A woman can obtain a judgment of divorce in the same way as a man (1=yes; 0=no),SG.OBT.DVRC.EQ,0
Federal Republic of Somalia,SOM,2013,A woman can obtain a judgment of divorce in the same way as a man (1=yes; 0=no),SG.OBT.DVRC.EQ,0
Federal Republic of Somalia,SOM,2012,A woman can obtain a judgment of divorce in the same way as a man (1=yes; 0=no),SG.OBT.DVRC.EQ,0
Federal Republic of Somalia,SOM,2011,A woman can obtain a judgment of divorce in the same way as a man (1=yes; 0=no),SG.OBT.DVRC.EQ,0
Federal Republic of Somalia,SOM,2010,A woman can obtain a judgment of divorce in the same way as a man (1=yes; 0=no),SG.OBT.DVRC.EQ,0
Federal Republic of Somalia,SOM,2009,A woman can obtain a judgment of divorce in the same way as a man (1=yes; 0=no),SG.OBT.DVRC.EQ,0
Federal Republic of Somalia,SOM,2008,A woman can obtain a judgment of divorce in the same way as a man (1=yes; 0=no),SG.OBT.DVRC.EQ,0
Federal Republic of Somalia,SOM,2007,A woman can obtain a judgment of divorce in the same way as a man (1=yes; 0=no),SG.OBT.DVRC.EQ,0
Federal Republic of Somalia,SOM,2006,A woman can obtain a judgment of divorce in the same way as a man (1=yes; 0=no),SG.OBT.DVRC.EQ,0
Federal Republic of Somalia,SOM,2005,A woman can obtain a judgment of divorce in the same way as a man (1=yes; 0=no),SG.OBT.DVRC.EQ,0
Federal Republic of Somalia,SOM,2004,A woman can obtain a judgment of divorce in the same way as a man (1=yes; 0=no),SG.OBT.DVRC.EQ,0
Federal Republic of Somalia,SOM,2003,A woman can obtain a judgment of divorce in the same way as a man (1=yes; 0=no),SG.OBT.DVRC.EQ,0
Federal Republic of Somalia,SOM,2002,A woman can obtain a judgment of divorce in the same way as a man (1=yes; 0=no),SG.OBT.DVRC.EQ,0
Federal Republic of Somalia,SOM,2001,A woman can obtain a judgment of divorce in the same way as a man (1=yes; 0=no),SG.OBT.DVRC.EQ,0
Federal Republic of Somalia,SOM,2000,A woman can obtain a judgment of divorce in the same way as a man (1=yes; 0=no),SG.OBT.DVRC.EQ,0
Federal Republic of Somalia,SOM,1999,A woman can obtain a judgment of divorce in the same way as a man (1=yes; 0=no),SG.OBT.DVRC.EQ,0
Federal Republic of Somalia,SOM,1998,A woman can obtain a judgment of divorce in the same way as a man (1=yes; 0=no),SG.OBT.DVRC.EQ,0
Federal Republic of Somalia,SOM,1997,A woman can obtain a judgment of divorce in the same way as a man (1=yes; 0=no),SG.OBT.DVRC.EQ,0
Federal Republic of Somalia,SOM,1996,A woman can obtain a judgment of divorce in the same way as a man (1=yes; 0=no),SG.OBT.DVRC.EQ,0
Federal Republic of Somalia,SOM,1995,A woman can obtain a judgment of divorce in the same way as a man (1=yes; 0=no),SG.OBT.DVRC.EQ,0
Federal Republic of Somalia,SOM,1994,A woman can obtain a judgment of divorce in the same way as a man (1=yes; 0=no),SG.OBT.DVRC.EQ,0
Federal Republic of Somalia,SOM,1993,A woman can obtain a judgment of divorce in the same way as a man (1=yes; 0=no),SG.OBT.DVRC.EQ,0
Federal Republic of Somalia,SOM,1992,A woman can obtain a judgment of divorce in the same way as a man (1=yes; 0=no),SG.OBT.DVRC.EQ,0
Federal Republic of Somalia,SOM,1991,A woman can obtain a judgment of divorce in the same way as a man (1=yes; 0=no),SG.OBT.DVRC.EQ,0
Federal Republic of Somalia,SOM,1990,A woman can obtain a judgment of divorce in the same way as a man (1=yes; 0=no),SG.OBT.DVRC.EQ,0
Federal Republic of Somalia,SOM,1989,A woman can obtain a judgment of divorce in the same way as a man (1=yes; 0=no),SG.OBT.DVRC.EQ,0
Federal Republic of Somalia,SOM,1988,A woman can obtain a judgment of divorce in the same way as a man (1=yes; 0=no),SG.OBT.DVRC.EQ,0
Federal Republic of Somalia,SOM,1987,A woman can obtain a judgment of divorce in the same way as a man (1=yes; 0=no),SG.OBT.DVRC.EQ,0
Federal Republic of Somalia,SOM,1986,A woman can obtain a judgment of divorce in the same way as a man (1=yes; 0=no),SG.OBT.DVRC.EQ,0
Federal Republic of Somalia,SOM,1985,A woman can obtain a judgment of divorce in the same way as a man (1=yes; 0=no),SG.OBT.DVRC.EQ,0
Federal Republic of Somalia,SOM,1984,A woman can obtain a judgment of divorce in the same way as a man (1=yes; 0=no),SG.OBT.DVRC.EQ,0
Federal Republic of Somalia,SOM,1983,A woman can obtain a judgment of divorce in the same way as a man (1=yes; 0=no),SG.OBT.DVRC.EQ,0
Federal Republic of Somalia,SOM,1982,A woman can obtain a judgment of divorce in the same way as a man (1=yes; 0=no),SG.OBT.DVRC.EQ,0
Federal Republic of Somalia,SOM,1981,A woman can obtain a judgment of divorce in the same way as a man (1=yes; 0=no),SG.OBT.DVRC.EQ,0
Federal Republic of Somalia,SOM,1980,A woman can obtain a judgment of divorce in the same way as a man (1=yes; 0=no),SG.OBT.DVRC.EQ,0
Federal Republic of Somalia,SOM,1979,A woman can obtain a judgment of divorce in the same way as a man (1=yes; 0=no),SG.OBT.DVRC.EQ,0
Federal Republic of Somalia,SOM,1978,A woman can obtain a judgment of divorce in the same way as a man (1=yes; 0=no),SG.OBT.DVRC.EQ,0
Federal Republic of Somalia,SOM,1977,A woman can obtain a judgment of divorce in the same way as a man (1=yes; 0=no),SG.OBT.DVRC.EQ,0
Federal Republic of Somalia,SOM,1976,A woman can obtain a judgment of divorce in the same way as a man (1=yes; 0=no),SG.OBT.DVRC.EQ,0
Federal Republic of Somalia,SOM,1975,A woman can obtain a judgment of divorce in the same way as a man (1=yes; 0=no),SG.OBT.DVRC.EQ,0
Federal Republic of Somalia,SOM,1974,A woman can obtain a judgment of divorce in the same way as a man (1=yes; 0=no),SG.OBT.DVRC.EQ,0
Federal Republic of Somalia,SOM,1973,A woman can obtain a judgment of divorce in the same way as a man (1=yes; 0=no),SG.OBT.DVRC.EQ,0
Federal Republic of Somalia,SOM,1972,A woman can obtain a judgment of divorce in the same way as a man (1=yes; 0=no),SG.OBT.DVRC.EQ,0
Federal Republic of Somalia,SOM,1971,A woman can obtain a judgment of divorce in the same way as a man (1=yes; 0=no),SG.OBT.DVRC.EQ,0
Federal Republic of Somalia,SOM,1970,A woman can obtain a judgment of divorce in the same way as a man (1=yes; 0=no),SG.OBT.DVRC.EQ,0
Federal Republic of Somalia,SOM,2023,A woman can open a bank account in the same way as a man (1=yes; 0=no),SG.OPN.BANK.EQ,1
Federal Republic of Somalia,SOM,2022,A woman can open a bank account in the same way as a man (1=yes; 0=no),SG.OPN.BANK.EQ,1
Federal Republic of Somalia,SOM,2021,A woman can open a bank account in the same way as a man (1=yes; 0=no),SG.OPN.BANK.EQ,1
Federal Republic of Somalia,SOM,2020,A woman can open a bank account in the same way as a man (1=yes; 0=no),SG.OPN.BANK.EQ,1
Federal Republic of Somalia,SOM,2019,A woman can open a bank account in the same way as a man (1=yes; 0=no),SG.OPN.BANK.EQ,1
Federal Republic of Somalia,SOM,2018,A woman can open a bank account in the same way as a man (1=yes; 0=no),SG.OPN.BANK.EQ,1
Federal Republic of Somalia,SOM,2017,A woman can open a bank account in the same way as a man (1=yes; 0=no),SG.OPN.BANK.EQ,1
Federal Republic of Somalia,SOM,2016,A woman can open a bank account in the same way as a man (1=yes; 0=no),SG.OPN.BANK.EQ,1
Federal Republic of Somalia,SOM,2015,A woman can open a bank account in the same way as a man (1=yes; 0=no),SG.OPN.BANK.EQ,1
Federal Republic of Somalia,SOM,2014,A woman can open a bank account in the same way as a man (1=yes; 0=no),SG.OPN.BANK.EQ,1
Federal Republic of Somalia,SOM,2013,A woman can open a bank account in the same way as a man (1=yes; 0=no),SG.OPN.BANK.EQ,1
Federal Republic of Somalia,SOM,2012,A woman can open a bank account in the same way as a man (1=yes; 0=no),SG.OPN.BANK.EQ,1
Federal Republic of Somalia,SOM,2011,A woman can open a bank account in the same way as a man (1=yes; 0=no),SG.OPN.BANK.EQ,1
Federal Republic of Somalia,SOM,2010,A woman can open a bank account in the same way as a man (1=yes; 0=no),SG.OPN.BANK.EQ,1
Federal Republic of Somalia,SOM,2009,A woman can open a bank account in the same way as a man (1=yes; 0=no),SG.OPN.BANK.EQ,1
Federal Republic of Somalia,SOM,2008,A woman can open a bank account in the same way as a man (1=yes; 0=no),SG.OPN.BANK.EQ,1
Federal Republic of Somalia,SOM,2007,A woman can open a bank account in the same way as a man (1=yes; 0=no),SG.OPN.BANK.EQ,1
Federal Republic of Somalia,SOM,2006,A woman can open a bank account in the same way as a man (1=yes; 0=no),SG.OPN.BANK.EQ,1
Federal Republic of Somalia,SOM,2005,A woman can open a bank account in the same way as a man (1=yes; 0=no),SG.OPN.BANK.EQ,1
Federal Republic of Somalia,SOM,2004,A woman can open a bank account in the same way as a man (1=yes; 0=no),SG.OPN.BANK.EQ,1
Federal Republic of Somalia,SOM,2003,A woman can open a bank account in the same way as a man (1=yes; 0=no),SG.OPN.BANK.EQ,1
Federal Republic of Somalia,SOM,2002,A woman can open a bank account in the same way as a man (1=yes; 0=no),SG.OPN.BANK.EQ,1
Federal Republic of Somalia,SOM,2001,A woman can open a bank account in the same way as a man (1=yes; 0=no),SG.OPN.BANK.EQ,1
Federal Republic of Somalia,SOM,2000,A woman can open a bank account in the same way as a man (1=yes; 0=no),SG.OPN.BANK.EQ,1
Federal Republic of Somalia,SOM,1999,A woman can open a bank account in the same way as a man (1=yes; 0=no),SG.OPN.BANK.EQ,1
Federal Republic of Somalia,SOM,1998,A woman can open a bank account in the same way as a man (1=yes; 0=no),SG.OPN.BANK.EQ,1
Federal Republic of Somalia,SOM,1997,A woman can open a bank account in the same way as a man (1=yes; 0=no),SG.OPN.BANK.EQ,1
Federal Republic of Somalia,SOM,1996,A woman can open a bank account in the same way as a man (1=yes; 0=no),SG.OPN.BANK.EQ,1
Federal Republic of Somalia,SOM,1995,A woman can open a bank account in the same way as a man (1=yes; 0=no),SG.OPN.BANK.EQ,1
Federal Republic of Somalia,SOM,1994,A woman can open a bank account in the same way as a man (1=yes; 0=no),SG.OPN.BANK.EQ,1
Federal Republic of Somalia,SOM,1993,A woman can open a bank account in the same way as a man (1=yes; 0=no),SG.OPN.BANK.EQ,1
Federal Republic of Somalia,SOM,1992,A woman can open a bank account in the same way as a man (1=yes; 0=no),SG.OPN.BANK.EQ,1
Federal Republic of Somalia,SOM,1991,A woman can open a bank account in the same way as a man (1=yes; 0=no),SG.OPN.BANK.EQ,1
Federal Republic of Somalia,SOM,1990,A woman can open a bank account in the same way as a man (1=yes; 0=no),SG.OPN.BANK.EQ,1
Federal Republic of Somalia,SOM,1989,A woman can open a bank account in the same way as a man (1=yes; 0=no),SG.OPN.BANK.EQ,1
Federal Republic of Somalia,SOM,1988,A woman can open a bank account in the same way as a man (1=yes; 0=no),SG.OPN.BANK.EQ,1
Federal Republic of Somalia,SOM,1987,A woman can open a bank account in the same way as a man (1=yes; 0=no),SG.OPN.BANK.EQ,1
Federal Republic of Somalia,SOM,1986,A woman can open a bank account in the same way as a man (1=yes; 0=no),SG.OPN.BANK.EQ,1
Federal Republic of Somalia,SOM,1985,A woman can open a bank account in the same way as a man (1=yes; 0=no),SG.OPN.BANK.EQ,1
Federal Republic of Somalia,SOM,1984,A woman can open a bank account in the same way as a man (1=yes; 0=no),SG.OPN.BANK.EQ,1
Federal Republic of Somalia,SOM,1983,A woman can open a bank account in the same way as a man (1=yes; 0=no),SG.OPN.BANK.EQ,1
Federal Republic of Somalia,SOM,1982,A woman can open a bank account in the same way as a man (1=yes; 0=no),SG.OPN.BANK.EQ,1
Federal Republic of Somalia,SOM,1981,A woman can open a bank account in the same way as a man (1=yes; 0=no),SG.OPN.BANK.EQ,1
Federal Republic of Somalia,SOM,1980,A woman can open a bank account in the same way as a man (1=yes; 0=no),SG.OPN.BANK.EQ,1
Federal Republic of Somalia,SOM,1979,A woman can open a bank account in the same way as a man (1=yes; 0=no),SG.OPN.BANK.EQ,1
Federal Republic of Somalia,SOM,1978,A woman can open a bank account in the same way as a man (1=yes; 0=no),SG.OPN.BANK.EQ,1
Federal Republic of Somalia,SOM,1977,A woman can open a bank account in the same way as a man (1=yes; 0=no),SG.OPN.BANK.EQ,1
Federal Republic of Somalia,SOM,1976,A woman can open a bank account in the same way as a man (1=yes; 0=no),SG.OPN.BANK.EQ,1
Federal Republic of Somalia,SOM,1975,A woman can open a bank account in the same way as a man (1=yes; 0=no),SG.OPN.BANK.EQ,1
Federal Republic of Somalia,SOM,1974,A woman can open a bank account in the same way as a man (1=yes; 0=no),SG.OPN.BANK.EQ,1
Federal Republic of Somalia,SOM,1973,A woman can open a bank account in the same way as a man (1=yes; 0=no),SG.OPN.BANK.EQ,1
Federal Republic of Somalia,SOM,1972,A woman can open a bank account in the same way as a man (1=yes; 0=no),SG.OPN.BANK.EQ,1
Federal Republic of Somalia,SOM,1971,A woman can open a bank account in the same way as a man (1=yes; 0=no),SG.OPN.BANK.EQ,1
Federal Republic of Somalia,SOM,1970,A woman can open a bank account in the same way as a man (1=yes; 0=no),SG.OPN.BANK.EQ,1
Federal Republic of Somalia,SOM,2023,Women and men have equal ownership rights to immovable property (1=yes; 0=no),SG.OWN.PRRT.IM,1
Federal Republic of Somalia,SOM,2022,Women and men have equal ownership rights to immovable property (1=yes; 0=no),SG.OWN.PRRT.IM,1
Federal Republic of Somalia,SOM,2021,Women and men have equal ownership rights to immovable property (1=yes; 0=no),SG.OWN.PRRT.IM,1
Federal Republic of Somalia,SOM,2020,Women and men have equal ownership rights to immovable property (1=yes; 0=no),SG.OWN.PRRT.IM,1
Federal Republic of Somalia,SOM,2019,Women and men have equal ownership rights to immovable property (1=yes; 0=no),SG.OWN.PRRT.IM,1
Federal Republic of Somalia,SOM,2018,Women and men have equal ownership rights to immovable property (1=yes; 0=no),SG.OWN.PRRT.IM,1
Federal Republic of Somalia,SOM,2017,Women and men have equal ownership rights to immovable property (1=yes; 0=no),SG.OWN.PRRT.IM,1
Federal Republic of Somalia,SOM,2016,Women and men have equal ownership rights to immovable property (1=yes; 0=no),SG.OWN.PRRT.IM,1
Federal Republic of Somalia,SOM,2015,Women and men have equal ownership rights to immovable property (1=yes; 0=no),SG.OWN.PRRT.IM,1
Federal Republic of Somalia,SOM,2014,Women and men have equal ownership rights to immovable property (1=yes; 0=no),SG.OWN.PRRT.IM,1
Federal Republic of Somalia,SOM,2013,Women and men have equal ownership rights to immovable property (1=yes; 0=no),SG.OWN.PRRT.IM,1
Federal Republic of Somalia,SOM,2012,Women and men have equal ownership rights to immovable property (1=yes; 0=no),SG.OWN.PRRT.IM,1
Federal Republic of Somalia,SOM,2011,Women and men have equal ownership rights to immovable property (1=yes; 0=no),SG.OWN.PRRT.IM,1
Federal Republic of Somalia,SOM,2010,Women and men have equal ownership rights to immovable property (1=yes; 0=no),SG.OWN.PRRT.IM,1
Federal Republic of Somalia,SOM,2009,Women and men have equal ownership rights to immovable property (1=yes; 0=no),SG.OWN.PRRT.IM,1
Federal Republic of Somalia,SOM,2008,Women and men have equal ownership rights to immovable property (1=yes; 0=no),SG.OWN.PRRT.IM,1
Federal Republic of Somalia,SOM,2007,Women and men have equal ownership rights to immovable property (1=yes; 0=no),SG.OWN.PRRT.IM,1
Federal Republic of Somalia,SOM,2006,Women and men have equal ownership rights to immovable property (1=yes; 0=no),SG.OWN.PRRT.IM,1
Federal Republic of Somalia,SOM,2005,Women and men have equal ownership rights to immovable property (1=yes; 0=no),SG.OWN.PRRT.IM,1
Federal Republic of Somalia,SOM,2004,Women and men have equal ownership rights to immovable property (1=yes; 0=no),SG.OWN.PRRT.IM,1
Federal Republic of Somalia,SOM,2003,Women and men have equal ownership rights to immovable property (1=yes; 0=no),SG.OWN.PRRT.IM,1
Federal Republic of Somalia,SOM,2002,Women and men have equal ownership rights to immovable property (1=yes; 0=no),SG.OWN.PRRT.IM,1
Federal Republic of Somalia,SOM,2001,Women and men have equal ownership rights to immovable property (1=yes; 0=no),SG.OWN.PRRT.IM,1
Federal Republic of Somalia,SOM,2000,Women and men have equal ownership rights to immovable property (1=yes; 0=no),SG.OWN.PRRT.IM,1
Federal Republic of Somalia,SOM,1999,Women and men have equal ownership rights to immovable property (1=yes; 0=no),SG.OWN.PRRT.IM,1
Federal Republic of Somalia,SOM,1998,Women and men have equal ownership rights to immovable property (1=yes; 0=no),SG.OWN.PRRT.IM,1
Federal Republic of Somalia,SOM,1997,Women and men have equal ownership rights to immovable property (1=yes; 0=no),SG.OWN.PRRT.IM,1
Federal Republic of Somalia,SOM,1996,Women and men have equal ownership rights to immovable property (1=yes; 0=no),SG.OWN.PRRT.IM,1
Federal Republic of Somalia,SOM,1995,Women and men have equal ownership rights to immovable property (1=yes; 0=no),SG.OWN.PRRT.IM,1
Federal Republic of Somalia,SOM,1994,Women and men have equal ownership rights to immovable property (1=yes; 0=no),SG.OWN.PRRT.IM,1
Federal Republic of Somalia,SOM,1993,Women and men have equal ownership rights to immovable property (1=yes; 0=no),SG.OWN.PRRT.IM,1
Federal Republic of Somalia,SOM,1992,Women and men have equal ownership rights to immovable property (1=yes; 0=no),SG.OWN.PRRT.IM,1
Federal Republic of Somalia,SOM,1991,Women and men have equal ownership rights to immovable property (1=yes; 0=no),SG.OWN.PRRT.IM,1
Federal Republic of Somalia,SOM,1990,Women and men have equal ownership rights to immovable property (1=yes; 0=no),SG.OWN.PRRT.IM,1
Federal Republic of Somalia,SOM,1989,Women and men have equal ownership rights to immovable property (1=yes; 0=no),SG.OWN.PRRT.IM,1
Federal Republic of Somalia,SOM,1988,Women and men have equal ownership rights to immovable property (1=yes; 0=no),SG.OWN.PRRT.IM,1
Federal Republic of Somalia,SOM,1987,Women and men have equal ownership rights to immovable property (1=yes; 0=no),SG.OWN.PRRT.IM,1
Federal Republic of Somalia,SOM,1986,Women and men have equal ownership rights to immovable property (1=yes; 0=no),SG.OWN.PRRT.IM,1
Federal Republic of Somalia,SOM,1985,Women and men have equal ownership rights to immovable property (1=yes; 0=no),SG.OWN.PRRT.IM,1
Federal Republic of Somalia,SOM,1984,Women and men have equal ownership rights to immovable property (1=yes; 0=no),SG.OWN.PRRT.IM,1
Federal Republic of Somalia,SOM,1983,Women and men have equal ownership rights to immovable property (1=yes; 0=no),SG.OWN.PRRT.IM,1
Federal Republic of Somalia,SOM,1982,Women and men have equal ownership rights to immovable property (1=yes; 0=no),SG.OWN.PRRT.IM,1
Federal Republic of Somalia,SOM,1981,Women and men have equal ownership rights to immovable property (1=yes; 0=no),SG.OWN.PRRT.IM,1
Federal Republic of Somalia,SOM,1980,Women and men have equal ownership rights to immovable property (1=yes; 0=no),SG.OWN.PRRT.IM,1
Federal Republic of Somalia,SOM,1979,Women and men have equal ownership rights to immovable property (1=yes; 0=no),SG.OWN.PRRT.IM,1
Federal Republic of Somalia,SOM,1978,Women and men have equal ownership rights to immovable property (1=yes; 0=no),SG.OWN.PRRT.IM,1
Federal Republic of Somalia,SOM,1977,Women and men have equal ownership rights to immovable property (1=yes; 0=no),SG.OWN.PRRT.IM,1
Federal Republic of Somalia,SOM,1976,Women and men have equal ownership rights to immovable property (1=yes; 0=no),SG.OWN.PRRT.IM,1
Federal Republic of Somalia,SOM,1975,Women and men have equal ownership rights to immovable property (1=yes; 0=no),SG.OWN.PRRT.IM,1
Federal Republic of Somalia,SOM,1974,Women and men have equal ownership rights to immovable property (1=yes; 0=no),SG.OWN.PRRT.IM,1
Federal Republic of Somalia,SOM,1973,Women and men have equal ownership rights to immovable property (1=yes; 0=no),SG.OWN.PRRT.IM,1
Federal Republic of Somalia,SOM,1972,Women and men have equal ownership rights to immovable property (1=yes; 0=no),SG.OWN.PRRT.IM,1
Federal Republic of Somalia,SOM,1971,Women and men have equal ownership rights to immovable property (1=yes; 0=no),SG.OWN.PRRT.IM,1
Federal Republic of Somalia,SOM,1970,Women and men have equal ownership rights to immovable property (1=yes; 0=no),SG.OWN.PRRT.IM,1
Federal Republic of Somalia,SOM,2023,Criminal penalties or civil remedies exist for sexual harassment in employment (1=yes; 0=no),SG.PEN.SXHR.EM,0
Federal Republic of Somalia,SOM,2022,Criminal penalties or civil remedies exist for sexual harassment in employment (1=yes; 0=no),SG.PEN.SXHR.EM,0
Federal Republic of Somalia,SOM,2021,Criminal penalties or civil remedies exist for sexual harassment in employment (1=yes; 0=no),SG.PEN.SXHR.EM,0
Federal Republic of Somalia,SOM,2020,Criminal penalties or civil remedies exist for sexual harassment in employment (1=yes; 0=no),SG.PEN.SXHR.EM,0
Federal Republic of Somalia,SOM,2019,Criminal penalties or civil remedies exist for sexual harassment in employment (1=yes; 0=no),SG.PEN.SXHR.EM,0
Federal Republic of Somalia,SOM,2018,Criminal penalties or civil remedies exist for sexual harassment in employment (1=yes; 0=no),SG.PEN.SXHR.EM,0
Federal Republic of Somalia,SOM,2017,Criminal penalties or civil remedies exist for sexual harassment in employment (1=yes; 0=no),SG.PEN.SXHR.EM,0
Federal Republic of Somalia,SOM,2016,Criminal penalties or civil remedies exist for sexual harassment in employment (1=yes; 0=no),SG.PEN.SXHR.EM,0
Federal Republic of Somalia,SOM,2015,Criminal penalties or civil remedies exist for sexual harassment in employment (1=yes; 0=no),SG.PEN.SXHR.EM,0
Federal Republic of Somalia,SOM,2014,Criminal penalties or civil remedies exist for sexual harassment in employment (1=yes; 0=no),SG.PEN.SXHR.EM,0
Federal Republic of Somalia,SOM,2013,Criminal penalties or civil remedies exist for sexual harassment in employment (1=yes; 0=no),SG.PEN.SXHR.EM,0
Federal Republic of Somalia,SOM,2012,Criminal penalties or civil remedies exist for sexual harassment in employment (1=yes; 0=no),SG.PEN.SXHR.EM,0
Federal Republic of Somalia,SOM,2011,Criminal penalties or civil remedies exist for sexual harassment in employment (1=yes; 0=no),SG.PEN.SXHR.EM,0
Federal Republic of Somalia,SOM,2010,Criminal penalties or civil remedies exist for sexual harassment in employment (1=yes; 0=no),SG.PEN.SXHR.EM,0
Federal Republic of Somalia,SOM,2009,Criminal penalties or civil remedies exist for sexual harassment in employment (1=yes; 0=no),SG.PEN.SXHR.EM,0
Federal Republic of Somalia,SOM,2008,Criminal penalties or civil remedies exist for sexual harassment in employment (1=yes; 0=no),SG.PEN.SXHR.EM,0
Federal Republic of Somalia,SOM,2007,Criminal penalties or civil remedies exist for sexual harassment in employment (1=yes; 0=no),SG.PEN.SXHR.EM,0
Federal Republic of Somalia,SOM,2006,Criminal penalties or civil remedies exist for sexual harassment in employment (1=yes; 0=no),SG.PEN.SXHR.EM,0
Federal Republic of Somalia,SOM,2005,Criminal penalties or civil remedies exist for sexual harassment in employment (1=yes; 0=no),SG.PEN.SXHR.EM,0
Federal Republic of Somalia,SOM,2004,Criminal penalties or civil remedies exist for sexual harassment in employment (1=yes; 0=no),SG.PEN.SXHR.EM,0
Federal Republic of Somalia,SOM,2003,Criminal penalties or civil remedies exist for sexual harassment in employment (1=yes; 0=no),SG.PEN.SXHR.EM,0
Federal Republic of Somalia,SOM,2002,Criminal penalties or civil remedies exist for sexual harassment in employment (1=yes; 0=no),SG.PEN.SXHR.EM,0
Federal Republic of Somalia,SOM,2001,Criminal penalties or civil remedies exist for sexual harassment in employment (1=yes; 0=no),SG.PEN.SXHR.EM,0
Federal Republic of Somalia,SOM,2000,Criminal penalties or civil remedies exist for sexual harassment in employment (1=yes; 0=no),SG.PEN.SXHR.EM,0
Federal Republic of Somalia,SOM,1999,Criminal penalties or civil remedies exist for sexual harassment in employment (1=yes; 0=no),SG.PEN.SXHR.EM,0
Federal Republic of Somalia,SOM,1998,Criminal penalties or civil remedies exist for sexual harassment in employment (1=yes; 0=no),SG.PEN.SXHR.EM,0
Federal Republic of Somalia,SOM,1997,Criminal penalties or civil remedies exist for sexual harassment in employment (1=yes; 0=no),SG.PEN.SXHR.EM,0
Federal Republic of Somalia,SOM,1996,Criminal penalties or civil remedies exist for sexual harassment in employment (1=yes; 0=no),SG.PEN.SXHR.EM,0
Federal Republic of Somalia,SOM,1995,Criminal penalties or civil remedies exist for sexual harassment in employment (1=yes; 0=no),SG.PEN.SXHR.EM,0
Federal Republic of Somalia,SOM,1994,Criminal penalties or civil remedies exist for sexual harassment in employment (1=yes; 0=no),SG.PEN.SXHR.EM,0
Federal Republic of Somalia,SOM,1993,Criminal penalties or civil remedies exist for sexual harassment in employment (1=yes; 0=no),SG.PEN.SXHR.EM,0
Federal Republic of Somalia,SOM,1992,Criminal penalties or civil remedies exist for sexual harassment in employment (1=yes; 0=no),SG.PEN.SXHR.EM,0
Federal Republic of Somalia,SOM,1991,Criminal penalties or civil remedies exist for sexual harassment in employment (1=yes; 0=no),SG.PEN.SXHR.EM,0
Federal Republic of Somalia,SOM,1990,Criminal penalties or civil remedies exist for sexual harassment in employment (1=yes; 0=no),SG.PEN.SXHR.EM,0
Federal Republic of Somalia,SOM,1989,Criminal penalties or civil remedies exist for sexual harassment in employment (1=yes; 0=no),SG.PEN.SXHR.EM,0
Federal Republic of Somalia,SOM,1988,Criminal penalties or civil remedies exist for sexual harassment in employment (1=yes; 0=no),SG.PEN.SXHR.EM,0
Federal Republic of Somalia,SOM,1987,Criminal penalties or civil remedies exist for sexual harassment in employment (1=yes; 0=no),SG.PEN.SXHR.EM,0
Federal Republic of Somalia,SOM,1986,Criminal penalties or civil remedies exist for sexual harassment in employment (1=yes; 0=no),SG.PEN.SXHR.EM,0
Federal Republic of Somalia,SOM,1985,Criminal penalties or civil remedies exist for sexual harassment in employment (1=yes; 0=no),SG.PEN.SXHR.EM,0
Federal Republic of Somalia,SOM,1984,Criminal penalties or civil remedies exist for sexual harassment in employment (1=yes; 0=no),SG.PEN.SXHR.EM,0
Federal Republic of Somalia,SOM,1983,Criminal penalties or civil remedies exist for sexual harassment in employment (1=yes; 0=no),SG.PEN.SXHR.EM,0
Federal Republic of Somalia,SOM,1982,Criminal penalties or civil remedies exist for sexual harassment in employment (1=yes; 0=no),SG.PEN.SXHR.EM,0
Federal Republic of Somalia,SOM,1981,Criminal penalties or civil remedies exist for sexual harassment in employment (1=yes; 0=no),SG.PEN.SXHR.EM,0
Federal Republic of Somalia,SOM,1980,Criminal penalties or civil remedies exist for sexual harassment in employment (1=yes; 0=no),SG.PEN.SXHR.EM,0
Federal Republic of Somalia,SOM,1979,Criminal penalties or civil remedies exist for sexual harassment in employment (1=yes; 0=no),SG.PEN.SXHR.EM,0
Federal Republic of Somalia,SOM,1978,Criminal penalties or civil remedies exist for sexual harassment in employment (1=yes; 0=no),SG.PEN.SXHR.EM,0
Federal Republic of Somalia,SOM,1977,Criminal penalties or civil remedies exist for sexual harassment in employment (1=yes; 0=no),SG.PEN.SXHR.EM,0
Federal Republic of Somalia,SOM,1976,Criminal penalties or civil remedies exist for sexual harassment in employment (1=yes; 0=no),SG.PEN.SXHR.EM,0
Federal Republic of Somalia,SOM,1975,Criminal penalties or civil remedies exist for sexual harassment in employment (1=yes; 0=no),SG.PEN.SXHR.EM,0
Federal Republic of Somalia,SOM,1974,Criminal penalties or civil remedies exist for sexual harassment in employment (1=yes; 0=no),SG.PEN.SXHR.EM,0
Federal Republic of Somalia,SOM,1973,Criminal penalties or civil remedies exist for sexual harassment in employment (1=yes; 0=no),SG.PEN.SXHR.EM,0
Federal Republic of Somalia,SOM,1972,Criminal penalties or civil remedies exist for sexual harassment in employment (1=yes; 0=no),SG.PEN.SXHR.EM,0
Federal Republic of Somalia,SOM,1971,Criminal penalties or civil remedies exist for sexual harassment in employment (1=yes; 0=no),SG.PEN.SXHR.EM,0
Federal Republic of Somalia,SOM,1970,Criminal penalties or civil remedies exist for sexual harassment in employment (1=yes; 0=no),SG.PEN.SXHR.EM,0
Federal Republic of Somalia,SOM,2020,Female migrants (% of international migrant stock),SG.POP.MIGR.FE.ZS,44.8967400580304
Federal Republic of Somalia,SOM,2015,Female migrants (% of international migrant stock),SG.POP.MIGR.FE.ZS,47.3432544523054
Federal Republic of Somalia,SOM,2010,Female migrants (% of international migrant stock),SG.POP.MIGR.FE.ZS,47.5886583794121
Federal Republic of Somalia,SOM,2005,Female migrants (% of international migrant stock),SG.POP.MIGR.FE.ZS,46.5620184899846
Federal Republic of Somalia,SOM,2000,Female migrants (% of international migrant stock),SG.POP.MIGR.FE.ZS,47.1164850475195
Federal Republic of Somalia,SOM,1995,Female migrants (% of international migrant stock),SG.POP.MIGR.FE.ZS,47.3447022072003
Federal Republic of Somalia,SOM,1990,Female migrants (% of international migrant stock),SG.POP.MIGR.FE.ZS,48.9433277440235
Federal Republic of Somalia,SOM,2023,A woman has the same rights to remarry as a man (1=yes; 0=no),SG.REM.RIGT.EQ,0
Federal Republic of Somalia,SOM,2022,A woman has the same rights to remarry as a man (1=yes; 0=no),SG.REM.RIGT.EQ,0
Federal Republic of Somalia,SOM,2021,A woman has the same rights to remarry as a man (1=yes; 0=no),SG.REM.RIGT.EQ,0
Federal Republic of Somalia,SOM,2020,A woman has the same rights to remarry as a man (1=yes; 0=no),SG.REM.RIGT.EQ,0
Federal Republic of Somalia,SOM,2019,A woman has the same rights to remarry as a man (1=yes; 0=no),SG.REM.RIGT.EQ,0
Federal Republic of Somalia,SOM,2018,A woman has the same rights to remarry as a man (1=yes; 0=no),SG.REM.RIGT.EQ,0
Federal Republic of Somalia,SOM,2017,A woman has the same rights to remarry as a man (1=yes; 0=no),SG.REM.RIGT.EQ,0
Federal Republic of Somalia,SOM,2016,A woman has the same rights to remarry as a man (1=yes; 0=no),SG.REM.RIGT.EQ,0
Federal Republic of Somalia,SOM,2015,A woman has the same rights to remarry as a man (1=yes; 0=no),SG.REM.RIGT.EQ,0
Federal Republic of Somalia,SOM,2014,A woman has the same rights to remarry as a man (1=yes; 0=no),SG.REM.RIGT.EQ,0
Federal Republic of Somalia,SOM,2013,A woman has the same rights to remarry as a man (1=yes; 0=no),SG.REM.RIGT.EQ,0
Federal Republic of Somalia,SOM,2012,A woman has the same rights to remarry as a man (1=yes; 0=no),SG.REM.RIGT.EQ,0
Federal Republic of Somalia,SOM,2011,A woman has the same rights to remarry as a man (1=yes; 0=no),SG.REM.RIGT.EQ,0
Federal Republic of Somalia,SOM,2010,A woman has the same rights to remarry as a man (1=yes; 0=no),SG.REM.RIGT.EQ,0
Federal Republic of Somalia,SOM,2009,A woman has the same rights to remarry as a man (1=yes; 0=no),SG.REM.RIGT.EQ,0
Federal Republic of Somalia,SOM,2008,A woman has the same rights to remarry as a man (1=yes; 0=no),SG.REM.RIGT.EQ,0
Federal Republic of Somalia,SOM,2007,A woman has the same rights to remarry as a man (1=yes; 0=no),SG.REM.RIGT.EQ,0
Federal Republic of Somalia,SOM,2006,A woman has the same rights to remarry as a man (1=yes; 0=no),SG.REM.RIGT.EQ,0
Federal Republic of Somalia,SOM,2005,A woman has the same rights to remarry as a man (1=yes; 0=no),SG.REM.RIGT.EQ,0
Federal Republic of Somalia,SOM,2004,A woman has the same rights to remarry as a man (1=yes; 0=no),SG.REM.RIGT.EQ,0
Federal Republic of Somalia,SOM,2003,A woman has the same rights to remarry as a man (1=yes; 0=no),SG.REM.RIGT.EQ,0
Federal Republic of Somalia,SOM,2002,A woman has the same rights to remarry as a man (1=yes; 0=no),SG.REM.RIGT.EQ,0
Federal Republic of Somalia,SOM,2001,A woman has the same rights to remarry as a man (1=yes; 0=no),SG.REM.RIGT.EQ,0
Federal Republic of Somalia,SOM,2000,A woman has the same rights to remarry as a man (1=yes; 0=no),SG.REM.RIGT.EQ,0
Federal Republic of Somalia,SOM,1999,A woman has the same rights to remarry as a man (1=yes; 0=no),SG.REM.RIGT.EQ,0
Federal Republic of Somalia,SOM,1998,A woman has the same rights to remarry as a man (1=yes; 0=no),SG.REM.RIGT.EQ,0
Federal Republic of Somalia,SOM,1997,A woman has the same rights to remarry as a man (1=yes; 0=no),SG.REM.RIGT.EQ,0
Federal Republic of Somalia,SOM,1996,A woman has the same rights to remarry as a man (1=yes; 0=no),SG.REM.RIGT.EQ,0
Federal Republic of Somalia,SOM,1995,A woman has the same rights to remarry as a man (1=yes; 0=no),SG.REM.RIGT.EQ,0
Federal Republic of Somalia,SOM,1994,A woman has the same rights to remarry as a man (1=yes; 0=no),SG.REM.RIGT.EQ,0
Federal Republic of Somalia,SOM,1993,A woman has the same rights to remarry as a man (1=yes; 0=no),SG.REM.RIGT.EQ,0
Federal Republic of Somalia,SOM,1992,A woman has the same rights to remarry as a man (1=yes; 0=no),SG.REM.RIGT.EQ,0
Federal Republic of Somalia,SOM,1991,A woman has the same rights to remarry as a man (1=yes; 0=no),SG.REM.RIGT.EQ,0
Federal Republic of Somalia,SOM,1990,A woman has the same rights to remarry as a man (1=yes; 0=no),SG.REM.RIGT.EQ,0
Federal Republic of Somalia,SOM,1989,A woman has the same rights to remarry as a man (1=yes; 0=no),SG.REM.RIGT.EQ,0
Federal Republic of Somalia,SOM,1988,A woman has the same rights to remarry as a man (1=yes; 0=no),SG.REM.RIGT.EQ,0
Federal Republic of Somalia,SOM,1987,A woman has the same rights to remarry as a man (1=yes; 0=no),SG.REM.RIGT.EQ,0
Federal Republic of Somalia,SOM,1986,A woman has the same rights to remarry as a man (1=yes; 0=no),SG.REM.RIGT.EQ,0
Federal Republic of Somalia,SOM,1985,A woman has the same rights to remarry as a man (1=yes; 0=no),SG.REM.RIGT.EQ,0
Federal Republic of Somalia,SOM,1984,A woman has the same rights to remarry as a man (1=yes; 0=no),SG.REM.RIGT.EQ,0
Federal Republic of Somalia,SOM,1983,A woman has the same rights to remarry as a man (1=yes; 0=no),SG.REM.RIGT.EQ,0
Federal Republic of Somalia,SOM,1982,A woman has the same rights to remarry as a man (1=yes; 0=no),SG.REM.RIGT.EQ,0
Federal Republic of Somalia,SOM,1981,A woman has the same rights to remarry as a man (1=yes; 0=no),SG.REM.RIGT.EQ,0
Federal Republic of Somalia,SOM,1980,A woman has the same rights to remarry as a man (1=yes; 0=no),SG.REM.RIGT.EQ,0
Federal Republic of Somalia,SOM,1979,A woman has the same rights to remarry as a man (1=yes; 0=no),SG.REM.RIGT.EQ,0
Federal Republic of Somalia,SOM,1978,A woman has the same rights to remarry as a man (1=yes; 0=no),SG.REM.RIGT.EQ,0
Federal Republic of Somalia,SOM,1977,A woman has the same rights to remarry as a man (1=yes; 0=no),SG.REM.RIGT.EQ,0
Federal Republic of Somalia,SOM,1976,A woman has the same rights to remarry as a man (1=yes; 0=no),SG.REM.RIGT.EQ,0
Federal Republic of Somalia,SOM,1975,A woman has the same rights to remarry as a man (1=yes; 0=no),SG.REM.RIGT.EQ,0
Federal Republic of Somalia,SOM,1974,A woman has the same rights to remarry as a man (1=yes; 0=no),SG.REM.RIGT.EQ,0
Federal Republic of Somalia,SOM,1973,A woman has the same rights to remarry as a man (1=yes; 0=no),SG.REM.RIGT.EQ,0
Federal Republic of Somalia,SOM,1972,A woman has the same rights to remarry as a man (1=yes; 0=no),SG.REM.RIGT.EQ,0
Federal Republic of Somalia,SOM,1971,A woman has the same rights to remarry as a man (1=yes; 0=no),SG.REM.RIGT.EQ,0
Federal Republic of Somalia,SOM,1970,A woman has the same rights to remarry as a man (1=yes; 0=no),SG.REM.RIGT.EQ,0
Federal Republic of Somalia,SOM,2023,Length of paid maternity leave (calendar days),SH.MMR.LEVE,98
Federal Republic of Somalia,SOM,2022,Length of paid maternity leave (calendar days),SH.MMR.LEVE,98
Federal Republic of Somalia,SOM,2021,Length of paid maternity leave (calendar days),SH.MMR.LEVE,98
Federal Republic of Somalia,SOM,2020,Length of paid maternity leave (calendar days),SH.MMR.LEVE,98
Federal Republic of Somalia,SOM,2019,Length of paid maternity leave (calendar days),SH.MMR.LEVE,98
Federal Republic of Somalia,SOM,2018,Length of paid maternity leave (calendar days),SH.MMR.LEVE,98
Federal Republic of Somalia,SOM,2017,Length of paid maternity leave (calendar days),SH.MMR.LEVE,98
Federal Republic of Somalia,SOM,2016,Length of paid maternity leave (calendar days),SH.MMR.LEVE,98
Federal Republic of Somalia,SOM,2015,Length of paid maternity leave (calendar days),SH.MMR.LEVE,98
Federal Republic of Somalia,SOM,2014,Length of paid maternity leave (calendar days),SH.MMR.LEVE,98
Federal Republic of Somalia,SOM,2013,Length of paid maternity leave (calendar days),SH.MMR.LEVE,98
Federal Republic of Somalia,SOM,2012,Length of paid maternity leave (calendar days),SH.MMR.LEVE,98
Federal Republic of Somalia,SOM,2011,Length of paid maternity leave (calendar days),SH.MMR.LEVE,98
Federal Republic of Somalia,SOM,2010,Length of paid maternity leave (calendar days),SH.MMR.LEVE,98
Federal Republic of Somalia,SOM,2009,Length of paid maternity leave (calendar days),SH.MMR.LEVE,98
Federal Republic of Somalia,SOM,2008,Length of paid maternity leave (calendar days),SH.MMR.LEVE,98
Federal Republic of Somalia,SOM,2007,Length of paid maternity leave (calendar days),SH.MMR.LEVE,98
Federal Republic of Somalia,SOM,2006,Length of paid maternity leave (calendar days),SH.MMR.LEVE,98
Federal Republic of Somalia,SOM,2005,Length of paid maternity leave (calendar days),SH.MMR.LEVE,98
Federal Republic of Somalia,SOM,2004,Length of paid maternity leave (calendar days),SH.MMR.LEVE,98
Federal Republic of Somalia,SOM,2003,Length of paid maternity leave (calendar days),SH.MMR.LEVE,98
Federal Republic of Somalia,SOM,2002,Length of paid maternity leave (calendar days),SH.MMR.LEVE,98
Federal Republic of Somalia,SOM,2001,Length of paid maternity leave (calendar days),SH.MMR.LEVE,98
Federal Republic of Somalia,SOM,2000,Length of paid maternity leave (calendar days),SH.MMR.LEVE,98
Federal Republic of Somalia,SOM,1999,Length of paid maternity leave (calendar days),SH.MMR.LEVE,98
Federal Republic of Somalia,SOM,1998,Length of paid maternity leave (calendar days),SH.MMR.LEVE,98
Federal Republic of Somalia,SOM,1997,Length of paid maternity leave (calendar days),SH.MMR.LEVE,98
Federal Republic of Somalia,SOM,1996,Length of paid maternity leave (calendar days),SH.MMR.LEVE,98
Federal Republic of Somalia,SOM,1995,Length of paid maternity leave (calendar days),SH.MMR.LEVE,98
Federal Republic of Somalia,SOM,1994,Length of paid maternity leave (calendar days),SH.MMR.LEVE,98
Federal Republic of Somalia,SOM,1993,Length of paid maternity leave (calendar days),SH.MMR.LEVE,98
Federal Republic of Somalia,SOM,1992,Length of paid maternity leave (calendar days),SH.MMR.LEVE,98
Federal Republic of Somalia,SOM,1991,Length of paid maternity leave (calendar days),SH.MMR.LEVE,98
Federal Republic of Somalia,SOM,1990,Length of paid maternity leave (calendar days),SH.MMR.LEVE,98
Federal Republic of Somalia,SOM,1989,Length of paid maternity leave (calendar days),SH.MMR.LEVE,98
Federal Republic of Somalia,SOM,1988,Length of paid maternity leave (calendar days),SH.MMR.LEVE,98
Federal Republic of Somalia,SOM,1987,Length of paid maternity leave (calendar days),SH.MMR.LEVE,98
Federal Republic of Somalia,SOM,1986,Length of paid maternity leave (calendar days),SH.MMR.LEVE,98
Federal Republic of Somalia,SOM,1985,Length of paid maternity leave (calendar days),SH.MMR.LEVE,98
Federal Republic of Somalia,SOM,1984,Length of paid maternity leave (calendar days),SH.MMR.LEVE,98
Federal Republic of Somalia,SOM,1983,Length of paid maternity leave (calendar days),SH.MMR.LEVE,98
Federal Republic of Somalia,SOM,1982,Length of paid maternity leave (calendar days),SH.MMR.LEVE,98
Federal Republic of Somalia,SOM,1981,Length of paid maternity leave (calendar days),SH.MMR.LEVE,98
Federal Republic of Somalia,SOM,1980,Length of paid maternity leave (calendar days),SH.MMR.LEVE,98
Federal Republic of Somalia,SOM,1979,Length of paid maternity leave (calendar days),SH.MMR.LEVE,98
Federal Republic of Somalia,SOM,1978,Length of paid maternity leave (calendar days),SH.MMR.LEVE,98
Federal Republic of Somalia,SOM,1977,Length of paid maternity leave (calendar days),SH.MMR.LEVE,98
Federal Republic of Somalia,SOM,1976,Length of paid maternity leave (calendar days),SH.MMR.LEVE,98
Federal Republic of Somalia,SOM,1975,Length of paid maternity leave (calendar days),SH.MMR.LEVE,98
Federal Republic of Somalia,SOM,1974,Length of paid maternity leave (calendar days),SH.MMR.LEVE,98
Federal Republic of Somalia,SOM,1973,Length of paid maternity leave (calendar days),SH.MMR.LEVE,98
Federal Republic of Somalia,SOM,1972,Length of paid maternity leave (calendar days),SH.MMR.LEVE,0
Federal Republic of Somalia,SOM,1971,Length of paid maternity leave (calendar days),SH.MMR.LEVE,0
Federal Republic of Somalia,SOM,1970,Length of paid maternity leave (calendar days),SH.MMR.LEVE,0
Federal Republic of Somalia,SOM,2023,Paid leave of at least 14 weeks available to mothers (1=yes; 0=no),SH.MMR.LEVE.AL,1
Federal Republic of Somalia,SOM,2022,Paid leave of at least 14 weeks available to mothers (1=yes; 0=no),SH.MMR.LEVE.AL,1
Federal Republic of Somalia,SOM,2021,Paid leave of at least 14 weeks available to mothers (1=yes; 0=no),SH.MMR.LEVE.AL,1
Federal Republic of Somalia,SOM,2020,Paid leave of at least 14 weeks available to mothers (1=yes; 0=no),SH.MMR.LEVE.AL,1
Federal Republic of Somalia,SOM,2019,Paid leave of at least 14 weeks available to mothers (1=yes; 0=no),SH.MMR.LEVE.AL,1
Federal Republic of Somalia,SOM,2018,Paid leave of at least 14 weeks available to mothers (1=yes; 0=no),SH.MMR.LEVE.AL,1
Federal Republic of Somalia,SOM,2017,Paid leave of at least 14 weeks available to mothers (1=yes; 0=no),SH.MMR.LEVE.AL,1
Federal Republic of Somalia,SOM,2016,Paid leave of at least 14 weeks available to mothers (1=yes; 0=no),SH.MMR.LEVE.AL,1
Federal Republic of Somalia,SOM,2015,Paid leave of at least 14 weeks available to mothers (1=yes; 0=no),SH.MMR.LEVE.AL,1
Federal Republic of Somalia,SOM,2014,Paid leave of at least 14 weeks available to mothers (1=yes; 0=no),SH.MMR.LEVE.AL,1
Federal Republic of Somalia,SOM,2013,Paid leave of at least 14 weeks available to mothers (1=yes; 0=no),SH.MMR.LEVE.AL,1
Federal Republic of Somalia,SOM,2012,Paid leave of at least 14 weeks available to mothers (1=yes; 0=no),SH.MMR.LEVE.AL,1
Federal Republic of Somalia,SOM,2011,Paid leave of at least 14 weeks available to mothers (1=yes; 0=no),SH.MMR.LEVE.AL,1
Federal Republic of Somalia,SOM,2010,Paid leave of at least 14 weeks available to mothers (1=yes; 0=no),SH.MMR.LEVE.AL,1
Federal Republic of Somalia,SOM,2009,Paid leave of at least 14 weeks available to mothers (1=yes; 0=no),SH.MMR.LEVE.AL,1
Federal Republic of Somalia,SOM,2008,Paid leave of at least 14 weeks available to mothers (1=yes; 0=no),SH.MMR.LEVE.AL,1
Federal Republic of Somalia,SOM,2007,Paid leave of at least 14 weeks available to mothers (1=yes; 0=no),SH.MMR.LEVE.AL,1
Federal Republic of Somalia,SOM,2006,Paid leave of at least 14 weeks available to mothers (1=yes; 0=no),SH.MMR.LEVE.AL,1
Federal Republic of Somalia,SOM,2005,Paid leave of at least 14 weeks available to mothers (1=yes; 0=no),SH.MMR.LEVE.AL,1
Federal Republic of Somalia,SOM,2004,Paid leave of at least 14 weeks available to mothers (1=yes; 0=no),SH.MMR.LEVE.AL,1
Federal Republic of Somalia,SOM,2003,Paid leave of at least 14 weeks available to mothers (1=yes; 0=no),SH.MMR.LEVE.AL,1
Federal Republic of Somalia,SOM,2002,Paid leave of at least 14 weeks available to mothers (1=yes; 0=no),SH.MMR.LEVE.AL,1
Federal Republic of Somalia,SOM,2001,Paid leave of at least 14 weeks available to mothers (1=yes; 0=no),SH.MMR.LEVE.AL,1
Federal Republic of Somalia,SOM,2000,Paid leave of at least 14 weeks available to mothers (1=yes; 0=no),SH.MMR.LEVE.AL,1
Federal Republic of Somalia,SOM,1999,Paid leave of at least 14 weeks available to mothers (1=yes; 0=no),SH.MMR.LEVE.AL,1
Federal Republic of Somalia,SOM,1998,Paid leave of at least 14 weeks available to mothers (1=yes; 0=no),SH.MMR.LEVE.AL,1
Federal Republic of Somalia,SOM,1997,Paid leave of at least 14 weeks available to mothers (1=yes; 0=no),SH.MMR.LEVE.AL,1
Federal Republic of Somalia,SOM,1996,Paid leave of at least 14 weeks available to mothers (1=yes; 0=no),SH.MMR.LEVE.AL,1
Federal Republic of Somalia,SOM,1995,Paid leave of at least 14 weeks available to mothers (1=yes; 0=no),SH.MMR.LEVE.AL,1
Federal Republic of Somalia,SOM,1994,Paid leave of at least 14 weeks available to mothers (1=yes; 0=no),SH.MMR.LEVE.AL,1
Federal Republic of Somalia,SOM,1993,Paid leave of at least 14 weeks available to mothers (1=yes; 0=no),SH.MMR.LEVE.AL,1
Federal Republic of Somalia,SOM,1992,Paid leave of at least 14 weeks available to mothers (1=yes; 0=no),SH.MMR.LEVE.AL,1
Federal Republic of Somalia,SOM,1991,Paid leave of at least 14 weeks available to mothers (1=yes; 0=no),SH.MMR.LEVE.AL,1
Federal Republic of Somalia,SOM,1990,Paid leave of at least 14 weeks available to mothers (1=yes; 0=no),SH.MMR.LEVE.AL,1
Federal Republic of Somalia,SOM,1989,Paid leave of at least 14 weeks available to mothers (1=yes; 0=no),SH.MMR.LEVE.AL,1
Federal Republic of Somalia,SOM,1988,Paid leave of at least 14 weeks available to mothers (1=yes; 0=no),SH.MMR.LEVE.AL,1
Federal Republic of Somalia,SOM,1987,Paid leave of at least 14 weeks available to mothers (1=yes; 0=no),SH.MMR.LEVE.AL,1
Federal Republic of Somalia,SOM,1986,Paid leave of at least 14 weeks available to mothers (1=yes; 0=no),SH.MMR.LEVE.AL,1
Federal Republic of Somalia,SOM,1985,Paid leave of at least 14 weeks available to mothers (1=yes; 0=no),SH.MMR.LEVE.AL,1
Federal Republic of Somalia,SOM,1984,Paid leave of at least 14 weeks available to mothers (1=yes; 0=no),SH.MMR.LEVE.AL,1
Federal Republic of Somalia,SOM,1983,Paid leave of at least 14 weeks available to mothers (1=yes; 0=no),SH.MMR.LEVE.AL,1
Federal Republic of Somalia,SOM,1982,Paid leave of at least 14 weeks available to mothers (1=yes; 0=no),SH.MMR.LEVE.AL,1
Federal Republic of Somalia,SOM,1981,Paid leave of at least 14 weeks available to mothers (1=yes; 0=no),SH.MMR.LEVE.AL,1
Federal Republic of Somalia,SOM,1980,Paid leave of at least 14 weeks available to mothers (1=yes; 0=no),SH.MMR.LEVE.AL,1
Federal Republic of Somalia,SOM,1979,Paid leave of at least 14 weeks available to mothers (1=yes; 0=no),SH.MMR.LEVE.AL,1
Federal Republic of Somalia,SOM,1978,Paid leave of at least 14 weeks available to mothers (1=yes; 0=no),SH.MMR.LEVE.AL,1
Federal Republic of Somalia,SOM,1977,Paid leave of at least 14 weeks available to mothers (1=yes; 0=no),SH.MMR.LEVE.AL,1
Federal Republic of Somalia,SOM,1976,Paid leave of at least 14 weeks available to mothers (1=yes; 0=no),SH.MMR.LEVE.AL,1
Federal Republic of Somalia,SOM,1975,Paid leave of at least 14 weeks available to mothers (1=yes; 0=no),SH.MMR.LEVE.AL,1
Federal Republic of Somalia,SOM,1974,Paid leave of at least 14 weeks available to mothers (1=yes; 0=no),SH.MMR.LEVE.AL,1
Federal Republic of Somalia,SOM,1973,Paid leave of at least 14 weeks available to mothers (1=yes; 0=no),SH.MMR.LEVE.AL,1
Federal Republic of Somalia,SOM,1972,Paid leave of at least 14 weeks available to mothers (1=yes; 0=no),SH.MMR.LEVE.AL,0
Federal Republic of Somalia,SOM,1971,Paid leave of at least 14 weeks available to mothers (1=yes; 0=no),SH.MMR.LEVE.AL,0
Federal Republic of Somalia,SOM,1970,Paid leave of at least 14 weeks available to mothers (1=yes; 0=no),SH.MMR.LEVE.AL,0
Federal Republic of Somalia,SOM,2023,The government administers 100 percent of maternity leave benefits (1=yes; 0=no),SH.MMR.LEVE.GT,0
Federal Republic of Somalia,SOM,2022,The government administers 100 percent of maternity leave benefits (1=yes; 0=no),SH.MMR.LEVE.GT,0
Federal Republic of Somalia,SOM,2021,The government administers 100 percent of maternity leave benefits (1=yes; 0=no),SH.MMR.LEVE.GT,0
Federal Republic of Somalia,SOM,2020,The government administers 100 percent of maternity leave benefits (1=yes; 0=no),SH.MMR.LEVE.GT,0
Federal Republic of Somalia,SOM,2019,The government administers 100 percent of maternity leave benefits (1=yes; 0=no),SH.MMR.LEVE.GT,0
Federal Republic of Somalia,SOM,2018,The government administers 100 percent of maternity leave benefits (1=yes; 0=no),SH.MMR.LEVE.GT,0
Federal Republic of Somalia,SOM,2017,The government administers 100 percent of maternity leave benefits (1=yes; 0=no),SH.MMR.LEVE.GT,0
Federal Republic of Somalia,SOM,2016,The government administers 100 percent of maternity leave benefits (1=yes; 0=no),SH.MMR.LEVE.GT,0
Federal Republic of Somalia,SOM,2015,The government administers 100 percent of maternity leave benefits (1=yes; 0=no),SH.MMR.LEVE.GT,0
Federal Republic of Somalia,SOM,2014,The government administers 100 percent of maternity leave benefits (1=yes; 0=no),SH.MMR.LEVE.GT,0
Federal Republic of Somalia,SOM,2013,The government administers 100 percent of maternity leave benefits (1=yes; 0=no),SH.MMR.LEVE.GT,0
Federal Republic of Somalia,SOM,2012,The government administers 100 percent of maternity leave benefits (1=yes; 0=no),SH.MMR.LEVE.GT,0
Federal Republic of Somalia,SOM,2011,The government administers 100 percent of maternity leave benefits (1=yes; 0=no),SH.MMR.LEVE.GT,0
Federal Republic of Somalia,SOM,2010,The government administers 100 percent of maternity leave benefits (1=yes; 0=no),SH.MMR.LEVE.GT,0
Federal Republic of Somalia,SOM,2009,The government administers 100 percent of maternity leave benefits (1=yes; 0=no),SH.MMR.LEVE.GT,0
Federal Republic of Somalia,SOM,2008,The government administers 100 percent of maternity leave benefits (1=yes; 0=no),SH.MMR.LEVE.GT,0
Federal Republic of Somalia,SOM,2007,The government administers 100 percent of maternity leave benefits (1=yes; 0=no),SH.MMR.LEVE.GT,0
Federal Republic of Somalia,SOM,2006,The government administers 100 percent of maternity leave benefits (1=yes; 0=no),SH.MMR.LEVE.GT,0
Federal Republic of Somalia,SOM,2005,The government administers 100 percent of maternity leave benefits (1=yes; 0=no),SH.MMR.LEVE.GT,0
Federal Republic of Somalia,SOM,2004,The government administers 100 percent of maternity leave benefits (1=yes; 0=no),SH.MMR.LEVE.GT,0
Federal Republic of Somalia,SOM,2003,The government administers 100 percent of maternity leave benefits (1=yes; 0=no),SH.MMR.LEVE.GT,0
Federal Republic of Somalia,SOM,2002,The government administers 100 percent of maternity leave benefits (1=yes; 0=no),SH.MMR.LEVE.GT,0
Federal Republic of Somalia,SOM,2001,The government administers 100 percent of maternity leave benefits (1=yes; 0=no),SH.MMR.LEVE.GT,0
Federal Republic of Somalia,SOM,2000,The government administers 100 percent of maternity leave benefits (1=yes; 0=no),SH.MMR.LEVE.GT,0
Federal Republic of Somalia,SOM,1999,The government administers 100 percent of maternity leave benefits (1=yes; 0=no),SH.MMR.LEVE.GT,0
Federal Republic of Somalia,SOM,1998,The government administers 100 percent of maternity leave benefits (1=yes; 0=no),SH.MMR.LEVE.GT,0
Federal Republic of Somalia,SOM,1997,The government administers 100 percent of maternity leave benefits (1=yes; 0=no),SH.MMR.LEVE.GT,0
Federal Republic of Somalia,SOM,1996,The government administers 100 percent of maternity leave benefits (1=yes; 0=no),SH.MMR.LEVE.GT,0
Federal Republic of Somalia,SOM,1995,The government administers 100 percent of maternity leave benefits (1=yes; 0=no),SH.MMR.LEVE.GT,0
Federal Republic of Somalia,SOM,1994,The government administers 100 percent of maternity leave benefits (1=yes; 0=no),SH.MMR.LEVE.GT,0
Federal Republic of Somalia,SOM,1993,The government administers 100 percent of maternity leave benefits (1=yes; 0=no),SH.MMR.LEVE.GT,0
Federal Republic of Somalia,SOM,1992,The government administers 100 percent of maternity leave benefits (1=yes; 0=no),SH.MMR.LEVE.GT,0
Federal Republic of Somalia,SOM,1991,The government administers 100 percent of maternity leave benefits (1=yes; 0=no),SH.MMR.LEVE.GT,0
Federal Republic of Somalia,SOM,1990,The government administers 100 percent of maternity leave benefits (1=yes; 0=no),SH.MMR.LEVE.GT,0
Federal Republic of Somalia,SOM,1989,The government administers 100 percent of maternity leave benefits (1=yes; 0=no),SH.MMR.LEVE.GT,0
Federal Republic of Somalia,SOM,1988,The government administers 100 percent of maternity leave benefits (1=yes; 0=no),SH.MMR.LEVE.GT,0
Federal Republic of Somalia,SOM,1987,The government administers 100 percent of maternity leave benefits (1=yes; 0=no),SH.MMR.LEVE.GT,0
Federal Republic of Somalia,SOM,1986,The government administers 100 percent of maternity leave benefits (1=yes; 0=no),SH.MMR.LEVE.GT,0
Federal Republic of Somalia,SOM,1985,The government administers 100 percent of maternity leave benefits (1=yes; 0=no),SH.MMR.LEVE.GT,0
Federal Republic of Somalia,SOM,1984,The government administers 100 percent of maternity leave benefits (1=yes; 0=no),SH.MMR.LEVE.GT,0
Federal Republic of Somalia,SOM,1983,The government administers 100 percent of maternity leave benefits (1=yes; 0=no),SH.MMR.LEVE.GT,0
Federal Republic of Somalia,SOM,1982,The government administers 100 percent of maternity leave benefits (1=yes; 0=no),SH.MMR.LEVE.GT,0
Federal Republic of Somalia,SOM,1981,The government administers 100 percent of maternity leave benefits (1=yes; 0=no),SH.MMR.LEVE.GT,0
Federal Republic of Somalia,SOM,1980,The government administers 100 percent of maternity leave benefits (1=yes; 0=no),SH.MMR.LEVE.GT,0
Federal Republic of Somalia,SOM,1979,The government administers 100 percent of maternity leave benefits (1=yes; 0=no),SH.MMR.LEVE.GT,0
Federal Republic of Somalia,SOM,1978,The government administers 100 percent of maternity leave benefits (1=yes; 0=no),SH.MMR.LEVE.GT,0
Federal Republic of Somalia,SOM,1977,The government administers 100 percent of maternity leave benefits (1=yes; 0=no),SH.MMR.LEVE.GT,0
Federal Republic of Somalia,SOM,1976,The government administers 100 percent of maternity leave benefits (1=yes; 0=no),SH.MMR.LEVE.GT,0
Federal Republic of Somalia,SOM,1975,The government administers 100 percent of maternity leave benefits (1=yes; 0=no),SH.MMR.LEVE.GT,0
Federal Republic of Somalia,SOM,1974,The government administers 100 percent of maternity leave benefits (1=yes; 0=no),SH.MMR.LEVE.GT,0
Federal Republic of Somalia,SOM,1973,The government administers 100 percent of maternity leave benefits (1=yes; 0=no),SH.MMR.LEVE.GT,0
Federal Republic of Somalia,SOM,1972,The government administers 100 percent of maternity leave benefits (1=yes; 0=no),SH.MMR.LEVE.GT,0
Federal Republic of Somalia,SOM,1971,The government administers 100 percent of maternity leave benefits (1=yes; 0=no),SH.MMR.LEVE.GT,0
Federal Republic of Somalia,SOM,1970,The government administers 100 percent of maternity leave benefits (1=yes; 0=no),SH.MMR.LEVE.GT,0
Federal Republic of Somalia,SOM,2023,Length of paid shared parental leave (calendar days),SH.PAR.LEVE,0
Federal Republic of Somalia,SOM,2022,Length of paid shared parental leave (calendar days),SH.PAR.LEVE,0
Federal Republic of Somalia,SOM,2021,Length of paid shared parental leave (calendar days),SH.PAR.LEVE,0
Federal Republic of Somalia,SOM,2020,Length of paid shared parental leave (calendar days),SH.PAR.LEVE,0
Federal Republic of Somalia,SOM,2019,Length of paid shared parental leave (calendar days),SH.PAR.LEVE,0
Federal Republic of Somalia,SOM,2018,Length of paid shared parental leave (calendar days),SH.PAR.LEVE,0
Federal Republic of Somalia,SOM,2017,Length of paid shared parental leave (calendar days),SH.PAR.LEVE,0
Federal Republic of Somalia,SOM,2016,Length of paid shared parental leave (calendar days),SH.PAR.LEVE,0
Federal Republic of Somalia,SOM,2015,Length of paid shared parental leave (calendar days),SH.PAR.LEVE,0
Federal Republic of Somalia,SOM,2014,Length of paid shared parental leave (calendar days),SH.PAR.LEVE,0
Federal Republic of Somalia,SOM,2013,Length of paid shared parental leave (calendar days),SH.PAR.LEVE,0
Federal Republic of Somalia,SOM,2012,Length of paid shared parental leave (calendar days),SH.PAR.LEVE,0
Federal Republic of Somalia,SOM,2011,Length of paid shared parental leave (calendar days),SH.PAR.LEVE,0
Federal Republic of Somalia,SOM,2010,Length of paid shared parental leave (calendar days),SH.PAR.LEVE,0
Federal Republic of Somalia,SOM,2009,Length of paid shared parental leave (calendar days),SH.PAR.LEVE,0
Federal Republic of Somalia,SOM,2008,Length of paid shared parental leave (calendar days),SH.PAR.LEVE,0
Federal Republic of Somalia,SOM,2007,Length of paid shared parental leave (calendar days),SH.PAR.LEVE,0
Federal Republic of Somalia,SOM,2006,Length of paid shared parental leave (calendar days),SH.PAR.LEVE,0
Federal Republic of Somalia,SOM,2005,Length of paid shared parental leave (calendar days),SH.PAR.LEVE,0
Federal Republic of Somalia,SOM,2004,Length of paid shared parental leave (calendar days),SH.PAR.LEVE,0
Federal Republic of Somalia,SOM,2003,Length of paid shared parental leave (calendar days),SH.PAR.LEVE,0
Federal Republic of Somalia,SOM,2002,Length of paid shared parental leave (calendar days),SH.PAR.LEVE,0
Federal Republic of Somalia,SOM,2001,Length of paid shared parental leave (calendar days),SH.PAR.LEVE,0
Federal Republic of Somalia,SOM,2000,Length of paid shared parental leave (calendar days),SH.PAR.LEVE,0
Federal Republic of Somalia,SOM,1999,Length of paid shared parental leave (calendar days),SH.PAR.LEVE,0
Federal Republic of Somalia,SOM,1998,Length of paid shared parental leave (calendar days),SH.PAR.LEVE,0
Federal Republic of Somalia,SOM,1997,Length of paid shared parental leave (calendar days),SH.PAR.LEVE,0
Federal Republic of Somalia,SOM,1996,Length of paid shared parental leave (calendar days),SH.PAR.LEVE,0
Federal Republic of Somalia,SOM,1995,Length of paid shared parental leave (calendar days),SH.PAR.LEVE,0
Federal Republic of Somalia,SOM,1994,Length of paid shared parental leave (calendar days),SH.PAR.LEVE,0
Federal Republic of Somalia,SOM,1993,Length of paid shared parental leave (calendar days),SH.PAR.LEVE,0
Federal Republic of Somalia,SOM,1992,Length of paid shared parental leave (calendar days),SH.PAR.LEVE,0
Federal Republic of Somalia,SOM,1991,Length of paid shared parental leave (calendar days),SH.PAR.LEVE,0
Federal Republic of Somalia,SOM,1990,Length of paid shared parental leave (calendar days),SH.PAR.LEVE,0
Federal Republic of Somalia,SOM,1989,Length of paid shared parental leave (calendar days),SH.PAR.LEVE,0
Federal Republic of Somalia,SOM,1988,Length of paid shared parental leave (calendar days),SH.PAR.LEVE,0
Federal Republic of Somalia,SOM,1987,Length of paid shared parental leave (calendar days),SH.PAR.LEVE,0
Federal Republic of Somalia,SOM,1986,Length of paid shared parental leave (calendar days),SH.PAR.LEVE,0
Federal Republic of Somalia,SOM,1985,Length of paid shared parental leave (calendar days),SH.PAR.LEVE,0
Federal Republic of Somalia,SOM,1984,Length of paid shared parental leave (calendar days),SH.PAR.LEVE,0
Federal Republic of Somalia,SOM,1983,Length of paid shared parental leave (calendar days),SH.PAR.LEVE,0
Federal Republic of Somalia,SOM,1982,Length of paid shared parental leave (calendar days),SH.PAR.LEVE,0
Federal Republic of Somalia,SOM,1981,Length of paid shared parental leave (calendar days),SH.PAR.LEVE,0
Federal Republic of Somalia,SOM,1980,Length of paid shared parental leave (calendar days),SH.PAR.LEVE,0
Federal Republic of Somalia,SOM,1979,Length of paid shared parental leave (calendar days),SH.PAR.LEVE,0
Federal Republic of Somalia,SOM,1978,Length of paid shared parental leave (calendar days),SH.PAR.LEVE,0
Federal Republic of Somalia,SOM,1977,Length of paid shared parental leave (calendar days),SH.PAR.LEVE,0
Federal Republic of Somalia,SOM,1976,Length of paid shared parental leave (calendar days),SH.PAR.LEVE,0
Federal Republic of Somalia,SOM,1975,Length of paid shared parental leave (calendar days),SH.PAR.LEVE,0
Federal Republic of Somalia,SOM,1974,Length of paid shared parental leave (calendar days),SH.PAR.LEVE,0
Federal Republic of Somalia,SOM,1973,Length of paid shared parental leave (calendar days),SH.PAR.LEVE,0
Federal Republic of Somalia,SOM,1972,Length of paid shared parental leave (calendar days),SH.PAR.LEVE,0
Federal Republic of Somalia,SOM,1971,Length of paid shared parental leave (calendar days),SH.PAR.LEVE,0
Federal Republic of Somalia,SOM,1970,Length of paid shared parental leave (calendar days),SH.PAR.LEVE,0
Federal Republic of Somalia,SOM,2023,There is paid parental leave (1=yes; 0=no),SH.PAR.LEVE.AL,0
Federal Republic of Somalia,SOM,2022,There is paid parental leave (1=yes; 0=no),SH.PAR.LEVE.AL,0
Federal Republic of Somalia,SOM,2021,There is paid parental leave (1=yes; 0=no),SH.PAR.LEVE.AL,0
Federal Republic of Somalia,SOM,2020,There is paid parental leave (1=yes; 0=no),SH.PAR.LEVE.AL,0
Federal Republic of Somalia,SOM,2019,There is paid parental leave (1=yes; 0=no),SH.PAR.LEVE.AL,0
Federal Republic of Somalia,SOM,2018,There is paid parental leave (1=yes; 0=no),SH.PAR.LEVE.AL,0
Federal Republic of Somalia,SOM,2017,There is paid parental leave (1=yes; 0=no),SH.PAR.LEVE.AL,0
Federal Republic of Somalia,SOM,2016,There is paid parental leave (1=yes; 0=no),SH.PAR.LEVE.AL,0
Federal Republic of Somalia,SOM,2015,There is paid parental leave (1=yes; 0=no),SH.PAR.LEVE.AL,0
Federal Republic of Somalia,SOM,2014,There is paid parental leave (1=yes; 0=no),SH.PAR.LEVE.AL,0
Federal Republic of Somalia,SOM,2013,There is paid parental leave (1=yes; 0=no),SH.PAR.LEVE.AL,0
Federal Republic of Somalia,SOM,2012,There is paid parental leave (1=yes; 0=no),SH.PAR.LEVE.AL,0
Federal Republic of Somalia,SOM,2011,There is paid parental leave (1=yes; 0=no),SH.PAR.LEVE.AL,0
Federal Republic of Somalia,SOM,2010,There is paid parental leave (1=yes; 0=no),SH.PAR.LEVE.AL,0
Federal Republic of Somalia,SOM,2009,There is paid parental leave (1=yes; 0=no),SH.PAR.LEVE.AL,0
Federal Republic of Somalia,SOM,2008,There is paid parental leave (1=yes; 0=no),SH.PAR.LEVE.AL,0
Federal Republic of Somalia,SOM,2007,There is paid parental leave (1=yes; 0=no),SH.PAR.LEVE.AL,0
Federal Republic of Somalia,SOM,2006,There is paid parental leave (1=yes; 0=no),SH.PAR.LEVE.AL,0
Federal Republic of Somalia,SOM,2005,There is paid parental leave (1=yes; 0=no),SH.PAR.LEVE.AL,0
Federal Republic of Somalia,SOM,2004,There is paid parental leave (1=yes; 0=no),SH.PAR.LEVE.AL,0
Federal Republic of Somalia,SOM,2003,There is paid parental leave (1=yes; 0=no),SH.PAR.LEVE.AL,0
Federal Republic of Somalia,SOM,2002,There is paid parental leave (1=yes; 0=no),SH.PAR.LEVE.AL,0
Federal Republic of Somalia,SOM,2001,There is paid parental leave (1=yes; 0=no),SH.PAR.LEVE.AL,0
Federal Republic of Somalia,SOM,2000,There is paid parental leave (1=yes; 0=no),SH.PAR.LEVE.AL,0
Federal Republic of Somalia,SOM,1999,There is paid parental leave (1=yes; 0=no),SH.PAR.LEVE.AL,0
Federal Republic of Somalia,SOM,1998,There is paid parental leave (1=yes; 0=no),SH.PAR.LEVE.AL,0
Federal Republic of Somalia,SOM,1997,There is paid parental leave (1=yes; 0=no),SH.PAR.LEVE.AL,0
Federal Republic of Somalia,SOM,1996,There is paid parental leave (1=yes; 0=no),SH.PAR.LEVE.AL,0
Federal Republic of Somalia,SOM,1995,There is paid parental leave (1=yes; 0=no),SH.PAR.LEVE.AL,0
Federal Republic of Somalia,SOM,1994,There is paid parental leave (1=yes; 0=no),SH.PAR.LEVE.AL,0
Federal Republic of Somalia,SOM,1993,There is paid parental leave (1=yes; 0=no),SH.PAR.LEVE.AL,0
Federal Republic of Somalia,SOM,1992,There is paid parental leave (1=yes; 0=no),SH.PAR.LEVE.AL,0
Federal Republic of Somalia,SOM,1991,There is paid parental leave (1=yes; 0=no),SH.PAR.LEVE.AL,0
Federal Republic of Somalia,SOM,1990,There is paid parental leave (1=yes; 0=no),SH.PAR.LEVE.AL,0
Federal Republic of Somalia,SOM,1989,There is paid parental leave (1=yes; 0=no),SH.PAR.LEVE.AL,0
Federal Republic of Somalia,SOM,1988,There is paid parental leave (1=yes; 0=no),SH.PAR.LEVE.AL,0
Federal Republic of Somalia,SOM,1987,There is paid parental leave (1=yes; 0=no),SH.PAR.LEVE.AL,0
Federal Republic of Somalia,SOM,1986,There is paid parental leave (1=yes; 0=no),SH.PAR.LEVE.AL,0
Federal Republic of Somalia,SOM,1985,There is paid parental leave (1=yes; 0=no),SH.PAR.LEVE.AL,0
Federal Republic of Somalia,SOM,1984,There is paid parental leave (1=yes; 0=no),SH.PAR.LEVE.AL,0
Federal Republic of Somalia,SOM,1983,There is paid parental leave (1=yes; 0=no),SH.PAR.LEVE.AL,0
Federal Republic of Somalia,SOM,1982,There is paid parental leave (1=yes; 0=no),SH.PAR.LEVE.AL,0
Federal Republic of Somalia,SOM,1981,There is paid parental leave (1=yes; 0=no),SH.PAR.LEVE.AL,0
Federal Republic of Somalia,SOM,1980,There is paid parental leave (1=yes; 0=no),SH.PAR.LEVE.AL,0
Federal Republic of Somalia,SOM,1979,There is paid parental leave (1=yes; 0=no),SH.PAR.LEVE.AL,0
Federal Republic of Somalia,SOM,1978,There is paid parental leave (1=yes; 0=no),SH.PAR.LEVE.AL,0
Federal Republic of Somalia,SOM,1977,There is paid parental leave (1=yes; 0=no),SH.PAR.LEVE.AL,0
Federal Republic of Somalia,SOM,1976,There is paid parental leave (1=yes; 0=no),SH.PAR.LEVE.AL,0
Federal Republic of Somalia,SOM,1975,There is paid parental leave (1=yes; 0=no),SH.PAR.LEVE.AL,0
Federal Republic of Somalia,SOM,1974,There is paid parental leave (1=yes; 0=no),SH.PAR.LEVE.AL,0
Federal Republic of Somalia,SOM,1973,There is paid parental leave (1=yes; 0=no),SH.PAR.LEVE.AL,0
Federal Republic of Somalia,SOM,1972,There is paid parental leave (1=yes; 0=no),SH.PAR.LEVE.AL,0
Federal Republic of Somalia,SOM,1971,There is paid parental leave (1=yes; 0=no),SH.PAR.LEVE.AL,0
Federal Republic of Somalia,SOM,1970,There is paid parental leave (1=yes; 0=no),SH.PAR.LEVE.AL,0
Federal Republic of Somalia,SOM,2023,Length of paid parental leave for mother (calendar days),SH.PAR.LEVE.FE,0
Federal Republic of Somalia,SOM,2022,Length of paid parental leave for mother (calendar days),SH.PAR.LEVE.FE,0
Federal Republic of Somalia,SOM,2021,Length of paid parental leave for mother (calendar days),SH.PAR.LEVE.FE,0
Federal Republic of Somalia,SOM,2020,Length of paid parental leave for mother (calendar days),SH.PAR.LEVE.FE,0
Federal Republic of Somalia,SOM,2019,Length of paid parental leave for mother (calendar days),SH.PAR.LEVE.FE,0
Federal Republic of Somalia,SOM,2018,Length of paid parental leave for mother (calendar days),SH.PAR.LEVE.FE,0
Federal Republic of Somalia,SOM,2017,Length of paid parental leave for mother (calendar days),SH.PAR.LEVE.FE,0
Federal Republic of Somalia,SOM,2016,Length of paid parental leave for mother (calendar days),SH.PAR.LEVE.FE,0
Federal Republic of Somalia,SOM,2015,Length of paid parental leave for mother (calendar days),SH.PAR.LEVE.FE,0
Federal Republic of Somalia,SOM,2014,Length of paid parental leave for mother (calendar days),SH.PAR.LEVE.FE,0
Federal Republic of Somalia,SOM,2013,Length of paid parental leave for mother (calendar days),SH.PAR.LEVE.FE,0
Federal Republic of Somalia,SOM,2012,Length of paid parental leave for mother (calendar days),SH.PAR.LEVE.FE,0
Federal Republic of Somalia,SOM,2011,Length of paid parental leave for mother (calendar days),SH.PAR.LEVE.FE,0
Federal Republic of Somalia,SOM,2010,Length of paid parental leave for mother (calendar days),SH.PAR.LEVE.FE,0
Federal Republic of Somalia,SOM,2009,Length of paid parental leave for mother (calendar days),SH.PAR.LEVE.FE,0
Federal Republic of Somalia,SOM,2008,Length of paid parental leave for mother (calendar days),SH.PAR.LEVE.FE,0
Federal Republic of Somalia,SOM,2007,Length of paid parental leave for mother (calendar days),SH.PAR.LEVE.FE,0
Federal Republic of Somalia,SOM,2006,Length of paid parental leave for mother (calendar days),SH.PAR.LEVE.FE,0
Federal Republic of Somalia,SOM,2005,Length of paid parental leave for mother (calendar days),SH.PAR.LEVE.FE,0
Federal Republic of Somalia,SOM,2004,Length of paid parental leave for mother (calendar days),SH.PAR.LEVE.FE,0
Federal Republic of Somalia,SOM,2003,Length of paid parental leave for mother (calendar days),SH.PAR.LEVE.FE,0
Federal Republic of Somalia,SOM,2002,Length of paid parental leave for mother (calendar days),SH.PAR.LEVE.FE,0
Federal Republic of Somalia,SOM,2001,Length of paid parental leave for mother (calendar days),SH.PAR.LEVE.FE,0
Federal Republic of Somalia,SOM,2000,Length of paid parental leave for mother (calendar days),SH.PAR.LEVE.FE,0
Federal Republic of Somalia,SOM,1999,Length of paid parental leave for mother (calendar days),SH.PAR.LEVE.FE,0
Federal Republic of Somalia,SOM,1998,Length of paid parental leave for mother (calendar days),SH.PAR.LEVE.FE,0
Federal Republic of Somalia,SOM,1997,Length of paid parental leave for mother (calendar days),SH.PAR.LEVE.FE,0
Federal Republic of Somalia,SOM,1996,Length of paid parental leave for mother (calendar days),SH.PAR.LEVE.FE,0
Federal Republic of Somalia,SOM,1995,Length of paid parental leave for mother (calendar days),SH.PAR.LEVE.FE,0
Federal Republic of Somalia,SOM,1994,Length of paid parental leave for mother (calendar days),SH.PAR.LEVE.FE,0
Federal Republic of Somalia,SOM,1993,Length of paid parental leave for mother (calendar days),SH.PAR.LEVE.FE,0
Federal Republic of Somalia,SOM,1992,Length of paid parental leave for mother (calendar days),SH.PAR.LEVE.FE,0
Federal Republic of Somalia,SOM,1991,Length of paid parental leave for mother (calendar days),SH.PAR.LEVE.FE,0
Federal Republic of Somalia,SOM,1990,Length of paid parental leave for mother (calendar days),SH.PAR.LEVE.FE,0
Federal Republic of Somalia,SOM,1989,Length of paid parental leave for mother (calendar days),SH.PAR.LEVE.FE,0
Federal Republic of Somalia,SOM,1988,Length of paid parental leave for mother (calendar days),SH.PAR.LEVE.FE,0
Federal Republic of Somalia,SOM,1987,Length of paid parental leave for mother (calendar days),SH.PAR.LEVE.FE,0
Federal Republic of Somalia,SOM,1986,Length of paid parental leave for mother (calendar days),SH.PAR.LEVE.FE,0
Federal Republic of Somalia,SOM,1985,Length of paid parental leave for mother (calendar days),SH.PAR.LEVE.FE,0
Federal Republic of Somalia,SOM,1984,Length of paid parental leave for mother (calendar days),SH.PAR.LEVE.FE,0
Federal Republic of Somalia,SOM,1983,Length of paid parental leave for mother (calendar days),SH.PAR.LEVE.FE,0
Federal Republic of Somalia,SOM,1982,Length of paid parental leave for mother (calendar days),SH.PAR.LEVE.FE,0
Federal Republic of Somalia,SOM,1981,Length of paid parental leave for mother (calendar days),SH.PAR.LEVE.FE,0
Federal Republic of Somalia,SOM,1980,Length of paid parental leave for mother (calendar days),SH.PAR.LEVE.FE,0
Federal Republic of Somalia,SOM,1979,Length of paid parental leave for mother (calendar days),SH.PAR.LEVE.FE,0
Federal Republic of Somalia,SOM,1978,Length of paid parental leave for mother (calendar days),SH.PAR.LEVE.FE,0
Federal Republic of Somalia,SOM,1977,Length of paid parental leave for mother (calendar days),SH.PAR.LEVE.FE,0
Federal Republic of Somalia,SOM,1976,Length of paid parental leave for mother (calendar days),SH.PAR.LEVE.FE,0
Federal Republic of Somalia,SOM,1975,Length of paid parental leave for mother (calendar days),SH.PAR.LEVE.FE,0
Federal Republic of Somalia,SOM,1974,Length of paid parental leave for mother (calendar days),SH.PAR.LEVE.FE,0
Federal Republic of Somalia,SOM,1973,Length of paid parental leave for mother (calendar days),SH.PAR.LEVE.FE,0
Federal Republic of Somalia,SOM,1972,Length of paid parental leave for mother (calendar days),SH.PAR.LEVE.FE,0
Federal Republic of Somalia,SOM,1971,Length of paid parental leave for mother (calendar days),SH.PAR.LEVE.FE,0
Federal Republic of Somalia,SOM,1970,Length of paid parental leave for mother (calendar days),SH.PAR.LEVE.FE,0
Federal Republic of Somalia,SOM,2023,Length of paid parental leave for father (calendar days),SH.PAR.LEVE.MA,0
Federal Republic of Somalia,SOM,2022,Length of paid parental leave for father (calendar days),SH.PAR.LEVE.MA,0
Federal Republic of Somalia,SOM,2021,Length of paid parental leave for father (calendar days),SH.PAR.LEVE.MA,0
Federal Republic of Somalia,SOM,2020,Length of paid parental leave for father (calendar days),SH.PAR.LEVE.MA,0
Federal Republic of Somalia,SOM,2019,Length of paid parental leave for father (calendar days),SH.PAR.LEVE.MA,0
Federal Republic of Somalia,SOM,2018,Length of paid parental leave for father (calendar days),SH.PAR.LEVE.MA,0
Federal Republic of Somalia,SOM,2017,Length of paid parental leave for father (calendar days),SH.PAR.LEVE.MA,0
Federal Republic of Somalia,SOM,2016,Length of paid parental leave for father (calendar days),SH.PAR.LEVE.MA,0
Federal Republic of Somalia,SOM,2015,Length of paid parental leave for father (calendar days),SH.PAR.LEVE.MA,0
Federal Republic of Somalia,SOM,2014,Length of paid parental leave for father (calendar days),SH.PAR.LEVE.MA,0
Federal Republic of Somalia,SOM,2013,Length of paid parental leave for father (calendar days),SH.PAR.LEVE.MA,0
Federal Republic of Somalia,SOM,2012,Length of paid parental leave for father (calendar days),SH.PAR.LEVE.MA,0
Federal Republic of Somalia,SOM,2011,Length of paid parental leave for father (calendar days),SH.PAR.LEVE.MA,0
Federal Republic of Somalia,SOM,2010,Length of paid parental leave for father (calendar days),SH.PAR.LEVE.MA,0
Federal Republic of Somalia,SOM,2009,Length of paid parental leave for father (calendar days),SH.PAR.LEVE.MA,0
Federal Republic of Somalia,SOM,2008,Length of paid parental leave for father (calendar days),SH.PAR.LEVE.MA,0
Federal Republic of Somalia,SOM,2007,Length of paid parental leave for father (calendar days),SH.PAR.LEVE.MA,0
Federal Republic of Somalia,SOM,2006,Length of paid parental leave for father (calendar days),SH.PAR.LEVE.MA,0
Federal Republic of Somalia,SOM,2005,Length of paid parental leave for father (calendar days),SH.PAR.LEVE.MA,0
Federal Republic of Somalia,SOM,2004,Length of paid parental leave for father (calendar days),SH.PAR.LEVE.MA,0
Federal Republic of Somalia,SOM,2003,Length of paid parental leave for father (calendar days),SH.PAR.LEVE.MA,0
Federal Republic of Somalia,SOM,2002,Length of paid parental leave for father (calendar days),SH.PAR.LEVE.MA,0
Federal Republic of Somalia,SOM,2001,Length of paid parental leave for father (calendar days),SH.PAR.LEVE.MA,0
Federal Republic of Somalia,SOM,2000,Length of paid parental leave for father (calendar days),SH.PAR.LEVE.MA,0
Federal Republic of Somalia,SOM,1999,Length of paid parental leave for father (calendar days),SH.PAR.LEVE.MA,0
Federal Republic of Somalia,SOM,1998,Length of paid parental leave for father (calendar days),SH.PAR.LEVE.MA,0
Federal Republic of Somalia,SOM,1997,Length of paid parental leave for father (calendar days),SH.PAR.LEVE.MA,0
Federal Republic of Somalia,SOM,1996,Length of paid parental leave for father (calendar days),SH.PAR.LEVE.MA,0
Federal Republic of Somalia,SOM,1995,Length of paid parental leave for father (calendar days),SH.PAR.LEVE.MA,0
Federal Republic of Somalia,SOM,1994,Length of paid parental leave for father (calendar days),SH.PAR.LEVE.MA,0
Federal Republic of Somalia,SOM,1993,Length of paid parental leave for father (calendar days),SH.PAR.LEVE.MA,0
Federal Republic of Somalia,SOM,1992,Length of paid parental leave for father (calendar days),SH.PAR.LEVE.MA,0
Federal Republic of Somalia,SOM,1991,Length of paid parental leave for father (calendar days),SH.PAR.LEVE.MA,0
Federal Republic of Somalia,SOM,1990,Length of paid parental leave for father (calendar days),SH.PAR.LEVE.MA,0
Federal Republic of Somalia,SOM,1989,Length of paid parental leave for father (calendar days),SH.PAR.LEVE.MA,0
Federal Republic of Somalia,SOM,1988,Length of paid parental leave for father (calendar days),SH.PAR.LEVE.MA,0
Federal Republic of Somalia,SOM,1987,Length of paid parental leave for father (calendar days),SH.PAR.LEVE.MA,0
Federal Republic of Somalia,SOM,1986,Length of paid parental leave for father (calendar days),SH.PAR.LEVE.MA,0
Federal Republic of Somalia,SOM,1985,Length of paid parental leave for father (calendar days),SH.PAR.LEVE.MA,0
Federal Republic of Somalia,SOM,1984,Length of paid parental leave for father (calendar days),SH.PAR.LEVE.MA,0
Federal Republic of Somalia,SOM,1983,Length of paid parental leave for father (calendar days),SH.PAR.LEVE.MA,0
Federal Republic of Somalia,SOM,1982,Length of paid parental leave for father (calendar days),SH.PAR.LEVE.MA,0
Federal Republic of Somalia,SOM,1981,Length of paid parental leave for father (calendar days),SH.PAR.LEVE.MA,0
Federal Republic of Somalia,SOM,1980,Length of paid parental leave for father (calendar days),SH.PAR.LEVE.MA,0
Federal Republic of Somalia,SOM,1979,Length of paid parental leave for father (calendar days),SH.PAR.LEVE.MA,0
Federal Republic of Somalia,SOM,1978,Length of paid parental leave for father (calendar days),SH.PAR.LEVE.MA,0
Federal Republic of Somalia,SOM,1977,Length of paid parental leave for father (calendar days),SH.PAR.LEVE.MA,0
Federal Republic of Somalia,SOM,1976,Length of paid parental leave for father (calendar days),SH.PAR.LEVE.MA,0
Federal Republic of Somalia,SOM,1975,Length of paid parental leave for father (calendar days),SH.PAR.LEVE.MA,0
Federal Republic of Somalia,SOM,1974,Length of paid parental leave for father (calendar days),SH.PAR.LEVE.MA,0
Federal Republic of Somalia,SOM,1973,Length of paid parental leave for father (calendar days),SH.PAR.LEVE.MA,0
Federal Republic of Somalia,SOM,1972,Length of paid parental leave for father (calendar days),SH.PAR.LEVE.MA,0
Federal Republic of Somalia,SOM,1971,Length of paid parental leave for father (calendar days),SH.PAR.LEVE.MA,0
Federal Republic of Somalia,SOM,1970,Length of paid parental leave for father (calendar days),SH.PAR.LEVE.MA,0
Federal Republic of Somalia,SOM,2023,Length of paid paternity leave (calendar days),SH.PTR.LEVE,0
Federal Republic of Somalia,SOM,2022,Length of paid paternity leave (calendar days),SH.PTR.LEVE,0
Federal Republic of Somalia,SOM,2021,Length of paid paternity leave (calendar days),SH.PTR.LEVE,0
Federal Republic of Somalia,SOM,2020,Length of paid paternity leave (calendar days),SH.PTR.LEVE,0
Federal Republic of Somalia,SOM,2019,Length of paid paternity leave (calendar days),SH.PTR.LEVE,0
Federal Republic of Somalia,SOM,2018,Length of paid paternity leave (calendar days),SH.PTR.LEVE,0
Federal Republic of Somalia,SOM,2017,Length of paid paternity leave (calendar days),SH.PTR.LEVE,0
Federal Republic of Somalia,SOM,2016,Length of paid paternity leave (calendar days),SH.PTR.LEVE,0
Federal Republic of Somalia,SOM,2015,Length of paid paternity leave (calendar days),SH.PTR.LEVE,0
Federal Republic of Somalia,SOM,2014,Length of paid paternity leave (calendar days),SH.PTR.LEVE,0
Federal Republic of Somalia,SOM,2013,Length of paid paternity leave (calendar days),SH.PTR.LEVE,0
Federal Republic of Somalia,SOM,2012,Length of paid paternity leave (calendar days),SH.PTR.LEVE,0
Federal Republic of Somalia,SOM,2011,Length of paid paternity leave (calendar days),SH.PTR.LEVE,0
Federal Republic of Somalia,SOM,2010,Length of paid paternity leave (calendar days),SH.PTR.LEVE,0
Federal Republic of Somalia,SOM,2009,Length of paid paternity leave (calendar days),SH.PTR.LEVE,0
Federal Republic of Somalia,SOM,2008,Length of paid paternity leave (calendar days),SH.PTR.LEVE,0
Federal Republic of Somalia,SOM,2007,Length of paid paternity leave (calendar days),SH.PTR.LEVE,0
Federal Republic of Somalia,SOM,2006,Length of paid paternity leave (calendar days),SH.PTR.LEVE,0
Federal Republic of Somalia,SOM,2005,Length of paid paternity leave (calendar days),SH.PTR.LEVE,0
Federal Republic of Somalia,SOM,2004,Length of paid paternity leave (calendar days),SH.PTR.LEVE,0
Federal Republic of Somalia,SOM,2003,Length of paid paternity leave (calendar days),SH.PTR.LEVE,0
Federal Republic of Somalia,SOM,2002,Length of paid paternity leave (calendar days),SH.PTR.LEVE,0
Federal Republic of Somalia,SOM,2001,Length of paid paternity leave (calendar days),SH.PTR.LEVE,0
Federal Republic of Somalia,SOM,2000,Length of paid paternity leave (calendar days),SH.PTR.LEVE,0
Federal Republic of Somalia,SOM,1999,Length of paid paternity leave (calendar days),SH.PTR.LEVE,0
Federal Republic of Somalia,SOM,1998,Length of paid paternity leave (calendar days),SH.PTR.LEVE,0
Federal Republic of Somalia,SOM,1997,Length of paid paternity leave (calendar days),SH.PTR.LEVE,0
Federal Republic of Somalia,SOM,1996,Length of paid paternity leave (calendar days),SH.PTR.LEVE,0
Federal Republic of Somalia,SOM,1995,Length of paid paternity leave (calendar days),SH.PTR.LEVE,0
Federal Republic of Somalia,SOM,1994,Length of paid paternity leave (calendar days),SH.PTR.LEVE,0
Federal Republic of Somalia,SOM,1993,Length of paid paternity leave (calendar days),SH.PTR.LEVE,0
Federal Republic of Somalia,SOM,1992,Length of paid paternity leave (calendar days),SH.PTR.LEVE,0
Federal Republic of Somalia,SOM,1991,Length of paid paternity leave (calendar days),SH.PTR.LEVE,0
Federal Republic of Somalia,SOM,1990,Length of paid paternity leave (calendar days),SH.PTR.LEVE,0
Federal Republic of Somalia,SOM,1989,Length of paid paternity leave (calendar days),SH.PTR.LEVE,0
Federal Republic of Somalia,SOM,1988,Length of paid paternity leave (calendar days),SH.PTR.LEVE,0
Federal Republic of Somalia,SOM,1987,Length of paid paternity leave (calendar days),SH.PTR.LEVE,0
Federal Republic of Somalia,SOM,1986,Length of paid paternity leave (calendar days),SH.PTR.LEVE,0
Federal Republic of Somalia,SOM,1985,Length of paid paternity leave (calendar days),SH.PTR.LEVE,0
Federal Republic of Somalia,SOM,1984,Length of paid paternity leave (calendar days),SH.PTR.LEVE,0
Federal Republic of Somalia,SOM,1983,Length of paid paternity leave (calendar days),SH.PTR.LEVE,0
Federal Republic of Somalia,SOM,1982,Length of paid paternity leave (calendar days),SH.PTR.LEVE,0
Federal Republic of Somalia,SOM,1981,Length of paid paternity leave (calendar days),SH.PTR.LEVE,0
Federal Republic of Somalia,SOM,1980,Length of paid paternity leave (calendar days),SH.PTR.LEVE,0
Federal Republic of Somalia,SOM,1979,Length of paid paternity leave (calendar days),SH.PTR.LEVE,0
Federal Republic of Somalia,SOM,1978,Length of paid paternity leave (calendar days),SH.PTR.LEVE,0
Federal Republic of Somalia,SOM,1977,Length of paid paternity leave (calendar days),SH.PTR.LEVE,0
Federal Republic of Somalia,SOM,1976,Length of paid paternity leave (calendar days),SH.PTR.LEVE,0
Federal Republic of Somalia,SOM,1975,Length of paid paternity leave (calendar days),SH.PTR.LEVE,0
Federal Republic of Somalia,SOM,1974,Length of paid paternity leave (calendar days),SH.PTR.LEVE,0
Federal Republic of Somalia,SOM,1973,Length of paid paternity leave (calendar days),SH.PTR.LEVE,0
Federal Republic of Somalia,SOM,1972,Length of paid paternity leave (calendar days),SH.PTR.LEVE,0
Federal Republic of Somalia,SOM,1971,Length of paid paternity leave (calendar days),SH.PTR.LEVE,0
Federal Republic of Somalia,SOM,1970,Length of paid paternity leave (calendar days),SH.PTR.LEVE,0
Federal Republic of Somalia,SOM,2023,Paid leave is available to fathers (1=yes; 0=no),SH.PTR.LEVE.AL,0
Federal Republic of Somalia,SOM,2022,Paid leave is available to fathers (1=yes; 0=no),SH.PTR.LEVE.AL,0
Federal Republic of Somalia,SOM,2021,Paid leave is available to fathers (1=yes; 0=no),SH.PTR.LEVE.AL,0
Federal Republic of Somalia,SOM,2020,Paid leave is available to fathers (1=yes; 0=no),SH.PTR.LEVE.AL,0
Federal Republic of Somalia,SOM,2019,Paid leave is available to fathers (1=yes; 0=no),SH.PTR.LEVE.AL,0
Federal Republic of Somalia,SOM,2018,Paid leave is available to fathers (1=yes; 0=no),SH.PTR.LEVE.AL,0
Federal Republic of Somalia,SOM,2017,Paid leave is available to fathers (1=yes; 0=no),SH.PTR.LEVE.AL,0
Federal Republic of Somalia,SOM,2016,Paid leave is available to fathers (1=yes; 0=no),SH.PTR.LEVE.AL,0
Federal Republic of Somalia,SOM,2015,Paid leave is available to fathers (1=yes; 0=no),SH.PTR.LEVE.AL,0
Federal Republic of Somalia,SOM,2014,Paid leave is available to fathers (1=yes; 0=no),SH.PTR.LEVE.AL,0
Federal Republic of Somalia,SOM,2013,Paid leave is available to fathers (1=yes; 0=no),SH.PTR.LEVE.AL,0
Federal Republic of Somalia,SOM,2012,Paid leave is available to fathers (1=yes; 0=no),SH.PTR.LEVE.AL,0
Federal Republic of Somalia,SOM,2011,Paid leave is available to fathers (1=yes; 0=no),SH.PTR.LEVE.AL,0
Federal Republic of Somalia,SOM,2010,Paid leave is available to fathers (1=yes; 0=no),SH.PTR.LEVE.AL,0
Federal Republic of Somalia,SOM,2009,Paid leave is available to fathers (1=yes; 0=no),SH.PTR.LEVE.AL,0
Federal Republic of Somalia,SOM,2008,Paid leave is available to fathers (1=yes; 0=no),SH.PTR.LEVE.AL,0
Federal Republic of Somalia,SOM,2007,Paid leave is available to fathers (1=yes; 0=no),SH.PTR.LEVE.AL,0
Federal Republic of Somalia,SOM,2006,Paid leave is available to fathers (1=yes; 0=no),SH.PTR.LEVE.AL,0
Federal Republic of Somalia,SOM,2005,Paid leave is available to fathers (1=yes; 0=no),SH.PTR.LEVE.AL,0
Federal Republic of Somalia,SOM,2004,Paid leave is available to fathers (1=yes; 0=no),SH.PTR.LEVE.AL,0
Federal Republic of Somalia,SOM,2003,Paid leave is available to fathers (1=yes; 0=no),SH.PTR.LEVE.AL,0
Federal Republic of Somalia,SOM,2002,Paid leave is available to fathers (1=yes; 0=no),SH.PTR.LEVE.AL,0
Federal Republic of Somalia,SOM,2001,Paid leave is available to fathers (1=yes; 0=no),SH.PTR.LEVE.AL,0
Federal Republic of Somalia,SOM,2000,Paid leave is available to fathers (1=yes; 0=no),SH.PTR.LEVE.AL,0
Federal Republic of Somalia,SOM,1999,Paid leave is available to fathers (1=yes; 0=no),SH.PTR.LEVE.AL,0
Federal Republic of Somalia,SOM,1998,Paid leave is available to fathers (1=yes; 0=no),SH.PTR.LEVE.AL,0
Federal Republic of Somalia,SOM,1997,Paid leave is available to fathers (1=yes; 0=no),SH.PTR.LEVE.AL,0
Federal Republic of Somalia,SOM,1996,Paid leave is available to fathers (1=yes; 0=no),SH.PTR.LEVE.AL,0
Federal Republic of Somalia,SOM,1995,Paid leave is available to fathers (1=yes; 0=no),SH.PTR.LEVE.AL,0
Federal Republic of Somalia,SOM,1994,Paid leave is available to fathers (1=yes; 0=no),SH.PTR.LEVE.AL,0
Federal Republic of Somalia,SOM,1993,Paid leave is available to fathers (1=yes; 0=no),SH.PTR.LEVE.AL,0
Federal Republic of Somalia,SOM,1992,Paid leave is available to fathers (1=yes; 0=no),SH.PTR.LEVE.AL,0
Federal Republic of Somalia,SOM,1991,Paid leave is available to fathers (1=yes; 0=no),SH.PTR.LEVE.AL,0
Federal Republic of Somalia,SOM,1990,Paid leave is available to fathers (1=yes; 0=no),SH.PTR.LEVE.AL,0
Federal Republic of Somalia,SOM,1989,Paid leave is available to fathers (1=yes; 0=no),SH.PTR.LEVE.AL,0
Federal Republic of Somalia,SOM,1988,Paid leave is available to fathers (1=yes; 0=no),SH.PTR.LEVE.AL,0
Federal Republic of Somalia,SOM,1987,Paid leave is available to fathers (1=yes; 0=no),SH.PTR.LEVE.AL,0
Federal Republic of Somalia,SOM,1986,Paid leave is available to fathers (1=yes; 0=no),SH.PTR.LEVE.AL,0
Federal Republic of Somalia,SOM,1985,Paid leave is available to fathers (1=yes; 0=no),SH.PTR.LEVE.AL,0
Federal Republic of Somalia,SOM,1984,Paid leave is available to fathers (1=yes; 0=no),SH.PTR.LEVE.AL,0
Federal Republic of Somalia,SOM,1983,Paid leave is available to fathers (1=yes; 0=no),SH.PTR.LEVE.AL,0
Federal Republic of Somalia,SOM,1982,Paid leave is available to fathers (1=yes; 0=no),SH.PTR.LEVE.AL,0
Federal Republic of Somalia,SOM,1981,Paid leave is available to fathers (1=yes; 0=no),SH.PTR.LEVE.AL,0
Federal Republic of Somalia,SOM,1980,Paid leave is available to fathers (1=yes; 0=no),SH.PTR.LEVE.AL,0
Federal Republic of Somalia,SOM,1979,Paid leave is available to fathers (1=yes; 0=no),SH.PTR.LEVE.AL,0
Federal Republic of Somalia,SOM,1978,Paid leave is available to fathers (1=yes; 0=no),SH.PTR.LEVE.AL,0
Federal Republic of Somalia,SOM,1977,Paid leave is available to fathers (1=yes; 0=no),SH.PTR.LEVE.AL,0
Federal Republic of Somalia,SOM,1976,Paid leave is available to fathers (1=yes; 0=no),SH.PTR.LEVE.AL,0
Federal Republic of Somalia,SOM,1975,Paid leave is available to fathers (1=yes; 0=no),SH.PTR.LEVE.AL,0
Federal Republic of Somalia,SOM,1974,Paid leave is available to fathers (1=yes; 0=no),SH.PTR.LEVE.AL,0
Federal Republic of Somalia,SOM,1973,Paid leave is available to fathers (1=yes; 0=no),SH.PTR.LEVE.AL,0
Federal Republic of Somalia,SOM,1972,Paid leave is available to fathers (1=yes; 0=no),SH.PTR.LEVE.AL,0
Federal Republic of Somalia,SOM,1971,Paid leave is available to fathers (1=yes; 0=no),SH.PTR.LEVE.AL,0
Federal Republic of Somalia,SOM,1970,Paid leave is available to fathers (1=yes; 0=no),SH.PTR.LEVE.AL,0
Federal Republic of Somalia,SOM,2016,"Prevalence of obesity, female (% of female population ages 18+)",SH.STA.OB18.FE.ZS,12.3
Federal Republic of Somalia,SOM,2015,"Prevalence of obesity, female (% of female population ages 18+)",SH.STA.OB18.FE.ZS,11.8
Federal Republic of Somalia,SOM,2014,"Prevalence of obesity, female (% of female population ages 18+)",SH.STA.OB18.FE.ZS,11.4
Federal Republic of Somalia,SOM,2013,"Prevalence of obesity, female (% of female population ages 18+)",SH.STA.OB18.FE.ZS,10.9
Federal Republic of Somalia,SOM,2012,"Prevalence of obesity, female (% of female population ages 18+)",SH.STA.OB18.FE.ZS,10.5
Federal Republic of Somalia,SOM,2011,"Prevalence of obesity, female (% of female population ages 18+)",SH.STA.OB18.FE.ZS,10.1
Federal Republic of Somalia,SOM,2010,"Prevalence of obesity, female (% of female population ages 18+)",SH.STA.OB18.FE.ZS,9.7
Federal Republic of Somalia,SOM,2009,"Prevalence of obesity, female (% of female population ages 18+)",SH.STA.OB18.FE.ZS,9.3
Federal Republic of Somalia,SOM,2008,"Prevalence of obesity, female (% of female population ages 18+)",SH.STA.OB18.FE.ZS,8.9
Federal Republic of Somalia,SOM,2007,"Prevalence of obesity, female (% of female population ages 18+)",SH.STA.OB18.FE.ZS,8.6
Federal Republic of Somalia,SOM,2006,"Prevalence of obesity, female (% of female population ages 18+)",SH.STA.OB18.FE.ZS,8.2
Federal Republic of Somalia,SOM,2005,"Prevalence of obesity, female (% of female population ages 18+)",SH.STA.OB18.FE.ZS,7.9
Federal Republic of Somalia,SOM,2004,"Prevalence of obesity, female (% of female population ages 18+)",SH.STA.OB18.FE.ZS,7.6
Federal Republic of Somalia,SOM,2003,"Prevalence of obesity, female (% of female population ages 18+)",SH.STA.OB18.FE.ZS,7.2
Federal Republic of Somalia,SOM,2002,"Prevalence of obesity, female (% of female population ages 18+)",SH.STA.OB18.FE.ZS,6.9
Federal Republic of Somalia,SOM,2001,"Prevalence of obesity, female (% of female population ages 18+)",SH.STA.OB18.FE.ZS,6.6
Federal Republic of Somalia,SOM,2000,"Prevalence of obesity, female (% of female population ages 18+)",SH.STA.OB18.FE.ZS,6.4
Federal Republic of Somalia,SOM,1999,"Prevalence of obesity, female (% of female population ages 18+)",SH.STA.OB18.FE.ZS,6.1
Federal Republic of Somalia,SOM,1998,"Prevalence of obesity, female (% of female population ages 18+)",SH.STA.OB18.FE.ZS,5.8
Federal Republic of Somalia,SOM,1997,"Prevalence of obesity, female (% of female population ages 18+)",SH.STA.OB18.FE.ZS,5.6
Federal Republic of Somalia,SOM,1996,"Prevalence of obesity, female (% of female population ages 18+)",SH.STA.OB18.FE.ZS,5.3
Federal Republic of Somalia,SOM,1995,"Prevalence of obesity, female (% of female population ages 18+)",SH.STA.OB18.FE.ZS,5.1
Federal Republic of Somalia,SOM,1994,"Prevalence of obesity, female (% of female population ages 18+)",SH.STA.OB18.FE.ZS,4.9
Federal Republic of Somalia,SOM,1993,"Prevalence of obesity, female (% of female population ages 18+)",SH.STA.OB18.FE.ZS,4.7
Federal Republic of Somalia,SOM,1992,"Prevalence of obesity, female (% of female population ages 18+)",SH.STA.OB18.FE.ZS,4.5
Federal Republic of Somalia,SOM,1991,"Prevalence of obesity, female (% of female population ages 18+)",SH.STA.OB18.FE.ZS,4.3
Federal Republic of Somalia,SOM,1990,"Prevalence of obesity, female (% of female population ages 18+)",SH.STA.OB18.FE.ZS,4.1
Federal Republic of Somalia,SOM,1989,"Prevalence of obesity, female (% of female population ages 18+)",SH.STA.OB18.FE.ZS,3.9
Federal Republic of Somalia,SOM,1988,"Prevalence of obesity, female (% of female population ages 18+)",SH.STA.OB18.FE.ZS,3.7
Federal Republic of Somalia,SOM,1987,"Prevalence of obesity, female (% of female population ages 18+)",SH.STA.OB18.FE.ZS,3.5
Federal Republic of Somalia,SOM,1986,"Prevalence of obesity, female (% of female population ages 18+)",SH.STA.OB18.FE.ZS,3.4
Federal Republic of Somalia,SOM,1985,"Prevalence of obesity, female (% of female population ages 18+)",SH.STA.OB18.FE.ZS,3.2
Federal Republic of Somalia,SOM,1984,"Prevalence of obesity, female (% of female population ages 18+)",SH.STA.OB18.FE.ZS,3.1
Federal Republic of Somalia,SOM,1983,"Prevalence of obesity, female (% of female population ages 18+)",SH.STA.OB18.FE.ZS,3
Federal Republic of Somalia,SOM,1982,"Prevalence of obesity, female (% of female population ages 18+)",SH.STA.OB18.FE.ZS,2.8
Federal Republic of Somalia,SOM,1981,"Prevalence of obesity, female (% of female population ages 18+)",SH.STA.OB18.FE.ZS,2.7
Federal Republic of Somalia,SOM,1980,"Prevalence of obesity, female (% of female population ages 18+)",SH.STA.OB18.FE.ZS,2.6
Federal Republic of Somalia,SOM,1979,"Prevalence of obesity, female (% of female population ages 18+)",SH.STA.OB18.FE.ZS,2.4
Federal Republic of Somalia,SOM,1978,"Prevalence of obesity, female (% of female population ages 18+)",SH.STA.OB18.FE.ZS,2.3
Federal Republic of Somalia,SOM,1977,"Prevalence of obesity, female (% of female population ages 18+)",SH.STA.OB18.FE.ZS,2.2
Federal Republic of Somalia,SOM,1976,"Prevalence of obesity, female (% of female population ages 18+)",SH.STA.OB18.FE.ZS,2.1
Federal Republic of Somalia,SOM,1975,"Prevalence of obesity, female (% of female population ages 18+)",SH.STA.OB18.FE.ZS,2
Federal Republic of Somalia,SOM,2016,"Prevalence of obesity, male (% of male population ages 18+)",SH.STA.OB18.MA.ZS,3.9
Federal Republic of Somalia,SOM,2015,"Prevalence of obesity, male (% of male population ages 18+)",SH.STA.OB18.MA.ZS,3.7
Federal Republic of Somalia,SOM,2014,"Prevalence of obesity, male (% of male population ages 18+)",SH.STA.OB18.MA.ZS,3.5
Federal Republic of Somalia,SOM,2013,"Prevalence of obesity, male (% of male population ages 18+)",SH.STA.OB18.MA.ZS,3.4
Federal Republic of Somalia,SOM,2012,"Prevalence of obesity, male (% of male population ages 18+)",SH.STA.OB18.MA.ZS,3.2
Federal Republic of Somalia,SOM,2011,"Prevalence of obesity, male (% of male population ages 18+)",SH.STA.OB18.MA.ZS,3
Federal Republic of Somalia,SOM,2010,"Prevalence of obesity, male (% of male population ages 18+)",SH.STA.OB18.MA.ZS,2.9
Federal Republic of Somalia,SOM,2009,"Prevalence of obesity, male (% of male population ages 18+)",SH.STA.OB18.MA.ZS,2.7
Federal Republic of Somalia,SOM,2008,"Prevalence of obesity, male (% of male population ages 18+)",SH.STA.OB18.MA.ZS,2.6
Federal Republic of Somalia,SOM,2007,"Prevalence of obesity, male (% of male population ages 18+)",SH.STA.OB18.MA.ZS,2.5
Federal Republic of Somalia,SOM,2006,"Prevalence of obesity, male (% of male population ages 18+)",SH.STA.OB18.MA.ZS,2.3
Federal Republic of Somalia,SOM,2005,"Prevalence of obesity, male (% of male population ages 18+)",SH.STA.OB18.MA.ZS,2.2
Federal Republic of Somalia,SOM,2004,"Prevalence of obesity, male (% of male population ages 18+)",SH.STA.OB18.MA.ZS,2.1
Federal Republic of Somalia,SOM,2003,"Prevalence of obesity, male (% of male population ages 18+)",SH.STA.OB18.MA.ZS,2
Federal Republic of Somalia,SOM,2002,"Prevalence of obesity, male (% of male population ages 18+)",SH.STA.OB18.MA.ZS,1.9
Federal Republic of Somalia,SOM,2001,"Prevalence of obesity, male (% of male population ages 18+)",SH.STA.OB18.MA.ZS,1.8
Federal Republic of Somalia,SOM,2000,"Prevalence of obesity, male (% of male population ages 18+)",SH.STA.OB18.MA.ZS,1.7
Federal Republic of Somalia,SOM,1999,"Prevalence of obesity, male (% of male population ages 18+)",SH.STA.OB18.MA.ZS,1.6
Federal Republic of Somalia,SOM,1998,"Prevalence of obesity, male (% of male population ages 18+)",SH.STA.OB18.MA.ZS,1.5
Federal Republic of Somalia,SOM,1997,"Prevalence of obesity, male (% of male population ages 18+)",SH.STA.OB18.MA.ZS,1.4
Federal Republic of Somalia,SOM,1996,"Prevalence of obesity, male (% of male population ages 18+)",SH.STA.OB18.MA.ZS,1.4
Federal Republic of Somalia,SOM,1995,"Prevalence of obesity, male (% of male population ages 18+)",SH.STA.OB18.MA.ZS,1.3
Federal Republic of Somalia,SOM,1994,"Prevalence of obesity, male (% of male population ages 18+)",SH.STA.OB18.MA.ZS,1.2
Federal Republic of Somalia,SOM,1993,"Prevalence of obesity, male (% of male population ages 18+)",SH.STA.OB18.MA.ZS,1.2
Federal Republic of Somalia,SOM,1992,"Prevalence of obesity, male (% of male population ages 18+)",SH.STA.OB18.MA.ZS,1.1
Federal Republic of Somalia,SOM,1991,"Prevalence of obesity, male (% of male population ages 18+)",SH.STA.OB18.MA.ZS,1
Federal Republic of Somalia,SOM,1990,"Prevalence of obesity, male (% of male population ages 18+)",SH.STA.OB18.MA.ZS,1
Federal Republic of Somalia,SOM,1989,"Prevalence of obesity, male (% of male population ages 18+)",SH.STA.OB18.MA.ZS,0.9
Federal Republic of Somalia,SOM,1988,"Prevalence of obesity, male (% of male population ages 18+)",SH.STA.OB18.MA.ZS,0.9
Federal Republic of Somalia,SOM,1987,"Prevalence of obesity, male (% of male population ages 18+)",SH.STA.OB18.MA.ZS,0.8
Federal Republic of Somalia,SOM,1986,"Prevalence of obesity, male (% of male population ages 18+)",SH.STA.OB18.MA.ZS,0.8
Federal Republic of Somalia,SOM,1985,"Prevalence of obesity, male (% of male population ages 18+)",SH.STA.OB18.MA.ZS,0.7
Federal Republic of Somalia,SOM,1984,"Prevalence of obesity, male (% of male population ages 18+)",SH.STA.OB18.MA.ZS,0.7
Federal Republic of Somalia,SOM,1983,"Prevalence of obesity, male (% of male population ages 18+)",SH.STA.OB18.MA.ZS,0.6
Federal Republic of Somalia,SOM,1982,"Prevalence of obesity, male (% of male population ages 18+)",SH.STA.OB18.MA.ZS,0.6
Federal Republic of Somalia,SOM,1981,"Prevalence of obesity, male (% of male population ages 18+)",SH.STA.OB18.MA.ZS,0.6
Federal Republic of Somalia,SOM,1980,"Prevalence of obesity, male (% of male population ages 18+)",SH.STA.OB18.MA.ZS,0.5
Federal Republic of Somalia,SOM,1979,"Prevalence of obesity, male (% of male population ages 18+)",SH.STA.OB18.MA.ZS,0.5
Federal Republic of Somalia,SOM,1978,"Prevalence of obesity, male (% of male population ages 18+)",SH.STA.OB18.MA.ZS,0.5
Federal Republic of Somalia,SOM,1977,"Prevalence of obesity, male (% of male population ages 18+)",SH.STA.OB18.MA.ZS,0.4
Federal Republic of Somalia,SOM,1976,"Prevalence of obesity, male (% of male population ages 18+)",SH.STA.OB18.MA.ZS,0.4
Federal Republic of Somalia,SOM,1975,"Prevalence of obesity, male (% of male population ages 18+)",SH.STA.OB18.MA.ZS,0.4
Federal Republic of Somalia,SOM,2019,"Time-related underemployment, female (% of employment)",SL.EMP.UNDR.FE.ZS,3.195
Federal Republic of Somalia,SOM,2019,"Time-related underemployment, male (% of employment)",SL.EMP.UNDR.MA.ZS,4.993
Federal Republic of Somalia,SOM,2024,"Labor force, female",SL.TLF.TOTL.FE.IN,1072683
Federal Republic of Somalia,SOM,2023,"Labor force, female",SL.TLF.TOTL.FE.IN,1034281
Federal Republic of Somalia,SOM,2022,"Labor force, female",SL.TLF.TOTL.FE.IN,1000458
Federal Republic of Somalia,SOM,2021,"Labor force, female",SL.TLF.TOTL.FE.IN,967860
Federal Republic of Somalia,SOM,2020,"Labor force, female",SL.TLF.TOTL.FE.IN,929832
Federal Republic of Somalia,SOM,2019,"Labor force, female",SL.TLF.TOTL.FE.IN,902234
Federal Republic of Somalia,SOM,2018,"Labor force, female",SL.TLF.TOTL.FE.IN,866545
Federal Republic of Somalia,SOM,2017,"Labor force, female",SL.TLF.TOTL.FE.IN,832635
Federal Republic of Somalia,SOM,2016,"Labor force, female",SL.TLF.TOTL.FE.IN,797885
Federal Republic of Somalia,SOM,2015,"Labor force, female",SL.TLF.TOTL.FE.IN,765973
Federal Republic of Somalia,SOM,2014,"Labor force, female",SL.TLF.TOTL.FE.IN,738369
Federal Republic of Somalia,SOM,2013,"Labor force, female",SL.TLF.TOTL.FE.IN,710813
Federal Republic of Somalia,SOM,2012,"Labor force, female",SL.TLF.TOTL.FE.IN,685867
Federal Republic of Somalia,SOM,2011,"Labor force, female",SL.TLF.TOTL.FE.IN,671480
Federal Republic of Somalia,SOM,2010,"Labor force, female",SL.TLF.TOTL.FE.IN,658770
Federal Republic of Somalia,SOM,2009,"Labor force, female",SL.TLF.TOTL.FE.IN,640309
Federal Republic of Somalia,SOM,2008,"Labor force, female",SL.TLF.TOTL.FE.IN,623018
Federal Republic of Somalia,SOM,2007,"Labor force, female",SL.TLF.TOTL.FE.IN,605980
Federal Republic of Somalia,SOM,2006,"Labor force, female",SL.TLF.TOTL.FE.IN,593105
Federal Republic of Somalia,SOM,2005,"Labor force, female",SL.TLF.TOTL.FE.IN,582746
Federal Republic of Somalia,SOM,2004,"Labor force, female",SL.TLF.TOTL.FE.IN,568661
Federal Republic of Somalia,SOM,2003,"Labor force, female",SL.TLF.TOTL.FE.IN,551744
Federal Republic of Somalia,SOM,2002,"Labor force, female",SL.TLF.TOTL.FE.IN,534373
Federal Republic of Somalia,SOM,2001,"Labor force, female",SL.TLF.TOTL.FE.IN,516994
Federal Republic of Somalia,SOM,2000,"Labor force, female",SL.TLF.TOTL.FE.IN,498882
Federal Republic of Somalia,SOM,1999,"Labor force, female",SL.TLF.TOTL.FE.IN,481430
Federal Republic of Somalia,SOM,1998,"Labor force, female",SL.TLF.TOTL.FE.IN,464484
Federal Republic of Somalia,SOM,1997,"Labor force, female",SL.TLF.TOTL.FE.IN,447818
Federal Republic of Somalia,SOM,1996,"Labor force, female",SL.TLF.TOTL.FE.IN,434584
Federal Republic of Somalia,SOM,1995,"Labor force, female",SL.TLF.TOTL.FE.IN,421428
Federal Republic of Somalia,SOM,1994,"Labor force, female",SL.TLF.TOTL.FE.IN,409025
Federal Republic of Somalia,SOM,1993,"Labor force, female",SL.TLF.TOTL.FE.IN,391558
Federal Republic of Somalia,SOM,1992,"Labor force, female",SL.TLF.TOTL.FE.IN,378975
Federal Republic of Somalia,SOM,1991,"Labor force, female",SL.TLF.TOTL.FE.IN,390768
Federal Republic of Somalia,SOM,1990,"Labor force, female",SL.TLF.TOTL.FE.IN,404040
Federal Republic of Somalia,SOM,2019,Ratio of female to male youth unemployment rate (%) (national estimate),SL.UEM.1524.FM.NE.ZS,115.016594652139
Federal Republic of Somalia,SOM,2024,Ratio of female to male youth unemployment rate (% ages 15-24) (modeled ILO estimate),SL.UEM.1524.FM.ZS,115.284005979073
Federal Republic of Somalia,SOM,2023,Ratio of female to male youth unemployment rate (% ages 15-24) (modeled ILO estimate),SL.UEM.1524.FM.ZS,115.282589021003
Federal Republic of Somalia,SOM,2022,Ratio of female to male youth unemployment rate (% ages 15-24) (modeled ILO estimate),SL.UEM.1524.FM.ZS,115.305234365287
Federal Republic of Somalia,SOM,2021,Ratio of female to male youth unemployment rate (% ages 15-24) (modeled ILO estimate),SL.UEM.1524.FM.ZS,116.308163081631
Federal Republic of Somalia,SOM,2020,Ratio of female to male youth unemployment rate (% ages 15-24) (modeled ILO estimate),SL.UEM.1524.FM.ZS,118.31236648469
Federal Republic of Somalia,SOM,2019,Ratio of female to male youth unemployment rate (% ages 15-24) (modeled ILO estimate),SL.UEM.1524.FM.ZS,115.143668299379
Federal Republic of Somalia,SOM,2018,Ratio of female to male youth unemployment rate (% ages 15-24) (modeled ILO estimate),SL.UEM.1524.FM.ZS,115.216641044144
Federal Republic of Somalia,SOM,2017,Ratio of female to male youth unemployment rate (% ages 15-24) (modeled ILO estimate),SL.UEM.1524.FM.ZS,115.279231281515
Federal Republic of Somalia,SOM,2016,Ratio of female to male youth unemployment rate (% ages 15-24) (modeled ILO estimate),SL.UEM.1524.FM.ZS,115.187513822628
Federal Republic of Somalia,SOM,2015,Ratio of female to male youth unemployment rate (% ages 15-24) (modeled ILO estimate),SL.UEM.1524.FM.ZS,115.09558754055
Federal Republic of Somalia,SOM,2014,Ratio of female to male youth unemployment rate (% ages 15-24) (modeled ILO estimate),SL.UEM.1524.FM.ZS,114.968776213999
Federal Republic of Somalia,SOM,2013,Ratio of female to male youth unemployment rate (% ages 15-24) (modeled ILO estimate),SL.UEM.1524.FM.ZS,114.905951279679
Federal Republic of Somalia,SOM,2012,Ratio of female to male youth unemployment rate (% ages 15-24) (modeled ILO estimate),SL.UEM.1524.FM.ZS,114.87532244196
Federal Republic of Somalia,SOM,2011,Ratio of female to male youth unemployment rate (% ages 15-24) (modeled ILO estimate),SL.UEM.1524.FM.ZS,114.886990842096
Federal Republic of Somalia,SOM,2010,Ratio of female to male youth unemployment rate (% ages 15-24) (modeled ILO estimate),SL.UEM.1524.FM.ZS,114.880657927282
Federal Republic of Somalia,SOM,2009,Ratio of female to male youth unemployment rate (% ages 15-24) (modeled ILO estimate),SL.UEM.1524.FM.ZS,114.873731121565
Federal Republic of Somalia,SOM,2008,Ratio of female to male youth unemployment rate (% ages 15-24) (modeled ILO estimate),SL.UEM.1524.FM.ZS,114.865743751742
Federal Republic of Somalia,SOM,2007,Ratio of female to male youth unemployment rate (% ages 15-24) (modeled ILO estimate),SL.UEM.1524.FM.ZS,114.878388845856
Federal Republic of Somalia,SOM,2006,Ratio of female to male youth unemployment rate (% ages 15-24) (modeled ILO estimate),SL.UEM.1524.FM.ZS,114.921263496581
Federal Republic of Somalia,SOM,2005,Ratio of female to male youth unemployment rate (% ages 15-24) (modeled ILO estimate),SL.UEM.1524.FM.ZS,114.964135542914
Federal Republic of Somalia,SOM,2004,Ratio of female to male youth unemployment rate (% ages 15-24) (modeled ILO estimate),SL.UEM.1524.FM.ZS,114.984397689004
Federal Republic of Somalia,SOM,2003,Ratio of female to male youth unemployment rate (% ages 15-24) (modeled ILO estimate),SL.UEM.1524.FM.ZS,114.968182237388
Federal Republic of Somalia,SOM,2002,Ratio of female to male youth unemployment rate (% ages 15-24) (modeled ILO estimate),SL.UEM.1524.FM.ZS,114.956543103713
Federal Republic of Somalia,SOM,2001,Ratio of female to male youth unemployment rate (% ages 15-24) (modeled ILO estimate),SL.UEM.1524.FM.ZS,114.936817568397
Federal Republic of Somalia,SOM,2000,Ratio of female to male youth unemployment rate (% ages 15-24) (modeled ILO estimate),SL.UEM.1524.FM.ZS,114.945250984252
Federal Republic of Somalia,SOM,1999,Ratio of female to male youth unemployment rate (% ages 15-24) (modeled ILO estimate),SL.UEM.1524.FM.ZS,114.879103477678
Federal Republic of Somalia,SOM,1998,Ratio of female to male youth unemployment rate (% ages 15-24) (modeled ILO estimate),SL.UEM.1524.FM.ZS,114.833611913083
Federal Republic of Somalia,SOM,1997,Ratio of female to male youth unemployment rate (% ages 15-24) (modeled ILO estimate),SL.UEM.1524.FM.ZS,114.76984414643
Federal Republic of Somalia,SOM,1996,Ratio of female to male youth unemployment rate (% ages 15-24) (modeled ILO estimate),SL.UEM.1524.FM.ZS,114.666903851285
Federal Republic of Somalia,SOM,1995,Ratio of female to male youth unemployment rate (% ages 15-24) (modeled ILO estimate),SL.UEM.1524.FM.ZS,114.585052457857
Federal Republic of Somalia,SOM,1994,Ratio of female to male youth unemployment rate (% ages 15-24) (modeled ILO estimate),SL.UEM.1524.FM.ZS,114.483381397652
Federal Republic of Somalia,SOM,1993,Ratio of female to male youth unemployment rate (% ages 15-24) (modeled ILO estimate),SL.UEM.1524.FM.ZS,114.618650357747
Federal Republic of Somalia,SOM,1992,Ratio of female to male youth unemployment rate (% ages 15-24) (modeled ILO estimate),SL.UEM.1524.FM.ZS,114.532420984034
Federal Republic of Somalia,SOM,1991,Ratio of female to male youth unemployment rate (% ages 15-24) (modeled ILO estimate),SL.UEM.1524.FM.ZS,114.481250748772
Federal Republic of Somalia,SOM,2023,"Life expectancy at age 60, female (years)",SP.DYN.LE60.FE.IN,17.5024
Federal Republic of Somalia,SOM,2022,"Life expectancy at age 60, female (years)",SP.DYN.LE60.FE.IN,16.5361
Federal Republic of Somalia,SOM,2021,"Life expectancy at age 60, female (years)",SP.DYN.LE60.FE.IN,15.4443
Federal Republic of Somalia,SOM,2020,"Life expectancy at age 60, female (years)",SP.DYN.LE60.FE.IN,16.465
Federal Republic of Somalia,SOM,2019,"Life expectancy at age 60, female (years)",SP.DYN.LE60.FE.IN,17.1008
Federal Republic of Somalia,SOM,2018,"Life expectancy at age 60, female (years)",SP.DYN.LE60.FE.IN,16.6642
Federal Republic of Somalia,SOM,2017,"Life expectancy at age 60, female (years)",SP.DYN.LE60.FE.IN,16.1756
Federal Republic of Somalia,SOM,2016,"Life expectancy at age 60, female (years)",SP.DYN.LE60.FE.IN,16.7905
Federal Republic of Somalia,SOM,2015,"Life expectancy at age 60, female (years)",SP.DYN.LE60.FE.IN,16.7254
Federal Republic of Somalia,SOM,2014,"Life expectancy at age 60, female (years)",SP.DYN.LE60.FE.IN,16.6213
Federal Republic of Somalia,SOM,2013,"Life expectancy at age 60, female (years)",SP.DYN.LE60.FE.IN,16.523
Federal Republic of Somalia,SOM,2012,"Life expectancy at age 60, female (years)",SP.DYN.LE60.FE.IN,15.6252
Federal Republic of Somalia,SOM,2011,"Life expectancy at age 60, female (years)",SP.DYN.LE60.FE.IN,12.3575
Federal Republic of Somalia,SOM,2010,"Life expectancy at age 60, female (years)",SP.DYN.LE60.FE.IN,15.5992
Federal Republic of Somalia,SOM,2009,"Life expectancy at age 60, female (years)",SP.DYN.LE60.FE.IN,16.1526
Federal Republic of Somalia,SOM,2008,"Life expectancy at age 60, female (years)",SP.DYN.LE60.FE.IN,16.0579
Federal Republic of Somalia,SOM,2007,"Life expectancy at age 60, female (years)",SP.DYN.LE60.FE.IN,15.9581
Federal Republic of Somalia,SOM,2006,"Life expectancy at age 60, female (years)",SP.DYN.LE60.FE.IN,15.965
Federal Republic of Somalia,SOM,2005,"Life expectancy at age 60, female (years)",SP.DYN.LE60.FE.IN,15.9436
Federal Republic of Somalia,SOM,2004,"Life expectancy at age 60, female (years)",SP.DYN.LE60.FE.IN,15.9094
Federal Republic of Somalia,SOM,2003,"Life expectancy at age 60, female (years)",SP.DYN.LE60.FE.IN,15.9059
Federal Republic of Somalia,SOM,2002,"Life expectancy at age 60, female (years)",SP.DYN.LE60.FE.IN,15.9165
Federal Republic of Somalia,SOM,2001,"Life expectancy at age 60, female (years)",SP.DYN.LE60.FE.IN,15.9187
Federal Republic of Somalia,SOM,2000,"Life expectancy at age 60, female (years)",SP.DYN.LE60.FE.IN,15.9036
Federal Republic of Somalia,SOM,1999,"Life expectancy at age 60, female (years)",SP.DYN.LE60.FE.IN,15.8799
Federal Republic of Somalia,SOM,1998,"Life expectancy at age 60, female (years)",SP.DYN.LE60.FE.IN,15.9047
Federal Republic of Somalia,SOM,1997,"Life expectancy at age 60, female (years)",SP.DYN.LE60.FE.IN,15.8289
Federal Republic of Somalia,SOM,1996,"Life expectancy at age 60, female (years)",SP.DYN.LE60.FE.IN,15.8766
Federal Republic of Somalia,SOM,1995,"Life expectancy at age 60, female (years)",SP.DYN.LE60.FE.IN,15.9147
Federal Republic of Somalia,SOM,1994,"Life expectancy at age 60, female (years)",SP.DYN.LE60.FE.IN,15.8265
Federal Republic of Somalia,SOM,1993,"Life expectancy at age 60, female (years)",SP.DYN.LE60.FE.IN,15.8759
Federal Republic of Somalia,SOM,1992,"Life expectancy at age 60, female (years)",SP.DYN.LE60.FE.IN,10.8912
Federal Republic of Somalia,SOM,1991,"Life expectancy at age 60, female (years)",SP.DYN.LE60.FE.IN,11.1425
Federal Republic of Somalia,SOM,1990,"Life expectancy at age 60, female (years)",SP.DYN.LE60.FE.IN,15.777
Federal Republic of Somalia,SOM,1989,"Life expectancy at age 60, female (years)",SP.DYN.LE60.FE.IN,15.7301
Federal Republic of Somalia,SOM,1988,"Life expectancy at age 60, female (years)",SP.DYN.LE60.FE.IN,15.1025
Federal Republic of Somalia,SOM,1987,"Life expectancy at age 60, female (years)",SP.DYN.LE60.FE.IN,15.645
Federal Republic of Somalia,SOM,1986,"Life expectancy at age 60, female (years)",SP.DYN.LE60.FE.IN,15.5473
Federal Republic of Somalia,SOM,1985,"Life expectancy at age 60, female (years)",SP.DYN.LE60.FE.IN,15.5245
Federal Republic of Somalia,SOM,1984,"Life expectancy at age 60, female (years)",SP.DYN.LE60.FE.IN,15.5595
Federal Republic of Somalia,SOM,1983,"Life expectancy at age 60, female (years)",SP.DYN.LE60.FE.IN,15.5238
Federal Republic of Somalia,SOM,1982,"Life expectancy at age 60, female (years)",SP.DYN.LE60.FE.IN,15.4879
Federal Republic of Somalia,SOM,1981,"Life expectancy at age 60, female (years)",SP.DYN.LE60.FE.IN,15.4523
Federal Republic of Somalia,SOM,1980,"Life expectancy at age 60, female (years)",SP.DYN.LE60.FE.IN,15.4174
Federal Republic of Somalia,SOM,1979,"Life expectancy at age 60, female (years)",SP.DYN.LE60.FE.IN,15.3823
Federal Republic of Somalia,SOM,1978,"Life expectancy at age 60, female (years)",SP.DYN.LE60.FE.IN,15.3463
Federal Republic of Somalia,SOM,1977,"Life expectancy at age 60, female (years)",SP.DYN.LE60.FE.IN,15.3142
Federal Republic of Somalia,SOM,1976,"Life expectancy at age 60, female (years)",SP.DYN.LE60.FE.IN,14.8762
Federal Republic of Somalia,SOM,1975,"Life expectancy at age 60, female (years)",SP.DYN.LE60.FE.IN,14.8347
Federal Republic of Somalia,SOM,1974,"Life expectancy at age 60, female (years)",SP.DYN.LE60.FE.IN,14.7941
Federal Republic of Somalia,SOM,1973,"Life expectancy at age 60, female (years)",SP.DYN.LE60.FE.IN,15.1825
Federal Republic of Somalia,SOM,1972,"Life expectancy at age 60, female (years)",SP.DYN.LE60.FE.IN,15.1477
Federal Republic of Somalia,SOM,1971,"Life expectancy at age 60, female (years)",SP.DYN.LE60.FE.IN,15.1055
Federal Republic of Somalia,SOM,1970,"Life expectancy at age 60, female (years)",SP.DYN.LE60.FE.IN,15.0639
Federal Republic of Somalia,SOM,1969,"Life expectancy at age 60, female (years)",SP.DYN.LE60.FE.IN,15.0226
Federal Republic of Somalia,SOM,1968,"Life expectancy at age 60, female (years)",SP.DYN.LE60.FE.IN,14.9799
Federal Republic of Somalia,SOM,1967,"Life expectancy at age 60, female (years)",SP.DYN.LE60.FE.IN,14.9364
Federal Republic of Somalia,SOM,1966,"Life expectancy at age 60, female (years)",SP.DYN.LE60.FE.IN,14.8921
Federal Republic of Somalia,SOM,1965,"Life expectancy at age 60, female (years)",SP.DYN.LE60.FE.IN,14.8469
Federal Republic of Somalia,SOM,1964,"Life expectancy at age 60, female (years)",SP.DYN.LE60.FE.IN,14.7968
Federal Republic of Somalia,SOM,1963,"Life expectancy at age 60, female (years)",SP.DYN.LE60.FE.IN,14.7546
Federal Republic of Somalia,SOM,1962,"Life expectancy at age 60, female (years)",SP.DYN.LE60.FE.IN,14.7079
Federal Republic of Somalia,SOM,1961,"Life expectancy at age 60, female (years)",SP.DYN.LE60.FE.IN,14.6454
Federal Republic of Somalia,SOM,1960,"Life expectancy at age 60, female (years)",SP.DYN.LE60.FE.IN,14.6141
Federal Republic of Somalia,SOM,2023,"Life expectancy at age 60, male (years)",SP.DYN.LE60.MA.IN,16.1013
Federal Republic of Somalia,SOM,2022,"Life expectancy at age 60, male (years)",SP.DYN.LE60.MA.IN,15.1732
Federal Republic of Somalia,SOM,2021,"Life expectancy at age 60, male (years)",SP.DYN.LE60.MA.IN,14.1798
Federal Republic of Somalia,SOM,2020,"Life expectancy at age 60, male (years)",SP.DYN.LE60.MA.IN,14.7556
Federal Republic of Somalia,SOM,2019,"Life expectancy at age 60, male (years)",SP.DYN.LE60.MA.IN,15.8247
Federal Republic of Somalia,SOM,2018,"Life expectancy at age 60, male (years)",SP.DYN.LE60.MA.IN,15.3552
Federal Republic of Somalia,SOM,2017,"Life expectancy at age 60, male (years)",SP.DYN.LE60.MA.IN,14.8677
Federal Republic of Somalia,SOM,2016,"Life expectancy at age 60, male (years)",SP.DYN.LE60.MA.IN,15.469
Federal Republic of Somalia,SOM,2015,"Life expectancy at age 60, male (years)",SP.DYN.LE60.MA.IN,15.4465
Federal Republic of Somalia,SOM,2014,"Life expectancy at age 60, male (years)",SP.DYN.LE60.MA.IN,15.3375
Federal Republic of Somalia,SOM,2013,"Life expectancy at age 60, male (years)",SP.DYN.LE60.MA.IN,15.2787
Federal Republic of Somalia,SOM,2012,"Life expectancy at age 60, male (years)",SP.DYN.LE60.MA.IN,14.3606
Federal Republic of Somalia,SOM,2011,"Life expectancy at age 60, male (years)",SP.DYN.LE60.MA.IN,11.1716
Federal Republic of Somalia,SOM,2010,"Life expectancy at age 60, male (years)",SP.DYN.LE60.MA.IN,14.3477
Federal Republic of Somalia,SOM,2009,"Life expectancy at age 60, male (years)",SP.DYN.LE60.MA.IN,14.9942
Federal Republic of Somalia,SOM,2008,"Life expectancy at age 60, male (years)",SP.DYN.LE60.MA.IN,14.8817
Federal Republic of Somalia,SOM,2007,"Life expectancy at age 60, male (years)",SP.DYN.LE60.MA.IN,14.789
Federal Republic of Somalia,SOM,2006,"Life expectancy at age 60, male (years)",SP.DYN.LE60.MA.IN,14.8188
Federal Republic of Somalia,SOM,2005,"Life expectancy at age 60, male (years)",SP.DYN.LE60.MA.IN,14.8278
Federal Republic of Somalia,SOM,2004,"Life expectancy at age 60, male (years)",SP.DYN.LE60.MA.IN,14.7917
Federal Republic of Somalia,SOM,2003,"Life expectancy at age 60, male (years)",SP.DYN.LE60.MA.IN,14.7985
Federal Republic of Somalia,SOM,2002,"Life expectancy at age 60, male (years)",SP.DYN.LE60.MA.IN,14.8245
Federal Republic of Somalia,SOM,2001,"Life expectancy at age 60, male (years)",SP.DYN.LE60.MA.IN,14.826
Federal Republic of Somalia,SOM,2000,"Life expectancy at age 60, male (years)",SP.DYN.LE60.MA.IN,14.8112
Federal Republic of Somalia,SOM,1999,"Life expectancy at age 60, male (years)",SP.DYN.LE60.MA.IN,14.7783
Federal Republic of Somalia,SOM,1998,"Life expectancy at age 60, male (years)",SP.DYN.LE60.MA.IN,14.8062
Federal Republic of Somalia,SOM,1997,"Life expectancy at age 60, male (years)",SP.DYN.LE60.MA.IN,14.7162
Federal Republic of Somalia,SOM,1996,"Life expectancy at age 60, male (years)",SP.DYN.LE60.MA.IN,14.7539
Federal Republic of Somalia,SOM,1995,"Life expectancy at age 60, male (years)",SP.DYN.LE60.MA.IN,14.7864
Federal Republic of Somalia,SOM,1994,"Life expectancy at age 60, male (years)",SP.DYN.LE60.MA.IN,14.7198
Federal Republic of Somalia,SOM,1993,"Life expectancy at age 60, male (years)",SP.DYN.LE60.MA.IN,14.7702
Federal Republic of Somalia,SOM,1992,"Life expectancy at age 60, male (years)",SP.DYN.LE60.MA.IN,9.7153
Federal Republic of Somalia,SOM,1991,"Life expectancy at age 60, male (years)",SP.DYN.LE60.MA.IN,9.761
Federal Republic of Somalia,SOM,1990,"Life expectancy at age 60, male (years)",SP.DYN.LE60.MA.IN,14.0124
Federal Republic of Somalia,SOM,1989,"Life expectancy at age 60, male (years)",SP.DYN.LE60.MA.IN,13.9852
Federal Republic of Somalia,SOM,1988,"Life expectancy at age 60, male (years)",SP.DYN.LE60.MA.IN,13.2942
Federal Republic of Somalia,SOM,1987,"Life expectancy at age 60, male (years)",SP.DYN.LE60.MA.IN,14.5745
Federal Republic of Somalia,SOM,1986,"Life expectancy at age 60, male (years)",SP.DYN.LE60.MA.IN,14.4798
Federal Republic of Somalia,SOM,1985,"Life expectancy at age 60, male (years)",SP.DYN.LE60.MA.IN,14.4585
Federal Republic of Somalia,SOM,1984,"Life expectancy at age 60, male (years)",SP.DYN.LE60.MA.IN,14.492
Federal Republic of Somalia,SOM,1983,"Life expectancy at age 60, male (years)",SP.DYN.LE60.MA.IN,14.458
Federal Republic of Somalia,SOM,1982,"Life expectancy at age 60, male (years)",SP.DYN.LE60.MA.IN,14.424
Federal Republic of Somalia,SOM,1981,"Life expectancy at age 60, male (years)",SP.DYN.LE60.MA.IN,14.3915
Federal Republic of Somalia,SOM,1980,"Life expectancy at age 60, male (years)",SP.DYN.LE60.MA.IN,14.3581
Federal Republic of Somalia,SOM,1979,"Life expectancy at age 60, male (years)",SP.DYN.LE60.MA.IN,14.3253
Federal Republic of Somalia,SOM,1978,"Life expectancy at age 60, male (years)",SP.DYN.LE60.MA.IN,14.2503
Federal Republic of Somalia,SOM,1977,"Life expectancy at age 60, male (years)",SP.DYN.LE60.MA.IN,14.2619
Federal Republic of Somalia,SOM,1976,"Life expectancy at age 60, male (years)",SP.DYN.LE60.MA.IN,13.8149
Federal Republic of Somalia,SOM,1975,"Life expectancy at age 60, male (years)",SP.DYN.LE60.MA.IN,13.7755
Federal Republic of Somalia,SOM,1974,"Life expectancy at age 60, male (years)",SP.DYN.LE60.MA.IN,13.7326
Federal Republic of Somalia,SOM,1973,"Life expectancy at age 60, male (years)",SP.DYN.LE60.MA.IN,14.1246
Federal Republic of Somalia,SOM,1972,"Life expectancy at age 60, male (years)",SP.DYN.LE60.MA.IN,14.0846
Federal Republic of Somalia,SOM,1971,"Life expectancy at age 60, male (years)",SP.DYN.LE60.MA.IN,14.044
Federal Republic of Somalia,SOM,1970,"Life expectancy at age 60, male (years)",SP.DYN.LE60.MA.IN,14.004
Federal Republic of Somalia,SOM,1969,"Life expectancy at age 60, male (years)",SP.DYN.LE60.MA.IN,13.9644
Federal Republic of Somalia,SOM,1968,"Life expectancy at age 60, male (years)",SP.DYN.LE60.MA.IN,13.9235
Federal Republic of Somalia,SOM,1967,"Life expectancy at age 60, male (years)",SP.DYN.LE60.MA.IN,13.8817
Federal Republic of Somalia,SOM,1966,"Life expectancy at age 60, male (years)",SP.DYN.LE60.MA.IN,13.8391
Federal Republic of Somalia,SOM,1965,"Life expectancy at age 60, male (years)",SP.DYN.LE60.MA.IN,13.7958
Federal Republic of Somalia,SOM,1964,"Life expectancy at age 60, male (years)",SP.DYN.LE60.MA.IN,13.7474
Federal Republic of Somalia,SOM,1963,"Life expectancy at age 60, male (years)",SP.DYN.LE60.MA.IN,13.7072
Federal Republic of Somalia,SOM,1962,"Life expectancy at age 60, male (years)",SP.DYN.LE60.MA.IN,13.6624
Federal Republic of Somalia,SOM,1961,"Life expectancy at age 60, male (years)",SP.DYN.LE60.MA.IN,13.6044
Federal Republic of Somalia,SOM,1960,"Life expectancy at age 60, male (years)",SP.DYN.LE60.MA.IN,13.582
Federal Republic of Somalia,SOM,2006,"Age at first marriage, female",SP.DYN.SMAM.FE,20.3999999999999
Federal Republic of Somalia,SOM,1982,"Age at first marriage, female",SP.DYN.SMAM.FE,20.6
Federal Republic of Somalia,SOM,1981,"Age at first marriage, female",SP.DYN.SMAM.FE,20.1
Federal Republic of Somalia,SOM,2015,"Rural population, female (% of total)",SP.RUR.TOTL.FE.ZS,30.5672929964938
Federal Republic of Somalia,SOM,2010,"Rural population, female (% of total)",SP.RUR.TOTL.FE.ZS,31.7559153175592
Federal Republic of Somalia,SOM,2005,"Rural population, female (% of total)",SP.RUR.TOTL.FE.ZS,32.8649031648559
Federal Republic of Somalia,SOM,2000,"Rural population, female (% of total)",SP.RUR.TOTL.FE.ZS,33.8748984565394
Federal Republic of Somalia,SOM,1995,"Rural population, female (% of total)",SP.RUR.TOTL.FE.ZS,34.8093287109991
Federal Republic of Somalia,SOM,1990,"Rural population, female (% of total)",SP.RUR.TOTL.FE.ZS,35.7798165137615
Federal Republic of Somalia,SOM,1985,"Rural population, female (% of total)",SP.RUR.TOTL.FE.ZS,36.6617235129346
Federal Republic of Somalia,SOM,1980,"Rural population, female (% of total)",SP.RUR.TOTL.FE.ZS,37.3460338314994
Federal Republic of Somalia,SOM,2015,"Rural population, male (% of total)",SP.RUR.TOTL.MA.ZS,29.8840240942192
Federal Republic of Somalia,SOM,2010,"Rural population, male (% of total)",SP.RUR.TOTL.MA.ZS,30.9879618098796
Federal Republic of Somalia,SOM,2005,"Rural population, male (% of total)",SP.RUR.TOTL.MA.ZS,31.9792158715163
Federal Republic of Somalia,SOM,2000,"Rural population, male (% of total)",SP.RUR.TOTL.MA.ZS,32.8730029786082
Federal Republic of Somalia,SOM,1995,"Rural population, male (% of total)",SP.RUR.TOTL.MA.ZS,33.7693034982666
Federal Republic of Somalia,SOM,1990,"Rural population, male (% of total)",SP.RUR.TOTL.MA.ZS,34.5618475166087
Federal Republic of Somalia,SOM,1985,"Rural population, male (% of total)",SP.RUR.TOTL.MA.ZS,35.2611632888449
Federal Republic of Somalia,SOM,1980,"Rural population, male (% of total)",SP.RUR.TOTL.MA.ZS,35.9008047298407
Federal Republic of Somalia,SOM,2015,"Urban population, female (% of total)",SP.URB.TOTL.FE.ZS,19.670952081273
Federal Republic of Somalia,SOM,2010,"Urban population, female (% of total)",SP.URB.TOTL.FE.ZS,18.5346616853466
Federal Republic of Somalia,SOM,2005,"Urban population, female (% of total)",SP.URB.TOTL.FE.ZS,17.4775625885687
Federal Republic of Somalia,SOM,2000,"Urban population, female (% of total)",SP.URB.TOTL.FE.ZS,16.517736257785
Federal Republic of Somalia,SOM,1995,"Urban population, female (% of total)",SP.URB.TOTL.FE.ZS,15.6476520642925
Federal Republic of Somalia,SOM,1990,"Urban population, female (% of total)",SP.URB.TOTL.FE.ZS,14.6947168617526
Federal Republic of Somalia,SOM,1985,"Urban population, female (% of total)",SP.URB.TOTL.FE.ZS,13.8573076289339
Federal Republic of Somalia,SOM,1980,"Urban population, female (% of total)",SP.URB.TOTL.FE.ZS,13.2041386106093
Federal Republic of Somalia,SOM,2015,"Urban population, male (% of total)",SP.URB.TOTL.MA.ZS,19.877730828014
Federal Republic of Somalia,SOM,2010,"Urban population, male (% of total)",SP.URB.TOTL.MA.ZS,18.7214611872146
Federal Republic of Somalia,SOM,2005,"Urban population, male (% of total)",SP.URB.TOTL.MA.ZS,17.678318375059
Federal Republic of Somalia,SOM,2000,"Urban population, male (% of total)",SP.URB.TOTL.MA.ZS,16.7343623070674
Federal Republic of Somalia,SOM,1995,"Urban population, male (% of total)",SP.URB.TOTL.MA.ZS,15.7737157264419
Federal Republic of Somalia,SOM,1990,"Urban population, male (% of total)",SP.URB.TOTL.MA.ZS,14.9636191078773
Federal Republic of Somalia,SOM,1985,"Urban population, male (% of total)",SP.URB.TOTL.MA.ZS,14.2198055692865
Federal Republic of Somalia,SOM,1980,"Urban population, male (% of total)",SP.URB.TOTL.MA.ZS,13.5490228280506
Federal Republic of Somalia,SOM,2006,"Mortality rate, female child (per 1,000 female children age one)",SH.DYN.CHLD.FE,54
Federal Republic of Somalia,SOM,2006,"Mortality rate, male child (per 1,000 male children age one)",SH.DYN.CHLD.MA,53
Federal Republic of Somalia,SOM,1982,"Age at first marriage, male",SP.DYN.SMAM.MA,26.5
Federal Republic of Somalia,SOM,1981,"Age at first marriage, male",SP.DYN.SMAM.MA,26.4
Federal Republic of Somalia,SOM,2024,"Age population, age 00, female",SP.POP.AG00.FE.IN,372277.5
Federal Republic of Somalia,SOM,2023,"Age population, age 00, female",SP.POP.AG00.FE.IN,363128.5
Federal Republic of Somalia,SOM,2022,"Age population, age 00, female",SP.POP.AG00.FE.IN,356301
Federal Republic of Somalia,SOM,2021,"Age population, age 00, female",SP.POP.AG00.FE.IN,350639
Federal Republic of Somalia,SOM,2020,"Age population, age 00, female",SP.POP.AG00.FE.IN,341599.5
Federal Republic of Somalia,SOM,2019,"Age population, age 00, female",SP.POP.AG00.FE.IN,331859
Federal Republic of Somalia,SOM,2018,"Age population, age 00, female",SP.POP.AG00.FE.IN,321952.5
Federal Republic of Somalia,SOM,2017,"Age population, age 00, female",SP.POP.AG00.FE.IN,314399.5
Federal Republic of Somalia,SOM,2016,"Age population, age 00, female",SP.POP.AG00.FE.IN,306085.5
Federal Republic of Somalia,SOM,2015,"Age population, age 00, female",SP.POP.AG00.FE.IN,296395.5
Federal Republic of Somalia,SOM,2014,"Age population, age 00, female",SP.POP.AG00.FE.IN,287937
Federal Republic of Somalia,SOM,2013,"Age population, age 00, female",SP.POP.AG00.FE.IN,278188.5
Federal Republic of Somalia,SOM,2012,"Age population, age 00, female",SP.POP.AG00.FE.IN,260887.5
Federal Republic of Somalia,SOM,2011,"Age population, age 00, female",SP.POP.AG00.FE.IN,257890.5
Federal Republic of Somalia,SOM,2010,"Age population, age 00, female",SP.POP.AG00.FE.IN,265129
Federal Republic of Somalia,SOM,2009,"Age population, age 00, female",SP.POP.AG00.FE.IN,260924.5
Federal Republic of Somalia,SOM,2008,"Age population, age 00, female",SP.POP.AG00.FE.IN,256034
Federal Republic of Somalia,SOM,2007,"Age population, age 00, female",SP.POP.AG00.FE.IN,250130.5
Federal Republic of Somalia,SOM,2006,"Age population, age 00, female",SP.POP.AG00.FE.IN,244022
Federal Republic of Somalia,SOM,2005,"Age population, age 00, female",SP.POP.AG00.FE.IN,238284
Federal Republic of Somalia,SOM,2004,"Age population, age 00, female",SP.POP.AG00.FE.IN,231507
Federal Republic of Somalia,SOM,2003,"Age population, age 00, female",SP.POP.AG00.FE.IN,224114.5
Federal Republic of Somalia,SOM,2002,"Age population, age 00, female",SP.POP.AG00.FE.IN,216556
Federal Republic of Somalia,SOM,2001,"Age population, age 00, female",SP.POP.AG00.FE.IN,208935.5
Federal Republic of Somalia,SOM,2000,"Age population, age 00, female",SP.POP.AG00.FE.IN,201258.5
Federal Republic of Somalia,SOM,1999,"Age population, age 00, female",SP.POP.AG00.FE.IN,193804
Federal Republic of Somalia,SOM,1998,"Age population, age 00, female",SP.POP.AG00.FE.IN,186465.5
Federal Republic of Somalia,SOM,1997,"Age population, age 00, female",SP.POP.AG00.FE.IN,178877
Federal Republic of Somalia,SOM,1996,"Age population, age 00, female",SP.POP.AG00.FE.IN,172508
Federal Republic of Somalia,SOM,1995,"Age population, age 00, female",SP.POP.AG00.FE.IN,166465
Federal Republic of Somalia,SOM,1994,"Age population, age 00, female",SP.POP.AG00.FE.IN,160630
Federal Republic of Somalia,SOM,1993,"Age population, age 00, female",SP.POP.AG00.FE.IN,145783
Federal Republic of Somalia,SOM,1992,"Age population, age 00, female",SP.POP.AG00.FE.IN,133150.5
Federal Republic of Somalia,SOM,1991,"Age population, age 00, female",SP.POP.AG00.FE.IN,145033
Federal Republic of Somalia,SOM,1990,"Age population, age 00, female",SP.POP.AG00.FE.IN,157262.5
Federal Republic of Somalia,SOM,1989,"Age population, age 00, female",SP.POP.AG00.FE.IN,157656.5
Federal Republic of Somalia,SOM,1988,"Age population, age 00, female",SP.POP.AG00.FE.IN,159834
Federal Republic of Somalia,SOM,1987,"Age population, age 00, female",SP.POP.AG00.FE.IN,159300
Federal Republic of Somalia,SOM,1986,"Age population, age 00, female",SP.POP.AG00.FE.IN,153197.5
Federal Republic of Somalia,SOM,1985,"Age population, age 00, female",SP.POP.AG00.FE.IN,146439
Federal Republic of Somalia,SOM,1984,"Age population, age 00, female",SP.POP.AG00.FE.IN,140067.5
Federal Republic of Somalia,SOM,1983,"Age population, age 00, female",SP.POP.AG00.FE.IN,134478.5
Federal Republic of Somalia,SOM,1982,"Age population, age 00, female",SP.POP.AG00.FE.IN,129637.5
Federal Republic of Somalia,SOM,1981,"Age population, age 00, female",SP.POP.AG00.FE.IN,128257.5
Federal Republic of Somalia,SOM,1980,"Age population, age 00, female",SP.POP.AG00.FE.IN,126284
Federal Republic of Somalia,SOM,1979,"Age population, age 00, female",SP.POP.AG00.FE.IN,115127.5
Federal Republic of Somalia,SOM,1978,"Age population, age 00, female",SP.POP.AG00.FE.IN,100359
Federal Republic of Somalia,SOM,1977,"Age population, age 00, female",SP.POP.AG00.FE.IN,92043.5
Federal Republic of Somalia,SOM,1976,"Age population, age 00, female",SP.POP.AG00.FE.IN,88971.5
Federal Republic of Somalia,SOM,1975,"Age population, age 00, female",SP.POP.AG00.FE.IN,86407
Federal Republic of Somalia,SOM,1974,"Age population, age 00, female",SP.POP.AG00.FE.IN,84258.5
Federal Republic of Somalia,SOM,1973,"Age population, age 00, female",SP.POP.AG00.FE.IN,82209
Federal Republic of Somalia,SOM,1972,"Age population, age 00, female",SP.POP.AG00.FE.IN,79953.5
Federal Republic of Somalia,SOM,1971,"Age population, age 00, female",SP.POP.AG00.FE.IN,77838.5
Federal Republic of Somalia,SOM,1970,"Age population, age 00, female",SP.POP.AG00.FE.IN,75815.5
Federal Republic of Somalia,SOM,1969,"Age population, age 00, female",SP.POP.AG00.FE.IN,73862
Federal Republic of Somalia,SOM,1968,"Age population, age 00, female",SP.POP.AG00.FE.IN,72000.5
Federal Republic of Somalia,SOM,1967,"Age population, age 00, female",SP.POP.AG00.FE.IN,70216
Federal Republic of Somalia,SOM,1966,"Age population, age 00, female",SP.POP.AG00.FE.IN,68505
Federal Republic of Somalia,SOM,1965,"Age population, age 00, female",SP.POP.AG00.FE.IN,66856.5
Federal Republic of Somalia,SOM,1964,"Age population, age 00, female",SP.POP.AG00.FE.IN,65280
Federal Republic of Somalia,SOM,1963,"Age population, age 00, female",SP.POP.AG00.FE.IN,63776.5
Federal Republic of Somalia,SOM,1962,"Age population, age 00, female",SP.POP.AG00.FE.IN,62319
Federal Republic of Somalia,SOM,1961,"Age population, age 00, female",SP.POP.AG00.FE.IN,60930.5
Federal Republic of Somalia,SOM,1960,"Age population, age 00, female",SP.POP.AG00.FE.IN,59614.5
Federal Republic of Somalia,SOM,2024,"Age population, age 00, male",SP.POP.AG00.MA.IN,385912.5
Federal Republic of Somalia,SOM,2023,"Age population, age 00, male",SP.POP.AG00.MA.IN,376572
Federal Republic of Somalia,SOM,2022,"Age population, age 00, male",SP.POP.AG00.MA.IN,369495
Federal Republic of Somalia,SOM,2021,"Age population, age 00, male",SP.POP.AG00.MA.IN,363554
Federal Republic of Somalia,SOM,2020,"Age population, age 00, male",SP.POP.AG00.MA.IN,354184
Federal Republic of Somalia,SOM,2019,"Age population, age 00, male",SP.POP.AG00.MA.IN,344105
Federal Republic of Somalia,SOM,2018,"Age population, age 00, male",SP.POP.AG00.MA.IN,333911.5
Federal Republic of Somalia,SOM,2017,"Age population, age 00, male",SP.POP.AG00.MA.IN,326025
Federal Republic of Somalia,SOM,2016,"Age population, age 00, male",SP.POP.AG00.MA.IN,317345
Federal Republic of Somalia,SOM,2015,"Age population, age 00, male",SP.POP.AG00.MA.IN,307306
Federal Republic of Somalia,SOM,2014,"Age population, age 00, male",SP.POP.AG00.MA.IN,298584.5
Federal Republic of Somalia,SOM,2013,"Age population, age 00, male",SP.POP.AG00.MA.IN,288030
Federal Republic of Somalia,SOM,2012,"Age population, age 00, male",SP.POP.AG00.MA.IN,269355.5
Federal Republic of Somalia,SOM,2011,"Age population, age 00, male",SP.POP.AG00.MA.IN,266266.5
Federal Republic of Somalia,SOM,2010,"Age population, age 00, male",SP.POP.AG00.MA.IN,274416.5
Federal Republic of Somalia,SOM,2009,"Age population, age 00, male",SP.POP.AG00.MA.IN,270401
Federal Republic of Somalia,SOM,2008,"Age population, age 00, male",SP.POP.AG00.MA.IN,265230
Federal Republic of Somalia,SOM,2007,"Age population, age 00, male",SP.POP.AG00.MA.IN,259055
Federal Republic of Somalia,SOM,2006,"Age population, age 00, male",SP.POP.AG00.MA.IN,252669.5
Federal Republic of Somalia,SOM,2005,"Age population, age 00, male",SP.POP.AG00.MA.IN,246642
Federal Republic of Somalia,SOM,2004,"Age population, age 00, male",SP.POP.AG00.MA.IN,239590
Federal Republic of Somalia,SOM,2003,"Age population, age 00, male",SP.POP.AG00.MA.IN,231961.5
Federal Republic of Somalia,SOM,2002,"Age population, age 00, male",SP.POP.AG00.MA.IN,224184.5
Federal Republic of Somalia,SOM,2001,"Age population, age 00, male",SP.POP.AG00.MA.IN,216355.5
Federal Republic of Somalia,SOM,2000,"Age population, age 00, male",SP.POP.AG00.MA.IN,208502
Federal Republic of Somalia,SOM,1999,"Age population, age 00, male",SP.POP.AG00.MA.IN,200853.5
Federal Republic of Somalia,SOM,1998,"Age population, age 00, male",SP.POP.AG00.MA.IN,193206.5
Federal Republic of Somalia,SOM,1997,"Age population, age 00, male",SP.POP.AG00.MA.IN,185350.5
Federal Republic of Somalia,SOM,1996,"Age population, age 00, male",SP.POP.AG00.MA.IN,178827
Federal Republic of Somalia,SOM,1995,"Age population, age 00, male",SP.POP.AG00.MA.IN,172537.5
Federal Republic of Somalia,SOM,1994,"Age population, age 00, male",SP.POP.AG00.MA.IN,166465
Federal Republic of Somalia,SOM,1993,"Age population, age 00, male",SP.POP.AG00.MA.IN,150812
Federal Republic of Somalia,SOM,1992,"Age population, age 00, male",SP.POP.AG00.MA.IN,137401
Federal Republic of Somalia,SOM,1991,"Age population, age 00, male",SP.POP.AG00.MA.IN,149833.5
Federal Republic of Somalia,SOM,1990,"Age population, age 00, male",SP.POP.AG00.MA.IN,162654.5
Federal Republic of Somalia,SOM,1989,"Age population, age 00, male",SP.POP.AG00.MA.IN,162978.5
Federal Republic of Somalia,SOM,1988,"Age population, age 00, male",SP.POP.AG00.MA.IN,165117.5
Federal Republic of Somalia,SOM,1987,"Age population, age 00, male",SP.POP.AG00.MA.IN,164478
Federal Republic of Somalia,SOM,1986,"Age population, age 00, male",SP.POP.AG00.MA.IN,158078.5
Federal Republic of Somalia,SOM,1985,"Age population, age 00, male",SP.POP.AG00.MA.IN,151034
Federal Republic of Somalia,SOM,1984,"Age population, age 00, male",SP.POP.AG00.MA.IN,144400
Federal Republic of Somalia,SOM,1983,"Age population, age 00, male",SP.POP.AG00.MA.IN,138575
Federal Republic of Somalia,SOM,1982,"Age population, age 00, male",SP.POP.AG00.MA.IN,133539
Federal Republic of Somalia,SOM,1981,"Age population, age 00, male",SP.POP.AG00.MA.IN,132067
Federal Republic of Somalia,SOM,1980,"Age population, age 00, male",SP.POP.AG00.MA.IN,130000
Federal Republic of Somalia,SOM,1979,"Age population, age 00, male",SP.POP.AG00.MA.IN,118487
Federal Republic of Somalia,SOM,1978,"Age population, age 00, male",SP.POP.AG00.MA.IN,103269
Federal Republic of Somalia,SOM,1977,"Age population, age 00, male",SP.POP.AG00.MA.IN,94690
Federal Republic of Somalia,SOM,1976,"Age population, age 00, male",SP.POP.AG00.MA.IN,91502.5
Federal Republic of Somalia,SOM,1975,"Age population, age 00, male",SP.POP.AG00.MA.IN,88853.5
Federal Republic of Somalia,SOM,1974,"Age population, age 00, male",SP.POP.AG00.MA.IN,86644
Federal Republic of Somalia,SOM,1973,"Age population, age 00, male",SP.POP.AG00.MA.IN,84529.5
Federal Republic of Somalia,SOM,1972,"Age population, age 00, male",SP.POP.AG00.MA.IN,82192.5
Federal Republic of Somalia,SOM,1971,"Age population, age 00, male",SP.POP.AG00.MA.IN,79995
Federal Republic of Somalia,SOM,1970,"Age population, age 00, male",SP.POP.AG00.MA.IN,77891
Federal Republic of Somalia,SOM,1969,"Age population, age 00, male",SP.POP.AG00.MA.IN,75864
Federal Republic of Somalia,SOM,1968,"Age population, age 00, male",SP.POP.AG00.MA.IN,73935.5
Federal Republic of Somalia,SOM,1967,"Age population, age 00, male",SP.POP.AG00.MA.IN,72085
Federal Republic of Somalia,SOM,1966,"Age population, age 00, male",SP.POP.AG00.MA.IN,70316
Federal Republic of Somalia,SOM,1965,"Age population, age 00, male",SP.POP.AG00.MA.IN,68613
Federal Republic of Somalia,SOM,1964,"Age population, age 00, male",SP.POP.AG00.MA.IN,66975
Federal Republic of Somalia,SOM,1963,"Age population, age 00, male",SP.POP.AG00.MA.IN,65420.5
Federal Republic of Somalia,SOM,1962,"Age population, age 00, male",SP.POP.AG00.MA.IN,63919
Federal Republic of Somalia,SOM,1961,"Age population, age 00, male",SP.POP.AG00.MA.IN,62489.5
Federal Republic of Somalia,SOM,1960,"Age population, age 00, male",SP.POP.AG00.MA.IN,61133.5
Federal Republic of Somalia,SOM,2024,"Age population, age 01, female",SP.POP.AG01.FE.IN,355852
Federal Republic of Somalia,SOM,2023,"Age population, age 01, female",SP.POP.AG01.FE.IN,345166
Federal Republic of Somalia,SOM,2022,"Age population, age 01, female",SP.POP.AG01.FE.IN,339159.5
Federal Republic of Somalia,SOM,2021,"Age population, age 01, female",SP.POP.AG01.FE.IN,334256
Federal Republic of Somalia,SOM,2020,"Age population, age 01, female",SP.POP.AG01.FE.IN,324474.5
Federal Republic of Somalia,SOM,2019,"Age population, age 01, female",SP.POP.AG01.FE.IN,313063.5
Federal Republic of Somalia,SOM,2018,"Age population, age 01, female",SP.POP.AG01.FE.IN,302979.5
Federal Republic of Somalia,SOM,2017,"Age population, age 01, female",SP.POP.AG01.FE.IN,296247
Federal Republic of Somalia,SOM,2016,"Age population, age 01, female",SP.POP.AG01.FE.IN,288004
Federal Republic of Somalia,SOM,2015,"Age population, age 01, female",SP.POP.AG01.FE.IN,278191
Federal Republic of Somalia,SOM,2014,"Age population, age 01, female",SP.POP.AG01.FE.IN,268659.5
Federal Republic of Somalia,SOM,2013,"Age population, age 01, female",SP.POP.AG01.FE.IN,248821
Federal Republic of Somalia,SOM,2012,"Age population, age 01, female",SP.POP.AG01.FE.IN,230941.5
Federal Republic of Somalia,SOM,2011,"Age population, age 01, female",SP.POP.AG01.FE.IN,237365
Federal Republic of Somalia,SOM,2010,"Age population, age 01, female",SP.POP.AG01.FE.IN,246125
Federal Republic of Somalia,SOM,2009,"Age population, age 01, female",SP.POP.AG01.FE.IN,242616
Federal Republic of Somalia,SOM,2008,"Age population, age 01, female",SP.POP.AG01.FE.IN,237667
Federal Republic of Somalia,SOM,2007,"Age population, age 01, female",SP.POP.AG01.FE.IN,231898
Federal Republic of Somalia,SOM,2006,"Age population, age 01, female",SP.POP.AG01.FE.IN,226137
Federal Republic of Somalia,SOM,2005,"Age population, age 01, female",SP.POP.AG01.FE.IN,220438
Federal Republic of Somalia,SOM,2004,"Age population, age 01, female",SP.POP.AG01.FE.IN,213741
Federal Republic of Somalia,SOM,2003,"Age population, age 01, female",SP.POP.AG01.FE.IN,206492
Federal Republic of Somalia,SOM,2002,"Age population, age 01, female",SP.POP.AG01.FE.IN,199323.5
Federal Republic of Somalia,SOM,2001,"Age population, age 01, female",SP.POP.AG01.FE.IN,192440
Federal Republic of Somalia,SOM,2000,"Age population, age 01, female",SP.POP.AG01.FE.IN,185295.5
Federal Republic of Somalia,SOM,1999,"Age population, age 01, female",SP.POP.AG01.FE.IN,178338
Federal Republic of Somalia,SOM,1998,"Age population, age 01, female",SP.POP.AG01.FE.IN,171062.5
Federal Republic of Somalia,SOM,1997,"Age population, age 01, female",SP.POP.AG01.FE.IN,163921.5
Federal Republic of Somalia,SOM,1996,"Age population, age 01, female",SP.POP.AG01.FE.IN,158548.5
Federal Republic of Somalia,SOM,1995,"Age population, age 01, female",SP.POP.AG01.FE.IN,152948.5
Federal Republic of Somalia,SOM,1994,"Age population, age 01, female",SP.POP.AG01.FE.IN,140289
Federal Republic of Somalia,SOM,1993,"Age population, age 01, female",SP.POP.AG01.FE.IN,119583
Federal Republic of Somalia,SOM,1992,"Age population, age 01, female",SP.POP.AG01.FE.IN,114541
Federal Republic of Somalia,SOM,1991,"Age population, age 01, female",SP.POP.AG01.FE.IN,132672
Federal Republic of Somalia,SOM,1990,"Age population, age 01, female",SP.POP.AG01.FE.IN,144253
Federal Republic of Somalia,SOM,1989,"Age population, age 01, female",SP.POP.AG01.FE.IN,144268
Federal Republic of Somalia,SOM,1988,"Age population, age 01, female",SP.POP.AG01.FE.IN,146134
Federal Republic of Somalia,SOM,1987,"Age population, age 01, female",SP.POP.AG01.FE.IN,145398
Federal Republic of Somalia,SOM,1986,"Age population, age 01, female",SP.POP.AG01.FE.IN,139702.5
Federal Republic of Somalia,SOM,1985,"Age population, age 01, female",SP.POP.AG01.FE.IN,133493
Federal Republic of Somalia,SOM,1984,"Age population, age 01, female",SP.POP.AG01.FE.IN,127645.5
Federal Republic of Somalia,SOM,1983,"Age population, age 01, female",SP.POP.AG01.FE.IN,122462.5
Federal Republic of Somalia,SOM,1982,"Age population, age 01, female",SP.POP.AG01.FE.IN,117773
Federal Republic of Somalia,SOM,1981,"Age population, age 01, female",SP.POP.AG01.FE.IN,116411.5
Federal Republic of Somalia,SOM,1980,"Age population, age 01, female",SP.POP.AG01.FE.IN,114546.5
Federal Republic of Somalia,SOM,1979,"Age population, age 01, female",SP.POP.AG01.FE.IN,103706
Federal Republic of Somalia,SOM,1978,"Age population, age 01, female",SP.POP.AG01.FE.IN,90356
Federal Republic of Somalia,SOM,1977,"Age population, age 01, female",SP.POP.AG01.FE.IN,83309
Federal Republic of Somalia,SOM,1976,"Age population, age 01, female",SP.POP.AG01.FE.IN,80495
Federal Republic of Somalia,SOM,1975,"Age population, age 01, female",SP.POP.AG01.FE.IN,78461
Federal Republic of Somalia,SOM,1974,"Age population, age 01, female",SP.POP.AG01.FE.IN,76827
Federal Republic of Somalia,SOM,1973,"Age population, age 01, female",SP.POP.AG01.FE.IN,74985
Federal Republic of Somalia,SOM,1972,"Age population, age 01, female",SP.POP.AG01.FE.IN,72941.5
Federal Republic of Somalia,SOM,1971,"Age population, age 01, female",SP.POP.AG01.FE.IN,71019
Federal Republic of Somalia,SOM,1970,"Age population, age 01, female",SP.POP.AG01.FE.IN,69173.5
Federal Republic of Somalia,SOM,1969,"Age population, age 01, female",SP.POP.AG01.FE.IN,67389.5
Federal Republic of Somalia,SOM,1968,"Age population, age 01, female",SP.POP.AG01.FE.IN,65687.5
Federal Republic of Somalia,SOM,1967,"Age population, age 01, female",SP.POP.AG01.FE.IN,64048.5
Federal Republic of Somalia,SOM,1966,"Age population, age 01, female",SP.POP.AG01.FE.IN,62474.5
Federal Republic of Somalia,SOM,1965,"Age population, age 01, female",SP.POP.AG01.FE.IN,60965.5
Federal Republic of Somalia,SOM,1964,"Age population, age 01, female",SP.POP.AG01.FE.IN,59516
Federal Republic of Somalia,SOM,1963,"Age population, age 01, female",SP.POP.AG01.FE.IN,58119
Federal Republic of Somalia,SOM,1962,"Age population, age 01, female",SP.POP.AG01.FE.IN,56773
Federal Republic of Somalia,SOM,1961,"Age population, age 01, female",SP.POP.AG01.FE.IN,55501.5
Federal Republic of Somalia,SOM,1960,"Age population, age 01, female",SP.POP.AG01.FE.IN,54292.5
Federal Republic of Somalia,SOM,2024,"Age population, age 01, male",SP.POP.AG01.MA.IN,367563.5
Federal Republic of Somalia,SOM,2023,"Age population, age 01, male",SP.POP.AG01.MA.IN,356362.5
Federal Republic of Somalia,SOM,2022,"Age population, age 01, male",SP.POP.AG01.MA.IN,350020
Federal Republic of Somalia,SOM,2021,"Age population, age 01, male",SP.POP.AG01.MA.IN,345061
Federal Republic of Somalia,SOM,2020,"Age population, age 01, male",SP.POP.AG01.MA.IN,334933.5
Federal Republic of Somalia,SOM,2019,"Age population, age 01, male",SP.POP.AG01.MA.IN,323093
Federal Republic of Somalia,SOM,2018,"Age population, age 01, male",SP.POP.AG01.MA.IN,312438.5
Federal Republic of Somalia,SOM,2017,"Age population, age 01, male",SP.POP.AG01.MA.IN,305415.5
Federal Republic of Somalia,SOM,2016,"Age population, age 01, male",SP.POP.AG01.MA.IN,296980.5
Federal Republic of Somalia,SOM,2015,"Age population, age 01, male",SP.POP.AG01.MA.IN,286838
Federal Republic of Somalia,SOM,2014,"Age population, age 01, male",SP.POP.AG01.MA.IN,276486.5
Federal Republic of Somalia,SOM,2013,"Age population, age 01, male",SP.POP.AG01.MA.IN,255720.5
Federal Republic of Somalia,SOM,2012,"Age population, age 01, male",SP.POP.AG01.MA.IN,238048
Federal Republic of Somalia,SOM,2011,"Age population, age 01, male",SP.POP.AG01.MA.IN,245278.5
Federal Republic of Somalia,SOM,2010,"Age population, age 01, male",SP.POP.AG01.MA.IN,253917.5
Federal Republic of Somalia,SOM,2009,"Age population, age 01, male",SP.POP.AG01.MA.IN,249855
Federal Republic of Somalia,SOM,2008,"Age population, age 01, male",SP.POP.AG01.MA.IN,244816
Federal Republic of Somalia,SOM,2007,"Age population, age 01, male",SP.POP.AG01.MA.IN,238907.5
Federal Republic of Somalia,SOM,2006,"Age population, age 01, male",SP.POP.AG01.MA.IN,232944.5
Federal Republic of Somalia,SOM,2005,"Age population, age 01, male",SP.POP.AG01.MA.IN,227074
Federal Republic of Somalia,SOM,2004,"Age population, age 01, male",SP.POP.AG01.MA.IN,220214
Federal Republic of Somalia,SOM,2003,"Age population, age 01, male",SP.POP.AG01.MA.IN,212789
Federal Republic of Somalia,SOM,2002,"Age population, age 01, male",SP.POP.AG01.MA.IN,205455
Federal Republic of Somalia,SOM,2001,"Age population, age 01, male",SP.POP.AG01.MA.IN,198450.5
Federal Republic of Somalia,SOM,2000,"Age population, age 01, male",SP.POP.AG01.MA.IN,191155.5
Federal Republic of Somalia,SOM,1999,"Age population, age 01, male",SP.POP.AG01.MA.IN,183933.5
Federal Republic of Somalia,SOM,1998,"Age population, age 01, male",SP.POP.AG01.MA.IN,176498
Federal Republic of Somalia,SOM,1997,"Age population, age 01, male",SP.POP.AG01.MA.IN,169202.5
Federal Republic of Somalia,SOM,1996,"Age population, age 01, male",SP.POP.AG01.MA.IN,163558
Federal Republic of Somalia,SOM,1995,"Age population, age 01, male",SP.POP.AG01.MA.IN,157769.5
Federal Republic of Somalia,SOM,1994,"Age population, age 01, male",SP.POP.AG01.MA.IN,144466.5
Federal Republic of Somalia,SOM,1993,"Age population, age 01, male",SP.POP.AG01.MA.IN,123096
Federal Republic of Somalia,SOM,1992,"Age population, age 01, male",SP.POP.AG01.MA.IN,118329
Federal Republic of Somalia,SOM,1991,"Age population, age 01, male",SP.POP.AG01.MA.IN,136902
Federal Republic of Somalia,SOM,1990,"Age population, age 01, male",SP.POP.AG01.MA.IN,148472
Federal Republic of Somalia,SOM,1989,"Age population, age 01, male",SP.POP.AG01.MA.IN,148355.5
Federal Republic of Somalia,SOM,1988,"Age population, age 01, male",SP.POP.AG01.MA.IN,150173
Federal Republic of Somalia,SOM,1987,"Age population, age 01, male",SP.POP.AG01.MA.IN,149322
Federal Republic of Somalia,SOM,1986,"Age population, age 01, male",SP.POP.AG01.MA.IN,143400.5
Federal Republic of Somalia,SOM,1985,"Age population, age 01, male",SP.POP.AG01.MA.IN,136963
Federal Republic of Somalia,SOM,1984,"Age population, age 01, male",SP.POP.AG01.MA.IN,130895
Federal Republic of Somalia,SOM,1983,"Age population, age 01, male",SP.POP.AG01.MA.IN,125525
Federal Republic of Somalia,SOM,1982,"Age population, age 01, male",SP.POP.AG01.MA.IN,120663.5
Federal Republic of Somalia,SOM,1981,"Age population, age 01, male",SP.POP.AG01.MA.IN,119224.5
Federal Republic of Somalia,SOM,1980,"Age population, age 01, male",SP.POP.AG01.MA.IN,117274.5
Federal Republic of Somalia,SOM,1979,"Age population, age 01, male",SP.POP.AG01.MA.IN,106148.5
Federal Republic of Somalia,SOM,1978,"Age population, age 01, male",SP.POP.AG01.MA.IN,92456.5
Federal Republic of Somalia,SOM,1977,"Age population, age 01, male",SP.POP.AG01.MA.IN,85224.5
Federal Republic of Somalia,SOM,1976,"Age population, age 01, male",SP.POP.AG01.MA.IN,82339
Federal Republic of Somalia,SOM,1975,"Age population, age 01, male",SP.POP.AG01.MA.IN,80254
Federal Republic of Somalia,SOM,1974,"Age population, age 01, male",SP.POP.AG01.MA.IN,78563.5
Federal Republic of Somalia,SOM,1973,"Age population, age 01, male",SP.POP.AG01.MA.IN,76650
Federal Republic of Somalia,SOM,1972,"Age population, age 01, male",SP.POP.AG01.MA.IN,74534
Federal Republic of Somalia,SOM,1971,"Age population, age 01, male",SP.POP.AG01.MA.IN,72540
Federal Republic of Somalia,SOM,1970,"Age population, age 01, male",SP.POP.AG01.MA.IN,70630.5
Federal Republic of Somalia,SOM,1969,"Age population, age 01, male",SP.POP.AG01.MA.IN,68788
Federal Republic of Somalia,SOM,1968,"Age population, age 01, male",SP.POP.AG01.MA.IN,67028.5
Federal Republic of Somalia,SOM,1967,"Age population, age 01, male",SP.POP.AG01.MA.IN,65338.5
Federal Republic of Somalia,SOM,1966,"Age population, age 01, male",SP.POP.AG01.MA.IN,63716.5
Federal Republic of Somalia,SOM,1965,"Age population, age 01, male",SP.POP.AG01.MA.IN,62152.5
Federal Republic of Somalia,SOM,1964,"Age population, age 01, male",SP.POP.AG01.MA.IN,60657.5
Federal Republic of Somalia,SOM,1963,"Age population, age 01, male",SP.POP.AG01.MA.IN,59222
Federal Republic of Somalia,SOM,1962,"Age population, age 01, male",SP.POP.AG01.MA.IN,57842
Federal Republic of Somalia,SOM,1961,"Age population, age 01, male",SP.POP.AG01.MA.IN,56538
Federal Republic of Somalia,SOM,1960,"Age population, age 01, male",SP.POP.AG01.MA.IN,55287
Federal Republic of Somalia,SOM,2024,"Age population, age 02, female",SP.POP.AG02.FE.IN,341487
Federal Republic of Somalia,SOM,2023,"Age population, age 02, female",SP.POP.AG02.FE.IN,332989.5
Federal Republic of Somalia,SOM,2022,"Age population, age 02, female",SP.POP.AG02.FE.IN,327885.5
Federal Republic of Somalia,SOM,2021,"Age population, age 02, female",SP.POP.AG02.FE.IN,321073.5
Federal Republic of Somalia,SOM,2020,"Age population, age 02, female",SP.POP.AG02.FE.IN,309773.5
Federal Republic of Somalia,SOM,2019,"Age population, age 02, female",SP.POP.AG02.FE.IN,298795
Federal Republic of Somalia,SOM,2018,"Age population, age 02, female",SP.POP.AG02.FE.IN,290755.5
Federal Republic of Somalia,SOM,2017,"Age population, age 02, female",SP.POP.AG02.FE.IN,283743
Federal Republic of Somalia,SOM,2016,"Age population, age 02, female",SP.POP.AG02.FE.IN,274459
Federal Republic of Somalia,SOM,2015,"Age population, age 02, female",SP.POP.AG02.FE.IN,263779
Federal Republic of Somalia,SOM,2014,"Age population, age 02, female",SP.POP.AG02.FE.IN,244448.5
Federal Republic of Somalia,SOM,2013,"Age population, age 02, female",SP.POP.AG02.FE.IN,225185.5
Federal Republic of Somalia,SOM,2012,"Age population, age 02, female",SP.POP.AG02.FE.IN,221225.5
Federal Republic of Somalia,SOM,2011,"Age population, age 02, female",SP.POP.AG02.FE.IN,229373.5
Federal Republic of Somalia,SOM,2010,"Age population, age 02, female",SP.POP.AG02.FE.IN,234643.5
Federal Republic of Somalia,SOM,2009,"Age population, age 02, female",SP.POP.AG02.FE.IN,230336.5
Federal Republic of Somalia,SOM,2008,"Age population, age 02, female",SP.POP.AG02.FE.IN,225575.5
Federal Republic of Somalia,SOM,2007,"Age population, age 02, female",SP.POP.AG02.FE.IN,220166
Federal Republic of Somalia,SOM,2006,"Age population, age 02, female",SP.POP.AG02.FE.IN,214416
Federal Republic of Somalia,SOM,2005,"Age population, age 02, female",SP.POP.AG02.FE.IN,208657
Federal Republic of Somalia,SOM,2004,"Age population, age 02, female",SP.POP.AG02.FE.IN,201938.5
Federal Republic of Somalia,SOM,2003,"Age population, age 02, female",SP.POP.AG02.FE.IN,194898
Federal Republic of Somalia,SOM,2002,"Age population, age 02, female",SP.POP.AG02.FE.IN,188258.5
Federal Republic of Somalia,SOM,2001,"Age population, age 02, female",SP.POP.AG02.FE.IN,181687
Federal Republic of Somalia,SOM,2000,"Age population, age 02, female",SP.POP.AG02.FE.IN,174854.5
Federal Republic of Somalia,SOM,1999,"Age population, age 02, female",SP.POP.AG02.FE.IN,167777.5
Federal Republic of Somalia,SOM,1998,"Age population, age 02, female",SP.POP.AG02.FE.IN,160864
Federal Republic of Somalia,SOM,1997,"Age population, age 02, female",SP.POP.AG02.FE.IN,154607.5
Federal Republic of Somalia,SOM,1996,"Age population, age 02, female",SP.POP.AG02.FE.IN,149323.5
Federal Republic of Somalia,SOM,1995,"Age population, age 02, female",SP.POP.AG02.FE.IN,137004.5
Federal Republic of Somalia,SOM,1994,"Age population, age 02, female",SP.POP.AG02.FE.IN,118341
Federal Republic of Somalia,SOM,1993,"Age population, age 02, female",SP.POP.AG02.FE.IN,107445.5
Federal Republic of Somalia,SOM,1992,"Age population, age 02, female",SP.POP.AG02.FE.IN,112226
Federal Republic of Somalia,SOM,1991,"Age population, age 02, female",SP.POP.AG02.FE.IN,127479.5
Federal Republic of Somalia,SOM,1990,"Age population, age 02, female",SP.POP.AG02.FE.IN,135620.5
Federal Republic of Somalia,SOM,1989,"Age population, age 02, female",SP.POP.AG02.FE.IN,135599.5
Federal Republic of Somalia,SOM,1988,"Age population, age 02, female",SP.POP.AG02.FE.IN,137158.5
Federal Republic of Somalia,SOM,1987,"Age population, age 02, female",SP.POP.AG02.FE.IN,136347.5
Federal Republic of Somalia,SOM,1986,"Age population, age 02, female",SP.POP.AG02.FE.IN,130984.5
Federal Republic of Somalia,SOM,1985,"Age population, age 02, female",SP.POP.AG02.FE.IN,125150.5
Federal Republic of Somalia,SOM,1984,"Age population, age 02, female",SP.POP.AG02.FE.IN,119607
Federal Republic of Somalia,SOM,1983,"Age population, age 02, female",SP.POP.AG02.FE.IN,114504
Federal Republic of Somalia,SOM,1982,"Age population, age 02, female",SP.POP.AG02.FE.IN,110051.5
Federal Republic of Somalia,SOM,1981,"Age population, age 02, female",SP.POP.AG02.FE.IN,108727
Federal Republic of Somalia,SOM,1980,"Age population, age 02, female",SP.POP.AG02.FE.IN,106296.5
Federal Republic of Somalia,SOM,1979,"Age population, age 02, female",SP.POP.AG02.FE.IN,96234.5
Federal Republic of Somalia,SOM,1978,"Age population, age 02, female",SP.POP.AG02.FE.IN,84268.5
Federal Republic of Somalia,SOM,1977,"Age population, age 02, female",SP.POP.AG02.FE.IN,77782
Federal Republic of Somalia,SOM,1976,"Age population, age 02, female",SP.POP.AG02.FE.IN,75550.5
Federal Republic of Somalia,SOM,1975,"Age population, age 02, female",SP.POP.AG02.FE.IN,73969
Federal Republic of Somalia,SOM,1974,"Age population, age 02, female",SP.POP.AG02.FE.IN,72375.5
Federal Republic of Somalia,SOM,1973,"Age population, age 02, female",SP.POP.AG02.FE.IN,70571.5
Federal Republic of Somalia,SOM,1972,"Age population, age 02, female",SP.POP.AG02.FE.IN,68670
Federal Republic of Somalia,SOM,1971,"Age population, age 02, female",SP.POP.AG02.FE.IN,66876
Federal Republic of Somalia,SOM,1970,"Age population, age 02, female",SP.POP.AG02.FE.IN,65152.5
Federal Republic of Somalia,SOM,1969,"Age population, age 02, female",SP.POP.AG02.FE.IN,63484.5
Federal Republic of Somalia,SOM,1968,"Age population, age 02, female",SP.POP.AG02.FE.IN,61886
Federal Republic of Somalia,SOM,1967,"Age population, age 02, female",SP.POP.AG02.FE.IN,60344
Federal Republic of Somalia,SOM,1966,"Age population, age 02, female",SP.POP.AG02.FE.IN,58871
Federal Republic of Somalia,SOM,1965,"Age population, age 02, female",SP.POP.AG02.FE.IN,57454
Federal Republic of Somalia,SOM,1964,"Age population, age 02, female",SP.POP.AG02.FE.IN,56078.5
Federal Republic of Somalia,SOM,1963,"Age population, age 02, female",SP.POP.AG02.FE.IN,54760.5
Federal Republic of Somalia,SOM,1962,"Age population, age 02, female",SP.POP.AG02.FE.IN,53505.5
Federal Republic of Somalia,SOM,1961,"Age population, age 02, female",SP.POP.AG02.FE.IN,52312.5
Federal Republic of Somalia,SOM,1960,"Age population, age 02, female",SP.POP.AG02.FE.IN,51170.5
Federal Republic of Somalia,SOM,2024,"Age population, age 02, male",SP.POP.AG02.MA.IN,352404.5
Federal Republic of Somalia,SOM,2023,"Age population, age 02, male",SP.POP.AG02.MA.IN,343568
Federal Republic of Somalia,SOM,2022,"Age population, age 02, male",SP.POP.AG02.MA.IN,338397
Federal Republic of Somalia,SOM,2021,"Age population, age 02, male",SP.POP.AG02.MA.IN,331285
Federal Republic of Somalia,SOM,2020,"Age population, age 02, male",SP.POP.AG02.MA.IN,319572
Federal Republic of Somalia,SOM,2019,"Age population, age 02, male",SP.POP.AG02.MA.IN,308018.5
Federal Republic of Somalia,SOM,2018,"Age population, age 02, male",SP.POP.AG02.MA.IN,299692
Federal Republic of Somalia,SOM,2017,"Age population, age 02, male",SP.POP.AG02.MA.IN,292504
Federal Republic of Somalia,SOM,2016,"Age population, age 02, male",SP.POP.AG02.MA.IN,282873.5
Federal Republic of Somalia,SOM,2015,"Age population, age 02, male",SP.POP.AG02.MA.IN,271354.5
Federal Republic of Somalia,SOM,2014,"Age population, age 02, male",SP.POP.AG02.MA.IN,251121.5
Federal Republic of Somalia,SOM,2013,"Age population, age 02, male",SP.POP.AG02.MA.IN,232053
Federal Republic of Somalia,SOM,2012,"Age population, age 02, male",SP.POP.AG02.MA.IN,228849
Federal Republic of Somalia,SOM,2011,"Age population, age 02, male",SP.POP.AG02.MA.IN,236868
Federal Republic of Somalia,SOM,2010,"Age population, age 02, male",SP.POP.AG02.MA.IN,241587
Federal Republic of Somalia,SOM,2009,"Age population, age 02, male",SP.POP.AG02.MA.IN,237171.5
Federal Republic of Somalia,SOM,2008,"Age population, age 02, male",SP.POP.AG02.MA.IN,232303
Federal Republic of Somalia,SOM,2007,"Age population, age 02, male",SP.POP.AG02.MA.IN,226712
Federal Republic of Somalia,SOM,2006,"Age population, age 02, male",SP.POP.AG02.MA.IN,220800.5
Federal Republic of Somalia,SOM,2005,"Age population, age 02, male",SP.POP.AG02.MA.IN,214911
Federal Republic of Somalia,SOM,2004,"Age population, age 02, male",SP.POP.AG02.MA.IN,208033.5
Federal Republic of Somalia,SOM,2003,"Age population, age 02, male",SP.POP.AG02.MA.IN,200830
Federal Republic of Somalia,SOM,2002,"Age population, age 02, male",SP.POP.AG02.MA.IN,194075.5
Federal Republic of Somalia,SOM,2001,"Age population, age 02, male",SP.POP.AG02.MA.IN,187370.5
Federal Republic of Somalia,SOM,2000,"Age population, age 02, male",SP.POP.AG02.MA.IN,180279
Federal Republic of Somalia,SOM,1999,"Age population, age 02, male",SP.POP.AG02.MA.IN,173046.5
Federal Republic of Somalia,SOM,1998,"Age population, age 02, male",SP.POP.AG02.MA.IN,165988
Federal Republic of Somalia,SOM,1997,"Age population, age 02, male",SP.POP.AG02.MA.IN,159434.5
Federal Republic of Somalia,SOM,1996,"Age population, age 02, male",SP.POP.AG02.MA.IN,153965
Federal Republic of Somalia,SOM,1995,"Age population, age 02, male",SP.POP.AG02.MA.IN,141022
Federal Republic of Somalia,SOM,1994,"Age population, age 02, male",SP.POP.AG02.MA.IN,121781
Federal Republic of Somalia,SOM,1993,"Age population, age 02, male",SP.POP.AG02.MA.IN,111150
Federal Republic of Somalia,SOM,1992,"Age population, age 02, male",SP.POP.AG02.MA.IN,116182.5
Federal Republic of Somalia,SOM,1991,"Age population, age 02, male",SP.POP.AG02.MA.IN,131360.5
Federal Republic of Somalia,SOM,1990,"Age population, age 02, male",SP.POP.AG02.MA.IN,139382
Federal Republic of Somalia,SOM,1989,"Age population, age 02, male",SP.POP.AG02.MA.IN,139265.5
Federal Republic of Somalia,SOM,1988,"Age population, age 02, male",SP.POP.AG02.MA.IN,140773
Federal Republic of Somalia,SOM,1987,"Age population, age 02, male",SP.POP.AG02.MA.IN,139867
Federal Republic of Somalia,SOM,1986,"Age population, age 02, male",SP.POP.AG02.MA.IN,134302.5
Federal Republic of Somalia,SOM,1985,"Age population, age 02, male",SP.POP.AG02.MA.IN,128252
Federal Republic of Somalia,SOM,1984,"Age population, age 02, male",SP.POP.AG02.MA.IN,122511
Federal Republic of Somalia,SOM,1983,"Age population, age 02, male",SP.POP.AG02.MA.IN,117223
Federal Republic of Somalia,SOM,1982,"Age population, age 02, male",SP.POP.AG02.MA.IN,112617
Federal Republic of Somalia,SOM,1981,"Age population, age 02, male",SP.POP.AG02.MA.IN,111214
Federal Republic of Somalia,SOM,1980,"Age population, age 02, male",SP.POP.AG02.MA.IN,108688
Federal Republic of Somalia,SOM,1979,"Age population, age 02, male",SP.POP.AG02.MA.IN,98364
Federal Republic of Somalia,SOM,1978,"Age population, age 02, male",SP.POP.AG02.MA.IN,86108.5
Federal Republic of Somalia,SOM,1977,"Age population, age 02, male",SP.POP.AG02.MA.IN,79477.5
Federal Republic of Somalia,SOM,1976,"Age population, age 02, male",SP.POP.AG02.MA.IN,77196.5
Federal Republic of Somalia,SOM,1975,"Age population, age 02, male",SP.POP.AG02.MA.IN,75558.5
Federal Republic of Somalia,SOM,1974,"Age population, age 02, male",SP.POP.AG02.MA.IN,73893.5
Federal Republic of Somalia,SOM,1973,"Age population, age 02, male",SP.POP.AG02.MA.IN,72019
Federal Republic of Somalia,SOM,1972,"Age population, age 02, male",SP.POP.AG02.MA.IN,70050.5
Federal Republic of Somalia,SOM,1971,"Age population, age 02, male",SP.POP.AG02.MA.IN,68195.5
Federal Republic of Somalia,SOM,1970,"Age population, age 02, male",SP.POP.AG02.MA.IN,66416
Federal Republic of Somalia,SOM,1969,"Age population, age 02, male",SP.POP.AG02.MA.IN,64692.5
Federal Republic of Somalia,SOM,1968,"Age population, age 02, male",SP.POP.AG02.MA.IN,63046
Federal Republic of Somalia,SOM,1967,"Age population, age 02, male",SP.POP.AG02.MA.IN,61459
Federal Republic of Somalia,SOM,1966,"Age population, age 02, male",SP.POP.AG02.MA.IN,59933
Federal Republic of Somalia,SOM,1965,"Age population, age 02, male",SP.POP.AG02.MA.IN,58472
Federal Republic of Somalia,SOM,1964,"Age population, age 02, male",SP.POP.AG02.MA.IN,57059.5
Federal Republic of Somalia,SOM,1963,"Age population, age 02, male",SP.POP.AG02.MA.IN,55708.5
Federal Republic of Somalia,SOM,1962,"Age population, age 02, male",SP.POP.AG02.MA.IN,54423.5
Federal Republic of Somalia,SOM,1961,"Age population, age 02, male",SP.POP.AG02.MA.IN,53192
Federal Republic of Somalia,SOM,1960,"Age population, age 02, male",SP.POP.AG02.MA.IN,52014.5
Federal Republic of Somalia,SOM,2024,"Age population, age 03, female",SP.POP.AG03.FE.IN,330431.5
Federal Republic of Somalia,SOM,2023,"Age population, age 03, female",SP.POP.AG03.FE.IN,323594.5
Federal Republic of Somalia,SOM,2022,"Age population, age 03, female",SP.POP.AG03.FE.IN,316627.5
Federal Republic of Somalia,SOM,2021,"Age population, age 03, female",SP.POP.AG03.FE.IN,307561.5
Federal Republic of Somalia,SOM,2020,"Age population, age 03, female",SP.POP.AG03.FE.IN,296708.5
Federal Republic of Somalia,SOM,2019,"Age population, age 03, female",SP.POP.AG03.FE.IN,288032.5
Federal Republic of Somalia,SOM,2018,"Age population, age 03, female",SP.POP.AG03.FE.IN,280275
Federal Republic of Somalia,SOM,2017,"Age population, age 03, female",SP.POP.AG03.FE.IN,271964.5
Federal Republic of Somalia,SOM,2016,"Age population, age 03, female",SP.POP.AG03.FE.IN,261343.5
Federal Republic of Somalia,SOM,2015,"Age population, age 03, female",SP.POP.AG03.FE.IN,241068.5
Federal Republic of Somalia,SOM,2014,"Age population, age 03, female",SP.POP.AG03.FE.IN,222252.5
Federal Republic of Somalia,SOM,2013,"Age population, age 03, female",SP.POP.AG03.FE.IN,217177
Federal Republic of Somalia,SOM,2012,"Age population, age 03, female",SP.POP.AG03.FE.IN,218439
Federal Republic of Somalia,SOM,2011,"Age population, age 03, female",SP.POP.AG03.FE.IN,223223
Federal Republic of Somalia,SOM,2010,"Age population, age 03, female",SP.POP.AG03.FE.IN,224352.5
Federal Republic of Somalia,SOM,2009,"Age population, age 03, female",SP.POP.AG03.FE.IN,219838.5
Federal Republic of Somalia,SOM,2008,"Age population, age 03, female",SP.POP.AG03.FE.IN,215403.5
Federal Republic of Somalia,SOM,2007,"Age population, age 03, female",SP.POP.AG03.FE.IN,209992.5
Federal Republic of Somalia,SOM,2006,"Age population, age 03, female",SP.POP.AG03.FE.IN,204171
Federal Republic of Somalia,SOM,2005,"Age population, age 03, female",SP.POP.AG03.FE.IN,198325
Federal Republic of Somalia,SOM,2004,"Age population, age 03, female",SP.POP.AG03.FE.IN,191758.5
Federal Republic of Somalia,SOM,2003,"Age population, age 03, female",SP.POP.AG03.FE.IN,185197
Federal Republic of Somalia,SOM,2002,"Age population, age 03, female",SP.POP.AG03.FE.IN,178818
Federal Republic of Somalia,SOM,2001,"Age population, age 03, female",SP.POP.AG03.FE.IN,172489
Federal Republic of Somalia,SOM,2000,"Age population, age 03, female",SP.POP.AG03.FE.IN,165503
Federal Republic of Somalia,SOM,1999,"Age population, age 03, female",SP.POP.AG03.FE.IN,158739.5
Federal Republic of Somalia,SOM,1998,"Age population, age 03, female",SP.POP.AG03.FE.IN,152688
Federal Republic of Somalia,SOM,1997,"Age population, age 03, female",SP.POP.AG03.FE.IN,146585
Federal Republic of Somalia,SOM,1996,"Age population, age 03, female",SP.POP.AG03.FE.IN,134560
Federal Republic of Somalia,SOM,1995,"Age population, age 03, female",SP.POP.AG03.FE.IN,116223.5
Federal Republic of Somalia,SOM,1994,"Age population, age 03, female",SP.POP.AG03.FE.IN,107237.5
Federal Republic of Somalia,SOM,1993,"Age population, age 03, female",SP.POP.AG03.FE.IN,108199.5
Federal Republic of Somalia,SOM,1992,"Age population, age 03, female",SP.POP.AG03.FE.IN,113111
Federal Republic of Somalia,SOM,1991,"Age population, age 03, female",SP.POP.AG03.FE.IN,122945.5
Federal Republic of Somalia,SOM,1990,"Age population, age 03, female",SP.POP.AG03.FE.IN,128300
Federal Republic of Somalia,SOM,1989,"Age population, age 03, female",SP.POP.AG03.FE.IN,128167
Federal Republic of Somalia,SOM,1988,"Age population, age 03, female",SP.POP.AG03.FE.IN,129549.5
Federal Republic of Somalia,SOM,1987,"Age population, age 03, female",SP.POP.AG03.FE.IN,128729
Federal Republic of Somalia,SOM,1986,"Age population, age 03, female",SP.POP.AG03.FE.IN,123664.5
Federal Republic of Somalia,SOM,1985,"Age population, age 03, female",SP.POP.AG03.FE.IN,118100.5
Federal Republic of Somalia,SOM,1984,"Age population, age 03, female",SP.POP.AG03.FE.IN,112633
Federal Republic of Somalia,SOM,1983,"Age population, age 03, female",SP.POP.AG03.FE.IN,107771.5
Federal Republic of Somalia,SOM,1982,"Age population, age 03, female",SP.POP.AG03.FE.IN,103570.5
Federal Republic of Somalia,SOM,1981,"Age population, age 03, female",SP.POP.AG03.FE.IN,101659.5
Federal Republic of Somalia,SOM,1980,"Age population, age 03, female",SP.POP.AG03.FE.IN,99406
Federal Republic of Somalia,SOM,1979,"Age population, age 03, female",SP.POP.AG03.FE.IN,90441.5
Federal Republic of Somalia,SOM,1978,"Age population, age 03, female",SP.POP.AG03.FE.IN,79287.5
Federal Republic of Somalia,SOM,1977,"Age population, age 03, female",SP.POP.AG03.FE.IN,73659.5
Federal Republic of Somalia,SOM,1976,"Age population, age 03, female",SP.POP.AG03.FE.IN,71962.5
Federal Republic of Somalia,SOM,1975,"Age population, age 03, female",SP.POP.AG03.FE.IN,70414.5
Federal Republic of Somalia,SOM,1974,"Age population, age 03, female",SP.POP.AG03.FE.IN,68751.5
Federal Republic of Somalia,SOM,1973,"Age population, age 03, female",SP.POP.AG03.FE.IN,66979
Federal Republic of Somalia,SOM,1972,"Age population, age 03, female",SP.POP.AG03.FE.IN,65196
Federal Republic of Somalia,SOM,1971,"Age population, age 03, female",SP.POP.AG03.FE.IN,63511.5
Federal Republic of Somalia,SOM,1970,"Age population, age 03, female",SP.POP.AG03.FE.IN,61891
Federal Republic of Somalia,SOM,1969,"Age population, age 03, female",SP.POP.AG03.FE.IN,60316.5
Federal Republic of Somalia,SOM,1968,"Age population, age 03, female",SP.POP.AG03.FE.IN,58806
Federal Republic of Somalia,SOM,1967,"Age population, age 03, female",SP.POP.AG03.FE.IN,57356
Federal Republic of Somalia,SOM,1966,"Age population, age 03, female",SP.POP.AG03.FE.IN,55965.5
Federal Republic of Somalia,SOM,1965,"Age population, age 03, female",SP.POP.AG03.FE.IN,54615
Federal Republic of Somalia,SOM,1964,"Age population, age 03, female",SP.POP.AG03.FE.IN,53311
Federal Republic of Somalia,SOM,1963,"Age population, age 03, female",SP.POP.AG03.FE.IN,52075
Federal Republic of Somalia,SOM,1962,"Age population, age 03, female",SP.POP.AG03.FE.IN,50895.5
Federal Republic of Somalia,SOM,1961,"Age population, age 03, female",SP.POP.AG03.FE.IN,49763.5
Federal Republic of Somalia,SOM,1960,"Age population, age 03, female",SP.POP.AG03.FE.IN,48681.5
Federal Republic of Somalia,SOM,2024,"Age population, age 03, male",SP.POP.AG03.MA.IN,340703
Federal Republic of Somalia,SOM,2023,"Age population, age 03, male",SP.POP.AG03.MA.IN,333831.5
Federal Republic of Somalia,SOM,2022,"Age population, age 03, male",SP.POP.AG03.MA.IN,326560.5
Federal Republic of Somalia,SOM,2021,"Age population, age 03, male",SP.POP.AG03.MA.IN,317090.5
Federal Republic of Somalia,SOM,2020,"Age population, age 03, male",SP.POP.AG03.MA.IN,305684
Federal Republic of Somalia,SOM,2019,"Age population, age 03, male",SP.POP.AG03.MA.IN,296731.5
Federal Republic of Somalia,SOM,2018,"Age population, age 03, male",SP.POP.AG03.MA.IN,288833
Federal Republic of Somalia,SOM,2017,"Age population, age 03, male",SP.POP.AG03.MA.IN,280182
Federal Republic of Somalia,SOM,2016,"Age population, age 03, male",SP.POP.AG03.MA.IN,268687.5
Federal Republic of Somalia,SOM,2015,"Age population, age 03, male",SP.POP.AG03.MA.IN,247504.5
Federal Republic of Somalia,SOM,2014,"Age population, age 03, male",SP.POP.AG03.MA.IN,228896
Federal Republic of Somalia,SOM,2013,"Age population, age 03, male",SP.POP.AG03.MA.IN,224581.5
Federal Republic of Somalia,SOM,2012,"Age population, age 03, male",SP.POP.AG03.MA.IN,225873.5
Federal Republic of Somalia,SOM,2011,"Age population, age 03, male",SP.POP.AG03.MA.IN,230104
Federal Republic of Somalia,SOM,2010,"Age population, age 03, male",SP.POP.AG03.MA.IN,230934.5
Federal Republic of Somalia,SOM,2009,"Age population, age 03, male",SP.POP.AG03.MA.IN,226280.5
Federal Republic of Somalia,SOM,2008,"Age population, age 03, male",SP.POP.AG03.MA.IN,221699.5
Federal Republic of Somalia,SOM,2007,"Age population, age 03, male",SP.POP.AG03.MA.IN,216145.5
Federal Republic of Somalia,SOM,2006,"Age population, age 03, male",SP.POP.AG03.MA.IN,210200.5
Federal Republic of Somalia,SOM,2005,"Age population, age 03, male",SP.POP.AG03.MA.IN,204227.5
Federal Republic of Somalia,SOM,2004,"Age population, age 03, male",SP.POP.AG03.MA.IN,197515.5
Federal Republic of Somalia,SOM,2003,"Age population, age 03, male",SP.POP.AG03.MA.IN,190841
Federal Republic of Somalia,SOM,2002,"Age population, age 03, male",SP.POP.AG03.MA.IN,184333.5
Federal Republic of Somalia,SOM,2001,"Age population, age 03, male",SP.POP.AG03.MA.IN,177764.5
Federal Republic of Somalia,SOM,2000,"Age population, age 03, male",SP.POP.AG03.MA.IN,170628
Federal Republic of Somalia,SOM,1999,"Age population, age 03, male",SP.POP.AG03.MA.IN,163723.5
Federal Republic of Somalia,SOM,1998,"Age population, age 03, male",SP.POP.AG03.MA.IN,157387
Federal Republic of Somalia,SOM,1997,"Age population, age 03, male",SP.POP.AG03.MA.IN,151076
Federal Republic of Somalia,SOM,1996,"Age population, age 03, male",SP.POP.AG03.MA.IN,138441
Federal Republic of Somalia,SOM,1995,"Age population, age 03, male",SP.POP.AG03.MA.IN,119541.5
Federal Republic of Somalia,SOM,1994,"Age population, age 03, male",SP.POP.AG03.MA.IN,110885.5
Federal Republic of Somalia,SOM,1993,"Age population, age 03, male",SP.POP.AG03.MA.IN,112227.5
Federal Republic of Somalia,SOM,1992,"Age population, age 03, male",SP.POP.AG03.MA.IN,117031.5
Federal Republic of Somalia,SOM,1991,"Age population, age 03, male",SP.POP.AG03.MA.IN,126556.5
Federal Republic of Somalia,SOM,1990,"Age population, age 03, male",SP.POP.AG03.MA.IN,131693
Federal Republic of Somalia,SOM,1989,"Age population, age 03, male",SP.POP.AG03.MA.IN,131481
Federal Republic of Somalia,SOM,1988,"Age population, age 03, male",SP.POP.AG03.MA.IN,132827.5
Federal Republic of Somalia,SOM,1987,"Age population, age 03, male",SP.POP.AG03.MA.IN,131915
Federal Republic of Somalia,SOM,1986,"Age population, age 03, male",SP.POP.AG03.MA.IN,126659
Federal Republic of Somalia,SOM,1985,"Age population, age 03, male",SP.POP.AG03.MA.IN,120899
Federal Republic of Somalia,SOM,1984,"Age population, age 03, male",SP.POP.AG03.MA.IN,115238
Federal Republic of Somalia,SOM,1983,"Age population, age 03, male",SP.POP.AG03.MA.IN,110213
Federal Republic of Somalia,SOM,1982,"Age population, age 03, male",SP.POP.AG03.MA.IN,105868.5
Federal Republic of Somalia,SOM,1981,"Age population, age 03, male",SP.POP.AG03.MA.IN,103871.5
Federal Republic of Somalia,SOM,1980,"Age population, age 03, male",SP.POP.AG03.MA.IN,101526
Federal Republic of Somalia,SOM,1979,"Age population, age 03, male",SP.POP.AG03.MA.IN,92341
Federal Republic of Somalia,SOM,1978,"Age population, age 03, male",SP.POP.AG03.MA.IN,80947
Federal Republic of Somalia,SOM,1977,"Age population, age 03, male",SP.POP.AG03.MA.IN,75208
Federal Republic of Somalia,SOM,1976,"Age population, age 03, male",SP.POP.AG03.MA.IN,73461.5
Federal Republic of Somalia,SOM,1975,"Age population, age 03, male",SP.POP.AG03.MA.IN,71844
Federal Republic of Somalia,SOM,1974,"Age population, age 03, male",SP.POP.AG03.MA.IN,70106.5
Federal Republic of Somalia,SOM,1973,"Age population, age 03, male",SP.POP.AG03.MA.IN,68263
Federal Republic of Somalia,SOM,1972,"Age population, age 03, male",SP.POP.AG03.MA.IN,66421.5
Federal Republic of Somalia,SOM,1971,"Age population, age 03, male",SP.POP.AG03.MA.IN,64684
Federal Republic of Somalia,SOM,1970,"Age population, age 03, male",SP.POP.AG03.MA.IN,63011
Federal Republic of Somalia,SOM,1969,"Age population, age 03, male",SP.POP.AG03.MA.IN,61389.5
Federal Republic of Somalia,SOM,1968,"Age population, age 03, male",SP.POP.AG03.MA.IN,59835
Federal Republic of Somalia,SOM,1967,"Age population, age 03, male",SP.POP.AG03.MA.IN,58334.5
Federal Republic of Somalia,SOM,1966,"Age population, age 03, male",SP.POP.AG03.MA.IN,56902
Federal Republic of Somalia,SOM,1965,"Age population, age 03, male",SP.POP.AG03.MA.IN,55515.5
Federal Republic of Somalia,SOM,1964,"Age population, age 03, male",SP.POP.AG03.MA.IN,54179.5
Federal Republic of Somalia,SOM,1963,"Age population, age 03, male",SP.POP.AG03.MA.IN,52915
Federal Republic of Somalia,SOM,1962,"Age population, age 03, male",SP.POP.AG03.MA.IN,51699.5
Federal Republic of Somalia,SOM,1961,"Age population, age 03, male",SP.POP.AG03.MA.IN,50534
Federal Republic of Somalia,SOM,1960,"Age population, age 03, male",SP.POP.AG03.MA.IN,49421.5
Federal Republic of Somalia,SOM,2024,"Age population, age 04, female",SP.POP.AG04.FE.IN,321811.5
Federal Republic of Somalia,SOM,2023,"Age population, age 04, female",SP.POP.AG04.FE.IN,313421.5
Federal Republic of Somalia,SOM,2022,"Age population, age 04, female",SP.POP.AG04.FE.IN,304238
Federal Republic of Somalia,SOM,2021,"Age population, age 04, female",SP.POP.AG04.FE.IN,295329
Federal Republic of Somalia,SOM,2020,"Age population, age 04, female",SP.POP.AG04.FE.IN,286767
Federal Republic of Somalia,SOM,2019,"Age population, age 04, female",SP.POP.AG04.FE.IN,278479
Federal Republic of Somalia,SOM,2018,"Age population, age 04, female",SP.POP.AG04.FE.IN,269633
Federal Republic of Somalia,SOM,2017,"Age population, age 04, female",SP.POP.AG04.FE.IN,259810
Federal Republic of Somalia,SOM,2016,"Age population, age 04, female",SP.POP.AG04.FE.IN,239542.5
Federal Republic of Somalia,SOM,2015,"Age population, age 04, female",SP.POP.AG04.FE.IN,219885
Federal Republic of Somalia,SOM,2014,"Age population, age 04, female",SP.POP.AG04.FE.IN,215076
Federal Republic of Somalia,SOM,2013,"Age population, age 04, female",SP.POP.AG04.FE.IN,215359.5
Federal Republic of Somalia,SOM,2012,"Age population, age 04, female",SP.POP.AG04.FE.IN,214602
Federal Republic of Somalia,SOM,2011,"Age population, age 04, female",SP.POP.AG04.FE.IN,215356
Federal Republic of Somalia,SOM,2010,"Age population, age 04, female",SP.POP.AG04.FE.IN,215103
Federal Republic of Somalia,SOM,2009,"Age population, age 04, female",SP.POP.AG04.FE.IN,210794.5
Federal Republic of Somalia,SOM,2008,"Age population, age 04, female",SP.POP.AG04.FE.IN,206329.5
Federal Republic of Somalia,SOM,2007,"Age population, age 04, female",SP.POP.AG04.FE.IN,200835
Federal Republic of Somalia,SOM,2006,"Age population, age 04, female",SP.POP.AG04.FE.IN,194920.5
Federal Republic of Somalia,SOM,2005,"Age population, age 04, female",SP.POP.AG04.FE.IN,189168.5
Federal Republic of Somalia,SOM,2004,"Age population, age 04, female",SP.POP.AG04.FE.IN,183031.5
Federal Republic of Somalia,SOM,2003,"Age population, age 04, female",SP.POP.AG04.FE.IN,176700
Federal Republic of Somalia,SOM,2002,"Age population, age 04, female",SP.POP.AG04.FE.IN,170524.5
Federal Republic of Somalia,SOM,2001,"Age population, age 04, female",SP.POP.AG04.FE.IN,163997.5
Federal Republic of Somalia,SOM,2000,"Age population, age 04, female",SP.POP.AG04.FE.IN,157296.5
Federal Republic of Somalia,SOM,1999,"Age population, age 04, female",SP.POP.AG04.FE.IN,151349.5
Federal Republic of Somalia,SOM,1998,"Age population, age 04, female",SP.POP.AG04.FE.IN,145381.5
Federal Republic of Somalia,SOM,1997,"Age population, age 04, female",SP.POP.AG04.FE.IN,132697
Federal Republic of Somalia,SOM,1996,"Age population, age 04, female",SP.POP.AG04.FE.IN,114731.5
Federal Republic of Somalia,SOM,1995,"Age population, age 04, female",SP.POP.AG04.FE.IN,105781.5
Federal Republic of Somalia,SOM,1994,"Age population, age 04, female",SP.POP.AG04.FE.IN,108454
Federal Republic of Somalia,SOM,1993,"Age population, age 04, female",SP.POP.AG04.FE.IN,110399.5
Federal Republic of Somalia,SOM,1992,"Age population, age 04, female",SP.POP.AG04.FE.IN,111173.5
Federal Republic of Somalia,SOM,1991,"Age population, age 04, female",SP.POP.AG04.FE.IN,117603.5
Federal Republic of Somalia,SOM,1990,"Age population, age 04, female",SP.POP.AG04.FE.IN,121850
Federal Republic of Somalia,SOM,1989,"Age population, age 04, female",SP.POP.AG04.FE.IN,121675.5
Federal Republic of Somalia,SOM,1988,"Age population, age 04, female",SP.POP.AG04.FE.IN,122947
Federal Republic of Somalia,SOM,1987,"Age population, age 04, female",SP.POP.AG04.FE.IN,122157.5
Federal Republic of Somalia,SOM,1986,"Age population, age 04, female",SP.POP.AG04.FE.IN,117304.5
Federal Republic of Somalia,SOM,1985,"Age population, age 04, female",SP.POP.AG04.FE.IN,111798
Federal Republic of Somalia,SOM,1984,"Age population, age 04, female",SP.POP.AG04.FE.IN,106572.5
Federal Republic of Somalia,SOM,1983,"Age population, age 04, female",SP.POP.AG04.FE.IN,101968
Federal Republic of Somalia,SOM,1982,"Age population, age 04, female",SP.POP.AG04.FE.IN,97350
Federal Republic of Somalia,SOM,1981,"Age population, age 04, female",SP.POP.AG04.FE.IN,95581.5
Federal Republic of Somalia,SOM,1980,"Age population, age 04, female",SP.POP.AG04.FE.IN,93956.5
Federal Republic of Somalia,SOM,1979,"Age population, age 04, female",SP.POP.AG04.FE.IN,85621
Federal Republic of Somalia,SOM,1978,"Age population, age 04, female",SP.POP.AG04.FE.IN,75529.5
Federal Republic of Somalia,SOM,1977,"Age population, age 04, female",SP.POP.AG04.FE.IN,70593
Federal Republic of Somalia,SOM,1976,"Age population, age 04, female",SP.POP.AG04.FE.IN,68959
Federal Republic of Somalia,SOM,1975,"Age population, age 04, female",SP.POP.AG04.FE.IN,67339
Federal Republic of Somalia,SOM,1974,"Age population, age 04, female",SP.POP.AG04.FE.IN,65668.5
Federal Republic of Somalia,SOM,1973,"Age population, age 04, female",SP.POP.AG04.FE.IN,63973
Federal Republic of Somalia,SOM,1972,"Age population, age 04, female",SP.POP.AG04.FE.IN,62292.5
Federal Republic of Somalia,SOM,1971,"Age population, age 04, female",SP.POP.AG04.FE.IN,60703
Federal Republic of Somalia,SOM,1970,"Age population, age 04, female",SP.POP.AG04.FE.IN,59168
Federal Republic of Somalia,SOM,1969,"Age population, age 04, female",SP.POP.AG04.FE.IN,57674.5
Federal Republic of Somalia,SOM,1968,"Age population, age 04, female",SP.POP.AG04.FE.IN,56248
Federal Republic of Somalia,SOM,1967,"Age population, age 04, female",SP.POP.AG04.FE.IN,54874
Federal Republic of Somalia,SOM,1966,"Age population, age 04, female",SP.POP.AG04.FE.IN,53544.5
Federal Republic of Somalia,SOM,1965,"Age population, age 04, female",SP.POP.AG04.FE.IN,52259.5
Federal Republic of Somalia,SOM,1964,"Age population, age 04, female",SP.POP.AG04.FE.IN,51032
Federal Republic of Somalia,SOM,1963,"Age population, age 04, female",SP.POP.AG04.FE.IN,49866
Federal Republic of Somalia,SOM,1962,"Age population, age 04, female",SP.POP.AG04.FE.IN,48743.5
Federal Republic of Somalia,SOM,1961,"Age population, age 04, female",SP.POP.AG04.FE.IN,47667.5
Federal Republic of Somalia,SOM,1960,"Age population, age 04, female",SP.POP.AG04.FE.IN,46644.5
Federal Republic of Somalia,SOM,2024,"Age population, age 04, male",SP.POP.AG04.MA.IN,331749.5
Federal Republic of Somalia,SOM,2023,"Age population, age 04, male",SP.POP.AG04.MA.IN,323072.5
Federal Republic of Somalia,SOM,2022,"Age population, age 04, male",SP.POP.AG04.MA.IN,313486
Federal Republic of Somalia,SOM,2021,"Age population, age 04, male",SP.POP.AG04.MA.IN,304052
Federal Republic of Somalia,SOM,2020,"Age population, age 04, male",SP.POP.AG04.MA.IN,295231
Federal Republic of Somalia,SOM,2019,"Age population, age 04, male",SP.POP.AG04.MA.IN,286805.5
Federal Republic of Somalia,SOM,2018,"Age population, age 04, male",SP.POP.AG04.MA.IN,277641.5
Federal Republic of Somalia,SOM,2017,"Age population, age 04, male",SP.POP.AG04.MA.IN,266965
Federal Republic of Somalia,SOM,2016,"Age population, age 04, male",SP.POP.AG04.MA.IN,245778
Federal Republic of Somalia,SOM,2015,"Age population, age 04, male",SP.POP.AG04.MA.IN,226313
Federal Republic of Somalia,SOM,2014,"Age population, age 04, male",SP.POP.AG04.MA.IN,222267.5
Federal Republic of Somalia,SOM,2013,"Age population, age 04, male",SP.POP.AG04.MA.IN,222585
Federal Republic of Somalia,SOM,2012,"Age population, age 04, male",SP.POP.AG04.MA.IN,221345
Federal Republic of Somalia,SOM,2011,"Age population, age 04, male",SP.POP.AG04.MA.IN,221796
Federal Republic of Somalia,SOM,2010,"Age population, age 04, male",SP.POP.AG04.MA.IN,221313.5
Federal Republic of Somalia,SOM,2009,"Age population, age 04, male",SP.POP.AG04.MA.IN,216842
Federal Republic of Somalia,SOM,2008,"Age population, age 04, male",SP.POP.AG04.MA.IN,212269.5
Federal Republic of Somalia,SOM,2007,"Age population, age 04, male",SP.POP.AG04.MA.IN,206669
Federal Republic of Somalia,SOM,2006,"Age population, age 04, male",SP.POP.AG04.MA.IN,200632
Federal Republic of Somalia,SOM,2005,"Age population, age 04, male",SP.POP.AG04.MA.IN,194764.5
Federal Republic of Somalia,SOM,2004,"Age population, age 04, male",SP.POP.AG04.MA.IN,188531
Federal Republic of Somalia,SOM,2003,"Age population, age 04, male",SP.POP.AG04.MA.IN,182073.5
Federal Republic of Somalia,SOM,2002,"Age population, age 04, male",SP.POP.AG04.MA.IN,175665
Federal Republic of Somalia,SOM,2001,"Age population, age 04, male",SP.POP.AG04.MA.IN,169003
Federal Republic of Somalia,SOM,2000,"Age population, age 04, male",SP.POP.AG04.MA.IN,162164
Federal Republic of Somalia,SOM,1999,"Age population, age 04, male",SP.POP.AG04.MA.IN,155938
Federal Republic of Somalia,SOM,1998,"Age population, age 04, male",SP.POP.AG04.MA.IN,149769
Federal Republic of Somalia,SOM,1997,"Age population, age 04, male",SP.POP.AG04.MA.IN,136462.5
Federal Republic of Somalia,SOM,1996,"Age population, age 04, male",SP.POP.AG04.MA.IN,117954
Federal Republic of Somalia,SOM,1995,"Age population, age 04, male",SP.POP.AG04.MA.IN,109327.5
Federal Republic of Somalia,SOM,1994,"Age population, age 04, male",SP.POP.AG04.MA.IN,112433
Federal Republic of Somalia,SOM,1993,"Age population, age 04, male",SP.POP.AG04.MA.IN,114347.5
Federal Republic of Somalia,SOM,1992,"Age population, age 04, male",SP.POP.AG04.MA.IN,114726.5
Federal Republic of Somalia,SOM,1991,"Age population, age 04, male",SP.POP.AG04.MA.IN,120818.5
Federal Republic of Somalia,SOM,1990,"Age population, age 04, male",SP.POP.AG04.MA.IN,124934.5
Federal Republic of Somalia,SOM,1989,"Age population, age 04, male",SP.POP.AG04.MA.IN,124703
Federal Republic of Somalia,SOM,1988,"Age population, age 04, male",SP.POP.AG04.MA.IN,125939
Federal Republic of Somalia,SOM,1987,"Age population, age 04, male",SP.POP.AG04.MA.IN,125055
Federal Republic of Somalia,SOM,1986,"Age population, age 04, male",SP.POP.AG04.MA.IN,120029
Federal Republic of Somalia,SOM,1985,"Age population, age 04, male",SP.POP.AG04.MA.IN,114329.5
Federal Republic of Somalia,SOM,1984,"Age population, age 04, male",SP.POP.AG04.MA.IN,108932
Federal Republic of Somalia,SOM,1983,"Age population, age 04, male",SP.POP.AG04.MA.IN,104176.5
Federal Republic of Somalia,SOM,1982,"Age population, age 04, male",SP.POP.AG04.MA.IN,99416
Federal Republic of Somalia,SOM,1981,"Age population, age 04, male",SP.POP.AG04.MA.IN,97564.5
Federal Republic of Somalia,SOM,1980,"Age population, age 04, male",SP.POP.AG04.MA.IN,95873.5
Federal Republic of Somalia,SOM,1979,"Age population, age 04, male",SP.POP.AG04.MA.IN,87361.5
Federal Republic of Somalia,SOM,1978,"Age population, age 04, male",SP.POP.AG04.MA.IN,77069
Federal Republic of Somalia,SOM,1977,"Age population, age 04, male",SP.POP.AG04.MA.IN,72023
Federal Republic of Somalia,SOM,1976,"Age population, age 04, male",SP.POP.AG04.MA.IN,70325
Federal Republic of Somalia,SOM,1975,"Age population, age 04, male",SP.POP.AG04.MA.IN,68632.5
Federal Republic of Somalia,SOM,1974,"Age population, age 04, male",SP.POP.AG04.MA.IN,66889.5
Federal Republic of Somalia,SOM,1973,"Age population, age 04, male",SP.POP.AG04.MA.IN,65134
Federal Republic of Somalia,SOM,1972,"Age population, age 04, male",SP.POP.AG04.MA.IN,63402
Federal Republic of Somalia,SOM,1971,"Age population, age 04, male",SP.POP.AG04.MA.IN,61761.5
Federal Republic of Somalia,SOM,1970,"Age population, age 04, male",SP.POP.AG04.MA.IN,60181.5
Federal Republic of Somalia,SOM,1969,"Age population, age 04, male",SP.POP.AG04.MA.IN,58645
Federal Republic of Somalia,SOM,1968,"Age population, age 04, male",SP.POP.AG04.MA.IN,57169.5
Federal Republic of Somalia,SOM,1967,"Age population, age 04, male",SP.POP.AG04.MA.IN,55755.5
Federal Republic of Somalia,SOM,1966,"Age population, age 04, male",SP.POP.AG04.MA.IN,54391.5
Federal Republic of Somalia,SOM,1965,"Age population, age 04, male",SP.POP.AG04.MA.IN,53075.5
Federal Republic of Somalia,SOM,1964,"Age population, age 04, male",SP.POP.AG04.MA.IN,51820
Federal Republic of Somalia,SOM,1963,"Age population, age 04, male",SP.POP.AG04.MA.IN,50619
Federal Republic of Somalia,SOM,1962,"Age population, age 04, male",SP.POP.AG04.MA.IN,49465
Federal Republic of Somalia,SOM,1961,"Age population, age 04, male",SP.POP.AG04.MA.IN,48360.5
Federal Republic of Somalia,SOM,1960,"Age population, age 04, male",SP.POP.AG04.MA.IN,47306
Federal Republic of Somalia,SOM,2024,"Age population, age 05, female",SP.POP.AG05.FE.IN,312189.5
Federal Republic of Somalia,SOM,2023,"Age population, age 05, female",SP.POP.AG05.FE.IN,301764
Federal Republic of Somalia,SOM,2022,"Age population, age 05, female",SP.POP.AG05.FE.IN,292753
Federal Republic of Somalia,SOM,2021,"Age population, age 05, female",SP.POP.AG05.FE.IN,285952
Federal Republic of Somalia,SOM,2020,"Age population, age 05, female",SP.POP.AG05.FE.IN,277780
Federal Republic of Somalia,SOM,2019,"Age population, age 05, female",SP.POP.AG05.FE.IN,268472.5
Federal Republic of Somalia,SOM,2018,"Age population, age 05, female",SP.POP.AG05.FE.IN,258209
Federal Republic of Somalia,SOM,2017,"Age population, age 05, female",SP.POP.AG05.FE.IN,238741
Federal Republic of Somalia,SOM,2016,"Age population, age 05, female",SP.POP.AG05.FE.IN,219012
Federal Republic of Somalia,SOM,2015,"Age population, age 05, female",SP.POP.AG05.FE.IN,213285.5
Federal Republic of Somalia,SOM,2014,"Age population, age 05, female",SP.POP.AG05.FE.IN,213799.5
Federal Republic of Somalia,SOM,2013,"Age population, age 05, female",SP.POP.AG05.FE.IN,212211.5
Federal Republic of Somalia,SOM,2012,"Age population, age 05, female",SP.POP.AG05.FE.IN,208195
Federal Republic of Somalia,SOM,2011,"Age population, age 05, female",SP.POP.AG05.FE.IN,207610.5
Federal Republic of Somalia,SOM,2010,"Age population, age 05, female",SP.POP.AG05.FE.IN,206920
Federal Republic of Somalia,SOM,2009,"Age population, age 05, female",SP.POP.AG05.FE.IN,202528.5
Federal Republic of Somalia,SOM,2008,"Age population, age 05, female",SP.POP.AG05.FE.IN,197950.5
Federal Republic of Somalia,SOM,2007,"Age population, age 05, female",SP.POP.AG05.FE.IN,192350
Federal Republic of Somalia,SOM,2006,"Age population, age 05, female",SP.POP.AG05.FE.IN,186522.5
Federal Republic of Somalia,SOM,2005,"Age population, age 05, female",SP.POP.AG05.FE.IN,181149.5
Federal Republic of Somalia,SOM,2004,"Age population, age 05, female",SP.POP.AG05.FE.IN,175208.5
Federal Republic of Somalia,SOM,2003,"Age population, age 05, female",SP.POP.AG05.FE.IN,169060
Federal Republic of Somalia,SOM,2002,"Age population, age 05, female",SP.POP.AG05.FE.IN,162665
Federal Republic of Somalia,SOM,2001,"Age population, age 05, female",SP.POP.AG05.FE.IN,156382.5
Federal Republic of Somalia,SOM,2000,"Age population, age 05, female",SP.POP.AG05.FE.IN,150468.5
Federal Republic of Somalia,SOM,1999,"Age population, age 05, female",SP.POP.AG05.FE.IN,144536
Federal Republic of Somalia,SOM,1998,"Age population, age 05, female",SP.POP.AG05.FE.IN,131999.5
Federal Republic of Somalia,SOM,1997,"Age population, age 05, female",SP.POP.AG05.FE.IN,113474
Federal Republic of Somalia,SOM,1996,"Age population, age 05, female",SP.POP.AG05.FE.IN,104806
Federal Republic of Somalia,SOM,1995,"Age population, age 05, female",SP.POP.AG05.FE.IN,107353
Federal Republic of Somalia,SOM,1994,"Age population, age 05, female",SP.POP.AG05.FE.IN,110927
Federal Republic of Somalia,SOM,1993,"Age population, age 05, female",SP.POP.AG05.FE.IN,109290
Federal Republic of Somalia,SOM,1992,"Age population, age 05, female",SP.POP.AG05.FE.IN,107473.5
Federal Republic of Somalia,SOM,1991,"Age population, age 05, female",SP.POP.AG05.FE.IN,112445
Federal Republic of Somalia,SOM,1990,"Age population, age 05, female",SP.POP.AG05.FE.IN,116083
Federal Republic of Somalia,SOM,1989,"Age population, age 05, female",SP.POP.AG05.FE.IN,115904.5
Federal Republic of Somalia,SOM,1988,"Age population, age 05, female",SP.POP.AG05.FE.IN,117116.5
Federal Republic of Somalia,SOM,1987,"Age population, age 05, female",SP.POP.AG05.FE.IN,116307
Federal Republic of Somalia,SOM,1986,"Age population, age 05, female",SP.POP.AG05.FE.IN,111469
Federal Republic of Somalia,SOM,1985,"Age population, age 05, female",SP.POP.AG05.FE.IN,106190
Federal Republic of Somalia,SOM,1984,"Age population, age 05, female",SP.POP.AG05.FE.IN,101222.5
Federal Republic of Somalia,SOM,1983,"Age population, age 05, female",SP.POP.AG05.FE.IN,96219.5
Federal Republic of Somalia,SOM,1982,"Age population, age 05, female",SP.POP.AG05.FE.IN,91879.5
Federal Republic of Somalia,SOM,1981,"Age population, age 05, female",SP.POP.AG05.FE.IN,90707
Federal Republic of Somalia,SOM,1980,"Age population, age 05, female",SP.POP.AG05.FE.IN,89363
Federal Republic of Somalia,SOM,1979,"Age population, age 05, female",SP.POP.AG05.FE.IN,81943
Federal Republic of Somalia,SOM,1978,"Age population, age 05, female",SP.POP.AG05.FE.IN,72689.5
Federal Republic of Somalia,SOM,1977,"Age population, age 05, female",SP.POP.AG05.FE.IN,67947
Federal Republic of Somalia,SOM,1976,"Age population, age 05, female",SP.POP.AG05.FE.IN,66257.5
Federal Republic of Somalia,SOM,1975,"Age population, age 05, female",SP.POP.AG05.FE.IN,64625.5
Federal Republic of Somalia,SOM,1974,"Age population, age 05, female",SP.POP.AG05.FE.IN,63009.5
Federal Republic of Somalia,SOM,1973,"Age population, age 05, female",SP.POP.AG05.FE.IN,61394
Federal Republic of Somalia,SOM,1972,"Age population, age 05, female",SP.POP.AG05.FE.IN,59804
Federal Republic of Somalia,SOM,1971,"Age population, age 05, female",SP.POP.AG05.FE.IN,58294
Federal Republic of Somalia,SOM,1970,"Age population, age 05, female",SP.POP.AG05.FE.IN,56833.5
Federal Republic of Somalia,SOM,1969,"Age population, age 05, female",SP.POP.AG05.FE.IN,55419
Federal Republic of Somalia,SOM,1968,"Age population, age 05, female",SP.POP.AG05.FE.IN,54064
Federal Republic of Somalia,SOM,1967,"Age population, age 05, female",SP.POP.AG05.FE.IN,52747
Federal Republic of Somalia,SOM,1966,"Age population, age 05, female",SP.POP.AG05.FE.IN,51478.5
Federal Republic of Somalia,SOM,1965,"Age population, age 05, female",SP.POP.AG05.FE.IN,50265.5
Federal Republic of Somalia,SOM,1964,"Age population, age 05, female",SP.POP.AG05.FE.IN,49104
Federal Republic of Somalia,SOM,1963,"Age population, age 05, female",SP.POP.AG05.FE.IN,47991.5
Federal Republic of Somalia,SOM,1962,"Age population, age 05, female",SP.POP.AG05.FE.IN,46922.5
Federal Republic of Somalia,SOM,1961,"Age population, age 05, female",SP.POP.AG05.FE.IN,45902.5
Federal Republic of Somalia,SOM,1960,"Age population, age 05, female",SP.POP.AG05.FE.IN,44930.5
Federal Republic of Somalia,SOM,2024,"Age population, age 05, male",SP.POP.AG05.MA.IN,321577.5
Federal Republic of Somalia,SOM,2023,"Age population, age 05, male",SP.POP.AG05.MA.IN,310746
Federal Republic of Somalia,SOM,2022,"Age population, age 05, male",SP.POP.AG05.MA.IN,301213.5
Federal Republic of Somalia,SOM,2021,"Age population, age 05, male",SP.POP.AG05.MA.IN,294196.5
Federal Republic of Somalia,SOM,2020,"Age population, age 05, male",SP.POP.AG05.MA.IN,285902
Federal Republic of Somalia,SOM,2019,"Age population, age 05, male",SP.POP.AG05.MA.IN,276274.5
Federal Republic of Somalia,SOM,2018,"Age population, age 05, male",SP.POP.AG05.MA.IN,265170
Federal Republic of Somalia,SOM,2017,"Age population, age 05, male",SP.POP.AG05.MA.IN,244821.5
Federal Republic of Somalia,SOM,2016,"Age population, age 05, male",SP.POP.AG05.MA.IN,225278.5
Federal Republic of Somalia,SOM,2015,"Age population, age 05, male",SP.POP.AG05.MA.IN,220284.5
Federal Republic of Somalia,SOM,2014,"Age population, age 05, male",SP.POP.AG05.MA.IN,220841
Federal Republic of Somalia,SOM,2013,"Age population, age 05, male",SP.POP.AG05.MA.IN,218766.5
Federal Republic of Somalia,SOM,2012,"Age population, age 05, male",SP.POP.AG05.MA.IN,214411.5
Federal Republic of Somalia,SOM,2011,"Age population, age 05, male",SP.POP.AG05.MA.IN,213595.5
Federal Republic of Somalia,SOM,2010,"Age population, age 05, male",SP.POP.AG05.MA.IN,212760
Federal Republic of Somalia,SOM,2009,"Age population, age 05, male",SP.POP.AG05.MA.IN,208258.5
Federal Republic of Somalia,SOM,2008,"Age population, age 05, male",SP.POP.AG05.MA.IN,203609
Federal Republic of Somalia,SOM,2007,"Age population, age 05, male",SP.POP.AG05.MA.IN,197902.5
Federal Republic of Somalia,SOM,2006,"Age population, age 05, male",SP.POP.AG05.MA.IN,191962
Federal Republic of Somalia,SOM,2005,"Age population, age 05, male",SP.POP.AG05.MA.IN,186519.5
Federal Republic of Somalia,SOM,2004,"Age population, age 05, male",SP.POP.AG05.MA.IN,180467
Federal Republic of Somalia,SOM,2003,"Age population, age 05, male",SP.POP.AG05.MA.IN,174088.5
Federal Republic of Somalia,SOM,2002,"Age population, age 05, male",SP.POP.AG05.MA.IN,167564
Federal Republic of Somalia,SOM,2001,"Age population, age 05, male",SP.POP.AG05.MA.IN,161157.5
Federal Republic of Somalia,SOM,2000,"Age population, age 05, male",SP.POP.AG05.MA.IN,154969.5
Federal Republic of Somalia,SOM,1999,"Age population, age 05, male",SP.POP.AG05.MA.IN,148837
Federal Republic of Somalia,SOM,1998,"Age population, age 05, male",SP.POP.AG05.MA.IN,135691
Federal Republic of Somalia,SOM,1997,"Age population, age 05, male",SP.POP.AG05.MA.IN,116613
Federal Republic of Somalia,SOM,1996,"Age population, age 05, male",SP.POP.AG05.MA.IN,108275
Federal Republic of Somalia,SOM,1995,"Age population, age 05, male",SP.POP.AG05.MA.IN,111246.5
Federal Republic of Somalia,SOM,1994,"Age population, age 05, male",SP.POP.AG05.MA.IN,114834.5
Federal Republic of Somalia,SOM,1993,"Age population, age 05, male",SP.POP.AG05.MA.IN,112811
Federal Republic of Somalia,SOM,1992,"Age population, age 05, male",SP.POP.AG05.MA.IN,110512.5
Federal Republic of Somalia,SOM,1991,"Age population, age 05, male",SP.POP.AG05.MA.IN,115310.5
Federal Republic of Somalia,SOM,1990,"Age population, age 05, male",SP.POP.AG05.MA.IN,118920
Federal Republic of Somalia,SOM,1989,"Age population, age 05, male",SP.POP.AG05.MA.IN,118687
Federal Republic of Somalia,SOM,1988,"Age population, age 05, male",SP.POP.AG05.MA.IN,119855.5
Federal Republic of Somalia,SOM,1987,"Age population, age 05, male",SP.POP.AG05.MA.IN,118962
Federal Republic of Somalia,SOM,1986,"Age population, age 05, male",SP.POP.AG05.MA.IN,113952
Federal Republic of Somalia,SOM,1985,"Age population, age 05, male",SP.POP.AG05.MA.IN,108501
Federal Republic of Somalia,SOM,1984,"Age population, age 05, male",SP.POP.AG05.MA.IN,103374.5
Federal Republic of Somalia,SOM,1983,"Age population, age 05, male",SP.POP.AG05.MA.IN,98222.5
Federal Republic of Somalia,SOM,1982,"Age population, age 05, male",SP.POP.AG05.MA.IN,93748.5
Federal Republic of Somalia,SOM,1981,"Age population, age 05, male",SP.POP.AG05.MA.IN,92518
Federal Republic of Somalia,SOM,1980,"Age population, age 05, male",SP.POP.AG05.MA.IN,91139.5
Federal Republic of Somalia,SOM,1979,"Age population, age 05, male",SP.POP.AG05.MA.IN,83575.5
Federal Republic of Somalia,SOM,1978,"Age population, age 05, male",SP.POP.AG05.MA.IN,74128
Federal Republic of Somalia,SOM,1977,"Age population, age 05, male",SP.POP.AG05.MA.IN,69263
Federal Republic of Somalia,SOM,1976,"Age population, age 05, male",SP.POP.AG05.MA.IN,67503
Federal Republic of Somalia,SOM,1975,"Age population, age 05, male",SP.POP.AG05.MA.IN,65801
Federal Republic of Somalia,SOM,1974,"Age population, age 05, male",SP.POP.AG05.MA.IN,64126
Federal Republic of Somalia,SOM,1973,"Age population, age 05, male",SP.POP.AG05.MA.IN,62459.5
Federal Republic of Somalia,SOM,1972,"Age population, age 05, male",SP.POP.AG05.MA.IN,60820
Federal Republic of Somalia,SOM,1971,"Age population, age 05, male",SP.POP.AG05.MA.IN,59266.5
Federal Republic of Somalia,SOM,1970,"Age population, age 05, male",SP.POP.AG05.MA.IN,57764.5
Federal Republic of Somalia,SOM,1969,"Age population, age 05, male",SP.POP.AG05.MA.IN,56302
Federal Republic of Somalia,SOM,1968,"Age population, age 05, male",SP.POP.AG05.MA.IN,54907.5
Federal Republic of Somalia,SOM,1967,"Age population, age 05, male",SP.POP.AG05.MA.IN,53556.5
Federal Republic of Somalia,SOM,1966,"Age population, age 05, male",SP.POP.AG05.MA.IN,52258.5
Federal Republic of Somalia,SOM,1965,"Age population, age 05, male",SP.POP.AG05.MA.IN,51019
Federal Republic of Somalia,SOM,1964,"Age population, age 05, male",SP.POP.AG05.MA.IN,49823.5
Federal Republic of Somalia,SOM,1963,"Age population, age 05, male",SP.POP.AG05.MA.IN,48680.5
Federal Republic of Somalia,SOM,1962,"Age population, age 05, male",SP.POP.AG05.MA.IN,47583.5
Federal Republic of Somalia,SOM,1961,"Age population, age 05, male",SP.POP.AG05.MA.IN,46533
Federal Republic of Somalia,SOM,1960,"Age population, age 05, male",SP.POP.AG05.MA.IN,45532
Federal Republic of Somalia,SOM,2016,"Own-account workers, female (% of female employment) (modeled ILO estimate)",SL.EMP.OWAC.FE.ZS,86.9580001831055
Federal Republic of Somalia,SOM,2015,"Own-account workers, female (% of female employment) (modeled ILO estimate)",SL.EMP.OWAC.FE.ZS,86.927001953125
Federal Republic of Somalia,SOM,2014,"Own-account workers, female (% of female employment) (modeled ILO estimate)",SL.EMP.OWAC.FE.ZS,86.927001953125
Federal Republic of Somalia,SOM,2013,"Own-account workers, female (% of female employment) (modeled ILO estimate)",SL.EMP.OWAC.FE.ZS,86.9970016479492
Federal Republic of Somalia,SOM,2012,"Own-account workers, female (% of female employment) (modeled ILO estimate)",SL.EMP.OWAC.FE.ZS,87.0879974365234
Federal Republic of Somalia,SOM,2011,"Own-account workers, female (% of female employment) (modeled ILO estimate)",SL.EMP.OWAC.FE.ZS,87.1439971923828
Federal Republic of Somalia,SOM,2010,"Own-account workers, female (% of female employment) (modeled ILO estimate)",SL.EMP.OWAC.FE.ZS,87.1269989013672
Federal Republic of Somalia,SOM,2009,"Own-account workers, female (% of female employment) (modeled ILO estimate)",SL.EMP.OWAC.FE.ZS,87.1309967041016
Federal Republic of Somalia,SOM,2008,"Own-account workers, female (% of female employment) (modeled ILO estimate)",SL.EMP.OWAC.FE.ZS,87.1129989624023
Federal Republic of Somalia,SOM,2007,"Own-account workers, female (% of female employment) (modeled ILO estimate)",SL.EMP.OWAC.FE.ZS,87.1149978637695
Federal Republic of Somalia,SOM,2006,"Own-account workers, female (% of female employment) (modeled ILO estimate)",SL.EMP.OWAC.FE.ZS,87.1449966430664
Federal Republic of Somalia,SOM,2005,"Own-account workers, female (% of female employment) (modeled ILO estimate)",SL.EMP.OWAC.FE.ZS,87.0169982910156
Federal Republic of Somalia,SOM,2004,"Own-account workers, female (% of female employment) (modeled ILO estimate)",SL.EMP.OWAC.FE.ZS,87.0930023193359
Federal Republic of Somalia,SOM,2003,"Own-account workers, female (% of female employment) (modeled ILO estimate)",SL.EMP.OWAC.FE.ZS,87.0299987792969
Federal Republic of Somalia,SOM,2002,"Own-account workers, female (% of female employment) (modeled ILO estimate)",SL.EMP.OWAC.FE.ZS,86.9980010986328
Federal Republic of Somalia,SOM,2001,"Own-account workers, female (% of female employment) (modeled ILO estimate)",SL.EMP.OWAC.FE.ZS,87.0319976806641
Federal Republic of Somalia,SOM,2000,"Own-account workers, female (% of female employment) (modeled ILO estimate)",SL.EMP.OWAC.FE.ZS,87.0599975585938
Federal Republic of Somalia,SOM,1999,"Own-account workers, female (% of female employment) (modeled ILO estimate)",SL.EMP.OWAC.FE.ZS,87.0240020751953
Federal Republic of Somalia,SOM,1998,"Own-account workers, female (% of female employment) (modeled ILO estimate)",SL.EMP.OWAC.FE.ZS,87.036003112793
Federal Republic of Somalia,SOM,1997,"Own-account workers, female (% of female employment) (modeled ILO estimate)",SL.EMP.OWAC.FE.ZS,87.2839965820313
Federal Republic of Somalia,SOM,1996,"Own-account workers, female (% of female employment) (modeled ILO estimate)",SL.EMP.OWAC.FE.ZS,86.786003112793
Federal Republic of Somalia,SOM,1995,"Own-account workers, female (% of female employment) (modeled ILO estimate)",SL.EMP.OWAC.FE.ZS,86.8249969482422
Federal Republic of Somalia,SOM,1994,"Own-account workers, female (% of female employment) (modeled ILO estimate)",SL.EMP.OWAC.FE.ZS,88.2819976806641
Federal Republic of Somalia,SOM,1993,"Own-account workers, female (% of female employment) (modeled ILO estimate)",SL.EMP.OWAC.FE.ZS,87.0979995727539
Federal Republic of Somalia,SOM,1992,"Own-account workers, female (% of female employment) (modeled ILO estimate)",SL.EMP.OWAC.FE.ZS,87.911003112793
Federal Republic of Somalia,SOM,1991,"Own-account workers, female (% of female employment) (modeled ILO estimate)",SL.EMP.OWAC.FE.ZS,88.1900024414063
Federal Republic of Somalia,SOM,2016,"Own-account workers, male (% of male employment) (modeled ILO estimate)",SL.EMP.OWAC.MA.ZS,67.0550003051758
Federal Republic of Somalia,SOM,2015,"Own-account workers, male (% of male employment) (modeled ILO estimate)",SL.EMP.OWAC.MA.ZS,67.2689971923828
Federal Republic of Somalia,SOM,2014,"Own-account workers, male (% of male employment) (modeled ILO estimate)",SL.EMP.OWAC.MA.ZS,67.4580001831055
Federal Republic of Somalia,SOM,2013,"Own-account workers, male (% of male employment) (modeled ILO estimate)",SL.EMP.OWAC.MA.ZS,67.6320037841797
Federal Republic of Somalia,SOM,2012,"Own-account workers, male (% of male employment) (modeled ILO estimate)",SL.EMP.OWAC.MA.ZS,67.625
Federal Republic of Somalia,SOM,2011,"Own-account workers, male (% of male employment) (modeled ILO estimate)",SL.EMP.OWAC.MA.ZS,67.661003112793
Federal Republic of Somalia,SOM,2010,"Own-account workers, male (% of male employment) (modeled ILO estimate)",SL.EMP.OWAC.MA.ZS,67.8330001831055
Federal Republic of Somalia,SOM,2009,"Own-account workers, male (% of male employment) (modeled ILO estimate)",SL.EMP.OWAC.MA.ZS,67.9970016479492
Federal Republic of Somalia,SOM,2008,"Own-account workers, male (% of male employment) (modeled ILO estimate)",SL.EMP.OWAC.MA.ZS,68.140998840332
Federal Republic of Somalia,SOM,2007,"Own-account workers, male (% of male employment) (modeled ILO estimate)",SL.EMP.OWAC.MA.ZS,68.2929992675781
Federal Republic of Somalia,SOM,2006,"Own-account workers, male (% of male employment) (modeled ILO estimate)",SL.EMP.OWAC.MA.ZS,68.4300003051758
Federal Republic of Somalia,SOM,2005,"Own-account workers, male (% of male employment) (modeled ILO estimate)",SL.EMP.OWAC.MA.ZS,68.568000793457
Federal Republic of Somalia,SOM,2004,"Own-account workers, male (% of male employment) (modeled ILO estimate)",SL.EMP.OWAC.MA.ZS,68.7829971313477
Federal Republic of Somalia,SOM,2003,"Own-account workers, male (% of male employment) (modeled ILO estimate)",SL.EMP.OWAC.MA.ZS,68.9729995727539
Federal Republic of Somalia,SOM,2002,"Own-account workers, male (% of male employment) (modeled ILO estimate)",SL.EMP.OWAC.MA.ZS,69.1279983520508
Federal Republic of Somalia,SOM,2001,"Own-account workers, male (% of male employment) (modeled ILO estimate)",SL.EMP.OWAC.MA.ZS,69.254997253418
Federal Republic of Somalia,SOM,2000,"Own-account workers, male (% of male employment) (modeled ILO estimate)",SL.EMP.OWAC.MA.ZS,69.4309997558594
Federal Republic of Somalia,SOM,1999,"Own-account workers, male (% of male employment) (modeled ILO estimate)",SL.EMP.OWAC.MA.ZS,69.5709991455078
Federal Republic of Somalia,SOM,1998,"Own-account workers, male (% of male employment) (modeled ILO estimate)",SL.EMP.OWAC.MA.ZS,69.620002746582
Federal Republic of Somalia,SOM,1997,"Own-account workers, male (% of male employment) (modeled ILO estimate)",SL.EMP.OWAC.MA.ZS,69.1500015258789
Federal Republic of Somalia,SOM,1996,"Own-account workers, male (% of male employment) (modeled ILO estimate)",SL.EMP.OWAC.MA.ZS,69.5019989013672
Federal Republic of Somalia,SOM,1995,"Own-account workers, male (% of male employment) (modeled ILO estimate)",SL.EMP.OWAC.MA.ZS,69.6070022583008
Federal Republic of Somalia,SOM,1994,"Own-account workers, male (% of male employment) (modeled ILO estimate)",SL.EMP.OWAC.MA.ZS,67.7760009765625
Federal Republic of Somalia,SOM,1993,"Own-account workers, male (% of male employment) (modeled ILO estimate)",SL.EMP.OWAC.MA.ZS,68.6389999389648
Federal Republic of Somalia,SOM,1992,"Own-account workers, male (% of male employment) (modeled ILO estimate)",SL.EMP.OWAC.MA.ZS,67.6110000610352
Federal Republic of Somalia,SOM,1991,"Own-account workers, male (% of male employment) (modeled ILO estimate)",SL.EMP.OWAC.MA.ZS,68.7939987182617
